0.998,0.216,0.079,0.976,0.967,0.894,0.996,0.98,1,1,0.041,0.282,1,0,0.695,0.607,0.403,0.162,0.718,1,1,0.051,0.973,0.81,0.09,0.005,0.828,1,0.968,0.757,0.741,0.441,1,0.916,0.902,0,0.886,1,0.293,0.421,1,0,0.027,0.692,0,1,1,1,1,0.848,0.268,0.986,0.937,0.765,0.812,0.739,0.709,0.999,1,0.546,0.998,0.168,1,0.653,0.003,0.758,0.99,0.9,0.751,0.58,0.743,0.855,0.904,0.001,1,0.999,1,0.885,0.995,0.939,0.728,0.381,0.581,0.244,0.526,0.694,0.856,0.999,0.98,0.539,1,0.751,0.761,0.663,0.96,0.464,0.715,0.34,1,0.256,0.999,0.752,0.014,0.724,1,0.003,1,0.937,0.076,0.94,0.495,0.213,0.758,0.116,1,0.287,1,0.448,0.922,0.614,0.026,0.98,0,0.2,0.215,0.545,0.836,0.686,0.831,1,0.587,0.7,0.281,0.571,0.965,0.029,0.961,0.834,0.331,0.473,0.823,0.974,0.985,0.111,0.962,0.034,0.791,0.418,0.754,0.982,0.005,0.988,0.817,0.037,1,1,0,1,0.551,0.561,0.799,1,0.265,0.491,0.051,0.012,0.987,0.92,0.926,0.578,1,0.766,0.317,0.697,1,0.191,0.974,0.156,0.854,0.09,0.96,1,0.05,0.997,0.997,0.818,1,0.999,0.972,0.538,0.972,0.999,1,0.819,0.881,0.695,0.033,0.962,0.017,0.998,0.997,0.552,0.401,0.024,1,0.86,0.998,0.526,1,0.012,1,1,0.732,0.963,0.057,1,0.951,0.008,0.065,0.956,0.915,0.953,1,0.894,0.908,0.346,0.25,0.995,0.713,1,0.502,0.567,0.948,0.133,0.887,0.493,1,0.912,0,1,0.498,0.697,0.456,1,1,0.519,1,0.676,0.978,1,0.54,0.931,0.819,0.947,1,0.978,0.722,0.729,0.174,1,0.62,0.44,1,0.543,1,0.958,0.152,0.453,0.821,0.563,0.993,0.006,1,0.965,0.991,0.427,0.871,1,0.649
1,0.156,0.001,1,0.398,0.978,1,0.1,0.982,0.739,0.65,0.45,0.005,0.478,0.717,0.91,0.34,0.994,0.552,1,0.391,0.25,0.997,0.077,1,1,0.521,0.082,0.712,0.505,0.998,0.15,0.979,0.829,0.643,1,0.959,0.126,0.184,0.962,0.872,0.999,0.999,0.182,1,0.57,1,1,0.189,0.729,0.89,0.927,1,1,0.756,0.948,0.716,0.236,0.387,0.998,0,0.002,0.001,0.996,0.378,0.016,0.767,0.837,0.215,0.827,0.641,0.781,0.474,0.987,0.999,0.009,0.335,0.99,0.094,0.935,0.765,0.851,0.96,1,0.7,0.438,0.355,0.024,0.127,0.081,0.992,0.999,0.925,0.189,0.931,0.323,0.859,0.978,0.346,0.978,0.078,0.888,0.002,1,0.411,1,1,0.278,1,0.023,0.664,0.925,0.997,0.524,0.904,0.494,0.969,0.823,0,0.589,0.979,0.533,0.011,0.547,1,0.998,0.162,0.643,0.805,0.98,1,0.655,0.491,0.316,0.898,0.158,1,0.446,0,0.773,1,0.999,0,0.504,0.091,1,0.01,1,0.724,0.375,0.998,1,0.989,0.542,1,1,1,0.007,0.877,0.13,0.232,0.937,1,0.96,1,0.015,0.595,1,0.148,0.927,0.643,0.518,0.837,0.989,0.998,0.998,0.155,0.722,0.329,0.641,0.965,0.784,0.989,1,0.485,0.941,0.733,0.871,1,0.354,1,0.994,1,0.995,0.003,1,0.733,0.5,0.879,0.065,0.513,0.428,0.701,0.981,0.993,0.983,0.754,1,0.998,0.994,0.97,0,0.019,0.99,0.999,0.46,1,0.991,0.994,0.668,1,0.925,0.392,0.982,0.695,0.798,1,0.75,0.892,0.902,0.772,0.977,0.291,1,0.339,0.532,0.012,0.607,0,0.909,0.813,0.996,0.168,0.002,0.002,0.991,0.951,0.529,0.002,0.273,0.844,0.779,0.542,0.384,0.921,0.935,0.96,0.249,0.71,1,0.99,1,0.059,0.612,0.867,0.555,0.035,1,0.999,0.435,0.396,0.999,0.191,0.748,0.938,0.477,0.998,0.753,1
0.535,1,0.4,0.994,0.993,0.111,0.277,0.14,0.569,1,0.698,0.134,0.993,0,0.601,0.171,0.997,0.41,0.973,0.071,0.843,0.69,0.537,1,0.494,1,0.674,0.973,1,0.779,0.997,0.846,0.999,0.902,0.962,0.712,0.897,1,0.381,0.626,0.999,0.673,0.935,0.903,0.949,0.809,1,0.996,0.077,0.958,1,0.332,0.004,1,0.593,0.274,1,0.094,0.699,0.637,0.434,1,1,1,0.71,0.993,0.985,0.083,0.309,0.731,0.088,0.485,0.998,0,1,1,0.677,0.668,0.228,0.991,0.906,0.6,0.79,0.999,0.723,0.003,0.498,0.525,0.996,0.945,0.775,1,0.276,0.549,1,0.966,0.813,0.848,0.002,0,0.58,0.951,0.073,1,0.198,0.973,0.35,0.963,0.747,1,0.48,0.984,0.651,0.72,1,0.289,0.987,0.55,0.977,0.955,0.04,0.458,0.97,0.971,0.944,0.219,0.306,0.957,0.529,0.001,0.93,0.544,0.576,0.999,0.69,0.197,0.998,0.433,1,0.998,0.495,0.029,0.007,0.602,0.57,0.009,1,0.987,1,0.81,0.935,0.133,0.798,0.478,0.982,0.824,0,1,0.901,0.17,0.683,1,0.997,1,1,0.073,0.721,0.998,1,0.005,0.966,0.703,0.998,0.698,1,0.881,0.082,0.884,0.276,0.271,0.468,0.997,0.129,0.102,0.078,0.894,0.283,1,0.953,0.837,0.212,0.928,0.065,0.6,0.996,1,1,0.33,1,0.649,1,0.448,0.204,1,0.091,0.311,0.552,0.587,0.863,0.919,0.598,0.992,0.998,0.746,0.997,0.9,0.855,0.808,0.521,0.172,0.973,0.901,0.305,0.725,0.656,0.999,1,0.914,1,1,0.09,1,0.998,0.714,0.348,0.832,1,0.197,0.93,0.99,0.815,0.958,0.45,0.784,0.943,0.87,1,0.493,0.875,1,0.513,0.99,0.418,0.861,0.589,0.812,0.061,0.255,0.605,0.036,0.719,0.001,0.968,0.529,0.749,0.585,0.952,0.998,1,0.164,0.902,0.577,0.998,0.999,0.912,0.509,0.282,0.114,0.868
0.209,1,0.79,0.004,0.997,0.016,0.505,0.999,0.937,0.902,0.993,0.043,0.781,1,0.815,0.931,0.625,1,0.545,0.997,0.51,0.948,0.949,0.041,0.8,1,0.01,0.678,0,0.994,0.97,0.992,1,0.999,0.001,0.08,0.215,0.026,0.965,1,0.991,0.871,0.616,0.706,1,0.966,0.23,1,0.65,0.665,0.882,0.833,0.997,0.086,0.627,1,0.996,0.485,0.011,0.314,0.676,1,0,0.009,0.537,0.996,1,0.797,0.7,0.518,0.855,1,0.708,0.975,1,1,0.987,0.469,0.36,0.327,0.072,0.693,0.558,1,0.651,0.999,0.721,0.054,0.252,0.995,0.895,0.001,0.15,0.208,0,1,0.473,0.451,1,0.009,0.867,0.399,0.984,0.981,0.032,0.956,0.112,0.983,0.995,1,1,0.045,0.188,0.998,1,0.605,0.503,0.515,0.988,0.215,0.098,0.919,0.989,0.509,0.953,0.932,0.392,0.348,0.996,0,0.961,0.998,0.545,0.978,1,1,0.127,0.774,1,0.737,0.946,1,0.458,0.578,0.947,1,0.137,0.239,0.945,0.51,0.826,0.58,0.499,1,1,0.995,0.031,0.687,0.562,0.91,0.4,0,0.972,0.328,0.072,0.44,0.595,0.004,0.957,0.908,0.965,0.758,0.191,0.906,0.814,0.416,0.008,0.518,0.425,0.189,0.999,0.939,0.65,0.221,0.938,0.761,0,0.925,0.487,1,0.896,0.999,0.905,0.723,0.22,1,0.783,0.452,0.169,0.759,0.981,0.536,0.57,0.005,0.16,0.39,0.722,0.887,0.046,0.003,0.162,0.011,1,0.97,1,0.836,0.518,0.788,0.795,0.133,0.622,0.017,0.115,1,0.967,0.429,0.996,0.648,0.577,0.211,0.975,0.086,0.022,0.997,0.232,0.189,0.646,0.967,0,0.846,0.544,0.485,0.173,0.005,0.123,0.608,0.92,0.756,0.096,0,0.084,0.085,0.405,0.104,0.801,0.949,0.128,0.68,0.993,1,0.596,0.61,1,0.389,0.602,0.701,0.903,0.995,0.716,0.138,0.167,0,0.603,1,1,0.856,0.727,0.027,0.782
0.592,0.723,0.609,0.644,0.969,0.661,0.515,0.868,0.03,0.547,0.998,0.54,0.067,1,0.468,0.719,0.229,0.87,0.313,0.926,0.745,0.594,0.218,0.928,0.646,0.632,0.505,0.502,0.999,0.637,0.742,0.049,0,0.327,0.9,0,0.878,0.683,0.883,0.727,1,0.051,0.733,0.966,1,0.794,1,0.063,0.757,0.98,0.674,0.369,0.087,0.396,0.353,0.508,0.996,0.398,0.612,0.881,0,0.971,0.999,0.788,0.018,1,0.642,0.897,0.894,0.527,0.537,0.901,0.692,1,0.502,1,0.622,0.136,0.522,1,0.805,0.992,0.497,0.005,0.539,0.439,0.79,0.978,0.764,0.934,1,0,0.007,1,0.826,0.499,1,0.234,0.88,0.694,0.999,1,0.003,0.993,0.232,0.969,0.993,0.019,0.997,0.001,1,0.957,0.91,0.282,0.033,0.335,0.924,0.971,1,0.081,0.081,1,0.997,0.821,1,0.887,1,0.737,0.342,1,1,0.074,0.972,0.924,0.834,0.539,0.971,0.205,1,0.664,0.881,0.914,0,0.264,0.883,0.469,0.246,0.94,0.761,0.793,1,0.489,0.943,0.362,0.864,0.629,0.097,0.987,0.331,0.676,0.763,0.849,0.732,0.718,0.968,0.963,0.74,0.998,0.997,0.878,0.195,0.42,0.988,0.299,0.545,0.652,0.694,0.301,0.988,0.028,0.085,0.996,0.038,0.125,0.933,1,1,1,0.831,0.847,0.209,0.998,0.624,0.966,0.998,0.355,1,0.547,0.335,0.221,0.606,0.465,0.28,0.813,0.968,1,0.759,0.391,0.448,0.87,0.6,1,0.535,0.747,1,0.937,0.92,1,0.203,0.059,0.113,0.999,0.929,0.073,0.204,0.621,0.029,0.846,0.173,0.971,0.778,0.958,0.991,1,0.172,0.623,1,0.98,0.694,0.539,0.665,0.491,0.735,1,0.901,0.695,1,0.412,0.999,1,0.734,0.761,0.51,0.02,0.438,0.958,0.416,0.47,0.626,1,0.611,1,0.606,0.495,0.613,0.327,0.665,0.988,1,0.646,0.982,0.027,0.892,0.499,0.414,0.733,0.514,0.167,0.982
0.783,0.003,0.684,1,0.857,0.982,0.104,0.402,1,0.998,1,0.623,0.781,0.056,0.275,0.429,0.135,0.004,0.705,0.976,0.987,0.679,1,0.553,0.769,0.018,0.323,0.893,0,0.845,0.727,0.736,0.598,0.999,0.993,0.001,0.043,0.008,0.661,0.328,1,0.992,0.172,0.434,0,0.178,1,1,0.743,0.466,0.374,0.054,0.991,1,0.536,0.232,0.954,0.157,0.003,0.995,1,0.794,0.035,0.802,0.945,0.899,1,0.86,0.824,0.437,0.914,0.139,0.68,0.056,0.1,0.903,0.176,0.854,0.941,0.822,0.728,0.86,0.418,0.738,0.979,0.049,0.575,0.876,0.755,0.565,0.927,1,0.001,0.469,0.975,1,0.264,0.983,0,0.117,0.319,0.93,0,0.6,0.888,0.437,0,0.009,0.868,0.998,0.004,0.474,0.128,0.531,1,0.349,0.868,0.444,0.048,0.553,0.852,0.076,0.999,0.83,0.97,1,0.608,0.316,0.506,0,0.046,0.967,0.998,0.62,1,1,0.532,1,1,0.638,0.183,0.939,1,0.398,1,0.927,0.995,0.912,0.661,1,1,0.02,0.997,0.616,0.322,0,1,0.984,0.998,0.863,0.497,0.435,0.963,0.623,0.013,0.641,1,0.952,0.903,1,0.508,0.569,0.368,0.879,0.983,1,0.892,0.448,0.028,0.527,0.615,0.681,0.351,0.495,0.98,0.113,0.897,0.999,1,0.897,0.299,1,0.937,0.227,0.496,0.128,0.561,0.822,0.941,0.349,1,0.546,0.729,1,0.767,0.369,0.194,0.041,0.004,1,0.682,1,1,0.4,0.021,0.98,1,0.006,0.965,0.999,0.997,0.796,0.258,0.999,0.245,0.767,0.064,0.85,0.997,0.923,1,0.982,1,1,0.06,0.24,0.999,0.056,0,0.999,0.618,1,0.998,1,0.078,0.594,1,0.314,0.886,0.91,0.606,0.999,0.531,1,0.638,0.882,1,0.51,1,1,0.768,1,0.854,0.341,0.999,0.918,0.028,1,0.998,1,0.81,0.885,0.039,0.054,0.999,0.427,0.94,0.963,1
0.982,0.962,0.911,0.964,0.833,0.357,0.317,0.968,1,0.999,0.884,0.384,0.001,0.165,0.465,0.982,0.995,0.089,0.655,0.85,0.918,0.138,1,0.608,0.714,0.995,0.858,0.695,0.004,0.56,1,1,0.736,0.102,0.986,0.444,0.934,0.997,0.488,0.497,0.998,0.64,0.07,0.713,0,0.997,0.002,0.087,0.819,0.994,0.072,0.93,0.599,0.052,0.769,1,0.048,0.848,0.491,1,0.821,0.879,1,0.941,0.18,1,0.833,1,0.185,0.982,0.903,0.306,1,1,0.546,0.999,0.92,0.521,0.042,1,0.986,0.658,0.396,0.003,0.465,0.427,0.441,0.959,0.221,0.998,0.217,1,1,0.39,0.988,0.964,0.224,0.634,0.999,0.999,0.976,0.602,0,0.005,0.98,0.007,1,0.996,0.219,0.993,0.188,1,0.475,0.238,1,0.688,0.002,0.974,0.035,0.672,0.686,0.715,0.996,0.412,0.055,1,0.819,0.564,0.474,1,0.753,0.818,1,0.998,0.913,0.996,0.9,0.806,0.001,0.359,0.016,1,1,0.962,0.842,0.008,0.016,0.178,0.745,0.196,0.979,0.802,0.497,0.322,0.4,0.991,1,1,0.929,0.538,0.38,0.31,0.08,0.881,0.948,1,0.064,0.28,0.095,0.438,0.633,0.963,0.305,0.132,0.544,0.918,0.051,0.616,0.676,1,0.716,1,0.089,1,1,1,0.501,0.182,0.137,0.443,0.99,1,0.209,0.624,0.999,0.994,0.653,0.995,0.001,0.902,0,0.676,0.98,1,0.89,0.992,1,0.998,0.795,0.998,0.228,0.025,1,0.515,1,0.997,0.253,0.712,0.537,0.838,1,0.73,1,0.81,0.265,0.941,0.737,0.908,0.856,0.997,0.182,0.995,0.743,0.413,0.714,0.427,0.845,0.988,0.001,0.697,0.44,0.383,0.593,1,1,0.423,0,0.879,0.993,0.614,0.932,0.301,0.462,0.929,0.531,1,0.057,0.34,0.763,0.973,0.776,0.001,1,0.575,0.998,1,0.11,0.462,0.901,0.647,0.961,0,0.055,0.954,0.999,0.864,0.399,0.009,0.417
0.965,0.999,0.916,1,0.828,0.065,1,0.631,1,0.989,1,0.768,0.021,1,0.711,0.468,0.112,0,0.652,0.011,1,0.095,0.999,0.064,0.882,1,0.742,0.326,0.996,0.826,0.188,0.999,1,0.757,1,0,0.591,1,0.769,0.98,0.079,0.412,0.022,0.942,0.001,0.804,1,0.985,0.498,0.999,0.981,0.476,0.987,0.999,0.795,0.687,0.887,0.302,0.977,0.222,0.067,0.005,1,1,0.002,0.948,0.998,0.047,0.596,0.418,0.71,0.682,0.922,0.873,1,1,0.894,0.556,0.9,1,0.94,0.551,0.665,1,0.041,0.264,0.204,0.078,0.941,0.426,0.038,1,0.768,0.616,0.953,0.14,0.156,0.998,0.972,0.003,0.971,0.975,1,0.005,0.008,0.809,1,0.848,0.622,0.989,0.005,0.997,0.841,0.313,1,0.613,0.011,0.999,0.328,0.779,0.749,1,0.026,0.505,1,0.098,0.586,0.996,0.778,0.21,1,0.681,0.996,1,0.999,0.424,0.138,0.536,0.917,0.21,0.049,0.455,0.821,0.887,0.234,0.804,0.064,0.203,0.721,0.893,0.072,0.025,0.801,0.477,0.884,0.998,1,0.495,0.787,0.945,0.55,1,0.984,0.785,0.84,0.892,0.252,1,1,0.861,0.769,0.461,0.913,0.977,0.938,0.073,0.553,0.173,0.863,0.966,0.875,0.555,0.298,0.499,0.038,0.893,0.001,0.706,0.003,0.114,1,0.114,0.742,0.628,0.021,0.987,0.995,0.745,0.965,0.388,0.456,0.549,0.172,0.009,1,0.016,0.118,0.029,0,0.009,0.064,0.059,1,0.688,1,0.332,0.211,0.106,0.822,0.14,0.885,0.9,0.796,0.853,0.999,0.586,0.907,0.057,1,0.951,0.754,0.079,1,0.447,0.987,0.503,0.528,0.754,0.568,0.619,0.55,0.395,0.796,0.007,1,0.597,1,0.671,1,1,0.297,0.059,0.44,0.011,0.615,0.998,0.992,0.516,0.511,1,0.439,1,0.999,0.539,0.945,0.241,0.049,0.982,0.864,0.271,1,0.675,0.697,1,1,0.546,0.998,0.314,0.569
0.74,0,0.078,0.508,1,0.916,0.289,0.832,1,0.948,0.815,0.637,0.96,1,0.617,0.522,1,0.975,0.978,0.488,0.998,0.595,0.339,0.147,0.126,1,0.981,0.95,1,0.461,0.974,0.752,0.97,0.231,1,0.097,0.516,0.377,0.721,0.911,0.065,0.999,1,0.769,0.063,0.797,0.998,0.999,0.642,0.556,0.157,0.995,0.582,1,0.631,0.929,0.174,0.082,0.069,0.996,1,0.988,1,0.998,0.239,0.993,0.41,0.139,0.753,0.668,0.749,0.688,1,0.998,0.684,0.414,0.522,0.499,0.721,0.359,0.834,0.89,0.872,1,0.342,0,0.574,0.821,0.066,0.101,0.004,0,0.995,0.07,0.003,0.696,0.309,0.799,0.999,0.692,0.397,0.725,0.886,0.996,0.513,0.014,0,0.125,0.724,0.977,0.939,0.711,0.999,0.635,1,0.426,0.011,1,0.726,0.088,0.251,0.945,0.021,0.121,0.275,0.814,0.99,0.478,0.558,0.528,1,0.913,0.093,0.981,0.879,0.949,0.169,0.341,1,0.774,0.153,1,1,0.668,0.96,0.011,0.786,1,0.951,0.767,0.001,0.536,0.492,0.998,0.616,0.994,0.185,0.244,0.133,1,0.337,1,0.982,0.738,1,1,0.399,0.97,0.626,0.023,0.485,0.594,0.467,0.07,0.891,0.557,0.999,0.985,1,0.399,0.234,0.585,0.999,0.945,0.033,0.576,0.712,0.993,0.944,1,0.033,0.26,1,0.445,1,0.508,0.063,0.202,1,0.783,1,0.49,0.651,0.076,0.999,0.403,0.841,0.95,1,0.891,0.999,0.969,1,0.686,1,1,0.351,0.792,0.839,0.058,0.691,1,0.373,0.95,0.567,0.51,0.317,0.156,1,0.976,0.007,0.151,0.874,0.002,0.84,0.392,0.386,0.998,1,0.794,0.407,1,0.75,1,0.375,0.801,1,0.287,0.988,0.031,0.131,0.21,0.53,0.999,0.549,0.352,0.569,0.398,0.924,0.003,0.353,0.025,0.227,0.678,0.666,0.353,0.018,0.964,0.571,0.687,0.995,0.022,1,0.159,0.917,1,1,1,1
1,0.996,0.006,0.814,0.033,0.472,0.329,1,1,1,1,0.988,0.006,1,0.488,0.561,0.39,0.936,0.45,0.333,0.047,0.512,1,0.999,0.305,1,0.702,0.875,0,1,0.263,0.069,1,0.477,1,0.011,1,1,0.811,1,0.014,0.253,1,0.629,0.063,0.328,0.002,0.99,0.747,0.631,0.524,1,0.448,0.981,0.716,0.342,1,0.1,0.214,0.065,0.997,0.999,1,1,0.849,0.835,1,0.813,0.968,0.884,1,0.873,0.975,0.084,0.983,0.92,0.505,1,0.991,0.825,0.163,0.696,0.989,0.426,0.131,0.892,0.942,0.927,0.895,0.842,0.998,1,0.099,0.148,0,0.453,0.674,0.945,0.081,0.749,0.999,0.571,1,0.217,0.997,0.233,0.212,0.998,0.807,1,0.769,1,0.675,0.614,0.879,0.799,0.738,0.611,0.06,0.682,0.926,1,0.182,0.357,0.002,0.002,0.282,0.802,0.25,0.857,0.926,0.762,0.814,0.917,1,0.673,0.471,0.998,0,0.487,0.993,0.124,1,0.298,0.048,1,0.019,0.291,0.756,0.032,0.01,0.291,0.999,0.042,0.193,0.989,0.496,0.718,0.737,0.899,0.672,0.844,1,0.994,0.834,1,0.001,0.001,0.998,0.922,0.284,0.619,0.545,0.747,0.694,1,0.272,0.893,0.016,1,0.949,1,1,0.977,0.699,0.941,0.01,0.705,0.23,0.745,0.932,0.948,1,0.158,0.973,1,0.486,0.998,0.939,0.072,0.25,0.577,0.837,0.949,1,1,0.579,0.043,0.157,0.883,0.139,1,0.091,0.422,0.912,0.777,0.419,0.995,0.621,0.733,1,1,0.429,0.875,0.163,0.789,0.124,1,0.946,0.911,0.721,0.998,0.411,0.53,0.996,0.692,0.903,0.272,0.28,0.999,0.304,0.572,0.096,1,1,0.393,1,0.668,0.998,0.689,0.049,0.914,0.392,0.082,0.359,0.026,0.268,0.204,0.977,1,0.959,0.117,0.594,0.373,0.983,1,0.99,1,0.945,0.806,0.621,1,0.38,1,0.837,0.295,0.027,0.045,0.996
0.842,0.671,0.407,0.005,0,1,0.383,0.991,0.005,0.93,0.691,0.773,0.982,1,0.711,0.334,0.681,1,0.736,0.975,0.085,0.52,0.589,0.532,0.453,1,0.979,0.876,0,0.998,1,0.297,0.641,0.955,0.981,1,0.191,0.03,1,0.999,0.248,0.151,0.979,0.545,0.955,0.866,1,0.956,0.337,0.118,0.673,0.726,0.909,1,1,0.999,0.7,0.708,0.906,0.16,0.323,0.982,1,1,0.007,0.925,1,0.973,0.23,0.647,0.697,0.615,0.999,0.992,0.997,0.916,0.353,0.993,0.89,0.86,0.202,0.732,0.68,0.916,0.88,0.844,0.339,0.812,0.982,0.999,0.944,0,0.485,0.941,0.778,0.43,0.911,0.665,1,0.122,0.862,0.503,0,0.976,0.995,0.031,1,0.482,0.129,0.652,0.002,0.997,0.228,0.818,0.98,0.647,1,1,1,0.134,0.811,1,0.882,0.239,0.682,0.652,0.499,0.377,0.443,0.991,0.105,0.365,0.371,0.098,0.913,0.99,0.987,0.575,0.652,0.644,0.976,0.744,0.966,0.724,0.896,0.003,0.994,0.994,0.997,0.148,0.036,1,0.923,0.671,0.995,0.961,0.674,0.07,0.725,0.068,0.995,0.597,0.788,1,0.263,1,0.977,0.967,0.916,1,0.799,0.52,0.542,0.975,0.287,0.767,0.977,0.999,0.881,0.409,0.319,0.241,0.028,0.999,0.991,0.788,1,0.225,0.991,0.896,0.897,0.109,0.235,0.862,1,0.843,0.135,0.583,1,1,0.973,0.566,0.911,0.557,0.104,0.85,0.971,0.72,0,0.983,0.207,0.998,0,0.334,0.566,0.616,1,0.655,1,0.028,0.96,0.633,0.113,0.188,0.672,0.877,0.616,0.14,0.538,0.822,0.669,1,0.145,0.824,0.073,0.323,0.864,1,1,0.82,0.547,0.874,0.224,1,0.554,0.709,1,0.633,0.095,0.004,0.315,0.514,0.507,0.045,0.776,0.764,0.941,0.253,0.753,1,0.519,0.966,1,0.343,0.861,0.952,1,0.367,0.126,0.876,1,0.986,0.923,0.953,0.996,0.673,0.265,0.745,0.998
0.733,0.629,0.269,0.005,0.988,0.015,0.989,0.142,0.193,0.028,0.622,0.128,1,1,0.967,0.833,0.791,1,0.913,1,0.933,0.776,0.044,0.505,0.813,0.481,0.914,0.031,0.007,0.293,0.68,1,1,0.985,0.932,1,0.998,0.994,0.996,0.892,0.007,1,0.769,0.936,0.922,0.012,1,0.969,0.594,1,0.991,0.811,1,0.991,0.982,0.971,0.017,0.592,0.01,0.815,0.033,1,0,0.904,0.999,0.949,0.171,0.708,0.508,0.77,0.171,0.732,0.991,0,0.882,0.001,1,0.57,0.127,0.998,0.133,0.956,0.432,0,0.623,0.473,0.159,0.729,0.923,0.74,1,1,0.092,0.146,0,0.996,0.317,0.578,0.972,1,0.958,0.116,0,0.49,0.195,0.287,1,0.805,0.989,0.992,0.084,0.978,0.69,0.839,0.997,0.444,0.26,0.847,1,0.863,1,0.291,0.999,0.556,0.495,0.928,0.682,0.829,0.922,1,0.997,0.67,0.96,0.849,0.99,0.983,0.955,0.309,0.387,0.963,0.152,0.269,1,0.924,0.957,0,0.007,0.81,0.897,0.999,0.026,0.011,0.25,0.436,0.101,0.007,1,0.957,0.721,0.069,0.225,0.077,1,0.001,1,0.284,0.644,0.157,0.911,0,0.992,0.68,0.274,1,0.9,0.58,0.878,0.926,0.998,0.816,0.077,0.979,0.855,0.026,1,0.797,0.999,0.935,0.076,1,0.882,1,1,0.207,0.955,1,0.747,0.385,0.021,0.896,1,0.718,1,0.888,0.952,1,0.789,0.953,0.034,0.419,0.499,0.802,0.986,0.415,0.988,1,1,0,0.999,0.586,1,0.674,0.493,0.241,0.792,0.96,0.963,0.389,0.41,1,0.184,0.962,0.002,0,0.213,0.519,0.002,0.82,0.83,0.471,0.39,1,0.775,1,0.841,0.723,1,0.343,0.442,1,0.142,0.618,0.446,0.921,0.519,0.664,0.684,0.394,0.151,1,0.283,0.263,0.939,0.461,0.771,0.597,1,1,0.1,0.269,0.381,0,1,0.22,0.022,0.529,0.893,0.316,0.004
0.042,1,0.935,0.039,0.994,0.575,0.929,1,1,0.826,1,0.494,0.849,0.157,0.822,0.709,0.764,0.094,0.631,0.817,0.021,0.613,0.332,0.006,0.877,1,0.856,0.786,0.983,0.908,0.744,0.584,0.958,0.733,1,0.866,1,1,0.383,0.564,0.995,1,1,0.507,0.551,0.264,0.001,0.694,0.323,0.708,0.628,0.56,0.898,0.366,0.568,0.942,0.99,0.805,0.012,0.957,0.718,0.192,0.988,0.955,0.849,0.331,1,0.591,0.511,0.688,0.609,0.266,0.206,1,0.999,0.906,0.466,0.792,0.856,0.208,0.997,0.57,0.33,1,0.992,0.095,0.18,0.999,0.024,0.999,0,1,1,0.615,0.002,0.717,0.945,0.42,0.042,0.087,0.72,0.815,0.801,0.795,0.253,0.581,0,0.659,0.513,0.013,0.853,1,0.962,0.28,0.001,0.31,0.999,0.913,0.001,0.26,1,0.726,0.932,0.512,0.995,0.978,0.612,0.647,0.969,0.955,1,0.329,1,0.996,0.043,0.944,0.632,1,0.007,0.306,0.279,1,0.992,0.643,0.824,0.161,0.93,0.579,0.999,0.831,1,0.527,0.323,0.343,0.096,0.672,1,0.974,0.667,0.97,0.583,0.002,1,0.154,0.778,0.037,0.007,1,0.848,0.001,0.872,0.564,0.815,0.999,1,0.091,0.011,0.853,0.44,0.961,0.173,0.933,0.677,0.008,0.426,0.082,0,0.651,0.64,0.899,0.05,0.126,0.112,0.655,1,0,0.005,0.38,0.869,0.615,0,0.598,0.277,0.076,0.552,0.376,0.998,0.649,0.999,0,0.779,1,0.966,0.995,0.25,0.963,0,1,0.985,0.591,0.943,0.999,0.847,1,1,0.254,0.82,1,0.037,0.409,1,0.857,0.809,0.938,0.453,0.199,0.188,0.793,1,0.583,0.884,0.874,0.51,1,0.932,0.639,0.88,0.287,0.012,1,0.145,0.427,0.565,0.8,0.7,0.921,0.765,0.406,0.636,1,0.813,1,0.827,0.959,0.29,0.506,0.593,1,0.619,0.612,0.117,0,1,0.995,0.924,0.514,0.804,0.919,0.379
1,0.422,1,0.93,0.667,0.889,0.291,0.995,1,0.416,0.922,0.033,0.164,0,0.688,0.494,0.946,0.758,0.758,0.846,0.997,0.126,1,0.788,0.713,1,0.658,1,0.999,0.999,0.443,0.803,0.001,0.93,0.809,0.005,0.015,0.979,0.667,0.836,0.954,0.876,0.832,0.939,1,0.993,1,0.138,0.501,1,0.222,0.587,1,1,0.975,0.28,0.703,0.628,0.234,0.486,0.062,0.007,1,0.729,0.472,0.071,0.267,0.45,0.841,0.998,0.312,0.961,0.259,0.981,1,0.982,0.964,0.846,0.782,0.845,0.775,0.261,0.129,0.357,0.794,0.001,0.995,0.202,0.027,0.106,0.017,1,0.043,0.624,0.005,0.757,0.848,0.52,0.972,0.374,1,0.721,1,0.954,1,0.985,0.66,0.018,0.955,0.099,1,0.989,1,0.598,1,0.365,0.084,0.086,0,0.235,0.998,0.888,0.009,0.727,0.009,0.947,0.427,0.726,0.459,0.882,1,0.491,0.999,0.837,0.552,0.124,0.999,0.804,1,0.797,0.161,0.002,0.07,0.366,0.917,1,0.676,0.008,0.642,0.86,1,0.833,1,0.978,0.997,1,0.557,0.922,0.797,0.959,0.914,1,0.981,0.873,0.931,0.02,0.001,0.01,1,0.995,0.821,0.655,0.604,0.807,0.915,1,0.018,0.308,0.887,1,0.748,0.411,0.066,1,0.935,0.696,0.497,0.966,1,0.832,0.944,0.058,1,0.332,0.288,1,0.318,0.231,0.876,0.704,0.867,0.397,0.605,0.25,0.836,0.178,0.836,0.665,1,0.051,0.151,1,0,0.407,0.077,1,0.776,0.043,0.751,0.101,0.047,0.054,0.977,0.817,0.465,0.968,0.42,0.061,0.983,0.129,1,1,1,0.885,0.35,0.521,0.978,1,0,1,0.952,0.094,1,1,0,0.434,1,0.364,0.921,0.985,0.358,0.481,0.35,0.001,0.462,0.007,1,0.404,0.637,0,0.34,0.635,0.996,0.87,0.446,0.777,0.997,1,0.95,0.371,1,0.153,0.997,1,1,0.992,0.512,0.032,0.692
0.858,0.958,0.148,0.997,1,0.597,0.788,0.62,0.002,0.777,1,0.249,1,1,0.499,0.59,0.267,0.003,0.603,0.968,0.926,0.312,0.376,0.549,0.051,0.47,0.071,0.014,0.783,0.211,1,0.85,0.836,0.204,0.932,0.719,0.217,0.999,0.999,0.772,1,0.85,1,0.206,0.094,0.667,0.939,0.999,0.448,0.31,0.009,0.189,0.156,1,0.339,0.909,1,0.865,0.999,0.02,0.758,0.971,1,0.952,0.964,1,0.035,0.742,1,0.999,0.589,0.983,0.283,0,1,0.959,0.422,0.483,1,0.265,0.487,0.62,0.431,1,0.28,0,0.484,0.406,0.417,0.978,0.992,1,1,0.527,0.988,0.958,0.628,1,0.005,0.404,0.019,0.966,1,0.818,0.887,1,1,0.005,0.632,1,0.86,1,0.148,0.894,0.011,0.557,0.111,0.41,0.143,0.423,0.924,0.047,0.985,0.184,0.907,1,0.08,0.461,0.66,1,0.999,0.659,0.847,0.704,0.943,0.757,0.997,0.919,1,0.67,0.213,0.022,0.072,0.199,0.962,1,0.902,1,0.39,0.473,0.549,0.953,0.007,0.083,0.218,1,0.999,1,0.761,0.172,0.177,1,1,0.994,0.652,0.183,0.004,0.466,0.983,0.734,0.714,0.554,0.94,0.928,0.239,0.176,0.004,0.292,0.257,0.998,0.706,0.976,0.615,0.147,0.811,0.211,0.068,0.893,0.082,0.527,0.793,0.143,0.018,0.467,0.996,0.967,0.997,0.372,0.959,0.414,0.994,0.537,0.37,0.003,0.05,0.082,0.228,1,0.977,0,0.417,0.281,0.053,0.996,1,0.146,1,0.011,0.035,0.072,0.997,0.898,0.663,0.443,0.421,1,1,0.315,1,0.064,0.125,0.501,1,0.003,0.862,0.959,1,0.742,0,0.133,0.237,0.885,0.123,0.002,0.003,0.969,1,0.66,1,1,0.575,1,0.543,0.005,0.987,0.67,0.693,0.42,0.704,1,0.859,1,0.779,0.434,0.393,0.398,0.71,0.998,0.146,0.703,0.103,0.967,1,0.891,0.189,0.924,0.356,0.238,0.592
0.902,0.121,0.956,1,0.96,0.637,1,0.98,1,0.878,1,0.817,0.063,0.015,0.307,0.045,0.78,0.44,0.753,0.174,0.566,0.256,0.944,0.51,0.998,0.003,0.203,0.943,1,0.974,0.235,0.587,0.001,0.321,0.938,0.003,0.616,0.938,0.579,0.44,0.472,0.949,0.856,0.984,1,0.544,0.946,0.93,0.052,0.672,0.999,0.587,0.997,0.942,0.652,0.62,0.716,0.206,0.612,0.966,0.002,0.034,0.756,0.031,0.001,0.269,0.97,0.328,0.912,0.461,0.553,0.983,0.984,1,0.005,1,0.868,0.566,1,0.851,0.247,0.64,0.81,0.993,0.84,0.124,1,0.781,0.05,0.589,0.993,0.012,0.816,0.682,1,0.007,0.619,1,0.001,0.187,0.428,0.884,0,0.921,0.997,1,0,0.385,0.612,1,0.967,1,0.897,0.996,0.768,0.629,0.003,0.813,1,0.205,0.111,0.537,1,0.505,0.051,0.949,0.642,0.445,0.885,1,0.995,0.154,0.102,1,0.915,0.97,0.039,0.568,0.988,0.928,0.599,0.87,1,0.541,0.763,0.789,0.176,0.998,0.024,0.837,0.825,0.069,1,0.138,0.022,1,0.914,0.222,0.83,0.979,0.567,0.789,0.689,0.998,0.984,1,0.998,0.982,0.969,0.982,0.737,0.558,0.658,0.774,0.579,0.375,0.07,0.999,0.628,0.999,0.629,0.93,0.826,1,0.994,0.098,0.356,0.314,1,0.955,0.994,0.926,0.964,0.115,0,1,0.014,0.174,1,0.04,0.142,0.783,0.949,0.087,0.961,0.064,0.93,0.755,0.84,0.128,0.647,0.342,0.99,0.268,0.981,0.633,1,0.005,0.014,0.109,0.103,1,0.745,1,0.4,0.113,1,0.577,0.043,1,0.09,1,0.938,1,0.775,0.48,0.995,0.704,1,0.242,0.478,1,0.2,1,1,0.552,0.551,0.766,0.763,1,0.209,1,0.596,0.701,0.59,0.596,0.682,0.479,0.499,0.631,0.458,0.427,1,0.416,0.719,0.773,0.243,0.939,0.139,0.982,0.85,1,0.647,0.8,0.755,0.756,0.037,0.003,0.019
0.995,1,0.122,0.007,0.054,0.455,0.05,0.938,1,0.975,0.916,0.523,0.009,0.005,0.22,0.725,0.698,0.995,0.436,0.25,0.313,0.938,0.952,1,0.715,1,0.202,0,1,0.799,0.774,0.797,1,1,0.665,0.077,0.358,0.003,0.918,0.992,0.258,0.768,0.989,0.922,0.798,0.001,1,1,0.508,0.066,0.037,0.33,1,1,0.611,0.233,0.896,0.981,0.135,0.747,0.003,0.912,1,0.735,1,0.937,0.948,0.053,0.95,0.593,0.415,0.537,0.045,1,0.987,0.625,0.513,0.663,0.996,0.901,0.151,0.999,0.198,0.034,1,0.027,0.983,0.023,0.146,0.997,0.441,0.219,0.667,0.401,0.009,0.342,1,0.8,0.997,0.741,0.896,1,0.268,0.361,0.414,0.854,0.997,0.018,0.504,1,0.939,0.771,0.327,0.531,0.959,0.479,1,1,0.112,0.056,0.811,0.576,1,0.359,0.997,0.044,0.486,0.263,1,0.994,0.832,0.42,0.749,0.196,0.879,0.594,0.785,0.575,0.929,0.436,0.955,0.993,0.001,0.784,0.564,0.82,0.392,0.156,0.554,1,0.06,0.222,0.928,0.65,0.999,0.13,1,0.834,0.574,0.582,0.482,0.971,0.999,0.131,0.946,0.998,0.919,1,0.362,1,0.876,0.552,0.999,0.719,0.996,0.75,0.035,0.709,0.275,0.818,1,1,0.969,1,1,0.58,0,0.255,1,0.811,0.775,0.39,0.108,0.108,0.997,0.006,0.842,0.642,0.975,0.557,0.114,0.367,0.834,0.902,0.034,0.197,1,0.101,0,1,0.413,1,0.958,0.187,1,0.979,0.035,0.973,0.08,0.945,0.844,0.828,0.611,0.399,0.891,0.546,0.825,1,0.234,0.241,0.85,0.964,0.02,0.999,0.727,0.478,1,0.566,0,0.304,0.395,0.654,0.575,1,0.841,0.571,1,0.992,1,1,0.216,0.991,0.565,0.299,0.416,0.945,0.969,0.446,0.631,1,0.713,0.659,0.001,0.321,0.684,0.975,1,0.98,1,0.74,0.864,0.346,0.985,0.076,0.955,0.693,0.995,1,1
0.475,0.998,0.899,0.997,0.995,0.028,0.033,0.818,1,0.934,0.955,0.517,0.004,1,0.694,0.961,0.714,1,0.995,0.005,0.815,0.327,0.989,0.993,0.997,0.919,0.664,0.021,0,0.761,0.151,1,0,0.112,0.998,1,0.778,1,1,0.78,0.726,0.436,0.244,0.751,0.004,0.006,0.055,0.992,0.827,0.17,0.554,0.678,0.842,0.982,0.852,0.998,0.992,0.416,0.014,0.995,0,0.003,1,1,0.048,0.951,0.405,0.617,0.993,0.834,0.917,0.999,0.398,0,0.778,1,0.913,0.832,0.109,0.562,0.377,0.918,0.463,0.993,1,0.368,0.386,0.823,1,1,0.075,0.157,0.801,0.995,0.091,0.243,0.459,0.947,1,0.044,1,0.829,0.045,0.554,0.103,0.944,1,0.222,0.517,1,0.962,0.971,0.993,0.982,1,0.617,0.989,0.776,0.993,0.436,0.261,0.979,0.004,0.256,0.402,1,0.403,0.957,0.843,0,0.013,0.681,0.932,0.08,0.994,0.976,0.997,0.915,0.917,0.56,1,0.583,0.532,0.984,0.729,1,0.985,0.05,0.71,0.545,0.714,0.863,0.654,0.934,0.085,0.211,0.991,0.468,0.772,1,0.959,0,0.998,0.999,0.441,0.96,0.434,0,1,0.321,0.547,0.78,0.691,0.436,0.372,0.667,0.696,0.108,1,0.736,0.796,0.759,0.867,0.919,0.071,0.865,0.004,0.998,0.996,0.938,0.011,0.53,0.922,0.322,0.694,1,0.213,0.736,0.989,0.645,1,0.334,0.201,0.64,0.978,0.798,0.784,0.452,0.486,0.985,1,1,1,0.229,0.993,0.863,0,1,0.195,0.668,0.685,0.028,0.917,0.994,0.321,0.67,0.992,0.737,1,0.451,0.991,0.962,0.005,0.004,0.26,0.384,0.916,0.86,0,0.906,0.731,0.53,0.517,0.969,0.98,0.527,0.461,0.96,0.976,0.932,0.958,0.997,0.667,0.274,0.8,0.95,0.78,0.357,0.085,1,0.559,1,0.929,0.836,0.953,0.613,0.61,0.099,0.991,0.985,0.991,0.045,0.082,0.108,0.504,0.841,0.883,0.17,0.99
0.574,0.992,0.936,1,0.519,0.672,0.318,0.644,0.001,0.994,0.977,0.888,0.932,0,0.631,0.656,0.984,0,0.717,0.996,0.954,0.132,0.285,0.774,0.48,1,1,1,1,0.419,0.566,0.844,0.001,0.994,0.507,0.995,0.835,0.265,0.69,0.932,0.595,0.632,0.931,0.142,0.042,0.439,1,0.767,0.952,0.793,0.034,1,0.454,1,0.807,0.999,0.998,0.065,0.672,0.095,0.139,0.798,0.97,1,1,1,0.996,0.776,0.377,0.203,0.947,1,1,1,0.019,1,0.877,0.484,0.906,0.164,1,0.753,0.492,1,0.775,0.177,0.967,0.537,0.925,0.05,0,0.999,0,0.779,0.849,0.008,0.564,0.763,0.023,0.793,0.287,0.813,0.011,0,0.328,0.75,1,0.673,0.825,0.959,0.156,0.44,0.858,0.962,0.938,0.954,0.002,0.642,0.012,0.71,0.997,0.379,1,0.584,0.235,1,0.386,0.196,0.408,1,0.997,0.899,0.839,0.59,0.999,0.427,0.138,0.015,1,0.468,0.855,0.809,0.999,0.558,0.417,0.998,0.172,0.061,0.171,0.108,0.858,0.999,1,0.614,0.751,0.004,0,0.997,0.961,0.103,0.617,1,0.052,0.532,0.473,0.802,0.052,0.999,1,1,0.945,0.321,0.601,0.801,0.296,0.991,0.011,0.437,0.548,0.576,0.205,0.994,0.531,0.504,0.801,0.983,1,0.978,1,0.797,1,0.936,0.994,0.331,0.003,0.999,0.359,0.598,0.006,0.089,0.957,0.495,0.998,0.861,0.495,0.992,0.765,0.996,0.388,0.865,1,1,0.003,0.658,1,0.284,0.961,0.754,1,1,1,0.94,0.995,0.986,0.154,0.999,1,0.571,0.98,0.755,0.745,0.998,1,0,0.958,0.268,0.005,0.699,1,0.852,0.995,0.839,0.838,1,0.46,0.563,1,0.489,0.983,1,0.654,0.867,0.735,0.263,0.483,0.123,0.482,0.488,0.607,1,0.999,0.995,0.094,0.458,0.89,0.665,0.986,0.001,0.559,0.176,0.927,0.461,0.978,1,0.532,0.637,0.44,0.996,0.229
0.215,1,1,0.236,0.059,0.013,0.967,0.124,0,1,0.943,0.07,0.008,1,0.292,0.009,0.135,0.001,0.854,0.905,0.887,0.134,0.962,0.691,0.737,0.922,0.714,0.955,0,0.972,0.394,0.922,1,0.869,0.999,0.519,1,0.781,0.954,0.903,0.017,1,0.427,0.909,0.88,0.58,1,0.096,0.245,0.126,0.786,0.186,0.013,0.887,0.41,0.989,0.284,0.294,0.837,0.342,0.99,0.078,0.999,0.884,0.636,0.589,0.693,1,0.446,0.474,0.733,0.744,0.95,0.995,1,0,0.325,0.514,0.931,0.895,0.464,0.702,0.714,0.01,0.925,0.527,0.678,0.536,1,0.628,1,0,0.005,0.82,1,0.01,0.86,0.943,1,0.996,0.922,0.714,0.946,0.245,0.643,0.994,0.229,0.948,0.882,1,0.999,0.092,0.837,0.157,1,0.598,0.001,0.487,0.993,0.672,0.991,0.33,1,0.439,0.55,1,0.201,0.478,0.327,1,1,0.443,0.754,0.531,0.677,0.106,0.998,0.181,0.003,0.857,1,0.154,0.095,0.579,0.167,0.92,0.386,0.369,0.657,0.875,0.219,1,0.545,0.788,0.946,1,0.995,1,0.84,0.836,0.407,0.998,0.938,1,0.09,0.677,0.719,0,0.001,0.143,0.26,0.466,0.845,0.028,0.999,0.569,1,0.859,0.176,0.156,0.652,0.917,0.453,0.636,0.327,0.02,0.022,0.891,0.372,0.988,1,0.998,0.384,0.913,1,0.018,0.192,0.638,0.998,0.708,0.118,0.555,0.472,0.444,0.528,0.915,0.981,0.243,0,0.305,0.994,0.992,1,0.736,1,0.71,1,0.901,0.998,0.805,0.138,0.179,0.325,0.695,0.762,0.975,0.013,0.74,1,0.24,0.015,1,0.661,0.965,0.256,0.386,0.055,0.504,1,0.594,0.404,0.957,0.472,1,0.842,0.608,0.998,0.393,0.147,1,0.328,0.608,0.416,0.206,0.561,0.114,0.925,0.294,0.408,1,0.651,0,0.532,0.682,1,0.715,1,0.898,0.687,0.65,0.707,0.001,0.265,1,0.104,0.718,0.962,0.602,0.038
0.157,0.019,0.125,0.942,0.114,0.681,1,0.203,1,0.943,0.983,0.222,0.937,1,0.634,0.381,0.836,1,0.75,0.873,0.996,0.116,0.974,0.871,1,1,0.42,0.97,0.999,0.506,0.973,0.018,0.823,0.968,0.992,1,0.156,0.815,0.773,0.833,1,0.314,0.068,0.881,0.982,0.799,1,0.07,0.962,0.148,0.885,0.911,0.845,1,0.105,0.832,0.768,0.166,0.062,0.477,0.041,0.732,1,0.985,0.245,0.003,1,0.789,0.153,0.351,0.229,0.758,0.044,0,1,1,0.726,0.936,0.938,0.629,0.495,0.951,0.996,0.946,0.829,0.059,0.267,0.624,0.347,0.74,1,1,0.139,0.633,0.844,0.013,0.878,0.999,1,0.966,0.817,0.212,1,0.022,0.056,0.014,1,0.66,0.255,1,0.015,1,1,0.695,1,0.528,0.02,0.365,0.999,0.352,0.894,0.968,0.049,0.582,0.998,0.917,1,0.652,0.219,0.951,1,0.025,0.919,1,0.269,1,1,0.524,0.003,0.982,0.981,0,1,0.644,0.086,0.192,0.223,0.983,0.129,0.055,0.919,0.762,0.632,0.508,1,0.997,0,0.576,0.904,0.548,0.272,1,1,0.896,1,0.539,0.918,0.329,0.094,0.993,0.999,0.754,0.57,0.895,0.435,0.451,0.401,0.454,0.822,0.995,0.423,0.791,0.081,0.99,0.025,0.572,0.882,0.949,0.692,0.75,0.997,0.827,0.795,0.599,0.785,0,0.014,0.676,0.629,0.786,1,0.364,0.962,0.162,0.347,0.552,0.796,0.101,0,0.007,1,0,0.474,0.89,0.979,1,0.998,1,0.411,0.832,1,0.995,1,0.306,0.756,0.566,1,0.911,0.951,0.002,0.937,0.285,0.836,0.535,0.245,0.545,0.485,0.876,0.577,0.3,0.643,1,0.602,0.688,0.024,0.385,0.004,0.456,0.921,0.905,0.496,0.962,0.848,0.739,0.664,0.077,0.309,0.513,0.996,0.992,0.965,1,0.898,0.741,0.762,0.713,0.866,0.017,0.067,0.421,0.408,0.932,0.964,0.098,0.616,0.986,0.477,0.053,0.103
0.628,0.008,0.878,1,0.999,0.979,0.827,0.982,1,1,0.977,0.704,0.307,0.997,0.216,0.93,0.486,0,0.834,1,0.223,0.551,0.081,0.277,0.821,1,0.84,0.005,0,0.855,0.991,1,0.121,0.397,0.931,0.167,0.992,0.015,0.319,0.803,0.997,0.01,0.354,0.934,0.461,0.021,0,0.851,0.869,0.913,0.276,0.962,0.778,1,0.467,1,0.851,0.243,0.048,0.975,0.754,0.005,1,0.157,0.026,1,0.875,0.105,0.692,0.873,0.847,0.348,0.022,0,0.901,0.902,0.301,0.116,0.952,1,0.687,0.78,0.378,0.024,0.806,0.437,0.116,0.094,0.84,0.451,0.161,1,0.005,0.99,0.998,0.04,0.998,0.925,1,0.668,0.139,0.886,0.582,0.334,0.721,1,0,0.867,0.68,1,0.004,0.998,0.777,0.353,0.994,0.885,0.227,0.559,0,0.925,0.537,0.981,0.509,0.565,0.859,0.992,0.075,0.343,0.641,0.016,1,0.015,0.648,0.976,0.784,0.737,0.559,0.668,0.994,0.325,0.735,0.029,0.745,0.426,0.768,0.059,0.606,0,0.088,0.999,0.666,0.999,0.998,0.915,0.65,1,1,0.999,0.199,0.195,0.662,1,0.903,0.916,0.662,0.812,0.375,1,0.27,1,0.584,0.669,1,0.837,0.791,0.601,0.818,0.221,0.106,0.658,0.868,0.99,0.997,0.115,0.221,1,0,1,0.095,0.74,0.018,0.999,1,0.665,0.173,0,1,0.537,1,0.585,0.975,0.457,0.395,0.005,0.935,0.006,0.355,0.922,0.918,0.687,0.944,0.011,0,0.971,1,0.219,1,0.998,0.033,0.657,0.965,0.984,0.849,1,0.977,0.441,0.994,1,0.004,1,0.05,1,0.889,0.956,0.563,0.511,0.251,0.993,1,0.82,0.79,0.906,0.771,0.999,0.131,0.512,1,0.91,0.021,1,0.835,0.873,0.417,0.007,0.783,0,1,0.578,0.176,0.659,0.795,0.979,0.226,0.989,0.968,0.534,0.999,0.862,0.839,0.702,0.871,1,0.029,1,1,0.409,0.015,1,0.884
1,0.939,0.088,0,1,0.215,0.999,0.634,1,0.958,0.13,0.959,0.508,0.029,0.988,0.05,0.047,0.875,0.384,0.752,0.245,0.532,0.017,0.806,0.661,0.919,0.991,0.974,0.001,0.793,0.574,0.566,0.034,0.936,0.996,0.075,0.116,1,0.859,0.348,0.908,0.973,0.511,1,1,1,1,0.711,0.389,0.252,0.347,0.811,0.991,1,1,0.391,0.948,1,0.279,0.989,0.89,0.169,1,1,0.678,1,0.659,0.832,0.168,0.768,0.554,0.359,0.989,0.992,1,1,0.794,0.78,0.997,0.553,0.09,0.554,0.505,1,0.607,0.049,0.723,0.757,0.485,0.999,0.893,1,0.952,0.383,0.344,0.127,0.999,0.476,0,0.951,1,0.339,1,0.7,1,0.283,1,0.375,0.924,1,1,0.981,0.64,1,0.87,0.5,0.993,0.788,0.743,0.347,0.613,0.786,0.99,0.654,0.367,0.972,0.559,0.871,0.512,0,0.047,0.576,0.995,0.995,0.913,0.686,0.258,0.352,0.002,0.365,0.009,0,0,0.747,0.471,0.001,0.177,0.942,0.095,0.213,0.67,1,0.977,0.701,0.26,0.951,0,0.971,0.871,0.411,0.514,0.001,1,0.995,0.83,1,0.001,0.012,1,0.157,1,0.571,0.698,0.186,0.323,0.308,0.02,0.973,0.664,0.562,0.537,0.039,0.92,1,0.988,0.328,0,1,0.284,1,0.998,0.067,0.97,0.589,0.016,0.999,0.7,1,0.396,0.617,1,0.443,0.228,0.007,0.006,0.719,0.107,0.741,0.003,0,0.552,1,0.492,0.353,0.074,0.887,1,0.998,0.085,0.926,0.39,0.986,0.538,1,1,0.826,0,0.084,1,0.538,1,0.193,0.001,0.217,0.992,0.329,0.025,0.158,0.971,0.932,0.989,0.258,0.393,1,1,0.606,1,0.615,0.38,1,0.816,0.951,0.497,0.804,0.31,0.926,0.989,0.498,0.179,1,0.986,0.302,0.946,0.382,0.351,0.862,0.738,0.999,0.829,0.899,0.991,0.692,1,0.002,1,0.807,0.265,0.345,0.349
0.993,0.609,0.83,0.976,0.421,0.828,0.992,0.201,1,1,0.998,0.7,0.995,0.001,0.614,0.388,1,0.831,0.519,0.553,1,0.264,0.656,0.063,0.927,1,0.205,0.438,0.993,0.74,0.98,0.998,1,0.779,0.985,1,0.3,1,0.737,0.874,1,0,0.665,0.81,1,0.035,1,0.185,0.354,0.01,0.999,0.965,0.999,1,0.224,0.991,0.805,0.421,0.744,0.999,0.995,0.96,1,0.041,0.092,0.498,0.8,0.79,0.999,0.697,0.699,0.999,0.972,0.999,1,0,0.701,0.937,0.335,0.511,0.432,0.781,0.952,0.989,0.319,0.752,0.405,0.506,0.296,1,0.356,0.749,0.79,0.869,0.597,0.056,0.27,0.828,0,0.176,0.414,0.933,0.998,0.985,0.684,0.164,0.997,1,0.154,0.988,0.532,0.634,0.349,0.928,1,0.516,0.739,0.935,0.001,0.731,0.834,0.957,0.597,0.551,0.941,0.363,0.219,0.834,0.557,0.294,0.697,0.922,0.53,0.778,0.995,0.602,0.891,0.214,0.995,0.38,0.077,0.018,0.349,0.505,0.944,1,0.9,0.876,0.599,1,0.543,0.991,0.102,0.257,0.871,1,0,0.879,0.983,0.545,0.175,0.01,0.998,0.985,0.974,0.388,0.102,0.979,0.946,0.164,0.765,0.949,0.507,1,0.23,0.819,0.031,0.454,0.747,0.998,0.7,0.198,0.458,0.669,1,0.912,0,0.853,0.195,0.301,1,1,0.569,0.503,0.992,1,0.845,0.994,0.522,0.364,0.991,0.352,0.478,0.987,0.923,0.172,0.317,1,0.002,1,0.927,0.987,0,0.931,0.098,0.026,0.999,0.994,0.46,0.985,0.972,1,0.477,0.636,0.543,0.999,0.955,0.815,0.918,0.979,0.737,0.998,0.048,0.992,0.7,0.786,0.038,1,0.999,0.933,0.299,1,0.863,1,0.266,0.719,1,0.861,1,1,0.876,0.218,0.506,0.52,0.728,0.14,0.275,0.386,0.251,0.995,0.356,0,0.239,0.551,0.842,0.941,0.423,0.013,0.164,0.228,0.995,0.685,0.837,0.57,0.483,0.547,0.977,0.126,0.068
0.737,0.253,0.99,0.098,0.349,0.333,0.903,1,1,1,1,0.991,0.184,0.998,0.361,0.581,0.975,0.917,0.794,0.007,0.971,0.083,1,0.906,0.342,1,0.999,1,1,0.972,1,0.876,0.01,0.097,0.889,0.855,0.08,1,1,1,0.037,0.103,0.718,0.752,1,0.916,0.013,0.916,0.994,0.005,1,0.989,1,1,0.27,0.999,0.128,0.628,0.979,0.998,0.042,0.45,1,0.976,0.523,1,0.062,1,0.971,0.942,0.943,0.347,0.996,1,1,0.186,1,1,0.921,0.109,0.05,0.454,0.825,0.988,0.116,0.008,0.459,0.956,0.103,0.153,0.862,1,0.876,0.265,0.032,1,0.786,0.449,1,0.398,0.945,0.663,0,0.533,0.419,0.486,0.171,0.579,0.944,0.998,0.893,1,0.484,0.298,1,0.464,0.997,0.208,1,0.914,0.278,0.332,0.001,0.481,0.992,0.6,0.409,0.634,0.982,0.962,0.998,0.816,0.445,0.533,1,0.778,0.221,0.8,0.128,0.324,0.999,0.914,0.954,0.826,0.123,0.001,0.804,0.715,0.318,0.967,0.749,0.997,1,0.055,0.85,0.715,0.022,0.125,0.986,0.94,0.143,0.125,0.967,0.589,0.995,1,0.564,0,0.623,0.549,0.863,0.615,0.915,0.71,1,0.64,0.655,0.95,0.485,0.787,0.016,0.126,1,0.997,0.441,0.926,0,1,0.967,0.857,0.651,0.984,1,0.676,0.927,1,0.521,0.665,0.004,0.69,0.981,0.491,0.671,0.001,0.999,0.235,0.311,0.067,0.994,0.948,0.795,0.001,0.002,0.158,0.897,1,0.047,0.894,0.79,0.656,1,0.971,0.917,0.835,0.997,0.858,0.987,0.02,0.999,0.636,0.042,0.713,1,1,0.834,0.579,0.807,0.518,0.842,0.058,0.757,0.998,0.367,0.998,0.953,0.857,1,0.823,0.896,1,0.703,0.254,0.503,0.904,0.776,0.776,0.206,0.315,0.342,1,0.996,1,0.965,0.404,0.383,0.722,0.931,0.998,0.016,0.992,0.156,0.763,0.904,1,0.153,0.62,0.195,0.009,1
0.658,1,0.458,1,0.498,0.856,0.895,0.998,0.937,1,0.973,0.448,0.004,1,0.975,0.047,0.696,0.847,0.282,0.597,0.105,0.276,0.957,0.018,0.174,1,0.989,0.587,0.003,0.982,0.886,0.966,0.921,1,1,0.987,0.998,1,0.983,0.964,0.185,0.86,1,0.027,0.999,0.635,1,0.005,0.663,0.994,0.698,0.808,0.712,1,0.37,0.978,0.947,0.225,0.215,0.939,0.018,1,1,0.037,0.686,0.999,0.848,0.467,0.503,0.597,0.914,0.297,0.466,0.967,0.996,0.001,0.683,0.713,1,0.796,0.061,0.428,0.212,0.96,0.435,0.937,0.693,0.997,0.011,0.947,0.999,0.977,0.46,0.229,0.002,0.848,0.551,0.904,1,0.33,0.857,0.844,0,0,0.5,0.092,1,1,0.685,0.96,0.952,0.978,0.214,0.456,0,0.391,0.886,0.661,1,0.169,0.988,0.738,1,0.504,1,0.066,0.96,0.625,0.154,0.928,1,0.354,0.952,0.238,0.152,0.725,0.568,1,1,0.996,1,1,1,0.866,1,0.467,0.473,0.892,1,0.819,0.057,0.961,1,0.452,0.908,0.992,0,1,0.093,0.925,0.606,0.009,0.773,0.946,0.37,0.012,0.002,0,0.177,0.726,0.295,0.578,0.703,0.991,0.973,0.161,0.014,0.841,0.142,0.436,0.628,0.49,0.039,0.991,0.134,0.997,0.002,0.987,0.676,0.226,0.969,1,0.957,0.35,1,0.959,1,0.728,0.003,0.948,1,0.612,0.979,0.175,0.999,0.007,0.625,1,1,0.939,0.73,0.999,0.204,0.716,1,1,0,0.921,0.033,0.942,1,0.995,0.544,0.955,0.07,0.558,0.995,0.041,1,0.893,0.825,0.265,0.972,1,0.235,0.522,1,0.361,0,0.491,0.665,0.921,0.808,1,0.216,0.443,0.924,0.388,1,0.999,0.841,0.238,0.539,0.617,0.543,0.008,0.098,0.618,0.968,0.923,0.958,0.989,0.875,0.624,0.092,1,1,0.041,0.208,0.668,0.545,0.041,1,0.977,0.994,0.629,0.689,0.173,0.154
0.228,0.31,0.001,0.021,0.593,0.265,0.286,0.874,0.001,0.956,0.99,0.246,0.993,1,0.62,0.637,0.194,0.977,0.878,0.739,0.251,0.956,0.32,1,0.426,1,0.999,0.955,1,0.918,0.559,0.099,0.993,0.984,0.149,0.98,0.851,0,0.955,0.996,1,0.718,0.187,0.814,0.028,0.959,1,0.933,0.192,0.023,0.854,0.999,0.82,0.917,0.988,0.969,0.986,0.997,0.154,1,0,0.238,0.812,0.86,0.032,0.017,0.992,1,0.776,0.433,0.997,0.885,0.549,0.175,0.985,1,0.837,0.265,0.596,0.984,0.974,0.703,0.39,0.527,0.312,0.883,0.934,0.574,0.995,1,0.017,0,0.196,0.476,0.995,0.092,0.751,0.965,0.989,0.912,1,0.102,0,1,0.045,0.005,0,0.068,1,1,0.976,0.998,0.756,0.701,0.651,0.337,0.084,0.098,1,0.062,0.867,0.717,0.977,0.871,0.01,0.982,0.989,0.985,0.248,1,0.121,0.346,1,0.176,0.999,0.47,0.53,0.253,1,0.718,0.002,0.995,0.984,0.34,0.535,0,0.079,0.027,0.991,0.802,0.855,0.798,0.816,0.695,0.172,0.333,0,0.588,0.623,0.567,0.362,0.99,0.152,0.358,0.983,0.07,0.986,1,1,1,0.526,0.582,0.783,0.58,0.638,0.611,0.901,0.421,0.885,0.883,0.985,0.995,0.879,1,0.997,0.895,0.037,0.998,0.004,1,0.053,0.72,1,0.565,0.007,1,0.002,0.423,1,0.496,0.107,0.603,0.349,1,0.978,0.999,0.988,0.029,0.979,0.999,0.125,1,0.942,0.892,0.981,0.706,0.001,0.939,0.244,0.998,0.999,0.095,0.523,0.884,0.143,1,1,0.999,0.878,0.841,0.26,0.932,0.94,0.067,0.582,0.552,0.019,0.181,1,0.997,0.76,0.118,0.624,1,0.299,0.753,1,0.96,0.194,1,0.994,1,0.392,0.768,0.962,0.5,0.765,0.357,0.254,0.009,0.883,0.002,0.999,0.464,0.256,0.338,1,0.007,0.517,0.439,0.526,0.064,0.049,0.973,0.851,0.957,0.984,0.82,1
1,0.001,0.18,1,0.015,0.09,0.999,1,1,1,0.247,0.51,0.9,0,0.627,0.993,0.821,0.271,0.662,0.009,0.511,0.279,0.834,0.739,0.295,1,0.865,0.257,0.115,0.644,0.541,1,0.496,0.252,0.998,0.009,0.912,0.999,0.995,0.877,0.243,0.001,0.928,0.708,0,0.677,0.973,0.97,0.259,0.197,0.026,0.673,0.189,0.985,0.342,0.801,0.217,0.635,0.797,0.963,0.624,0.737,0.996,0.914,0.238,0.985,1,0.958,0.475,0.636,0.579,0.522,0.866,0.999,0.632,0.456,0.464,0.248,0.8,1,0.124,0.57,0.582,1,1,0.002,0.844,0.186,0.978,0.882,0.957,1,0.994,0.842,1,0.027,0.903,0.974,1,0.036,1,0.999,0.932,1,0.117,0.999,0.979,0.9,0.173,0.998,1,1,0.997,0.282,1,0.42,0.981,0.856,0,0.063,0.982,0.169,0.005,0.328,1,1,0.849,0.374,0.71,0.012,0.626,1,0.028,0.999,0.963,0.834,0.993,0.963,1,0.628,0.743,0.26,0.003,0.166,0.73,1,0.789,0.011,0.861,0.211,0.995,0.002,0.075,1,0.988,0.273,0.938,1,0.812,0.333,0.949,0,0.972,1,0.933,0.983,0,0.451,0.815,0.009,0.493,0.653,0.75,0.097,0.842,0.539,0.15,1,0.691,0.976,0.189,0.328,0.933,0,0.999,0.968,0.999,0.826,1,0.735,0.991,0.166,0.819,0.72,1,0,0.809,0.863,1,0.411,1,0.451,0.956,0.878,0.992,0.816,0.788,0.85,0.997,0.06,0.96,0.68,0.366,0.794,1,0.078,0,0.372,0.954,0.58,0.984,1,0.828,0.558,1,0.973,0.494,0.778,0.737,0.039,0.982,1,0.947,0.33,0.965,0.631,0.013,0.263,0.795,0.194,0.597,0.05,0.61,1,0.988,0.975,1,0.994,0.845,0.846,0.205,1,0.435,0.326,0.266,0.071,0.018,0.502,0.399,1,0.492,0.41,1,0.61,0.579,0.97,0.948,1,0.998,0.987,0.972,0.853,0.707,0.98,0.037,0.551,1,0.793,0.928
1,0.981,0.053,0.172,0.978,0.281,0.394,0.02,1,0.886,0.431,0.24,0.436,0.998,0.825,0.522,0.663,1,0.666,1,0.999,0.5,1,0.95,0.984,0,0.956,0.16,0.978,0.546,0.637,0.348,0.987,0.371,0.6,0.905,0.702,1,0.761,0.553,0.015,0.989,0.982,0.014,0,0.99,0,0.241,0.459,0.624,0.999,0.839,0.048,0.016,0.528,0.628,0.918,0.113,0.998,0.025,0.011,0.713,1,1,0.987,0.989,0.811,0.539,0.796,0.18,0.442,0.61,0.801,0.001,0.999,0.999,0.541,0.931,0.571,0.696,0.788,0.513,0.605,0.651,0.996,0.101,0.557,0.129,0.011,0.975,0.935,0.996,1,0.952,0.014,0.005,0.708,0.543,0,0.804,0.632,0.199,0.406,0.968,0.99,0.01,1,0.401,0.997,0.706,0.58,0.001,0.618,0.478,0.002,0.527,0.155,1,0,0.173,0.905,1,0.957,0.344,1,0.93,0.696,0.673,0.662,0.166,0.998,0.683,0.714,0.681,0.613,0.723,0.527,0.988,0,0.625,0.924,0.998,1,0.594,0.111,1,0.004,1,0.999,0.516,0.988,0.992,0.026,0.01,0.83,0.917,1,0.04,0.632,0.383,0.412,0.002,0.932,0.939,0.238,0.638,0.1,1,1,0.042,0.612,0.514,0.952,1,0.83,0.629,0.599,0.872,0.81,0.261,0.219,0.934,0.104,0.19,0.583,0.581,0.995,0.515,0.998,0.507,0.418,0.74,1,0.878,0.549,0,1,0.606,0.836,0.953,0.895,0.396,0.997,0.014,0.926,0.031,0.387,0.635,1,1,0.796,0.288,1,0.22,0.962,0.112,1,0.856,0.573,0.97,1,1,0.978,1,0.512,0.91,0.998,0.82,0.99,0.006,0.409,0.743,0.317,0.897,0.577,0.166,0.333,0.507,0.835,0.997,0.36,0.6,0.905,1,0.01,0.339,1,0.615,0.864,1,0.679,0.431,0.378,0.016,0.648,0.942,0.053,0.476,0.867,0.991,0.628,1,1,0.883,0.982,0.925,0.967,0.959,0.567,0.928,1,0.568,0.1,0.817,0.084,0.881,0.614,0.881,0.128
0.882,0.004,1,0.033,0.951,0.378,0.967,0.99,1,0.972,0.039,0.199,0.174,1,0.897,0.411,0.582,1,0.994,0.959,0.227,0.139,1,0.889,0.655,1,0.006,0,1,1,0.864,0.078,0.007,0.441,0.971,0.036,0.998,1,1,0.709,0.721,0.037,0.031,0.388,1,0.793,1,0.931,0.962,0.601,0.015,0.88,0.993,0.029,0.677,0.997,1,0.463,0.913,0.339,0.117,0.625,1,1,0.123,1,1,0.584,0.166,0.834,0.808,0.391,0.804,1,1,1,0.681,0.201,0.102,0.971,0.015,0.401,0.681,0.998,0.999,0.78,0.998,0.014,0.978,0.782,0.86,0.863,1,0.781,0.057,0.904,0.322,1,1,0.858,0.881,0.135,0.864,0.674,0.214,0.816,1,0.003,0.703,0.943,0.911,0.019,0.719,0.947,0.987,0.666,1,0.994,1,0.351,0.457,0.995,0.175,0.564,0.471,0.799,0.867,0.535,0.879,0.994,0.649,0.092,0.95,0.926,0.172,0.757,0.973,0.796,0.048,0.486,0.572,0.958,0.906,0.489,0.164,0.991,0.785,0.998,0.077,0.329,0.061,0.861,0.84,0.999,1,1,0.023,0.027,0.689,0.908,0.333,0.921,1,0.999,1,0.64,0.033,0.001,0.868,0.364,0.302,0.385,0.891,0.412,0.852,0.744,0.136,0.692,0.089,0.985,0.159,0.995,0.642,1,1,0.42,0.635,0.598,1,0.794,1,0.718,0.962,0.551,1,0.867,0.046,0.725,1,0.978,1,0.611,0.486,0.999,0.891,0.658,0.041,0.867,0.986,1,0.488,1,1,0.35,0.642,1,0.376,0.407,0.968,0.775,0.418,0.815,0.833,0.824,0.219,0.084,0.876,0.667,1,0.845,0.786,0.91,0.991,0.994,0.637,0.572,1,0.86,0,0.545,0.31,1,0.189,0,0.95,0.468,0.988,0.576,0.879,0.12,0.101,0.768,0.385,0.966,0.312,0.618,0.925,0.487,1,1,0.343,0.982,0.035,0.71,1,0.996,0.885,0.63,0.643,0.085,0.856,1,0.997,0.877,0.56,0.592,0.051,0.006,0.916
0.894,0.022,0.835,1,0.95,0.525,0.728,0.809,1,0.997,1,0.675,0.694,0.961,0.972,0.933,0.581,0.042,0.655,0.998,0.167,0.73,0.144,0.948,0.11,1,0.998,0.162,0.999,0.999,0.061,0.975,1,0.83,1,0.935,0.416,0.649,0.842,0.287,0.982,0.036,0.664,0.812,0.997,0.719,0.867,0.996,0.596,0.001,0.001,0.933,0.957,1,0.265,0.89,0.981,0.432,0.975,1,1,0.995,1,0.998,0.717,0.033,0.998,0.326,0.556,0.694,0.355,0.969,0.179,0.329,0.399,0.996,0.727,0.756,0.924,0.691,1,0.799,0.628,1,0.69,0.017,0.53,0.042,0.002,0.152,0.917,0.345,0.627,0.179,0.846,0.92,0.788,0.67,1,1,1,0.152,0,0.833,0.997,0.013,1,0.433,0.45,0.997,0.201,1,0.614,0.501,0.17,0.393,0.998,0.983,0,0.995,0.744,0.097,0.874,0.334,0.982,0.79,0.581,0.995,0.794,1,0.982,0.159,0.878,0.986,1,0.901,0.201,1,0.974,0.892,0.255,0.997,1,0.504,0.492,0.135,0.989,0.075,0.923,0.963,0.949,0.907,0.915,0.035,0.997,0.037,1,0.992,0.997,0.835,0.81,0.344,0.996,0,0.9,1,1,0.9,0.441,0.003,0.508,0.532,0.654,0.991,0.954,0.598,0.769,0.083,0.988,0.555,0.08,1,0.782,0.962,1,1,0,0.592,0.027,0.685,0.959,0.992,0.998,0.944,0.601,1,0.023,0.681,1,0.805,0,0.836,0.554,0.967,1,0.913,1,0.554,0.04,0.964,0.008,1,0.999,0.804,0.786,0.711,1,1,1,0.999,0.994,0.999,0.799,0.605,0.939,0.993,0.011,0.926,0.992,0.65,1,0.117,1,0.982,0.164,0.237,1,0.57,0,0.355,0.93,0.011,0.514,1,0.849,0.526,0.019,0.333,1,1,0.767,0.516,0.613,0.939,0.35,0.981,0.279,0.283,0.74,1,0.395,0.005,1,0.93,0.998,0.592,0.616,0.002,0.798,0.183,0.936,0.027,0.894,0.974,0.066,0.869,0.792,0.014,0.825
0.944,0.77,0.752,0.967,0.843,0.999,0.832,0.848,1,0.558,0.997,0.51,0.863,0,0.441,0.815,0.814,0.032,0.521,0.997,0.045,0.657,1,0.871,0.127,1,0.1,0.711,1,0.362,0.93,0.991,1,0.998,0.045,0.875,0.357,0.061,0.912,0.875,0.499,1,0.002,0.039,1,0.024,1,1,0.888,1,0.984,0.779,1,0.999,0.997,0.586,0.895,0.562,0.033,0.999,0.935,1,0.002,1,1,0.103,0.999,0.997,0.342,1,0.944,0.929,0.979,0,0.894,1,0.576,0.72,0.873,1,0.957,0.398,0.629,0.478,0.993,0.001,0.133,0.999,1,0.696,0.026,1,0.324,1,0.814,1,0.662,0.441,0,0.722,0.964,0.444,0.95,0.883,0.954,1,1,0.996,0.904,1,0.031,0.059,0.148,0.349,1,0.529,0.003,0.214,0.973,0.43,1,0.124,1,0.155,0.995,1,0.882,0.522,0.939,1,1,0.056,1,0.883,0.912,0.517,0.984,0.125,0.949,0.644,0.005,0.999,1,0.982,0.99,0.994,0.799,0.982,0.822,1,1,0.512,0.049,0.862,0.912,1,0.951,0.951,0.801,0.602,0.111,0.2,0.999,0.24,0.791,0.996,0.742,0.75,0.998,0.373,0.456,0.47,0.726,0.448,0.942,0.909,0.155,0.556,0.984,0.944,0.843,0.964,0.609,1,1,0.368,0.016,0.525,1,0.593,0.823,0.008,0.572,0.172,1,1,0.766,0.957,0.5,0.594,0.993,0.464,0.102,0.831,0.095,0.046,0.838,0.041,1,0.011,0.587,1,0.006,0.481,0.756,0.991,1,0.7,0.691,0.188,0.964,0.953,0.999,0.994,0.69,0.939,0.989,0.142,0.229,0.82,0.494,0.701,1,0.035,0.919,0.76,0.746,1,0.003,0.912,0.479,1,0.89,0.759,0.994,0.479,1,0.579,0.994,1,0.237,0.945,0.493,0.335,0.53,0.01,0.439,0.741,0.209,1,0.512,0.993,0.191,0.784,0.916,0.43,0.994,0.249,0.369,0.884,0.45,0.081,0.618,0.606,0.107,0.998,1,0.924,1
0.966,1,0.007,0.608,1,0.532,0.907,0.757,1,0.997,0.999,0.832,0.918,1,0.515,0.912,0.979,0.384,0.924,0.366,0.465,0.223,0.994,0.734,0.653,0.932,0.663,0.998,0,0.295,1,0.779,0.632,0.047,1,0.896,0.48,0.001,0.289,0.525,0.002,0,0.051,0.622,1,0.991,1,0.989,0.74,0.822,0.77,0.169,0.97,1,0.888,0.2,0.1,0.824,0.996,0.849,0.004,0.01,0.992,0.528,0.012,0.973,0.999,0.279,0.989,0.345,0.798,1,0.862,0.514,1,1,0.956,0.536,0.76,1,0.019,0.732,0.375,0.809,0.492,0.225,0.886,0.752,0.996,0.961,0.892,0.808,1,0.201,0.998,0.612,0.582,0.993,0.353,1,0.371,1,1,0.271,0.948,1,0.988,0.791,0.959,0.99,0.75,1,0.972,0.651,0.517,0.618,1,1,0.822,0.312,0.54,0.229,0.99,0.589,0.909,1,0.96,0.826,0.963,0.992,0.96,0.452,0.169,0.386,0.951,0.552,0.999,0.964,1,0.866,0.966,1,1,0.464,0.052,0.668,1,0.005,0.916,0.943,0.95,0.035,0.312,0.832,1,0.869,0,0.53,0.536,0.396,0.216,0.891,0.971,0.014,0.711,0.927,0.065,1,0.02,0.092,0.246,0.776,0.65,0.882,1,0.953,1,0.543,0.998,1,0.359,1,0.77,0.998,0.976,0.694,1,0.382,0.014,0.531,0.134,0.282,0.507,0.306,0.963,0.701,0.18,0.981,0.956,0.774,0,0.439,0.164,0.024,0.633,0.006,0.521,0.999,0,0,1,0.994,0.935,0.829,0.51,0.795,0.152,0.747,0.092,0.248,0.776,0.354,0.508,0.875,0.812,0.498,0.998,0.748,1,0.007,0.975,0.951,0.959,1,0.742,0.227,0.99,0.854,0.004,0.963,0.633,0.052,0.356,0,0.022,0.514,1,0.448,0.44,0.877,0.52,0.999,0.538,0.997,0.455,0.765,0.81,0.368,0.612,0.933,0.743,0.496,0.324,0.618,0.179,0.476,0.822,1,0.84,0.378,0.081,0.017,1,1,1,0.66,0.244,1,0.807
0.537,0.383,0.162,0.961,0.078,0.948,1,0.049,1,0.223,0.017,0.381,0.979,0,0.544,0.936,0.925,0.082,0.463,0.471,0.047,0.473,0.998,0.055,0.904,1,0.175,0.92,1,0.935,0.32,0.918,0.966,0.406,0.042,0.916,0.769,0.983,0.998,0.931,0.992,0.883,0.28,0.895,0.996,0.875,1,0.995,0.645,0.175,0.37,0.455,0.996,1,0.876,1,0.064,0.705,0.184,1,1,1,1,0.662,0.103,0.874,0.888,0.96,0.956,0.127,0.994,1,0.905,1,1,0.999,0.965,0.798,0.446,0.257,0.817,0.5,0.405,0.674,0.327,0.615,0.178,0.949,0.779,0.977,1,0,0.268,0.405,0.914,0.868,0.286,0.759,0,0.048,0.429,0.536,0.997,0.318,0.552,0.524,0.969,0.677,0.143,0.779,0.046,0.999,0.344,0.485,1,0.545,0.004,0.993,0.8,0.614,0.983,0.692,0.115,0.351,0.044,0.243,0.902,0.761,0.481,0.682,0.021,0.137,0.977,0.845,0.999,1,0.302,0.771,1,0.522,0.281,0.18,0.965,0.756,0.9,0.018,0.493,0.01,0.313,0.813,1,0.234,1,0.962,0.591,0,1,1,0.273,0.014,0.612,0.014,0.593,0.278,0.977,1,0.142,0,0.557,0.937,0.843,0.573,0.995,0.156,0.997,0.698,0.567,0.982,0.075,0.843,0.997,0.902,0.641,1,0.719,0.708,0,0.9,0.001,0.981,0.823,0.793,0.702,0.398,0.952,1,0.959,0.729,0.019,0.444,0.881,0.48,0.43,1,0.501,1,0.963,0.536,0.017,0.947,0.883,0.574,1,0.672,0.994,0.999,0.963,0.956,0.986,0.104,0.414,0.417,0.652,0.872,0.626,0.656,0.012,0.278,0.958,0.615,0.864,0.996,0.987,0.315,0.417,0.599,0.957,0.952,0,1,0.297,0.994,0.345,1,0.003,0.375,0.986,0.646,0.111,0.999,0.028,0.845,0.553,0.722,0.201,1,0.962,0.579,0.475,1,0.505,1,0.983,0.447,1,0.296,0.018,1,0.787,0.466,1,0.502,0.471,0.942,0.999,0.649,0.952,0.012,0.907
0.806,0.89,0.028,0.976,0.027,0.38,0.025,0.381,1,0.651,1,0.082,1,1,0.306,0.987,0.231,0.014,0.674,0.014,0.484,0.26,0.026,1,0.553,0.219,0.816,0.871,1,0.796,0.859,0.996,0.002,0.767,0.972,0.686,0.972,1,0.764,1,1,0.001,0.888,0.016,0.949,0.995,1,1,0.957,0.509,0.67,1,1,1,0.674,0.989,0.126,0.702,0.175,0.938,0.839,0.311,1,1,0.997,1,0.075,0.178,0.755,0.501,0.999,0.954,1,0.98,0.778,1,0.673,0.712,0.13,0.995,0.997,0.883,0.617,0.974,0.877,0.999,0.753,0.262,0.337,0.089,0.944,1,0.736,0.867,0.123,0.139,0.902,1,0,0.012,0.951,0.675,0.936,0.96,0.548,0.278,0,0.754,0.685,0.656,0.223,1,0.72,0.854,1,0.501,0.075,1,0.903,0.362,0.51,0.785,1,0.637,0.987,0.996,0.756,0.329,0.295,1,0.999,0.986,1,0.428,0.975,0.943,1,1,1,0.324,0.026,0.849,0,0.218,0.059,0.987,0.459,0.027,0.995,0.644,0.033,0.048,0.863,0.678,0.839,0.12,0.926,0.802,0.938,0.927,0.569,0.189,1,1,0.608,0.994,1,0,1,0.998,0.204,0.534,0.693,0.138,0.966,0.967,0.467,0.991,0.061,0.794,0.26,1,0.043,0,0.028,0.149,0.992,0.318,1,0.759,0.865,0.773,0.902,0.557,0.001,1,0.936,0.085,0.36,0.867,1,0.71,0.753,0.335,0.064,0.984,0.95,0.009,0,1,0.017,0.999,0.999,0.769,1,0.068,1,0.617,0.993,0.167,1,1,0.695,0.637,0.338,0.179,1,0.015,0.9,1,1,1,1,0.095,0.977,0.932,0.932,0.183,0.148,0.949,0.552,0.223,1,0.96,1,0.623,0.015,0.477,0.549,0.917,0.483,0.956,0.499,0.004,0.861,1,0.265,0.482,0.538,1,0.384,0.984,0.55,0.611,0.222,0.536,0.927,0.995,1,0.879,0.925,0.844,0.941,0.999,0.726,0.384,0.84,1,1
0.732,0.029,1,0.965,0.894,0.896,1,0.894,0.031,0.685,0.999,0.058,1,1,0.499,0.643,0.934,0.012,0.561,0.84,0.958,0.223,0.039,0.12,0.998,0,0.298,1,0.01,0.511,0.905,0.897,0.949,0.887,0.232,0.017,1,0.661,0.979,1,0.674,0.154,0.985,0.901,0.996,0.549,1,0.96,0.103,0.999,0.069,0.25,0.994,1,0.761,0.954,1,0.948,1,0.01,0.048,0.639,0.01,0.034,1,0.061,0.939,0.448,0.796,0.976,0.598,0.997,0.997,1,0.19,0,0.913,0.211,0.499,0.03,0.978,0.629,0.471,0.137,0.433,0.995,0.976,0.91,0.01,0.076,0.571,0.039,0.965,0.979,0.997,1,0.617,0.734,0.987,0.995,0.897,0.99,1,1,1,0.968,1,0.001,0.443,1,0.999,0.803,0.994,0.93,0,0.444,1,0.144,0,0.812,0.754,0.156,0.546,0.65,0.998,0.089,0.897,0.904,0.999,1,0.683,0.996,0.943,1,0.345,0.983,0.9,0.095,1,0.329,0.244,0.989,0,0.998,1,0.263,0.644,1,0.487,0.012,0.997,0.01,0.717,0.793,0.326,0.913,0.088,0.999,0.376,0.139,0.801,0.991,1,1,0.007,0.923,0.005,0.004,0.06,0.992,0.989,0.612,0.892,0.629,1,0.744,0.129,1,0.987,1,0.169,1,0.148,0.866,1,0.973,0.832,0.994,0.026,0.353,0,0.847,0.945,0.784,1,1,0.974,0.42,0.76,0.722,0.693,0.528,0.653,0.82,0.845,0.438,0.272,0.839,1,0.177,0.294,0.973,0.619,0.33,1,0.294,0.698,0.695,0.99,0.03,0.857,0.391,0.853,0.465,0.511,0.781,1,0.487,0.077,1,0.173,1,0.997,0.001,0.372,0.585,0.077,1,0.92,0.864,0.599,0.993,0.76,1,1,0.64,0.001,0.577,0.444,1,0.028,0.164,0.408,0.453,0.744,0.003,0.107,0.362,0.38,0.913,0.796,0.039,0.009,0.63,0.971,0.638,1,0.004,0.916,0.274,0.425,0.287,0.991,0.982,0.245,0.479,0.764,0.997,0.78
0.764,1,0.996,0.994,1,0.106,0.109,0.741,1,0.204,1,0.066,1,0,0.658,0.985,1,0.976,0.927,0.559,0.044,0.294,0.961,0.994,0.992,1,0.513,0.528,0.913,0.567,0.564,0.2,0.549,0.633,0.665,1,1,0.993,0.604,0.953,0.964,0.722,0.999,0.987,0.974,0.493,1,1,0.682,0.928,0.328,0.922,0.066,0.418,0.239,0.825,0.745,0.954,0.037,0.826,0.059,0.193,0.516,0.955,0.889,0.98,0.159,0.705,0.953,0.648,0.493,0.748,0.801,1,0.033,0.056,0.999,0.977,1,0.839,0.498,0.833,0.575,0.726,0.847,0.022,0.752,0.881,0.516,0.998,1,1,0.746,0.695,1,0.243,0.935,0.885,1,0.691,0.743,0.181,0.274,0.999,0.033,1,1,0.775,0.648,1,0.003,0.029,0.208,0.881,0.006,0.608,0.506,0.536,1,0.27,0.066,0.99,0.352,0.963,0.978,1,0.801,0.74,0.686,0.999,1,0.889,0.771,0.216,0.822,0.597,0.353,0.135,0.984,0.727,1,1,1,0.183,0.973,0.951,0.014,1,0.097,1,0.714,0.999,1,0.21,0.881,0.95,1,0.88,0.087,1,0.997,0.993,0.071,0.181,0.99,0.139,0.019,0.85,0.525,0.089,0.39,0.392,0.69,0.717,0.941,0.171,0.977,0.825,1,0.937,0.897,0.163,0.277,0.648,0.566,0.437,0.409,0.634,1,0.99,0.005,0.71,0.995,0.999,0.069,1,0.76,0.183,0.278,0.647,0.25,0.477,1,1,0.999,0.022,0.855,0.989,1,0.1,0.917,1,0.986,0.7,1,0.817,1,0.065,1,0.978,0.97,0.993,0.374,0.995,0.963,0.366,1,0.834,0.992,0.123,0.993,0.943,1,0.185,0.676,0.399,0.273,0.973,0.001,0.797,0.699,0.429,0.204,1,0.999,0.813,0,0.511,1,1,0.095,0.981,0.74,0.93,0.967,0.334,0.897,0.253,0.782,1,0.908,1,0.72,0.445,0.761,0.847,0.982,1,0.731,0.814,1,0.824,1,0.596,0.405,0.506,0.081,0.643,0.884
0.821,1,0.001,1,0.914,1,0.237,0.97,1,0.123,0.021,0.076,0.017,1,0.629,0.071,0.989,0.995,0.825,0.763,1,0.556,0.062,0.095,0.703,0.993,0.652,0.998,0.002,1,0.973,0.48,1,0.579,1,0.854,0.831,0.547,0.983,0.124,0.902,0.498,1,0.271,0.99,0.412,0,1,0.817,0.124,0.011,0.993,1,1,0.772,0.996,0.829,0.789,0.702,0.034,0.003,0.091,0.003,0.426,0.894,0.885,0.995,0.535,0.59,0.834,0.418,0.913,0.743,1,0.018,0.005,0.932,0.992,0.999,0.561,0.023,0.366,0.813,0.944,0.192,0.122,0.138,0.968,0.212,0.939,0.937,1,0.251,0.562,0.095,0.815,0.589,0.813,1,0.123,0.061,0.942,0,0.433,0.787,0.64,0.04,0.039,0.992,0.995,0.07,1,0.772,0.835,0.835,0.795,0.002,0.933,0.603,0.152,0.352,0.547,1,0.398,1,0.998,0.106,0.338,1,1,0.203,0.102,0.974,0.494,0.447,0.045,0.01,0.953,1,0.966,0.038,1,0.952,0.795,0.056,1,0.998,0.967,0.903,0.061,0.082,0.98,0.945,0.749,1,1,1,0.942,0.786,0.953,0.345,1,0.923,0.071,0.463,1,0.005,0,1,0.975,0.848,0.584,0.676,0.999,0.971,0.88,0.956,0.82,0.988,0.137,0.038,0.942,0.572,0.008,0.963,1,0.923,0.877,0.424,0.542,0.006,1,0.678,0.444,0.644,1,0.987,0.863,1,0.748,0.001,0.406,0.71,0.114,1,1,0.994,0.787,1,0.08,0.888,0.722,0.001,0.991,1,1,0.058,0.979,0.914,0.059,1,0.932,0.866,0.586,0.822,0.489,1,0.029,0,0.828,0.004,0.535,0.174,0.973,0.678,0.155,1,0.773,0.022,0.754,0.348,0.984,0.714,1,0.839,0.71,0.475,0.578,0.729,1,0.902,0.155,0.464,0.928,0.586,0.135,1,0.474,0.945,1,0.717,0.975,0.883,0.506,0.901,0.997,0.998,0.023,0.518,0.13,0.869,0.994,0.962,0.992,0.942,0.645,0.339,0.985,1
0.984,0.996,0.001,0.96,0.849,0.404,0.925,0.435,1,0.161,0.995,0.125,0.983,0.183,0.488,0.926,0.751,0.469,0.512,0.987,0.842,0.649,0.019,0.4,0.244,1,0.089,0.49,0,0.319,1,0.064,0.939,1,1,1,0.999,1,0.193,0.283,0.949,1,0.81,0.928,0.998,0.784,1,0.853,0.637,0.013,0.978,0.407,0.088,0.005,0.626,0.593,1,0.232,0.959,0.075,0.027,0.084,1,0.998,0.092,0.973,0.947,0.371,0.194,0.187,0.14,0.706,0.918,1,1,0.374,0.693,0.4,0.337,0.652,0.003,0.999,0.305,1,0.913,0.007,0.584,0.45,0.957,0.328,0.958,1,0,0.154,0.142,0.849,0.989,0.065,0,0.013,0.98,0.518,0,0.974,0.021,0.211,1,0.906,0.553,0.986,0.996,0.252,0.735,0.441,1,0.973,0.281,0.145,1,0.14,0.583,0.035,0.005,0.648,0.002,0.978,0.199,0.939,0.742,0.972,0.985,0.996,0.34,0.981,0.203,0.494,0.748,0.898,0,0.632,0.933,0.037,1,0.56,0.048,0.947,1,0.222,0.5,0.981,0.004,0.861,0.968,0.987,0.504,1,0.045,0.979,0.892,0.992,0.47,0.852,1,0.988,0.819,0.91,0.612,0.991,0.997,1,0.356,0.699,0.497,0.931,0.88,0.995,0.464,0.757,0.96,0.976,1,0.981,0.057,1,0.841,0.656,0.755,0.965,0.548,0.647,1,0.947,0.956,0.619,0.88,0.997,0.943,0.456,0.282,0.48,0.901,0.388,0.797,0.206,0.271,0.951,0.817,0.684,0.334,1,0.186,0.836,1,0.713,0.96,0.841,0,0.984,0.055,0.009,0.685,0.211,0.185,0.92,0.627,0.513,0.007,0.892,0.012,0.009,0.321,0.979,0.01,0.835,0.907,0.283,0.199,0.962,0.99,0.972,0.816,0.078,0.801,1,0,0.478,1,0.531,0.876,1,0.894,0.714,0.621,0.608,0.36,0.16,0.677,0.478,0.16,1,0.626,0.998,0.883,0.65,0.296,0.784,0.888,0.999,1,0.133,0.179,0,0.873,1,0.962,0.476,0.286,0.913,0.982
0.45,1,0.013,1,0.922,0.653,0.003,0.177,0.006,0.497,0.679,0.302,0.3,1,0.769,0.673,0.91,1,0.515,0.338,0.952,0.217,0.721,1,0.19,0,0.012,0.021,1,0.868,0.997,0.823,0.598,0.966,1,0.002,0.805,1,0.431,0.384,0.096,0.333,0.038,0.142,1,0.731,0.509,1,0.662,0.024,0.677,0.699,0.277,0.002,0.944,0.318,0.043,0.34,0.309,0.832,0.972,0,0,0.001,0.997,0.431,0.012,0.977,0.424,0.497,0.346,0.528,0.999,0.09,1,0.695,0.391,0.253,0.596,0.755,0.733,0.988,0.746,0.865,0.059,0.007,0.999,0.299,1,0.917,1,0.067,0.074,0.283,0.951,0.238,0.723,0.984,0.949,0.712,0.709,1,1,0.022,0.697,0.523,0.999,0.009,0.959,1,0.894,0.978,0.904,0.397,1,0.396,0.002,0.961,0,0.257,0.966,0.998,0.96,0.249,0.46,0.158,0.648,0.632,0.688,0.96,1,0.952,0.467,1,1,0.996,0.068,0.899,1,0.431,0.092,0,0.997,0.714,0.202,0.979,0.048,1,0.979,1,0.631,1,1,0.599,0.989,0.667,1,1,0.747,0.986,0.863,0.99,0.004,1,0.96,0.971,0,0.663,0.028,0.814,0.721,0.597,0.926,0.517,0.893,0.997,0.328,0.379,1,0.122,0.807,1,0.332,0.917,0.955,0.46,1,0.781,0.003,0.935,0.784,0.06,0.978,0.08,0.974,1,0.792,0.374,0.052,0.638,0.904,0.435,0.43,0.996,0.706,0.076,1,0.419,0.981,0.998,0.974,1,1,0.507,0.994,0.146,0.188,0.581,0.86,0.583,0.756,0.032,0.692,1,0.655,0.303,0.999,0.992,0.038,0.758,0.052,1,1,0,0.836,0.458,0.956,0.745,0.098,0.965,0.956,0.027,0.918,0.999,0.509,0.713,0.999,0.486,0.326,1,0.969,0.929,0.415,0.966,0.993,1,0.042,0.506,0.262,0,0.487,1,1,0.344,0.938,0.846,0.848,1,0.476,1,0.342,0.585,0.012,1,0.785,0.807,0.04,0.729,0.99
0.999,0.002,0.771,0.628,0.496,1,0.646,0.109,0.829,0.741,0.279,0.256,0.296,0.999,0.299,0.609,0.807,0.598,0.3,0.161,0.395,0.073,0.984,0.37,0.436,0.983,0.009,1,0.003,0.833,1,0.963,0.961,0.096,0.077,0.886,0.027,0.993,0.199,0.714,0.871,1,0.345,0.606,1,0.625,1,0.937,0.355,0.755,0.795,0.737,0.941,0,0.552,0.769,0.028,0.985,0.754,0.924,0.958,0.035,1,0.849,0.003,0.888,0.959,0.896,0.933,0.999,0.381,1,0.478,0.349,1,1,0.693,0.64,1,0.95,0.888,0.681,0.618,0.735,0.022,0.001,0.763,0.144,0.26,0.629,0.31,0.999,0.77,0.991,0.741,0.005,0.664,1,0.756,1,0.048,1,0.001,0,0.743,0.868,0,0.394,0.498,0.229,0.991,0.999,0.477,0.647,1,0.266,1,0.313,0,0.112,0.283,0.938,1,0.5,0.872,1,0.997,0.785,0.668,0.001,1,0.983,0.87,0.94,0.87,0.777,0.833,0.347,1,0.602,0.77,0,0.619,0.388,1,0.975,1,0.932,0.456,0.996,0.047,1,0.643,0.033,0.915,0.014,0.127,0.879,0.997,0.818,0.657,0.963,0.129,0.896,0.998,0.957,1,0.982,0.788,1,0.998,0.411,1,0.86,1,0.853,0.234,0.224,0.589,0.193,0.884,0.138,0.931,0.988,1,0.189,0.13,0.742,0.239,0.989,0.064,0.832,0.904,0.629,0.209,1,0.319,0.22,0.182,0.608,1,0.521,0.997,0.959,0.551,0.486,1,0.069,0.025,1,0.98,1,0.339,0.31,1,1,0.595,1,0.998,0.713,1,0.321,0.341,0.98,0.528,0.41,0.608,0.586,0.416,0.993,0.005,1,0.998,1,0.309,0.382,0.237,0.199,0,0.41,0.461,1,0.942,1,0.871,0.795,0.962,0.551,0.344,0.996,0.969,0.588,0.517,0.824,0.698,0.065,0.895,0.327,0.493,0.979,0.565,1,0.94,0.551,0.744,0.668,0.054,0.515,0.4,0.677,0.669,1,0.006,1,0.974,0.97,0.762,0.42,0.999
0.922,0.927,0,0.615,0.999,0.977,0.973,0.918,0.999,1,1,0.969,0.874,0.999,0.78,0.326,0.011,0.894,0.371,0.167,0.701,0.447,1,1,1,0,1,0.991,0,0.747,0.871,1,0.998,0.185,0.102,0.99,0.044,0.955,0.921,0.812,0.015,0.019,0.856,0.86,0.011,0.439,1,0.997,0.993,0.015,0.877,0.521,1,1,0.648,0.951,0.899,0.394,0.944,0.05,0.821,0.242,1,0.984,0.756,0.387,0.018,0.061,0.82,0.459,1,0.278,0.98,0.992,0.985,0.953,0.841,0.432,0.789,0.187,0.999,0.625,0.58,0.004,0.992,0.009,0.64,0.833,0.122,0.682,0.984,1,0.021,0.967,0.001,0.191,0.988,1,1,0.63,0.117,0.025,0.997,0.923,0.839,0.948,1,0.498,1,1,0.999,0.999,0.562,0.835,1,0.563,0.937,0.933,1,0.996,0.057,1,1,0.943,0.999,0.975,0.619,0.831,0.62,1,0.992,0.785,0.924,0.712,0.727,0.559,0.892,0.493,0.773,0.542,0.401,1,0.121,0.621,0.553,0.729,0.943,0.949,0.352,0.998,0.904,0.017,0.847,0.999,0.977,0.481,1,0.479,0.315,0.378,0.441,0.996,0.439,1,0.896,0.939,0.595,1,0.376,0.262,0.682,0.658,0.994,0.749,0.801,0.423,0,0.031,1,1,0.015,0.891,0.274,0.98,0.891,0.438,0.731,0.071,0.992,0.722,0.836,0.727,0.2,0.487,0.998,0.99,0.857,0.125,0.998,0.069,1,0.527,0.845,0.295,0.958,0.717,0.959,0.975,0.935,0.334,0.662,0.002,1,0.296,1,0.454,1,0.621,0.321,0.015,1,0.64,0.316,0.758,0.991,0.945,0.974,0.516,0.205,0.913,0.175,0.995,0.408,0.92,0.71,0.591,0.942,0.811,0.265,1,0.594,1,0.448,0.907,0.99,0.28,1,0.64,0.271,1,0.981,0.738,0.512,0.052,0.341,0.001,0.996,0.593,0.131,0.899,0.626,0.998,0.437,0.514,0.982,0.995,0.322,1,1,0.804,1,0,1,1,0.996,0.998,0.119,0.77,1
1,0.956,0.001,0.509,0.616,0.866,0.917,0.984,1,0.986,0.14,0.957,0.491,0.772,0.42,0.943,0.898,0.038,0.859,0.816,1,0.606,0.004,0.822,0.848,1,0.395,0.189,0.261,0.928,0.928,1,0.258,0.504,0.959,0.315,0.945,0.889,1,0.991,0.007,0.065,0.342,0.489,0.419,0.81,1,1,0.378,0.076,1,0.276,0.412,1,0.974,0.844,0.076,0.639,0.859,0.753,0,0.001,1,0.952,0.952,0.001,0.914,0.614,0.421,0.388,0.718,0.799,0.418,0,1,0.685,0.35,0.764,1,0.976,0.018,0.58,0.213,1,0.719,0.082,0.743,0.049,1,0.976,0.635,0.569,0.984,0.908,0.229,0.953,0.858,0.908,0,0.086,0.998,0.97,1,0.856,0.962,0.066,0.993,0.107,0.911,0.096,0.314,0.022,0.934,0.781,1,0.336,1,0.066,0.012,0.529,0.95,0.143,0.989,0.538,0.729,1,0.092,0.316,0.668,0.302,1,0.611,0.892,1,1,0.115,0.501,0.811,0.994,0.784,0.492,0,0,0.846,0.942,0.989,0.7,0.751,0.958,0.049,0.821,1,0.041,0.082,1,0.999,0.008,1,0.196,0.763,0.598,1,0.57,0.992,0.895,0.497,0.036,1,0.109,0.497,0.943,0.468,0.474,0.874,0.062,1,0.996,0.778,0.726,0.968,0.04,0.827,0.28,0.932,1,0.155,0,0.569,1,0.644,0.226,0.34,0.934,0.949,0.999,1,0.325,0.426,1,0.995,0.046,0.382,0.617,0.988,0.973,0.959,0.925,0.831,1,0,0.947,1,1,0.99,0.951,0.71,1,0.305,0.767,0.879,0.5,0.781,0.945,0.962,0.431,0.774,0.988,1,0.009,0.007,1,0.683,0.001,1,0.588,0.348,1,0.981,1,0.198,0.984,0.914,0.724,0.702,0.715,0.418,0.01,0.359,1,0.016,0.884,0.866,0.633,0.274,0.689,0.763,0.639,0.391,0.643,0.796,1,0,0.969,0.473,0.261,0.802,0.342,1,0.995,0.462,0.101,0.298,0.946,0.157,0.254,0.357,0.382,0.942,0.033
0.997,0.907,0.734,0.354,0.241,0.042,0.759,1,0.999,0.98,1,0.362,0.275,1,0.872,0.173,0.047,0.341,0.332,0.05,0.113,0.466,0.731,0.725,0.967,1,0.867,0.442,1,0.812,0.302,0.959,1,0.719,0.114,0,0.963,1,0.57,0.736,0.036,0.002,1,0.974,1,0.642,1,0.585,0.516,0.06,0.236,0.809,0.005,0.242,0.282,0.767,0.925,0.661,0.543,0.996,0.644,0.236,0.448,0.999,0.006,0.39,0.704,0.989,0.731,0.71,0.552,0.655,0.997,0,1,0.969,0.551,0.21,0.133,0.465,0.149,0.375,0.624,0.002,0.946,0.891,0.902,1,0.928,0.378,0.062,0,0.78,0.398,0.055,0.713,0.995,0.272,0.999,0.415,1,0.584,1,0.038,0.894,1,0.017,0.937,0.805,0.055,0.091,0.987,0.43,0.756,1,0.323,0.418,1,0.971,0.75,0.832,0.91,0.924,0.361,0.782,0.576,0.561,0.98,0.842,0.833,0.244,0.982,0.987,0.912,0.613,0.318,0.176,0.979,1,0.554,0.009,0.001,1,0.185,0.681,0.781,0.641,1,0.198,0.025,0.988,0.797,0.75,0.998,0.963,1,0.984,0.944,0.943,0.89,0.747,0.002,0.301,0.912,0.614,1,0.102,0.154,0.01,1,0.603,0.9,0.621,0.127,0.988,0.999,0.268,0.929,0.804,0.951,0.636,0.905,0.224,0.02,0.973,1,0.689,0.977,0,1,1,0.578,1,0.129,1,0.986,0.008,0.992,0.007,0.222,0.077,0.502,0.794,0.989,0.129,0.487,0.967,1,1,0.027,0.069,0.24,0.267,0.385,0.892,0.983,0.94,0.933,0.117,0.722,0.985,1,0.266,0.872,0.105,0.857,0.933,0.582,0.259,0.672,0.901,0.994,1,0.834,0.537,0.544,0.855,0.577,0.961,1,0.478,0.863,0.727,0.002,0.807,0.978,0.799,0.44,0.813,1,1,0.532,0.711,0.006,0.992,0.611,1,0.285,0.315,1,0.942,0,0.991,0.239,0.642,0.712,0.998,0.259,0.01,0.382,0.103,0.001,1,0.781,0.629,0.926,0.056,0.417,0.075
0.368,0.823,0.024,1,0.996,0.996,0.7,0.185,0.996,1,1,0.156,0.392,0.982,0.632,0.151,0.049,0,0.398,0.015,0.77,0.582,0.992,0.959,0.963,1,0.016,1,0.003,1,0.714,0.223,0.011,0.744,1,1,0.974,0.967,0.652,0.65,0.664,0,1,0.816,0.013,0.127,1,0.952,0.444,0.359,0.019,1,0.822,1,0.846,1,0.386,0.662,0.707,0,0.753,0.508,1,0.903,0.22,0.872,0.146,0.69,0.101,0.209,0.286,1,0.984,0.76,1,0,0.81,0.718,0.994,0.958,0.009,0.811,0.528,1,0.014,0.567,0.591,0.214,0.98,0.508,0.368,1,0.995,0.999,1,0.999,0.282,0.683,0.254,0.724,0.97,1,0.968,0.399,0.995,0.828,1,0.906,0.927,0.518,0.008,0.696,1,0.799,1,0.603,0.81,0.387,0.022,0.547,0.261,1,0.559,0.756,1,0.913,0.137,0.717,0.988,0.054,0.992,0.079,0.118,0.781,0.996,0.713,0.97,0.574,1,0.552,0.947,0,0.545,1,0.474,0.037,0.064,0.847,0.718,0.596,0.872,0.907,1,0.868,0.769,1,0.948,0.999,0.276,0.849,0.665,0.133,0.952,0.767,0.04,0.999,0.989,1,0.238,0.002,0.372,0.472,0.635,1,0.719,1,0.237,0.147,0.993,0.905,0.012,0.647,0.664,0.996,0.999,0.705,0.018,0.764,1,0.275,0.499,0.99,0.737,0.31,0.379,1,0.454,0.632,0.987,0.158,0.003,0.556,0.911,0.841,1,0.962,0.73,1,1,1,0.923,1,0.996,0.986,1,0.982,0.999,0.424,0.73,0.943,0.991,0.05,0.883,1,0.722,0.708,0.298,0.482,1,0.03,0.208,1,0.268,0.002,0.992,0.133,0.901,0.663,0.956,0.911,0.478,0.12,0.255,1,0.937,0.892,1,0.593,0.539,0,0.233,1,0.49,0.148,0.318,0.203,0.774,0.252,0.688,1,0.714,0.902,1,0.926,0.983,0.644,0.923,0.056,0.868,0.129,0.685,1,0.96,0.996,0.992,0.503,0.068,0.709,0.935
0.531,0.979,0.995,0.991,1,0.727,0.028,0.531,1,0.722,0.405,0.781,0.288,1,0.311,0.572,0.999,0.999,0.595,0.03,0.819,0.268,0.561,0.957,0.594,0.058,0.898,0.902,1,0.618,0.863,0.993,0.998,0.959,0.977,0.942,1,1,1,0.751,0.98,0.977,0.954,0.275,0.996,0.886,1,0.163,0.542,1,0.478,0.979,1,1,0.47,0.874,0.894,0.972,0.903,0.254,0.798,1,1,1,1,1,0.031,0.022,0.941,0.955,0.989,0.789,0.665,0.006,0,0.273,0.997,0.968,0.988,0.588,1,0.408,0.643,0.021,0.87,0.289,1,0.57,0.999,0.929,0.787,0.999,0.013,0.624,1,0.896,0.353,0.257,0.144,0.863,1,0.325,1,0.845,1,1,1,1,0.745,0.632,0.137,0.166,0.881,0.474,1,0.385,0.889,0.059,1,0.573,0.035,0.982,1,0.671,0.925,0.953,1,0.555,0.663,0.998,0.999,0.604,0.972,0.498,0.749,0.74,0.788,0.042,0.993,0.8,0.998,1,0.992,0.218,0.008,0.393,0.977,0.85,0.986,0.907,0.512,0.064,0.999,0.244,0.217,1,0.004,0.988,0.411,0.572,0.749,0.327,0.999,1,0.153,0.982,0.585,0.508,0.835,0.777,1,0.397,0.529,0.171,0.927,0.926,0.599,0.147,0.52,0.998,0.998,0.629,0.137,0.872,0.031,0.112,0.871,1,1,0.946,1,0.985,1,0.615,1,0.424,1,0.958,0.006,0.6,0,0.595,0.544,0.867,1,0.79,0.891,0.175,0.978,0.016,0.943,1,0.891,0.725,1,0.826,1,0.997,0.578,0.992,1,1,0.528,1,0.435,0.963,0.019,0.993,0.522,0.983,0.853,0.166,0.005,1,0.706,0.488,0.999,1,0.952,0.936,0.59,0.918,0.998,1,1,0.654,0.795,0.591,1,1,0.396,0.996,0.532,0.106,0.474,0.557,0.797,0.63,0.794,1,0.212,1,0.999,0.333,0.866,0.701,0.984,0.752,0.873,0.657,0.13,0.008,1,1,0.982,0.61,0.579,0.988,0.763
1,1,0.808,0.144,0.023,0.062,0.996,0.209,0.017,0.982,0.449,0.512,1,0,0.371,0.706,1,1,0.401,0.94,0.999,0.474,0.907,0.544,0.741,1,0.513,0.34,0.036,0.999,0.837,0.08,1,0.972,0.039,0.768,0.712,1,0.646,1,0.884,0,0.712,0.529,0.317,0.851,0.993,1,0.985,0.581,0.94,0.996,0.8,1,0.685,0.994,0.012,0.528,0.181,0.923,0.686,0.708,1,0.722,0.488,1,0.995,0.957,0.864,0.943,0.78,0.997,0.999,1,0.998,1,0.766,0.883,0.232,0.998,0.146,0.937,0.826,0.961,0.084,0.416,0.379,0.355,0.827,0.994,0.847,1,0.878,0.664,0.658,0.728,0.965,0.993,1,0.919,0.958,1,0.012,0.01,0.862,0.979,0,0.664,0.986,1,0.999,0.925,0.239,0.735,1,0.888,1,0.022,1,0.467,1,0.973,0.843,0.215,1,1,0.882,0.988,1,1,0.995,0.39,0.86,0.836,0.643,0.964,0.685,0.895,0.821,0.941,0.965,1,1,0.443,1,0.104,0.009,0.732,0.891,0.374,0.881,1,1,0.789,1,0,1,0.13,0.105,1,0.195,1,0.84,0.058,0.855,0.321,0.492,0.987,1,0.968,0.278,0.453,0.417,0.297,1,0.052,0.731,0.68,0.919,0.8,0.915,0.859,0.658,0.998,0.99,1,0.003,0.266,0.984,0.953,0.999,1,0.945,0.83,1,1,0.11,0.97,0.011,0.998,1,0.442,0.512,0.001,0.361,0.939,0.793,0.988,0.977,1,0.772,1,1,0.381,0.022,0.869,0.002,0.72,0.979,0.768,0.003,1,0.647,0.964,0.765,0.805,1,0.407,1,0.42,0.997,1,1,0.999,0.186,0.414,0.456,0.919,0.981,0.424,0.69,0.826,0.786,1,0.021,0.672,0,0.549,0.832,0.003,0.661,0.844,0.494,0.999,0.929,0.998,0.342,0.473,0.653,1,0.675,1,0,0.602,0.187,0.98,1,1,0.3,0.947,0.818,0,0.392,0.666,0.882,0.352,0.631,0.182,0.274
0.939,0.001,0.804,0.372,0.779,0.413,0.84,1,1,0.947,0.236,0.058,1,0,0.741,0.664,0.482,1,0.873,0.056,1,0.556,0.86,0.768,0.755,1,0.212,0.339,1,0.986,1,0.571,0.206,0.367,0.894,0.301,0.975,0.005,0.999,0.588,0.882,0,1,0.946,0.002,0.175,0.999,1,0.976,0.005,0.154,0.266,0.259,0.002,0.185,1,0.116,0.573,0.791,0.147,0,1,0.905,0.704,1,0.035,1,1,1,0.807,0.748,0.295,0.004,1,1,1,0.745,0.724,0.862,0.202,0.568,0.349,0.221,0.998,0.94,0.004,0.647,0.149,0.666,0.867,0.001,1,0.928,0.349,0.395,0.982,0.75,0.79,0.924,0.324,0.686,0.371,1,1,1,0.867,0.839,0.547,0.477,0.741,0.01,1,0.986,0.886,1,0.503,0.106,0.358,0.912,0.545,0.6,0.999,0.9,0.199,0.178,0.664,0.736,0.434,0.319,0.963,0.032,0.852,0.193,0.818,0.996,0.694,1,0.165,0.169,0.549,0.927,1,0.996,0.397,0.087,0.002,0.139,0.548,0.061,1,0.996,0.356,0.614,0.352,0.86,0.087,0,0.873,0.932,0.793,0.621,0.969,0.982,1,0.016,0.759,0.111,1,0.999,0,0.69,0.727,0.353,0.975,0.725,0.528,0.884,0.102,0.713,0.85,0.971,1,0.474,0.002,0.973,0.889,0,1,0.977,0.781,0.968,0.998,0.871,0.999,0.385,0.001,0.95,0.898,1,0.366,0.012,0.522,0.899,0.16,0.56,1,0.333,0.29,0.987,0.909,1,0.922,0.082,0.996,1,0.974,0.541,0.571,0.342,0.01,0.983,0.011,0.824,0.192,0.712,0.998,0.906,0.906,0.555,0.008,0.243,0.902,0.002,1,0.097,0.612,0.967,0.24,0.052,1,0.319,0.643,0.579,0.277,0.111,0.528,1,0.697,0.04,0.996,0.766,0.984,0.529,0.182,0.941,0.763,0.994,0.486,0.689,1,0.313,0,1,0.292,0.692,0.156,1,1,0.93,0.769,0.784,0,0.975,0.219,0.47,0.685,0.998,0.93,0.43
0.769,1,0.005,1,0.059,0.866,0.026,0.982,0.614,0.995,0.977,0.545,0,0.906,0.52,0.983,0.999,0.316,0.654,0.026,0.68,0.94,0.964,0.194,0.081,1,0.036,0.004,0.45,0.079,0.997,0.064,0.532,0.739,0.909,0.012,0.004,1,0.489,0.998,0.554,0.98,0.012,0.218,0,0.829,0.882,0.812,0.547,0.672,0.978,0.635,0.988,0.999,0.546,0.414,0.632,0.856,0.61,0.429,0.512,0.013,1,1,0.982,0.913,0.989,0.197,0.491,0.39,0.873,0.97,0.034,0.018,1,0.999,0.769,0.075,1,1,0.455,0.528,0.516,1,0.032,0,0.51,0.862,0.99,1,0.999,0,0.729,0.581,0,0.879,0.828,0.881,0,0.006,1,0.041,0.998,0.917,1,0.98,0.024,0.099,0.252,0.014,1,0.998,0.384,0.741,1,0.534,0.016,0.916,0.222,0.749,0.836,0.057,0.726,0.179,0.007,0.976,0.848,0.607,0.884,0.057,0,0.607,1,1,0.627,0.796,0.782,0.47,0.155,0.642,0.934,0,0.918,0.154,0.782,0.943,0.894,0.916,0.877,0.513,0.28,0.578,0.882,1,1,0.004,0.996,0.894,0.33,0.19,0.737,0.106,0.16,0.025,1,0.987,0.834,0.999,0.113,0.401,0.728,0.815,0.453,0.52,0.298,0.634,0.011,0.951,0.038,0.77,0.881,0.231,0.999,0.002,0.853,0.792,0.131,0.835,0.195,1,0.326,1,0.148,0.165,0.993,0.226,0.999,0.649,0.589,0.905,1,0.371,0.726,0.001,0.325,0.866,0.128,0.311,0.949,1,0.291,0.842,0,0.499,1,0.998,0.997,0.968,0.831,0.44,0.191,0.946,0.707,0.919,0.998,0.069,0.514,1,1,0.24,0.024,0.996,1,0.996,0.304,0.596,0.008,1,0.619,0.942,0.87,0.137,0.467,0.916,1,0.633,1,0.688,0.888,1,0.849,0.16,0.472,0.938,0.555,0.004,0.808,0.473,0.631,1,0.973,1,0.346,0.678,0.535,1,1,1,1,0.338,0.021,0.765,0.072,1,0.503,0.515,0.631,0.967,1
0.327,1,0.498,0.672,0.273,0.549,0.943,0.989,1,1,0.084,0.255,0.812,0,0.526,1,0.092,0.932,0.53,0.118,0.007,0.111,0.992,0.077,0.091,1,1,0.533,0.983,0.581,0.979,0.961,0.031,1,1,0.822,0.754,1,0.847,0.233,1,1,0.538,0.146,1,0.426,1,0.42,0.609,0.128,0.575,0.07,0.623,0.987,0.353,0.519,0.696,0.027,0.128,1,0.001,0.011,0.018,0.085,0.926,1,0.001,1,0.546,0.552,0.234,0.8,0.971,0.993,0.971,0.011,0.579,0.742,0.812,0.105,0.701,0.648,0.987,0.018,1,0.069,0.378,0.986,0.027,0.24,1,0.576,0.002,0.454,0.352,0.881,0.443,0.8,0.543,0.995,0.612,0.685,0.937,0.699,0.967,1,1,0.598,0.463,0.053,0.029,0.993,0.55,0.542,1,0.397,0.814,0.73,1,0.498,0.579,0.31,0.78,0.731,0.673,0.568,0.69,0.304,0.977,0.093,0.832,0.316,0.897,0.88,0.978,0.97,0.401,0.125,0.831,0.642,0.058,1,1,0.737,0.943,1,0.913,0.289,0.431,1,0.404,1,1,0.119,0.755,1,0.996,1,0.869,0.795,0.619,0.981,1,0.017,0.034,1,0.22,0.923,0.889,0,0.765,0.559,0.945,0.506,0.674,0.697,1,0.991,0.36,0.873,0.016,0.674,1,0,0.95,0.914,0.321,1,0.808,0.85,0.527,0.996,1,0.121,0.945,1,0.879,0.21,0.809,0.245,0.99,0.409,0.879,0.378,0.115,0.998,0.932,0.742,0.716,0.208,0.815,1,1,0.569,0.001,0.196,0.905,1,1,0.447,0.903,0.228,0.541,0.257,0.225,0.95,0.364,0.502,1,1,0.688,0.008,0.483,0.951,0.263,0.404,0.723,0.467,0.196,0.843,0.593,0.841,0.283,1,0.25,0.544,0,0.45,1,0.012,0.8,0.731,0.461,0.997,0.594,0.008,0.061,0.517,0.389,1,0.813,0.972,0.831,0.981,0.843,0.837,0.494,0.638,0.999,0.789,0.939,0,0.999,0.998,0.818,0.314,0.112,0.762,0.797
0.984,0.003,1,0.255,0.01,0.419,1,0.923,0.844,0.146,0.111,0.053,0.551,0.996,0.302,0.608,0.289,0.712,0.998,0.74,0.993,0.713,1,0.51,0.727,1,0.742,0.477,1,0.269,0.999,0.8,1,0.797,1,0.995,0.02,0.998,0.877,0.595,0.899,0.997,0.361,0.21,1,0.885,1,0.651,0.82,0.887,0.168,0.949,0.984,0.973,1,0.897,0.037,0.196,0.76,0.025,1,0.676,1,0.235,0.177,1,0.012,0.423,0.715,0.637,0.723,0.973,1,0.999,0.969,1,0.584,0.956,0.95,0.974,0.166,0.684,0.549,1,0.989,0.031,0.968,0.112,0.769,0.901,0.099,0.983,1,0.784,0,1,0.547,0.703,1,0.001,0.054,0.113,0.002,0.005,0.621,0.933,0.989,0.944,0.532,1,0.68,1,0.91,0.724,0.998,0.401,0.721,1,0.998,0.049,0.007,0.872,0.117,0.496,0.02,0.053,0.97,0.462,0.674,0.433,1,0.605,1,0.967,0.39,0.18,0.998,1,0.379,0.758,0.343,0.964,0.016,0.498,0.659,0.236,0.997,1,0.331,0.985,0.417,0.026,0.901,0.899,0.507,0.006,1,1,0.55,0.726,0.995,0.962,0.76,0.003,0.256,1,0.534,0.291,0.799,1,0.822,0.478,0.355,0.583,0.997,0.873,0.16,0.979,0.99,0.384,0.494,1,0.942,1,0.061,0.743,1,0.671,0.412,0.349,0.015,0.695,0.998,0.12,0.03,0.999,1,0.745,0.319,0.287,0.411,0.483,0.195,0.759,0.793,0.135,0.117,0.787,0.998,0,0.59,0.977,0.34,0.781,0.706,0.994,1,0.192,0.048,0.15,0.989,0.884,0.662,0.538,0.12,0.757,1,0.327,0.003,0.152,0.007,0.698,1,0.953,0.835,0.61,0.858,0.834,0.365,0.416,0.951,0.989,0.383,1,0.996,0.341,1,0.309,0.033,1,0.256,1,0.372,0.516,0.621,0.179,0.827,0.408,0.272,0,0.666,0.004,0.006,0.558,0.794,0.356,1,0.714,0.99,0.703,0.351,0.834,1,0.998,0.578,0.366,0.081,0.471,0.946
0.87,0.991,0.908,0.525,0.218,0.728,0.766,0.961,0.911,0.898,0.005,0.184,0.847,1,0.977,0.656,0.916,0,0.482,1,0.578,0.541,0.814,0.491,0.976,1,0.691,0.002,0,0.218,0.891,0.335,1,0.669,1,1,0.833,1,0.919,0.73,0.705,0.957,0.984,0.505,0,0.016,1,0.995,0.729,0.738,0.022,0.969,1,1,0.884,0.071,0.866,0.072,0.809,0.45,0,0.793,0.959,1,0.456,0.957,0.521,0.787,0.994,0.261,0.294,0.834,0.94,0.996,1,0.994,0.874,0.997,0.969,0.885,0.329,0.998,0.298,0.935,0.891,0.655,0.544,0.326,0.462,0.999,0.152,1,0.893,0.8,1,0.002,0.832,0.41,0.005,0.349,0.19,0.374,0.768,1,0.992,0.447,1,0.949,0.366,1,0.623,0.639,0.342,0.838,1,0.247,0.183,0.703,0.903,0.386,1,0.855,1,0.493,1,1,0.849,0.643,0.911,1,0.975,0.967,0.83,0.917,0.84,0.999,0.864,0.082,0.212,0.984,0.803,0.093,0.184,0.932,0.549,1,1,0.826,0.973,0.738,0.998,0.226,0.061,0.789,1,0.999,1,0.935,0.969,0.942,0.216,0.564,0.999,1,0.999,0.004,0.79,1,1,0.61,0.647,0.419,0.759,1,0.797,0.156,0.005,0.305,0.337,0.997,0.99,0.995,0.017,1,1,0.974,0.973,0.944,0.622,0.689,0.44,0.382,0.998,0.31,0.979,0,0.011,0.256,0.979,0.335,0.989,0.694,0.529,1,0.806,1,0.133,0.126,1,0,0.952,0.001,1,0.504,0.185,0.509,0.018,0.027,0.276,0.476,0.037,0.001,1,0.697,0.663,0.384,0.974,0.113,1,0.996,0.016,0.828,0.001,0.008,0.948,0.207,0.925,0.962,1,0.689,0.791,0.829,0.137,0.999,0.999,0.446,1,0.861,1,1,0.912,0.544,0.473,0.908,0.545,0.094,0.469,0.413,0.161,1,0.997,0.003,0.995,0.455,1,0.882,0.808,1,0.104,0.448,1,0.975,0.807,0.704,0.975,0.708,0.986,0.922,0.545
0.94,0.02,0.036,0.693,0.961,0.701,1,0.699,1,1,1,0.685,0.998,0.602,0.647,0.982,0.203,1,0.646,1,0.762,0.364,0.859,1,0.207,1,0.615,0.934,0.168,0.715,0.225,0.842,0.517,0.996,1,0.276,0.216,0.361,0.95,0.623,0.845,0.904,0.999,0.407,0,0.344,1,1,0.079,0.341,0.707,0.773,0.998,1,0.228,0.778,0.869,0.901,0.018,0.95,0.499,0.003,1,0.946,0.977,0.826,1,0.975,0.559,0.295,0.39,0.871,0.16,0.002,0.003,0.336,0.788,0.289,1,1,0.011,0.991,0.535,0.966,0.053,0.046,0.364,0.088,0.805,0.949,0,0,0.627,0.535,0.73,0.989,0.915,0.991,0.009,0.084,0.843,0.391,0,0.203,0.072,0.058,0.853,0.019,0.823,1,0.436,0.718,0.148,0.901,1,0.691,1,0.844,0.009,0.091,0.059,0.794,0.478,0.286,0.87,0.993,0.313,0.399,0.76,0.006,1,0.977,0.342,0.997,0.524,0.697,0.963,0.999,1,0.647,0.591,0,0.984,0.179,1,0.889,0.895,1,0.178,0.115,0.8,0.922,0.066,0.956,0.506,0.608,0.99,0.654,0.343,0.042,0.353,0.996,0.564,0.858,1,0.995,0.895,0.062,0.986,1,0.134,0.557,0.409,0.786,1,0.892,0.119,0.119,0.042,0.344,1,1,0.626,1,1,0.205,0.993,0.852,0.698,0.996,0.519,0.09,0.415,0.256,0.021,0.703,0.998,0.147,1,0.073,0.005,0.516,1,0.967,0.42,1,1,0.373,0.002,0.899,1,1,0.903,0.144,0.015,0.951,0.809,0.999,0.464,0.959,1,0.12,0.771,0.259,0.611,0.943,0.996,0.864,0.529,0.009,0.998,1,0.595,1,0.876,0.483,0.981,0.508,0,0.884,0.663,1,0.428,1,0.783,0.445,1,0.94,0.441,0.015,0.86,0.86,0.565,0.126,0.537,0.01,0.338,0.278,0.838,0.098,0.914,1,0.003,0.601,0.931,0.733,1,0.938,0.994,0.968,0.996,0.056,0.718,0.993,0.155,0.718,0.963,0.682,0.965
0.252,0.915,0.658,0.219,0.309,0.028,0.081,0.501,1,0.661,0.346,0.389,0.922,1,0.943,0.828,0.624,0.984,0.751,1,0.823,0.545,0.996,0.284,0.142,1,0.596,0.888,1,0.916,0.964,0.486,0.153,0.632,0.325,0.024,0.409,1,1,0.782,0.411,0.025,0.007,0.489,0,0.626,1,0.172,0.765,0.99,0.817,0.923,0.294,0.972,0.96,0.914,1,0.775,0.836,0.371,0.001,0.66,1,0.216,0.011,0.677,0.089,0.999,0.672,0.99,0.28,0.998,0.654,0.306,0.006,1,0.693,0.199,0.289,0.996,0.779,0.557,0.218,0.986,0.401,0.744,0.211,0.005,0.036,1,0.56,1,0.004,0.345,0.05,0.013,0.511,0.826,0,0.012,0.388,0.474,0.029,0.986,0.929,0.999,0.992,0.883,0.21,0.708,0.008,0.964,0.343,0.999,0.004,0.297,0.453,0.611,0.014,0.414,0.827,0.997,0.515,0.416,0.973,1,0.216,0.628,0.641,0.02,0.014,0.461,1,0.131,1,0.233,1,0.595,0.59,0.543,0.006,0.005,0.936,0.931,1,0.002,0.946,0.534,1,0.854,0.914,0.201,0.912,0.614,0.98,0.01,1,0.763,0.838,0.933,0.282,0.991,0.996,0.992,0.047,1,0.07,0.921,0.678,0.076,0.568,0.706,0.794,0.084,0.869,0.689,0.629,1,0.175,0.903,0.026,0.94,0.412,0.948,0.846,0.192,0.766,0.88,0.992,0.998,0.416,0.974,0.623,0.266,0.012,1,0.012,0.563,0.003,0.875,0,0.429,0.184,0.887,0.993,0.914,0.624,0.996,0.19,0.153,0.712,0.814,0.988,0.82,0.981,0.96,0.995,0.556,0.826,0.355,0.508,1,0.963,0.731,0.997,0.999,0.973,0.683,0.004,0.001,0.558,1,0.457,0.001,0.829,0.756,0.006,0.996,0.005,0.996,0.531,0.627,0.274,0.841,0.66,0.622,1,0.221,0.545,1,0.717,0.626,0.63,0.671,0.68,0.996,0.404,0.825,1,1,0.809,1,0,0.71,0.994,0.697,0.133,0.008,0.318,0.509,0.715,0.01,0.533,0.994,0.569,0.826,0.909,1,1
0.877,1,0.879,0.94,1,0.286,0.988,0.941,1,0.343,0.963,0.997,0.016,0.999,0.687,0.972,0.338,1,0.96,0.013,0.723,0.727,1,0.984,1,0.987,0.446,0.003,0,0.959,1,0.325,0.91,0.082,0.827,0,1,0.001,0.214,0.244,1,0.783,0.859,0.368,0.018,0.054,1,0.467,0.868,0.984,0.841,0.681,1,0,0.287,0.837,0.478,0.719,0.713,0.047,0.17,0.641,1,1,0.71,0.1,0.984,0.128,0.999,0.322,0.612,0.589,0.034,0.036,0.989,0.438,0.318,0.993,0.91,1,0.01,0.516,0.912,0.999,0.039,0.958,0.965,0.448,0.805,0.018,0.033,0,0.939,0.792,0.001,1,0.291,0.745,0.002,0.006,0.714,0.647,0.681,1,0.855,0.983,0.707,0.933,1,1,0.192,1,0.916,0.681,0.997,0.507,0.968,0.836,0.966,0.957,0.788,0.956,0.34,0.264,1,0.222,0.428,0.495,0.577,0.828,1,0.086,0.193,0.174,0.281,0.928,0.99,0.894,0.015,0.685,0.04,0.434,1,0.547,0.535,1,0.922,1,0.367,0.563,0.956,0.948,0.988,0.083,0.693,0.162,0.008,0.9,0.717,0.115,0.456,1,0.89,0.405,0.363,0.967,0.002,0.035,1,0.897,0.939,0.469,0.299,0.092,0.997,0.704,0.797,0.365,0.999,0.745,0.004,0.998,0.229,0.977,1,0.938,0.821,0.945,0,0.397,1,0.997,0.287,0.495,0.13,0,0.189,0.188,0.823,0.12,0,0.498,0.977,0.004,0.979,0.473,0.718,0.139,0.999,0.834,0.046,0.162,0.944,0.758,0.997,0.992,1,0.33,0.008,0.087,1,1,0.552,0.985,0.125,0.445,0.071,0.707,0.416,0.009,0.016,0.053,0.25,0.024,0.388,0.884,0.4,0.683,1,0.218,0.608,0.87,0.295,1,0.189,0.656,0.994,0.663,0.989,1,0.034,0.708,0.864,0.898,0.634,0.001,0.539,0.355,0.898,1,0.295,1,0.037,0.58,0.562,0.578,0.004,0.964,0.955,0.997,0.999,0.217,0.095,0.837,0.349,0.813,0.046,0.832,0.329
0.21,0.963,1,0.915,0.1,0.255,0.027,0.947,1,0.873,0.96,0.069,0.029,0.886,0.474,0.978,0.211,0,0.358,0.362,0.139,0.464,0.896,0.342,0.344,1,0.009,1,1,0.997,0.172,0.942,1,0.524,1,0.862,0.019,1,0.532,0.989,1,1,0.753,0.216,1,0.956,1,1,0.441,0.199,0.201,0.594,0.841,0.001,0.207,0.851,1,0.21,0.942,1,0.265,0.854,1,0.004,0.378,0.754,0.375,0.991,0.711,0.252,0.988,0.79,0.167,1,1,0.999,0.99,0.559,0.542,0.895,0.989,0.822,0.203,0.192,0.112,0.351,1,0.005,0.008,0.389,1,0.989,0.997,0.726,0.292,0.988,0.708,0.203,1,0.003,0.011,0.932,0.153,0.99,0.409,1,1,0.355,0.991,0.052,0.772,0.998,0.997,0.829,0.999,0.449,0.571,1,1,0.853,0.076,0.791,1,0.169,0.908,0.583,0.693,0.56,0.303,1,0.946,0.064,0.969,1,0.584,0.044,0.056,0.871,1,1,0.998,0.973,0.999,0.278,0.623,0.886,0.037,0.024,0.236,1,0.98,0.997,0.265,0.953,0.919,1,1,0.241,0.44,0.14,0.523,0.026,0.716,0.001,0.703,0.981,0.825,0.066,0.798,0.006,0.635,0.89,0.493,1,0.664,0.041,0.118,0.999,1,0.712,0.458,0.727,0.665,0.011,0.002,0.984,0.756,0.428,1,0.447,0.829,0.254,0.907,0.53,0,0.004,0.258,0.983,0.17,0.121,1,0.444,0.313,0.999,0.839,0.87,0.652,0.33,0,0.976,0.974,0.983,0.179,0.754,1,0.607,0.436,0.983,0.717,0.393,1,0.741,0.599,0.964,0.75,0.942,0.008,0.969,0.98,0.035,0.001,0.983,0.944,1,0.915,0.896,0.021,0.909,0.723,0.492,0.386,0.999,0.695,1,0.999,0.618,0.944,0.859,0.769,1,0.786,0.867,0.375,0.151,0.683,1,0.075,0.244,0.908,1,0.468,0.997,0.997,0.288,1,0.996,0.24,0.89,0.736,0.69,0.88,0.996,0.466,0.357,0.817,0.787,0.924,0.021,0.041
0.858,0.997,0.007,0.901,0.98,1,0.074,0.481,1,0.968,1,0.624,0.872,0.625,0.516,0.985,0.865,0.851,0.813,0.264,0.961,0.336,0.938,0.018,0.356,1,0.103,0.713,1,0.222,0.599,1,0.002,0.539,0.543,0.999,0.014,0.999,0.844,0.573,0.998,0.002,0.115,0.5,0.001,0.437,0.614,0.811,0.503,0.393,0.105,0.306,1,1,0.599,1,0.993,0.311,0.994,0.99,0.943,0.651,1,1,0.005,0.152,0.983,0.73,0.39,0.756,0.229,0.607,0.752,0.558,0.997,0.7,0.986,0.197,1,0.857,0.004,0.516,0.891,0.99,0.051,0.001,0.063,0.359,0.746,0.973,0.007,1,0.002,0.511,0.241,0.007,0.668,0.237,0,0.853,0.994,0.206,0.978,1,0.952,0.844,0,0.87,0.993,1,0.423,1,0.072,0.599,0.999,0.722,1,0.141,0.952,0.722,0.932,0.464,0,0.432,0.037,1,0.056,0.621,0.489,1,1,0.809,0.1,0.999,0.27,0.187,0.189,0.804,0.987,0.501,0.734,0,0.274,0.756,0.972,0.347,0.04,0.86,1,0.088,0.013,0.333,1,0.051,0.962,1,1,0.988,0.854,0.658,0.313,0.943,0.994,0.015,1,0.993,0.047,0.952,0.998,0.998,0.444,0.382,0.851,0.462,0.594,0.989,0.601,0.551,0.854,1,0.111,0.241,0.769,1,0.618,0.965,0.721,0.973,0.979,0.923,0.067,0.838,1,0.842,0.881,1,0.034,1,0.775,0.965,0.143,0.637,0.757,1,0.999,0.964,0.248,0.915,1,0,0.074,1,0.995,0.854,0.818,0.475,0.001,0.788,0.279,0.94,0.953,0.413,0.703,0.998,0.967,0.315,1,0.57,0.91,1,0.896,1,0.999,0.003,0.996,0.291,1,0.962,0.318,0.772,0.447,0.995,0.492,0.561,0.999,0.997,1,0.45,0.929,0.999,0.37,0.435,0.565,0.706,0.913,0,0.118,0.49,0.986,0.353,0.698,1,1,0.514,1,0.491,0.558,0.932,1,0.931,0.939,0.068,0.864,0.531,0.838,0.254,0.745,1,0.954
0.583,1,0.999,0.001,0.999,0.079,0.431,0.642,0.895,0.268,0.998,0.367,0,1,0.604,0.242,0.994,0,0.992,1,0.821,0.479,0.022,0.546,0.536,1,0.003,0.856,0.044,0.64,0.958,0.389,0.191,0.689,0.393,0.32,0.045,0.983,0.269,0.985,0.876,0.004,0.905,0.904,0,0.998,0.005,0.616,0.921,0.017,1,0.973,0.646,0.999,0.785,0.806,0.818,0.055,0.032,0.986,0.983,0.984,1,0.019,0.988,0.828,0.351,0.502,0.679,0.578,0.424,0.936,0.762,0.999,1,0.001,1,0.887,0.86,0.97,0.959,0.971,0.279,0.996,0.964,0.363,0.706,0.925,0.236,0.404,1,1,0.023,0.669,0.492,0.065,0.95,1,0.996,0.145,0.92,0.08,0.007,0.027,0.659,1,0.959,0.964,0.276,0.409,0.851,0.019,0.649,0.173,1,0.733,0.803,0.981,0.363,0.46,0.528,0.016,0.999,0.234,0.053,0.835,0.376,0.904,0.644,0.989,0.899,0.104,0.657,0.778,1,0.278,0.569,0.974,0,0.954,1,0,0,0.303,0.95,1,0.961,0.876,0.412,0.462,1,0.991,0.221,0.265,0.92,0.948,1,1,0.869,0.994,0.148,1,1,1,0.988,1,0.019,0.173,0.034,0,0.986,0.475,0.963,0.995,0.598,0.018,0.502,0.339,0.651,0.177,0.024,0.992,0.356,0.306,0.914,0.625,0.998,0.292,0.916,0.593,0.202,0.631,0.99,0.431,1,0.076,0.946,0.705,0,0.901,0,0.495,0.638,0.42,0.317,0.967,0.25,0.721,0,0.996,1,0.003,0.016,0.89,0.884,0.706,0,0.011,1,0.72,0.998,0.014,0.972,1,0.876,0.205,0.944,0.639,0.998,0.128,1,1,0.998,1,0.66,0.934,0.996,0.719,1,0.623,0.976,0.962,0.757,0.058,0.04,0.293,0.092,0.994,0.079,1,0.105,0.135,0.531,0.992,0.998,0.8,0.873,0.51,0.827,0.022,0.526,1,0.008,0.79,0.525,0.354,0.911,1,0.432,0.535,0.999,0,1,0.92,0.364,0.991,1,0.018,0.962
0.183,0.998,0.602,0.997,1,0.042,0.946,0.989,1,0.991,0.991,0.631,0.328,0.999,0.954,0.501,0.653,0.005,0.966,0.978,0.741,0.477,0.663,0.998,0.368,1,0.036,0.252,1,0.704,0.798,0.915,0.33,1,0.359,0.962,1,0.663,0.072,0.937,1,0.072,0.582,0.437,0.622,0.196,0.783,0.957,0.388,0.013,0.028,0.668,0.993,0.992,0.392,0.512,0.857,0.32,0.93,0.983,0.999,0.415,0.907,0.696,0.056,0.767,1,0.092,0.744,0.31,0.257,0.956,0.95,1,1,0.983,0.939,1,0.65,0.661,0.933,0.659,0.187,1,1,0.996,0.914,0.666,1,0.369,0.503,1,1,0.209,0.999,0.731,0.419,0.275,0,0.723,0.824,0.714,0.019,0.955,0.405,0.011,0,0.981,0.844,1,1,0.767,0.39,0.662,0,0.38,0.87,0.985,0.473,0.679,0.242,0.846,0.333,0.876,1,0.76,0.654,0.454,0.254,0.541,0.003,0.742,0.996,0.906,0.965,1,0.784,0.776,0.597,0.759,0.787,0.909,0.184,0.273,1,0.702,0.114,0.007,0.722,0.835,0.946,0.833,0.998,0.207,0.305,0.004,0.97,0.064,0.762,0.892,0.899,0.003,1,0.015,0.628,0.052,0,1,1,0,0.735,0.44,0.659,0.362,0.987,0.358,0.383,0.492,0.765,0.945,0.031,0.863,0.709,1,0.966,0.68,0,0.758,0.97,0.248,0.011,0.895,0.99,0.147,0.907,1,0.99,0.813,1,0.044,0.78,0.537,0.659,0.396,0.971,0.514,0.585,0.244,1,0.993,0.774,1,0.981,0.137,1,1,0.92,0.423,0.74,0.595,0.134,1,0.547,0.94,0.67,0.913,0.654,0.904,0.026,0.986,0.986,0.485,1,0.997,0.25,0.403,0.005,0.221,0.96,0.202,0.58,0.948,0.901,0,0.011,0.735,1,0.777,0.039,1,0.782,0.837,0.465,0.916,0.755,0.69,1,0.419,0.751,1,0.641,0.156,0.998,0.327,0.829,0.524,0.056,0.629,0.062,0.79,1,0.017,0.911,0.996,1,0.648,0.739,0.103,0.999
0.995,0.999,0.094,0.648,0.286,0.828,0.99,1,1,0.094,0.999,0.588,1,1,0.429,0.028,0.114,0.132,0.199,0.905,0.067,0.92,1,0.034,0.938,0,0.889,0,0.995,0.252,0.869,0.991,1,0.796,0.203,0.999,0.015,0.967,0.965,0.996,0.648,0.012,0.989,0.461,0.934,0.092,1,1,0.764,0.01,0.999,0.153,0.032,0.873,0.807,0.995,0.003,0.553,0.523,0.749,1,0.196,0.111,0.996,0.934,0.851,1,0.327,0.711,0.185,0.811,0.515,0.071,0.116,0.046,0.026,0.53,0.804,0.694,0.969,0.897,0.624,0.231,0.998,0.695,0.075,0.162,0.977,0.704,0.998,0.942,1,0.284,0.943,0.001,0.255,0.449,0.249,1,0.958,0.033,0.321,0,0.661,0.055,0.897,0.752,0.968,0.274,0.861,0.678,0.995,0.587,0.966,0.999,0.485,0.863,0.882,0,0.048,0.987,0.11,0.98,0.29,0.023,0.874,0.745,0.518,0.551,0.002,1,0.505,0.999,0.027,0.969,1,0.933,0.814,1,0.87,0.379,1,0.01,0.659,0.923,0.993,0.007,0.465,0.768,0.542,0.541,0.921,1,0.127,0.703,0.929,1,0.134,0.676,0.711,0.971,1,1,0.003,0.105,0.348,0.161,0,0.701,0,0.901,0.53,0.806,0.284,0.202,0.074,0.568,0.576,0.894,0.102,0.212,1,0.226,0.003,1,0.997,0.752,0.995,0.991,0.546,1,0.594,0.605,0.48,1,1,0.908,0.85,0.973,0.489,0.068,0.875,0.833,0.988,0.99,0.399,1,0.202,0.059,0.005,0.874,0,0.001,0.528,1,1,0.773,0.041,0.903,0.633,0.059,0.892,0.718,0.319,0.743,1,1,0.974,0.991,0.726,0.897,0.828,0.993,0.99,0.639,0.434,1,0.804,0.958,0.623,0.693,0.982,0.725,1,0.913,0.737,0.996,0.654,0.033,0.974,0.502,1,0.616,0.949,0.68,0.877,0.467,0.4,0.55,0.007,0.587,0.996,0.001,0.799,0.196,0.912,0.937,1,0.85,1,0.766,0,0.95,0.919,0.027,0.577,0.784,0.835,0.511
