0.985,0.603,0.567,0.771,0.918,0.845,0.962,0.93,1,1,0.233,0.541,0.931,0.513,0.61,0.526,0.519,0.617,0.661,0.993,0.999,0.358,0.939,0.651,0.424,0.074,0.65,0.999,0.918,0.808,0.741,0.698,0.94,0.872,0.87,0.385,0.893,1,0.412,0.468,1,0.445,0.403,0.582,0.372,0.99,1,1,0.958,0.763,0.58,0.873,0.919,0.718,0.709,0.78,0.56,0.999,0.999,0.591,0.901,0.554,1,0.673,0.484,0.718,0.895,0.844,0.72,0.623,0.644,0.859,0.696,0.475,1,0.942,1,0.787,0.988,0.946,0.704,0.421,0.576,0.731,0.704,0.681,0.833,0.875,0.93,0.607,0.999,0.85,0.686,0.72,0.779,0.697,0.741,0.433,0.998,0.625,0.999,0.656,0.759,0.742,0.989,0.168,0.998,0.643,0.207,0.908,0.708,0.42,0.738,0.256,1,0.484,0.997,0.629,0.675,0.648,0.373,0.955,0.327,0.466,0.714,0.621,0.562,0.665,0.85,0.966,0.621,0.636,0.483,0.665,0.956,0.211,0.744,0.714,0.658,0.518,0.756,0.765,0.853,0.375,0.734,0.627,0.699,0.684,0.713,0.903,0.392,0.945,0.786,0.393,1,0.997,0.336,0.998,0.549,0.676,0.806,1,0.322,0.708,0.433,0.25,0.883,0.76,0.744,0.716,1,0.718,0.384,0.765,1,0.491,0.88,0.446,0.775,0.324,0.911,1,0.466,0.948,0.964,0.708,0.843,1,0.866,0.549,0.925,0.925,1,0.808,0.8,0.779,0.539,0.944,0.562,0.962,0.976,0.664,0.552,0.574,1,0.726,0.987,0.538,0.998,0.648,0.972,0.951,0.758,0.826,0.171,0.998,0.651,0.363,0.463,0.858,0.919,0.936,0.942,0.882,0.918,0.498,0.704,0.759,0.861,0.99,0.546,0.633,0.944,0.56,0.635,0.692,0.974,0.885,0.437,1,0.577,0.825,0.505,0.999,0.99,0.53,1,0.658,0.949,1,0.574,0.895,0.83,0.913,0.998,0.79,0.762,0.849,0.436,0.994,0.643,0.727,0.991,0.597,1,0.951,0.582,0.81,0.824,0.645,0.969,0.487,0.992,0.959,0.923,0.485,0.782,0.994,0.712
1,0.565,0.424,1,0.549,0.923,1,0.339,0.964,0.761,0.666,0.657,0.48,0.733,0.855,0.819,0.586,0.931,0.604,1,0.622,0.497,0.971,0.458,1,1,0.652,0.581,0.787,0.556,0.994,0.351,0.852,0.765,0.741,0.99,0.867,0.602,0.302,0.965,0.784,0.931,0.977,0.467,0.96,0.546,0.999,1,0.478,0.671,0.799,0.934,1,1,0.727,0.952,0.6,0.534,0.81,0.971,0.416,0.422,0.032,0.936,0.668,0.319,0.783,0.769,0.447,0.76,0.651,0.794,0.709,0.777,0.991,0.304,0.405,0.992,0.259,0.923,0.692,0.846,0.925,0.993,0.681,0.543,0.538,0.452,0.687,0.333,0.925,0.818,0.786,0.463,0.898,0.801,0.86,0.972,0.582,0.83,0.387,0.755,0.546,1,0.579,1,0.935,0.57,1,0.155,0.66,0.955,0.98,0.539,0.817,0.524,0.853,0.734,0.378,0.736,0.912,0.701,0.466,0.658,0.998,0.987,0.473,0.67,0.812,0.909,0.991,0.654,0.628,0.504,0.939,0.45,1,0.681,0.294,0.759,1,0.907,0.348,0.674,0.452,0.974,0.465,1,0.781,0.526,0.74,1,0.953,0.681,1,1,0.822,0.072,0.742,0.435,0.473,0.821,1,0.843,0.991,0.227,0.712,1,0.462,0.758,0.66,0.541,0.814,0.985,1,0.857,0.575,0.76,0.593,0.689,0.871,0.81,0.931,0.993,0.656,0.911,0.685,0.851,1,0.424,0.998,0.918,0.999,0.989,0.399,0.999,0.657,0.546,0.754,0.462,0.703,0.511,0.778,0.945,0.962,0.933,0.74,1,0.943,0.85,0.896,0.242,0.642,0.974,0.999,0.696,1,0.831,0.941,0.857,1,0.933,0.581,0.981,0.747,0.756,1,0.607,0.809,0.815,0.77,0.967,0.629,0.998,0.635,0.586,0.4,0.677,0.447,0.939,0.797,0.991,0.449,0.099,0.349,0.983,0.943,0.587,0.111,0.576,0.827,0.75,0.557,0.739,0.914,0.879,0.895,0.478,0.68,1,0.98,0.997,0.537,0.616,0.851,0.573,0.362,1,0.993,0.741,0.558,0.914,0.593,0.809,0.845,0.533,0.991,0.661,0.996
0.726,0.982,0.534,0.961,0.965,0.572,0.586,0.422,0.788,1,0.656,0.583,0.876,0.265,0.756,0.491,0.981,0.558,0.951,0.586,0.906,0.737,0.657,0.989,0.653,1,0.608,0.87,0.995,0.775,1,0.91,0.981,0.919,0.967,0.816,0.865,1,0.447,0.671,0.994,0.622,0.81,0.934,0.765,0.765,1,0.997,0.419,0.835,0.999,0.567,0.088,1,0.635,0.326,0.974,0.513,0.739,0.685,0.721,0.999,1,0.986,0.76,0.97,0.885,0.487,0.413,0.684,0.328,0.534,0.995,0.411,1,1,0.699,0.88,0.551,0.998,0.949,0.635,0.739,0.986,0.685,0.502,0.659,0.659,0.983,0.921,0.766,0.982,0.728,0.671,1,0.892,0.791,0.85,0.514,0.377,0.599,0.819,0.663,0.994,0.563,0.959,0.703,0.845,0.689,1,0.756,0.966,0.669,0.684,1,0.454,0.922,0.585,0.946,0.958,0.374,0.761,0.921,0.944,0.867,0.462,0.617,0.939,0.553,0.4,0.972,0.555,0.629,0.997,0.748,0.475,0.95,0.657,0.96,0.995,0.558,0.585,0.371,0.671,0.553,0.474,1,0.969,1,0.708,0.723,0.629,0.898,0.551,0.987,0.794,0.601,1,0.863,0.403,0.72,0.992,0.992,0.998,1,0.311,0.674,0.953,0.995,0.539,0.978,0.673,0.994,0.804,1,0.63,0.63,0.869,0.543,0.538,0.537,1,0.544,0.568,0.536,0.986,0.779,1,0.913,0.803,0.549,0.777,0.213,0.613,0.981,0.963,0.995,0.572,1,0.63,1,0.528,0.475,0.978,0.337,0.537,0.634,0.672,0.766,0.687,0.651,0.919,0.95,0.649,0.989,0.933,0.64,0.77,0.726,0.584,0.971,0.984,0.63,0.759,0.775,1,1,0.929,1,1,0.648,1,0.949,0.841,0.89,0.818,0.991,0.39,0.672,0.996,0.858,0.914,0.517,0.778,0.854,0.863,0.993,0.577,0.824,1,0.738,0.985,0.518,0.82,0.635,0.681,0.434,0.507,0.592,0.191,0.718,0.446,0.831,0.539,0.734,0.634,0.901,0.978,1,0.477,0.873,0.575,0.991,0.997,0.815,0.564,0.575,0.685,0.814
0.418,1,0.727,0.452,0.999,0.395,0.591,0.998,0.987,0.929,0.977,0.448,0.721,0.987,0.985,0.773,0.857,0.976,0.529,0.97,0.714,0.949,0.855,0.418,0.759,1,0.44,0.673,0.37,0.992,0.971,0.99,1,0.994,0.057,0.59,0.699,0.425,0.971,1,0.948,0.775,0.669,0.642,1,0.959,0.588,1,0.723,0.655,0.827,0.979,0.948,0.695,0.838,1,0.9,0.737,0.411,0.755,0.624,0.987,0.002,0.217,0.609,0.997,1,0.896,0.807,0.555,0.975,1,0.725,0.876,1,1,0.992,0.859,0.675,0.596,0.407,0.735,0.617,1,0.825,0.942,0.819,0.473,0.8,0.972,0.969,0.517,0.578,0.54,0.385,1,0.593,0.564,0.844,0.488,0.797,0.541,0.745,0.838,0.417,0.899,0.638,0.995,0.983,1,0.997,0.33,0.39,0.992,1,0.646,0.595,0.695,0.808,0.5,0.436,0.914,0.915,0.576,0.971,0.931,0.602,0.426,0.994,0.341,0.991,0.996,0.617,0.961,1,1,0.416,0.788,0.999,0.755,0.87,0.997,0.713,0.579,0.903,0.983,0.536,0.567,0.902,0.607,0.709,0.747,0.666,0.998,1,0.966,0.637,0.798,0.658,0.796,0.536,0.124,0.971,0.706,0.39,0.777,0.607,0.617,0.825,0.826,0.959,0.772,0.288,0.893,0.853,0.502,0.468,0.542,0.781,0.463,0.979,0.967,0.658,0.657,0.986,0.855,0.325,0.946,0.614,0.999,0.951,0.971,0.928,0.708,0.656,1,0.71,0.576,0.564,0.829,0.802,0.597,0.691,0.379,0.345,0.651,0.779,0.888,0.632,0.546,0.728,0.264,1,0.902,1,0.88,0.552,0.885,0.894,0.649,0.87,0.339,0.445,1,0.966,0.661,0.989,0.63,0.766,0.58,0.938,0.188,0.451,0.865,0.608,0.476,0.749,0.955,0.467,0.935,0.624,0.627,0.436,0.097,0.559,0.598,0.9,0.776,0.524,0,0.442,0.322,0.5,0.587,0.893,0.943,0.433,0.739,0.985,0.999,0.678,0.658,0.999,0.573,0.669,0.722,0.804,0.935,0.84,0.447,0.332,0.554,0.787,1,0.994,0.902,0.74,0.559,0.853
0.628,0.793,0.614,0.858,0.857,0.661,0.64,0.884,0.202,0.677,0.96,0.596,0.553,0.999,0.829,0.572,0.571,0.737,0.4,0.828,0.745,0.674,0.596,0.669,0.615,0.763,0.523,0.774,0.778,0.675,0.872,0.304,0.358,0.572,0.843,0.455,0.797,0.805,0.884,0.757,0.997,0.56,0.79,0.756,0.989,0.629,0.999,0.131,0.993,0.854,0.676,0.673,0.386,0.772,0.486,0.6,0.768,0.683,0.729,0.714,0.405,0.736,0.996,0.79,0.558,0.981,0.607,0.873,0.915,0.533,0.928,0.888,0.764,1,0.825,0.994,0.637,0.508,0.597,1,0.823,0.995,0.559,0.317,0.546,0.578,0.72,0.73,0.693,0.846,0.988,0.327,0.506,0.996,0.673,0.707,0.993,0.348,0.837,0.814,0.992,0.986,0.736,0.944,0.582,0.89,0.878,0.425,0.987,0.01,0.977,0.937,0.877,0.412,0.373,0.499,0.897,0.876,0.995,0.517,0.494,1,0.945,0.79,1,0.923,0.969,0.799,0.495,0.992,0.996,0.425,0.96,0.921,0.876,0.66,0.782,0.654,1,0.648,0.781,0.739,0.332,0.521,0.766,0.639,0.614,0.917,0.75,0.809,0.914,0.679,0.879,0.616,0.909,0.611,0.861,0.988,0.443,0.746,0.721,0.791,0.796,0.775,0.869,0.967,0.699,0.923,0.914,0.663,0.378,0.48,0.98,0.559,0.69,0.569,0.652,0.585,0.974,0.168,0.599,0.999,0.417,0.603,0.847,0.998,0.994,1,0.791,0.792,0.778,0.997,0.81,0.939,0.955,0.702,1,0.704,0.681,0.507,0.709,0.554,0.521,0.741,0.926,0.999,0.72,0.66,0.954,0.671,0.695,1,0.607,0.664,1,0.904,0.703,0.996,0.576,0.498,0.252,0.985,0.981,0.073,0.472,0.767,0.386,0.678,0.603,0.903,0.686,0.948,0.975,1,0.447,0.751,1,0.984,0.633,0.915,0.651,0.747,0.621,1,0.862,0.64,1,0.545,0.997,0.996,0.883,0.772,0.566,0.459,0.535,0.708,0.623,0.658,0.621,1,0.624,0.939,0.611,0.51,0.682,0.392,0.753,0.953,0.995,0.719,0.963,0.556,0.949,0.612,0.536,0.731,0.689,0.523,0.98
0.761,0.369,0.661,0.988,0.767,0.821,0.559,0.612,1,0.998,1,0.663,0.626,0.631,0.464,0.523,0.485,0.581,0.691,0.961,0.947,0.687,1,0.699,0.839,0.238,0.58,0.898,0.319,0.876,0.732,0.859,0.845,1,0.967,0.454,0.497,0.255,0.697,0.38,0.993,0.865,0.669,0.621,0.622,0.528,1,1,0.608,0.581,0.752,0.258,0.931,0.993,0.55,0.24,0.811,0.428,0.341,0.99,0.999,0.667,0.32,0.754,0.861,0.796,0.993,0.776,0.853,0.558,0.771,0.164,0.559,0.779,0.397,0.863,0.237,0.772,0.902,0.813,0.642,0.878,0.546,0.809,0.927,0.678,0.65,0.8,0.678,0.592,0.794,0.996,0.393,0.603,0.826,0.996,0.42,0.983,0.596,0.547,0.708,0.842,0.482,0.669,0.769,0.705,0.247,0.423,0.78,0.996,0.497,0.644,0.409,0.611,1,0.474,0.746,0.561,0.745,0.579,0.674,0.355,0.981,0.846,0.887,1,0.728,0.442,0.573,0.215,0.357,0.828,0.986,0.689,1,1,0.579,0.969,1,0.664,0.573,0.753,0.996,0.539,1,0.856,0.962,0.858,0.677,1,0.981,0.386,0.989,0.804,0.666,0.243,1,0.961,0.999,0.74,0.614,0.717,0.967,0.875,0.329,0.865,0.988,0.782,0.794,1,0.622,0.537,0.459,0.839,0.994,0.951,0.778,0.633,0.378,0.683,0.604,0.725,0.717,0.804,0.963,0.337,0.61,0.998,0.994,0.873,0.614,1,0.942,0.47,0.718,0.576,0.726,0.825,0.766,0.616,0.996,0.546,0.69,1,0.684,0.608,0.445,0.463,0.679,0.992,0.795,0.979,1,0.551,0.093,0.983,0.711,0.351,0.85,0.998,0.991,0.804,0.456,0.998,0.51,0.708,0.301,0.722,0.93,0.832,0.999,0.984,1,1,0.346,0.494,0.976,0.175,0.503,1,0.584,1,0.871,1,0.608,0.602,0.999,0.452,0.847,0.928,0.62,0.992,0.56,1,0.598,0.748,0.994,0.607,1,1,0.814,0.999,0.67,0.483,0.999,0.91,0.28,0.998,0.977,0.999,0.815,0.711,0.269,0.16,0.975,0.507,0.863,0.871,0.999
0.964,0.839,0.862,0.81,0.814,0.562,0.738,0.988,1,1,0.865,0.601,0.402,0.844,0.554,0.96,0.864,0.587,0.623,0.784,0.822,0.465,1,0.767,0.673,0.981,0.684,0.901,0.621,0.574,0.999,1,0.793,0.446,0.947,0.563,0.854,0.98,0.573,0.602,0.962,0.769,0.38,0.645,0.539,0.895,0.128,0.17,0.781,0.907,0.439,0.791,0.695,0.39,0.642,1,0.425,0.834,0.771,1,0.79,0.725,1,0.873,0.576,1,0.764,1,0.416,0.947,0.765,0.456,0.992,0.999,0.693,0.991,0.932,0.589,0.125,1,0.932,0.698,0.58,0.187,0.651,0.59,0.63,0.994,0.548,0.994,0.586,1,0.991,0.677,0.872,0.967,0.38,0.66,0.813,0.953,0.941,0.688,0.416,0.4,0.818,0.325,0.999,0.757,0.463,0.99,0.572,1,0.623,0.366,1,0.681,0.435,0.96,0.609,0.6,0.825,0.852,0.973,0.544,0.568,1,0.846,0.656,0.529,1,0.679,0.716,1,0.997,0.949,0.994,0.852,0.87,0.367,0.437,0.445,1,1,0.943,0.896,0.521,0.423,0.531,0.801,0.618,0.921,0.752,0.804,0.575,0.771,0.955,0.917,1,0.98,0.572,0.571,0.667,0.137,0.936,0.894,1,0.554,0.808,0.488,0.693,0.691,0.953,0.416,0.411,0.586,0.7,0.594,0.795,0.749,0.998,0.666,1,0.574,0.988,1,1,0.618,0.231,0.595,0.548,0.941,0.997,0.396,0.619,0.992,0.955,0.741,0.986,0.323,0.772,0.235,0.687,0.978,0.999,0.814,0.984,1,0.977,0.819,0.968,0.689,0.541,0.985,0.615,0.992,0.999,0.565,0.927,0.575,0.735,1,0.744,0.997,0.833,0.425,0.888,0.792,0.725,0.746,0.951,0.608,0.985,0.77,0.695,0.589,0.555,0.731,0.984,0.537,0.724,0.563,0.562,0.597,1,0.981,0.44,0.098,0.867,0.992,0.797,0.981,0.578,0.522,0.896,0.591,0.995,0.416,0.537,0.716,0.966,0.795,0.302,0.968,0.607,0.994,1,0.378,0.687,0.828,0.678,0.956,0.442,0.364,0.962,0.983,0.863,0.636,0.378,0.688
0.959,0.977,0.79,0.998,0.959,0.494,1,0.857,1,0.997,1,0.739,0.414,0.996,0.697,0.589,0.493,0.376,0.614,0.389,1,0.474,0.992,0.643,0.857,0.996,0.758,0.715,0.782,0.832,0.32,0.995,0.99,0.738,1,0.4,0.696,1,0.819,0.982,0.559,0.545,0.414,0.983,0.394,0.657,1,0.971,0.73,0.873,0.946,0.548,0.93,0.972,0.692,0.725,0.685,0.533,0.928,0.621,0.581,0.385,0.995,1,0.446,0.816,0.988,0.39,0.686,0.533,0.64,0.749,0.739,0.821,1,1,0.911,0.653,0.844,1,0.772,0.6,0.787,1,0.402,0.646,0.468,0.493,0.949,0.704,0.502,1,0.715,0.816,0.821,0.552,0.267,0.998,0.731,0.44,0.965,0.941,0.999,0.356,0.33,0.814,0.975,0.905,0.852,0.976,0.402,1,0.828,0.462,1,0.601,0.563,0.999,0.56,0.748,0.778,1,0.523,0.561,1,0.328,0.573,0.997,0.817,0.636,1,0.613,0.996,1,1,0.555,0.516,0.821,0.863,0.337,0.55,0.718,0.84,0.887,0.619,0.821,0.585,0.736,0.736,0.853,0.474,0.404,0.95,0.776,0.926,0.981,1,0.665,0.871,0.933,0.615,0.999,0.992,0.818,0.883,0.874,0.653,0.995,1,0.93,0.746,0.527,0.899,0.961,0.94,0.463,0.592,0.526,0.961,0.946,0.754,0.667,0.575,0.786,0.36,0.754,0.529,0.838,0.409,0.212,1,0.351,0.834,0.686,0.571,0.889,0.984,0.874,0.859,0.521,0.79,0.518,0.453,0.452,1,0.381,0.361,0.377,0.298,0.557,0.648,0.649,0.997,0.768,1,0.593,0.647,0.491,0.669,0.464,0.928,0.856,0.83,0.858,0.995,0.601,0.854,0.392,0.986,0.909,0.937,0.171,0.994,0.699,0.995,0.631,0.721,0.814,0.637,0.7,0.604,0.578,0.818,0.172,0.999,0.594,1,0.73,1,1,0.572,0.17,0.564,0.39,0.589,0.977,0.982,0.608,0.651,1,0.597,0.999,0.904,0.6,0.92,0.373,0.371,0.915,0.726,0.454,1,0.654,0.77,1,1,0.538,0.995,0.611,0.781
0.752,0.102,0.524,0.624,1,0.809,0.817,0.761,1,0.92,0.821,0.582,0.787,1,0.703,0.539,1,0.844,0.978,0.691,0.989,0.579,0.543,0.736,0.425,1,0.994,0.693,0.996,0.614,0.981,0.793,0.797,0.407,0.997,0.573,0.574,0.661,0.817,0.908,0.362,0.915,0.998,0.634,0.669,0.675,0.982,0.998,0.702,0.598,0.616,0.974,0.661,1,0.578,0.925,0.466,0.424,0.61,0.856,0.979,0.895,1,0.998,0.603,0.991,0.723,0.42,0.774,0.626,0.625,0.687,0.999,0.878,0.787,0.765,0.595,0.521,0.728,0.521,0.638,0.899,0.874,1,0.603,0.448,0.742,0.709,0.449,0.353,0.372,0.463,0.968,0.309,0.508,0.753,0.443,0.774,0.961,0.648,0.569,0.733,0.665,0.917,0.593,0.491,0.268,0.564,0.816,0.948,0.862,0.787,0.996,0.622,1,0.501,0.497,0.975,0.666,0.452,0.628,0.883,0.373,0.431,0.623,0.873,0.689,0.611,0.621,0.617,1,0.686,0.381,0.973,0.884,0.877,0.551,0.569,1,0.813,0.548,0.967,1,0.686,0.994,0.561,0.803,0.996,0.953,0.729,0.303,0.663,0.589,0.984,0.672,0.943,0.641,0.615,0.44,1,0.625,0.993,0.988,0.834,0.989,1,0.698,0.803,0.912,0.556,0.552,0.584,0.508,0.349,0.895,0.623,0.945,0.97,1,0.621,0.57,0.607,0.967,0.875,0.374,0.603,0.731,0.998,0.945,1,0.474,0.478,0.999,0.607,1,0.743,0.421,0.54,0.995,0.743,1,0.536,0.743,0.676,0.997,0.666,0.814,0.875,1,0.729,0.911,0.868,0.963,0.838,1,1,0.706,0.96,0.706,0.422,0.714,1,0.605,0.959,0.666,0.595,0.641,0.428,1,0.879,0.434,0.244,0.789,0.369,0.642,0.523,0.674,1,0.84,0.826,0.563,1,0.732,1,0.695,0.734,0.999,0.435,0.954,0.184,0.518,0.451,0.583,0.993,0.581,0.548,0.728,0.55,0.893,0.043,0.457,0.764,0.588,0.748,0.671,0.413,0.281,0.88,0.608,0.762,0.996,0.682,1,0.254,0.764,0.999,1,0.999,1
1,0.926,0.518,0.751,0.343,0.621,0.68,1,1,1,1,0.967,0.426,0.947,0.48,0.606,0.638,0.787,0.515,0.599,0.351,0.771,0.998,1,0.596,1,0.657,0.644,0.557,1,0.388,0.355,1,0.565,1,0.544,0.999,1,0.804,1,0.386,0.631,0.999,0.675,0.799,0.504,0.037,0.988,0.602,0.643,0.682,1,0.602,0.911,0.631,0.383,0.996,0.449,0.574,0.535,0.947,0.937,1,1,0.877,0.707,0.999,0.721,0.983,0.83,0.999,0.898,0.866,0.657,0.956,0.851,0.562,0.998,0.99,0.813,0.567,0.69,0.984,0.694,0.554,0.743,0.903,0.97,0.803,0.754,0.935,0.905,0.518,0.432,0.407,0.554,0.657,0.956,0.674,0.654,0.995,0.627,0.996,0.647,0.926,0.568,0.665,0.892,0.738,1,0.699,1,0.676,0.647,0.963,0.804,0.789,0.624,0.657,0.772,0.718,0.992,0.582,0.523,0.275,0.058,0.456,0.795,0.434,0.818,0.927,0.901,0.86,0.917,1,0.707,0.527,0.987,0.3,0.583,0.953,0.668,0.999,0.562,0.387,0.995,0.543,0.649,0.892,0.35,0.405,0.595,0.999,0.408,0.374,0.885,0.704,0.75,0.638,0.905,0.693,0.782,1,0.916,0.75,1,0.484,0.497,0.957,0.8,0.426,0.6,0.547,0.863,0.729,0.989,0.575,0.825,0.262,1,0.922,1,0.996,0.977,0.645,0.902,0.551,0.699,0.721,0.738,0.833,0.748,1,0.524,0.93,1,0.811,0.998,0.819,0.466,0.801,0.577,0.854,0.816,1,0.989,0.566,0.438,0.847,0.717,0.484,0.997,0.568,0.657,0.907,0.857,0.761,0.848,0.716,0.653,1,1,0.507,0.889,0.417,0.752,0.627,0.996,0.821,0.768,0.739,0.999,0.659,0.622,0.829,0.696,0.866,0.46,0.648,0.994,0.528,0.649,0.414,0.995,1,0.445,1,0.703,0.969,0.758,0.427,0.919,0.475,0.532,0.444,0.628,0.542,0.446,0.943,1,0.956,0.596,0.558,0.509,0.981,0.999,0.932,1,0.867,0.819,0.779,0.932,0.673,1,0.716,0.37,0.38,0.593,0.97
0.918,0.741,0.722,0.362,0.144,0.997,0.879,0.976,0.049,0.913,0.731,0.829,0.766,0.892,0.632,0.591,0.639,0.997,0.726,0.883,0.465,0.546,0.62,0.874,0.72,1,0.893,0.896,0.429,1,1,0.637,0.733,0.858,0.956,0.996,0.565,0.214,1,1,0.714,0.601,0.954,0.75,0.904,0.679,1,0.974,0.505,0.548,0.65,0.63,0.95,1,0.994,0.997,0.78,0.868,0.938,0.542,0.516,0.852,1,1,0.481,0.787,0.998,0.968,0.413,0.645,0.657,0.705,0.943,0.816,0.993,0.881,0.464,0.965,0.919,0.841,0.601,0.721,0.657,0.91,0.932,0.864,0.561,0.714,0.889,0.998,0.877,0.631,0.731,0.942,0.658,0.688,0.915,0.685,0.915,0.536,0.804,0.547,0.304,0.885,0.899,0.531,0.986,0.765,0.369,0.706,0.268,0.983,0.419,0.79,0.996,0.737,1,0.994,1,0.565,0.708,1,0.767,0.524,0.868,0.68,0.504,0.49,0.563,0.923,0.76,0.552,0.647,0.303,0.939,0.961,0.87,0.577,0.763,0.664,0.949,0.783,0.916,0.678,0.656,0.395,0.916,0.96,0.996,0.5,0.447,0.998,0.889,0.653,0.995,0.822,0.766,0.253,0.647,0.366,0.987,0.749,0.839,1,0.54,1,0.849,0.799,0.812,0.995,0.79,0.526,0.594,0.946,0.312,0.646,0.859,0.995,0.753,0.592,0.615,0.285,0.415,0.932,0.968,0.907,0.968,0.286,0.983,0.932,0.805,0.366,0.302,0.824,0.995,0.909,0.671,0.677,1,0.987,0.786,0.596,0.889,0.785,0.362,0.819,0.953,0.663,0.336,0.945,0.51,0.956,0.306,0.593,0.681,0.974,0.998,0.662,0.982,0.418,0.961,0.63,0.352,0.251,0.639,0.848,0.746,0.821,0.718,0.699,0.739,1,0.682,0.83,0.417,0.472,0.774,1,0.922,0.837,0.694,0.948,0.468,0.997,0.9,0.688,0.995,0.685,0.461,0.018,0.555,0.673,0.573,0.493,0.758,0.602,0.862,0.52,0.808,1,0.564,0.91,0.983,0.472,0.883,0.968,0.997,0.659,0.408,0.794,1,0.817,0.837,0.944,0.924,0.703,0.541,0.866,0.991
0.794,0.73,0.65,0.341,0.905,0.451,0.99,0.342,0.594,0.035,0.794,0.501,0.988,1,0.93,0.769,0.681,1,0.869,1,0.824,0.759,0.419,0.703,0.762,0.855,0.814,0.474,0.774,0.437,0.725,1,0.976,0.944,0.889,0.962,0.971,0.992,0.993,0.906,0.283,0.983,0.901,0.998,0.694,0.49,1,0.973,0.583,0.996,0.922,0.783,1,0.962,0.902,0.98,0.423,0.721,0.424,0.768,0.656,0.975,0.014,0.86,0.957,0.836,0.636,0.751,0.636,0.75,0.479,0.784,0.862,0.382,0.89,0.36,1,0.574,0.334,0.996,0.522,0.953,0.54,0.058,0.764,0.559,0.424,0.641,0.805,0.842,0.999,0.925,0.67,0.385,0.414,0.939,0.474,0.592,0.912,0.99,0.964,0.442,0.653,0.784,0.717,0.64,1,0.801,1,0.976,0.543,0.964,0.722,0.829,0.99,0.526,0.765,0.741,0.942,0.883,0.995,0.629,0.995,0.604,0.725,0.908,0.577,0.83,0.9,0.945,1,0.676,0.991,0.868,0.991,0.922,0.894,0.557,0.851,0.97,0.561,0.843,0.988,0.838,0.803,0.198,0.416,0.753,0.922,0.993,0.441,0.333,0.655,0.605,0.329,0.302,1,0.947,0.623,0.387,0.535,0.693,1,0.368,1,0.675,0.617,0.629,0.847,0.272,0.994,0.649,0.387,1,0.92,0.546,0.771,0.856,0.988,0.889,0.574,0.978,0.823,0.564,1,0.802,0.932,0.933,0.61,1,0.777,1,1,0.547,0.865,1,0.873,0.603,0.387,0.864,0.91,0.757,1,0.91,0.962,1,0.756,0.888,0.759,0.551,0.599,0.899,0.865,0.539,0.992,1,0.909,0.21,0.996,0.593,1,0.746,0.499,0.3,0.8,0.953,0.957,0.937,0.616,0.996,0.66,0.968,0.287,0.352,0.65,0.638,0.163,0.856,0.945,0.603,0.512,1,0.612,1,0.795,0.823,1,0.458,0.611,1,0.552,0.752,0.517,0.962,0.552,0.624,0.74,0.552,0.503,0.999,0.416,0.672,0.924,0.604,0.76,0.633,0.995,1,0.389,0.444,0.628,0.445,1,0.415,0.199,0.578,0.806,0.615,0.136
0.124,1,0.939,0.381,0.952,0.617,0.832,1,1,0.835,0.998,0.702,0.939,0.676,0.703,0.664,0.661,0.755,0.605,0.74,0.339,0.601,0.618,0.339,0.902,1,0.619,0.643,0.84,0.895,0.852,0.687,0.821,0.688,1,0.887,0.991,1,0.512,0.592,0.962,0.999,1,0.623,0.721,0.657,0.023,0.717,0.576,0.691,0.652,0.652,0.902,0.829,0.539,0.959,0.769,0.843,0.422,0.958,0.657,0.572,0.96,0.901,0.708,0.565,1,0.934,0.555,0.752,0.614,0.298,0.411,1,0.997,0.835,0.532,0.704,0.824,0.353,0.993,0.543,0.565,1,0.989,0.606,0.446,0.887,0.437,1,0.299,1,1,0.691,0.55,0.616,0.963,0.482,0.62,0.54,0.747,0.857,0.651,0.769,0.592,0.846,0.334,0.966,0.812,0.084,0.757,1,0.94,0.449,0.055,0.472,0.986,0.889,0.551,0.564,1,0.853,0.819,0.638,0.988,0.978,0.509,0.669,0.969,0.91,0.98,0.57,1,0.998,0.062,0.83,0.565,1,0.331,0.447,0.666,0.996,0.878,0.649,0.681,0.602,0.812,0.771,0.993,0.912,0.952,0.581,0.571,0.676,0.296,0.78,0.994,0.976,0.584,0.96,0.582,0.353,1,0.61,0.959,0.335,0.488,0.999,0.863,0.483,0.867,0.563,0.84,1,1,0.427,0.47,0.756,0.61,0.962,0.526,0.956,0.679,0.418,0.928,0.38,0.438,0.658,0.776,0.929,0.4,0.548,0.229,0.701,1,0.242,0.361,0.592,0.879,0.632,0.332,0.601,0.419,0.779,0.687,0.9,0.981,0.647,0.999,0.402,0.663,1,0.806,0.941,0.543,0.95,0.238,1,0.866,0.667,0.92,0.996,0.706,1,1,0.364,0.928,0.813,0.449,0.609,0.977,0.876,0.832,0.905,0.801,0.505,0.551,0.821,0.985,0.79,0.829,0.883,0.56,0.999,0.831,0.705,0.77,0.447,0.258,0.998,0.476,0.68,0.628,0.667,0.668,0.883,0.699,0.509,0.711,1,0.889,1,0.777,0.965,0.358,0.572,0.789,1,0.696,0.619,0.339,0.514,1,0.993,0.798,0.604,0.853,0.874,0.597
1,0.832,0.991,0.782,0.673,0.96,0.545,0.979,0.997,0.551,0.871,0.389,0.729,0.118,0.64,0.547,0.687,0.643,0.736,0.791,0.976,0.453,1,0.665,0.767,1,0.655,0.98,0.81,0.996,0.518,0.759,0.369,0.872,0.798,0.493,0.376,0.919,0.796,0.858,0.868,0.702,0.732,0.712,0.963,0.728,1,0.221,0.873,0.966,0.571,0.791,0.999,1,0.959,0.313,0.573,0.681,0.594,0.633,0.595,0.507,1,0.884,0.713,0.308,0.654,0.604,0.795,0.969,0.607,0.963,0.451,0.771,1,0.95,0.975,0.773,0.874,0.88,0.713,0.281,0.377,0.664,0.735,0.454,0.992,0.52,0.447,0.518,0.483,0.999,0.612,0.66,0.555,0.705,0.907,0.627,0.742,0.673,1,0.66,0.925,0.984,0.999,0.926,0.723,0.457,0.919,0.366,1,0.982,1,0.684,1,0.535,0.534,0.35,0.374,0.663,0.894,0.819,0.424,0.737,0.346,0.938,0.552,0.726,0.534,0.84,1,0.776,0.998,0.877,0.593,0.382,0.97,0.675,0.984,0.772,0.68,0.417,0.594,0.539,0.704,1,0.717,0.383,0.728,0.817,1,0.855,1,0.936,0.997,0.997,0.586,0.872,0.657,0.836,0.854,0.956,0.99,0.787,0.799,0.311,0.367,0.684,0.998,0.897,0.818,0.655,0.684,0.796,0.92,0.789,0.471,0.521,0.804,1,0.702,0.503,0.487,1,0.999,0.711,0.705,0.97,0.999,0.782,0.871,0.434,1,0.53,0.656,1,0.614,0.539,0.838,0.582,0.805,0.492,0.701,0.654,0.882,0.637,0.783,0.733,1,0.572,0.432,0.99,0.334,0.521,0.159,1,0.907,0.399,0.719,0.568,0.154,0.378,0.828,0.827,0.602,0.927,0.683,0.413,0.91,0.562,0.999,1,1,0.918,0.499,0.528,0.905,1,0.589,1,0.933,0.376,0.964,1,0.173,0.535,1,0.495,0.859,0.97,0.548,0.582,0.458,0.262,0.506,0.471,1,0.578,0.641,0,0.422,0.919,0.855,0.895,0.575,0.799,0.99,0.995,0.893,0.546,1,0.66,0.974,1,0.999,0.983,0.552,0.522,0.757
0.85,0.86,0.611,0.897,1,0.72,0.791,0.599,0.026,0.83,1,0.502,1,0.955,0.528,0.588,0.525,0.5,0.613,0.863,0.876,0.547,0.742,0.569,0.283,0.782,0.516,0.437,0.736,0.315,1,0.813,0.832,0.447,0.89,0.809,0.557,0.989,0.999,0.796,1,0.777,0.982,0.437,0.688,0.635,0.842,1,0.574,0.612,0.433,0.372,0.482,1,0.545,0.906,1,0.914,0.996,0.37,0.67,0.822,0.999,0.98,0.869,0.982,0.295,0.699,1,0.998,0.707,0.975,0.502,0.288,1,0.875,0.487,0.539,1,0.454,0.826,0.624,0.583,0.999,0.535,0.431,0.605,0.737,0.631,0.936,0.92,1,0.983,0.63,0.86,0.848,0.662,0.999,0.794,0.66,0.262,0.951,0.97,0.916,0.659,1,1,0.525,0.702,0.997,0.708,1,0.37,0.905,0.268,0.58,0.566,0.516,0.662,0.493,0.684,0.361,0.93,0.484,0.846,1,0.468,0.55,0.673,0.999,0.994,0.779,0.834,0.739,0.955,0.78,0.987,0.914,0.996,0.654,0.555,0.7,0.704,0.495,0.889,1,0.917,1,0.564,0.562,0.694,0.919,0.095,0.538,0.395,0.999,0.905,1,0.636,0.59,0.437,0.983,1,0.981,0.682,0.603,0.505,0.558,0.959,0.729,0.78,0.592,0.89,0.915,0.246,0.563,0.429,0.545,0.661,0.979,0.658,0.985,0.667,0.736,0.78,0.47,0.555,0.905,0.53,0.572,0.757,0.4,0.061,0.604,0.949,0.962,0.95,0.519,0.948,0.548,0.928,0.546,0.52,0.423,0.318,0.404,0.501,0.998,0.759,0.368,0.557,0.627,0.682,0.998,0.999,0.294,0.954,0.401,0.424,0.533,0.998,0.846,0.661,0.619,0.578,1,1,0.593,1,0.656,0.725,0.653,1,0.526,0.678,0.938,0.994,0.727,0.644,0.304,0.382,0.871,0.496,0.296,0.349,0.922,1,0.702,1,1,0.561,1,0.608,0.39,0.969,0.693,0.668,0.566,0.778,1,0.816,0.976,0.712,0.661,0.617,0.48,0.898,0.98,0.437,0.69,0.389,0.826,0.996,0.904,0.571,0.93,0.595,0.574,0.808
0.885,0.751,0.838,1,0.901,0.774,0.995,0.936,1,0.892,1,0.809,0.674,0.586,0.442,0.484,0.737,0.801,0.778,0.529,0.567,0.511,0.894,0.573,0.992,0.142,0.608,0.742,0.973,0.958,0.315,0.737,0.32,0.531,0.951,0.452,0.841,0.914,0.61,0.498,0.699,0.773,0.729,0.912,0.998,0.587,0.922,0.923,0.462,0.631,0.987,0.57,0.988,0.96,0.672,0.686,0.525,0.529,0.753,0.868,0.573,0.444,0.929,0.306,0.316,0.656,0.893,0.568,0.881,0.593,0.609,0.977,0.961,0.998,0.087,1,0.854,0.636,1,0.86,0.722,0.647,0.791,0.973,0.86,0.591,0.998,0.757,0.522,0.708,0.907,0.697,0.876,0.686,0.981,0.445,0.625,1,0.538,0.575,0.699,0.806,0.468,0.999,0.967,1,0.465,0.59,0.719,0.997,0.857,1,0.82,1,0.785,0.65,0.36,0.843,0.984,0.519,0.43,0.58,0.999,0.531,0.634,0.938,0.727,0.535,0.9,1,0.97,0.571,0.289,1,0.909,0.96,0.349,0.686,0.914,0.938,0.74,0.701,0.964,0.59,0.82,0.724,0.765,0.978,0.224,0.939,0.853,0.566,1,0.618,0.092,1,0.749,0.46,0.672,0.986,0.702,0.842,0.707,0.989,0.923,1,0.928,0.866,0.896,0.674,0.72,0.621,0.692,0.792,0.59,0.566,0.417,1,0.837,0.983,0.61,0.958,0.782,0.998,0.987,0.397,0.682,0.34,0.996,0.957,0.95,0.735,0.952,0.446,0.13,1,0.458,0.409,0.996,0.371,0.607,0.853,0.952,0.525,0.979,0.463,0.902,0.704,0.748,0.623,0.601,0.829,0.8,0.52,0.98,0.632,0.971,0.383,0.37,0.517,0.259,1,0.667,1,0.659,0.359,1,0.631,0.349,0.972,0.534,0.999,0.855,0.995,0.594,0.593,0.948,0.741,0.999,0.359,0.524,1,0.601,0.998,1,0.55,0.745,0.76,0.792,1,0.587,1,0.618,0.857,0.65,0.601,0.684,0.54,0.595,0.774,0.555,0.77,1,0.524,0.779,0.82,0.765,0.843,0.389,0.989,0.844,0.991,0.667,0.851,0.736,0.765,0.381,0.249,0.298
0.994,0.997,0.579,0.335,0.386,0.615,0.43,0.835,1,0.985,0.909,0.595,0.661,0.751,0.368,0.797,0.933,0.861,0.505,0.588,0.582,0.887,0.904,0.945,0.669,1,0.565,0.406,1,0.737,0.807,0.788,0.925,1,0.712,0.611,0.627,0.191,0.923,0.993,0.616,0.68,0.906,0.786,0.81,0.352,1,1,0.629,0.571,0.554,0.476,1,1,0.727,0.254,0.628,0.971,0.64,0.919,0.581,0.738,1,0.918,0.998,0.88,0.832,0.38,0.939,0.607,0.625,0.625,0.454,0.979,0.987,0.914,0.554,0.65,0.998,0.903,0.632,1,0.453,0.452,1,0.506,0.962,0.43,0.532,0.994,0.628,0.682,0.797,0.523,0.452,0.643,1,0.777,0.796,0.702,0.913,0.999,0.716,0.583,0.52,0.831,0.948,0.459,0.59,1,0.824,0.784,0.5,0.624,0.895,0.549,0.978,1,0.61,0.469,0.659,0.771,1,0.554,0.988,0.231,0.589,0.398,0.998,0.875,0.746,0.529,0.786,0.42,0.881,0.755,0.736,0.725,0.811,0.572,0.912,0.97,0.442,0.792,0.735,0.751,0.559,0.656,0.702,1,0.513,0.755,0.923,0.631,0.991,0.632,0.938,0.815,0.576,0.715,0.499,0.85,1,0.676,0.873,0.992,0.811,0.99,0.57,0.941,0.884,0.568,0.999,0.762,0.99,0.695,0.577,0.686,0.586,0.78,0.997,1,0.909,1,1,0.633,0.467,0.278,1,0.788,0.782,0.632,0.275,0.431,0.951,0.548,0.844,0.647,0.923,0.665,0.566,0.483,0.802,0.795,0.283,0.579,1,0.545,0.439,1,0.517,1,0.801,0.445,1,0.958,0.703,0.845,0.506,0.975,0.955,0.793,0.614,0.454,0.902,0.819,0.853,0.985,0.652,0.615,0.796,0.972,0.32,0.985,0.583,0.554,0.999,0.646,0.488,0.578,0.47,0.738,0.767,0.994,0.839,0.603,1,0.981,1,1,0.579,0.984,0.56,0.57,0.544,0.662,0.935,0.568,0.686,1,0.716,0.826,0.349,0.489,0.693,0.981,1,0.934,1,0.878,0.978,0.711,0.933,0.19,0.951,0.728,0.946,0.981,1
0.562,0.994,0.825,0.907,0.996,0.469,0.358,0.826,1,0.957,0.886,0.578,0.468,0.993,0.616,0.992,0.799,0.962,0.997,0.185,0.758,0.563,0.948,0.924,0.979,0.887,0.896,0.432,0.395,0.741,0.278,1,0.146,0.358,0.994,1,0.718,1,1,0.818,0.829,0.703,0.543,0.608,0.731,0.441,0.342,0.992,0.623,0.538,0.82,0.616,0.844,0.976,0.747,1,0.76,0.654,0.486,1,0.439,0.389,1,1,0.647,0.951,0.664,0.793,0.994,0.861,0.738,0.998,0.756,0.537,0.837,0.977,0.912,0.8,0.349,0.598,0.672,0.928,0.612,0.962,0.997,0.762,0.605,0.591,0.993,1,0.608,0.782,0.694,0.984,0.589,0.615,0.536,0.923,1,0.542,1,0.814,0.66,0.641,0.473,0.955,1,0.588,0.602,1,0.9,0.937,0.949,0.943,1,0.673,0.871,0.831,0.88,0.567,0.622,0.986,0.41,0.544,0.793,1,0.872,0.98,0.811,0.284,0.199,0.612,0.902,0.277,0.992,0.952,1,1,0.919,0.63,0.996,0.787,0.857,0.991,0.978,0.96,0.992,0.383,0.665,0.632,0.564,0.947,0.701,0.965,0.241,0.739,0.905,0.608,0.696,0.999,0.943,0.323,1,0.992,0.637,0.92,0.561,0.346,0.967,0.645,0.563,0.843,0.714,0.583,0.426,0.536,0.647,0.423,0.998,0.73,0.797,0.801,0.831,0.804,0.482,0.708,0.519,0.997,0.92,0.923,0.377,0.752,0.909,0.535,0.801,0.97,0.57,0.816,0.893,0.679,0.959,0.46,0.418,0.892,0.87,0.706,0.771,0.657,0.557,0.794,0.999,1,0.998,0.425,0.984,0.832,0.413,1,0.629,0.741,0.746,0.294,0.715,0.998,0.548,0.824,0.971,0.646,0.999,0.554,0.918,0.966,0.398,0.697,0.489,0.507,0.829,0.844,0.639,0.863,0.703,0.67,0.623,0.955,0.906,0.551,0.67,0.952,0.917,0.937,0.718,0.997,0.687,0.631,0.802,0.601,0.725,0.49,0.326,0.999,0.537,1,0.932,0.815,0.952,0.732,0.748,0.62,0.964,0.961,0.972,0.561,0.327,0.198,0.789,0.847,0.831,0.558,0.937
0.651,0.95,0.908,0.981,0.704,0.695,0.588,0.776,0.029,0.991,0.945,0.892,0.823,0.366,0.618,0.923,0.811,0.384,0.708,0.927,0.882,0.487,0.582,0.616,0.595,0.998,0.973,0.994,0.947,0.582,0.66,0.835,0.311,0.978,0.719,0.889,0.743,0.737,0.865,0.93,0.721,0.605,0.833,0.45,0.627,0.813,1,0.8,0.86,0.697,0.521,0.999,0.675,1,0.732,1,0.934,0.418,0.647,0.629,0.632,0.662,0.978,0.998,0.99,1,0.946,0.772,0.577,0.492,0.854,1,1,0.96,0.171,0.999,0.902,0.505,0.951,0.336,1,0.756,0.616,1,0.707,0.595,0.934,0.589,0.833,0.307,0.153,0.839,0.253,0.793,0.707,0.382,0.596,0.765,0.654,0.756,0.543,0.696,0.556,0.331,0.519,0.793,0.908,0.595,0.757,0.968,0.566,0.657,0.781,0.973,0.936,0.931,0.468,0.78,0.633,0.692,0.973,0.581,1,0.641,0.588,0.999,0.582,0.32,0.53,1,0.982,0.959,0.787,0.6,0.999,0.562,0.442,0.235,0.949,0.517,0.684,0.702,0.91,0.579,0.692,0.949,0.546,0.537,0.493,0.468,0.692,0.988,1,0.685,0.841,0.365,0.34,0.991,0.946,0.417,0.6,1,0.112,0.608,0.752,0.837,0.516,0.927,1,0.981,0.939,0.412,0.622,0.758,0.339,0.892,0.487,0.615,0.733,0.66,0.696,0.99,0.673,0.677,0.861,0.944,0.895,0.991,0.959,0.756,1,0.741,0.991,0.545,0.263,0.945,0.674,0.739,0.387,0.514,0.781,0.534,0.997,0.741,0.77,0.918,0.732,0.966,0.736,0.846,0.991,1,0.486,0.633,1,0.541,0.588,0.688,1,0.941,1,0.899,0.898,0.983,0.452,0.993,0.999,0.651,0.916,0.691,0.689,1,0.966,0.288,0.959,0.501,0.353,0.737,0.815,0.838,0.981,0.874,0.634,0.98,0.712,0.572,1,0.563,0.971,1,0.921,0.903,0.767,0.596,0.509,0.548,0.685,0.549,0.677,1,0.999,0.959,0.593,0.519,0.871,0.742,0.972,0.054,0.76,0.402,0.921,0.58,0.918,0.999,0.58,0.624,0.645,0.955,0.574
0.352,0.999,1,0.554,0.472,0.356,0.9,0.437,0,1,0.931,0.466,0.472,0.999,0.481,0.343,0.439,0.437,0.865,0.888,0.862,0.55,0.959,0.658,0.698,0.927,0.59,0.729,0.218,0.974,0.659,0.941,0.999,0.821,1,0.722,1,0.855,0.994,0.926,0.424,0.976,0.662,0.798,0.716,0.637,1,0.227,0.48,0.648,0.689,0.394,0.211,0.698,0.52,0.983,0.563,0.599,0.86,0.567,0.851,0.654,1,0.952,0.644,0.975,0.719,0.995,0.653,0.646,0.649,0.761,0.896,0.938,1,0.192,0.359,0.661,0.984,0.878,0.654,0.718,0.72,0.339,0.836,0.637,0.644,0.528,0.999,0.811,0.998,0.077,0.496,0.868,0.991,0.493,0.816,0.94,0.992,0.914,0.835,0.688,0.892,0.577,0.657,0.995,0.738,0.639,0.847,1,0.949,0.2,0.746,0.395,1,0.604,0.403,0.854,0.861,0.63,0.937,0.522,0.999,0.642,0.602,0.999,0.516,0.556,0.495,1,1,0.635,0.786,0.62,0.68,0.37,0.986,0.596,0.401,0.83,0.989,0.697,0.586,0.647,0.733,0.772,0.667,0.683,0.697,0.816,0.566,1,0.639,0.779,0.935,0.948,0.955,1,0.871,0.764,0.543,0.974,0.974,1,0.521,0.801,0.658,0.337,0.15,0.57,0.381,0.555,0.831,0.198,1,0.767,0.987,0.946,0.51,0.411,0.612,0.918,0.546,0.579,0.697,0.218,0.553,0.903,0.717,0.966,0.993,0.973,0.609,0.885,0.999,0.602,0.568,0.703,0.937,0.659,0.567,0.591,0.662,0.558,0.737,0.888,0.966,0.689,0.449,0.712,0.914,0.938,0.948,0.653,1,0.806,0.993,0.721,0.97,0.633,0.313,0.61,0.453,0.764,0.783,0.988,0.249,0.693,0.993,0.66,0.432,1,0.891,0.823,0.626,0.565,0.593,0.613,0.888,0.615,0.497,0.932,0.584,1,0.762,0.574,0.987,0.471,0.584,1,0.54,0.7,0.52,0.657,0.624,0.569,0.919,0.536,0.557,1,0.647,0.28,0.654,0.696,1,0.711,1,0.943,0.738,0.658,0.847,0.503,0.595,1,0.387,0.713,0.901,0.751,0.347
0.279,0.659,0.738,0.879,0.593,0.654,0.997,0.498,1,0.959,0.94,0.504,0.681,0.96,0.634,0.76,0.75,0.977,0.816,0.795,0.997,0.486,1,0.652,1,1,0.503,0.686,0.849,0.549,0.987,0.152,0.764,0.962,0.989,0.996,0.649,0.86,0.855,0.866,1,0.698,0.532,0.671,0.782,0.956,1,0.192,0.889,0.505,0.789,0.807,0.84,0.998,0.344,0.874,0.634,0.612,0.646,0.743,0.557,0.755,1,0.994,0.612,0.36,1,0.792,0.444,0.661,0.432,0.825,0.412,0.327,1,1,0.77,0.96,0.885,0.759,0.535,0.971,0.975,0.911,0.747,0.549,0.53,0.616,0.707,0.786,0.987,1,0.582,0.657,0.727,0.496,0.838,0.994,0.961,0.786,0.788,0.608,0.999,0.399,0.448,0.4,0.962,0.643,0.496,1,0.479,1,1,0.785,1,0.587,0.609,0.792,0.928,0.547,0.856,0.964,0.565,0.611,0.973,0.881,0.879,0.674,0.382,0.849,1,0.513,0.888,1,0.316,0.999,1,0.838,0.522,0.97,0.854,0.518,0.989,0.655,0.849,0.607,0.557,0.945,0.435,0.395,0.78,0.758,0.78,0.735,0.997,0.934,0.457,0.682,0.903,0.669,0.544,1,1,0.898,1,0.753,0.754,0.737,0.411,0.974,0.994,0.841,0.57,0.845,0.52,0.618,0.519,0.745,0.803,0.971,0.627,0.831,0.482,0.866,0.259,0.569,0.749,0.955,0.784,0.715,0.97,0.773,0.871,0.71,0.823,0.174,0.446,0.752,0.811,0.723,0.992,0.465,0.966,0.598,0.61,0.682,0.813,0.506,0.387,0.427,1,0.192,0.718,0.79,0.989,0.994,0.899,1,0.675,0.919,1,0.967,0.964,0.376,0.801,0.683,1,0.988,0.871,0.389,0.843,0.535,0.877,0.741,0.509,0.635,0.582,0.886,0.697,0.4,0.608,0.999,0.595,0.913,0.563,0.473,0.136,0.547,0.916,0.898,0.549,0.945,0.837,0.654,0.639,0.537,0.613,0.582,0.985,0.999,0.97,0.988,0.885,0.726,0.849,0.761,0.791,0.384,0.471,0.658,0.695,0.757,0.941,0.248,0.603,0.99,0.791,0.407,0.449
0.724,0.441,0.751,0.989,0.99,0.894,0.732,0.917,0.997,1,0.932,0.686,0.622,0.926,0.455,0.614,0.549,0.486,0.897,0.997,0.541,0.636,0.347,0.551,0.819,1,0.632,0.435,0.494,0.849,0.972,1,0.573,0.542,0.897,0.615,0.957,0.333,0.628,0.831,0.983,0.622,0.609,0.752,0.593,0.456,0.02,0.942,0.711,0.833,0.626,0.927,0.813,1,0.643,1,0.679,0.503,0.417,0.773,0.667,0.415,0.996,0.502,0.456,0.996,0.859,0.419,0.683,0.831,0.648,0.485,0.387,0.366,0.927,0.814,0.351,0.4,0.948,1,0.759,0.812,0.51,0.562,0.854,0.548,0.425,0.412,0.732,0.864,0.56,0.995,0.484,0.984,0.911,0.579,0.991,0.917,0.984,0.619,0.337,0.89,0.752,0.6,0.69,0.999,0.093,0.692,0.77,1,0.386,0.999,0.782,0.545,0.977,0.858,0.629,0.588,0.414,0.818,0.601,0.972,0.706,0.607,0.762,0.996,0.47,0.417,0.683,0.513,1,0.364,0.686,0.985,0.787,0.816,0.812,0.639,0.893,0.407,0.689,0.569,0.837,0.597,0.657,0.676,0.797,0.209,0.419,0.972,0.622,0.991,0.985,0.869,0.747,0.988,0.987,0.999,0.448,0.554,0.73,1,0.911,0.947,0.803,0.909,0.522,0.996,0.559,0.906,0.672,0.632,1,0.826,0.807,0.723,0.715,0.421,0.456,0.711,0.867,0.985,0.983,0.622,0.584,1,0.463,1,0.566,0.744,0.44,0.999,1,0.666,0.724,0.045,0.999,0.684,0.985,0.592,0.845,0.518,0.605,0.472,0.845,0.377,0.611,0.844,0.747,0.691,0.961,0.418,0.374,0.827,0.999,0.361,0.999,1,0.399,0.664,0.933,0.961,0.683,0.999,0.95,0.592,0.958,0.957,0.329,0.998,0.593,0.999,0.804,0.951,0.669,0.586,0.597,0.997,0.996,0.794,0.799,0.89,0.882,0.952,0.742,0.514,1,0.923,0.305,1,0.98,0.847,0.457,0.384,0.793,0.473,1,0.659,0.426,0.789,0.829,0.835,0.819,0.976,0.96,0.58,0.994,0.863,0.985,0.707,0.81,0.951,0.296,1,1,0.428,0.278,0.995,0.812
1,0.801,0.524,0.183,1,0.531,0.981,0.689,1,0.951,0.274,0.908,0.518,0.631,0.947,0.415,0.422,0.737,0.462,0.794,0.635,0.639,0.297,0.667,0.726,0.832,0.961,0.682,0.439,0.864,0.648,0.673,0.637,0.919,0.983,0.558,0.572,1,0.835,0.409,0.856,0.832,0.812,0.998,1,0.998,1,0.762,0.495,0.596,0.625,0.66,0.964,0.974,0.994,0.457,0.881,0.997,0.634,0.893,0.715,0.59,1,0.998,0.624,1,0.682,0.749,0.422,0.719,0.547,0.435,0.846,0.832,1,0.998,0.832,0.703,0.998,0.665,0.534,0.563,0.553,1,0.731,0.542,0.69,0.655,0.701,0.985,0.718,0.96,0.854,0.639,0.547,0.548,0.999,0.615,0.589,0.735,0.997,0.546,0.975,0.861,0.999,0.776,0.985,0.625,0.953,0.997,0.994,0.989,0.857,0.999,0.895,0.609,0.919,0.702,0.775,0.507,0.726,0.761,0.87,0.757,0.641,0.965,0.645,0.857,0.567,0.107,0.237,0.598,0.992,0.995,0.892,0.86,0.793,0.564,0.46,0.445,0.406,0.215,0.412,0.684,0.605,0.338,0.718,0.841,0.385,0.554,0.579,1,0.938,0.796,0.453,0.832,0.431,0.941,0.713,0.551,0.631,0.398,1,0.95,0.801,0.996,0.441,0.744,0.999,0.615,1,0.597,0.756,0.416,0.424,0.481,0.518,0.943,0.716,0.678,0.729,0.04,0.841,0.989,0.943,0.515,0.444,1,0.601,0.999,0.974,0.306,0.973,0.611,0.424,0.951,0.659,1,0.629,0.685,0.929,0.52,0.456,0.522,0.126,0.957,0.392,0.693,0.639,0.44,0.607,0.999,0.862,0.516,0.23,0.865,0.748,0.964,0.387,0.711,0.531,0.968,0.533,1,0.997,0.858,0.066,0.533,0.956,0.739,1,0.351,0.097,0.644,0.821,0.563,0.497,0.32,0.862,0.912,0.979,0.608,0.549,1,0.997,0.703,1,0.603,0.633,1,0.627,0.935,0.569,0.715,0.461,0.687,0.968,0.559,0.434,1,0.983,0.642,0.725,0.474,0.53,0.876,0.806,0.994,0.917,0.867,0.996,0.605,1,0.036,0.969,0.823,0.671,0.647,0.557
0.995,0.589,0.873,0.758,0.782,0.76,0.932,0.465,1,1,0.985,0.75,0.888,0.674,0.618,0.671,0.983,0.678,0.566,0.748,1,0.651,0.732,0.483,0.886,1,0.498,0.852,0.739,0.752,0.982,0.995,1,0.749,0.983,1,0.588,1,0.765,0.859,1,0.44,0.86,0.826,0.934,0.482,0.998,0.361,0.457,0.431,0.991,0.881,0.991,0.997,0.465,0.986,0.69,0.725,0.655,0.991,0.907,0.851,1,0.397,0.687,0.595,0.808,0.702,1,0.704,0.705,0.998,0.963,0.938,1,0.236,0.776,0.872,0.567,0.612,0.647,0.752,0.939,0.98,0.608,0.721,0.551,0.601,0.611,1,0.677,0.753,0.822,0.818,0.631,0.415,0.407,0.87,0.507,0.595,0.578,0.822,0.836,0.928,0.743,0.718,0.855,0.998,0.36,0.972,0.799,0.747,0.576,0.924,1,0.579,0.711,0.848,0.589,0.583,0.778,0.981,0.592,0.598,0.871,0.614,0.535,0.814,0.634,0.75,0.877,0.8,0.71,0.809,0.997,0.739,0.978,0.471,0.859,0.462,0.601,0.555,0.685,0.556,0.858,1,0.859,0.779,0.747,0.993,0.654,0.929,0.416,0.568,0.862,1,0.305,0.86,0.982,0.67,0.457,0.358,0.999,0.969,0.982,0.668,0.539,0.963,0.841,0.656,0.776,0.948,0.6,0.996,0.298,0.672,0.512,0.59,0.7,0.997,0.662,0.25,0.774,0.703,1,0.835,0.465,0.885,0.651,0.391,0.997,1,0.64,0.646,0.986,1,0.749,0.993,0.758,0.58,0.853,0.475,0.601,0.933,0.853,0.664,0.528,0.996,0.56,0.999,0.758,0.937,0.298,0.977,0.296,0.078,0.82,0.76,0.608,0.981,0.969,1,0.541,0.693,0.616,1,0.874,0.916,0.875,0.945,0.661,0.996,0.565,0.949,0.616,0.854,0.579,1,0.949,0.966,0.421,1,0.653,1,0.692,0.836,1,0.824,0.997,1,0.93,0.377,0.588,0.638,0.772,0.541,0.635,0.512,0.543,0.989,0.506,0.098,0.545,0.539,0.804,0.948,0.639,0.332,0.763,0.514,0.993,0.613,0.879,0.673,0.625,0.591,0.945,0.545,0.36
0.811,0.625,0.861,0.493,0.626,0.595,0.789,1,1,1,1,0.977,0.565,0.874,0.484,0.619,0.904,0.73,0.784,0.365,0.949,0.468,1,0.93,0.54,1,0.99,1,0.973,0.976,1,0.865,0.569,0.394,0.914,0.704,0.403,1,0.999,0.998,0.566,0.765,0.675,0.882,0.999,0.864,0.231,0.913,0.932,0.397,0.999,0.95,0.998,0.994,0.567,1,0.566,0.667,0.866,0.972,0.52,0.7,1,0.925,0.716,1,0.358,0.997,0.993,0.924,0.94,0.384,0.997,0.998,0.995,0.587,0.999,1,0.962,0.276,0.475,0.487,0.864,0.936,0.423,0.571,0.656,0.994,0.637,0.359,0.9,0.999,0.769,0.462,0.541,0.999,0.72,0.604,0.96,0.602,0.907,0.663,0.417,0.705,0.622,0.688,0.838,0.696,0.978,0.994,0.814,1,0.535,0.427,0.997,0.586,0.968,0.489,0.952,0.725,0.574,0.6,0.286,0.53,0.944,0.783,0.519,0.619,0.98,0.817,0.995,0.721,0.597,0.641,1,0.788,0.631,0.745,0.564,0.435,0.997,0.755,0.775,0.845,0.527,0.438,0.644,0.861,0.596,0.849,0.889,0.965,0.997,0.461,0.829,0.737,0.594,0.386,0.998,0.921,0.453,0.597,0.976,0.662,0.997,1,0.774,0.379,0.873,0.832,0.917,0.622,0.944,0.675,1,0.661,0.618,0.885,0.615,0.8,0.445,0.171,0.998,0.912,0.603,0.755,0.542,1,0.848,0.826,0.75,0.974,1,0.714,0.804,0.99,0.717,0.685,0.33,0.705,0.819,0.578,0.769,0.351,0.999,0.737,0.65,0.492,0.836,0.771,0.735,0.195,0.464,0.417,0.943,1,0.589,0.642,0.653,0.595,0.999,0.921,0.741,0.868,0.973,0.93,0.943,0.467,0.997,0.826,0.554,0.802,0.989,0.999,0.642,0.656,0.725,0.61,0.757,0.15,0.695,0.99,0.552,0.984,0.911,0.919,1,0.82,0.862,1,0.571,0.54,0.522,0.988,0.82,0.855,0.57,0.533,0.565,1,1,1,0.8,0.551,0.562,0.743,0.868,0.988,0.314,0.992,0.524,0.651,0.913,1,0.368,0.619,0.545,0.437,0.991
0.685,0.989,0.649,0.998,0.765,0.871,0.807,0.999,0.897,1,0.937,0.527,0.433,0.907,0.986,0.454,0.603,0.741,0.408,0.765,0.401,0.557,0.838,0.416,0.408,1,0.72,0.736,0.722,0.982,0.927,0.933,0.813,1,1,0.845,0.977,0.996,0.989,0.96,0.57,0.699,1,0.432,0.911,0.6,0.999,0.023,0.55,0.922,0.684,0.725,0.694,1,0.535,0.986,0.666,0.58,0.59,0.817,0.534,0.961,1,0.333,0.697,0.925,0.795,0.563,0.62,0.616,0.845,0.388,0.579,0.738,0.98,0.276,0.716,0.729,1,0.839,0.614,0.489,0.451,0.895,0.631,0.807,0.65,0.84,0.419,0.967,0.973,0.872,0.535,0.509,0.615,0.816,0.543,0.89,0.991,0.559,0.778,0.769,0.453,0.363,0.623,0.639,0.989,0.979,0.69,0.951,0.905,0.982,0.475,0.712,0,0.493,0.821,0.734,0.873,0.483,0.997,0.808,0.999,0.573,0.997,0.266,0.678,0.664,0.277,0.833,1,0.6,0.966,0.331,0.22,0.747,0.701,0.999,1,0.999,0.99,0.997,0.943,0.816,0.993,0.7,0.629,0.796,1,0.704,0.537,0.876,1,0.647,0.889,0.873,0.137,1,0.438,0.956,0.623,0.523,0.856,0.803,0.617,0.243,0.455,0.424,0.651,0.738,0.478,0.55,0.764,0.98,0.986,0.579,0.544,0.799,0.39,0.759,0.67,0.621,0.419,0.929,0.304,0.956,0.524,0.992,0.782,0.366,0.895,1,0.946,0.538,0.999,0.903,0.996,0.749,0.343,0.996,0.97,0.655,0.95,0.649,1,0.473,0.673,0.999,0.982,0.653,0.793,0.96,0.797,0.758,1,1,0.41,0.682,0.385,0.788,1,0.982,0.539,0.952,0.266,0.737,0.972,0.544,1,0.877,0.862,0.427,0.886,1,0.49,0.572,0.997,0.486,0.435,0.635,0.634,0.91,0.655,0.999,0.586,0.521,0.977,0.509,1,0.998,0.864,0.449,0.532,0.74,0.643,0.426,0.446,0.661,0.962,0.946,0.93,0.866,0.872,0.696,0.183,1,1,0.293,0.527,0.664,0.608,0.551,1,0.962,0.987,0.687,0.835,0.73,0.537
0.351,0.657,0.43,0.419,0.853,0.574,0.675,0.762,0.011,0.954,0.944,0.5,0.814,0.97,0.6,0.529,0.517,0.884,0.88,0.717,0.57,0.957,0.636,0.862,0.6,1,0.904,0.856,0.959,0.907,0.559,0.439,0.963,0.973,0.403,0.811,0.774,0.029,0.927,0.998,1,0.663,0.611,0.949,0.611,0.72,1,0.952,0.459,0.563,0.895,1,0.776,0.822,0.931,0.971,0.829,0.975,0.526,0.943,0.445,0.663,0.828,0.877,0.593,0.27,0.986,1,0.781,0.534,0.89,0.856,0.555,0.648,0.959,0.984,0.809,0.526,0.711,0.98,0.933,0.685,0.526,0.707,0.679,0.726,0.857,0.777,0.973,1,0.431,0.351,0.62,0.596,0.947,0.701,0.754,0.955,0.749,0.787,1,0.423,0.608,1,0.392,0.308,0.524,0.496,1,1,0.794,0.988,0.71,0.647,0.735,0.526,0.705,0.373,0.942,0.479,0.73,0.893,0.85,0.847,0.288,0.991,0.972,0.975,0.406,1,0.418,0.553,1,0.346,1,0.583,0.57,0.431,0.957,0.667,0.257,0.849,0.841,0.541,0.571,0.357,0.539,0.439,0.974,0.732,0.589,0.816,0.853,0.669,0.319,0.68,0.402,0.622,0.596,0.602,0.533,0.972,0.209,0.559,0.947,0.433,0.88,1,1,1,0.625,0.584,0.786,0.779,0.634,0.61,0.792,0.675,0.84,0.807,0.928,0.991,0.893,1,0.988,0.886,0.588,0.999,0.282,1,0.514,0.815,1,0.561,0.346,0.979,0.236,0.54,0.968,0.505,0.655,0.606,0.533,0.999,0.922,0.991,0.977,0.39,0.882,0.847,0.429,1,0.743,0.759,0.968,0.854,0.563,0.719,0.593,0.996,0.996,0.345,0.574,0.915,0.432,1,1,0.84,0.809,0.746,0.606,0.913,0.83,0.595,0.549,0.568,0.439,0.343,0.983,1,0.76,0.416,0.576,1,0.638,0.695,1,0.95,0.667,1,0.761,1,0.509,0.693,0.934,0.647,0.726,0.506,0.432,0.065,0.888,0.381,0.948,0.516,0.423,0.405,1,0.287,0.617,0.589,0.728,0.612,0.332,0.957,0.852,0.964,0.978,0.743,0.999
0.998,0.252,0.635,1,0.307,0.513,0.99,1,1,1,0.613,0.715,0.654,0.311,0.591,0.865,0.679,0.684,0.709,0.444,0.739,0.636,0.83,0.74,0.54,1,0.645,0.559,0.697,0.752,0.598,1,0.71,0.559,0.991,0.406,0.816,0.989,0.995,0.889,0.588,0.448,0.869,0.839,0.323,0.522,0.957,0.969,0.434,0.56,0.437,0.648,0.515,0.927,0.503,0.831,0.482,0.631,0.624,0.81,0.734,0.713,0.986,0.931,0.749,0.91,1,0.924,0.665,0.646,0.551,0.624,0.784,0.914,0.733,0.689,0.519,0.411,0.831,0.999,0.557,0.592,0.569,1,1,0.482,0.784,0.56,0.917,0.829,0.76,0.978,0.907,0.815,0.991,0.541,0.899,0.963,0.87,0.58,1,0.968,0.718,0.996,0.489,0.988,0.985,0.887,0.43,0.991,0.999,0.999,0.997,0.47,1,0.529,0.965,0.69,0.439,0.51,0.939,0.694,0.368,0.53,1,1,0.807,0.455,0.771,0.459,0.659,0.992,0.115,0.992,0.973,0.767,0.968,0.849,0.968,0.612,0.664,0.668,0.486,0.468,0.78,1,0.643,0.374,0.795,0.545,0.842,0.166,0.343,0.998,0.981,0.604,0.811,1,0.766,0.625,0.93,0.284,0.982,0.997,0.953,0.964,0.429,0.875,0.917,0.575,0.649,0.646,0.739,0.395,0.87,0.589,0.558,1,0.682,0.952,0.578,0.464,0.95,0.125,0.989,0.993,0.873,0.819,1,0.791,0.973,0.599,0.905,0.783,1,0.173,0.74,0.878,0.998,0.575,0.999,0.53,0.922,0.861,0.935,0.83,0.856,0.794,0.935,0.578,0.751,0.679,0.671,0.922,1,0.257,0.418,0.556,0.871,0.517,0.992,1,0.654,0.602,0.999,0.993,0.798,0.795,0.831,0.395,0.883,0.999,0.835,0.764,0.895,0.71,0.507,0.385,0.739,0.437,0.59,0.266,0.547,1,0.95,0.986,0.994,0.989,0.829,0.856,0.496,0.999,0.517,0.666,0.413,0.639,0.255,0.557,0.57,1,0.559,0.821,1,0.606,0.593,0.974,0.925,1,0.996,0.962,0.958,0.691,0.827,0.98,0.352,0.629,1,0.724,0.85
1,0.928,0.669,0.536,1,0.546,0.62,0.153,1,0.897,0.63,0.497,0.59,0.952,0.785,0.502,0.577,1,0.665,1,0.986,0.58,1,0.832,0.969,0.039,0.786,0.628,0.721,0.62,0.722,0.766,0.908,0.552,0.645,0.753,0.693,0.989,0.749,0.626,0.344,0.955,0.882,0.346,0.337,0.799,0,0.538,0.531,0.722,0.974,0.722,0.34,0.184,0.596,0.715,0.722,0.438,0.959,0.362,0.632,0.803,1,1,0.883,0.973,0.875,0.534,0.873,0.433,0.549,0.642,0.813,0.56,1,0.956,0.555,0.941,0.808,0.82,0.842,0.505,0.628,0.647,0.985,0.531,0.553,0.614,0.382,0.996,0.799,0.962,0.98,0.905,0.639,0.412,0.806,0.61,0.369,0.672,0.67,0.502,0.845,0.918,0.951,0.36,0.94,0.819,0.998,0.73,0.657,0.013,0.662,0.604,0.102,0.631,0.606,1,0.495,0.474,0.762,1,0.841,0.633,1,0.916,0.616,0.732,0.701,0.672,0.992,0.794,0.717,0.752,0.622,0.92,0.611,0.907,0.095,0.63,0.918,0.925,1,0.615,0.429,0.996,0.29,1,0.998,0.835,0.966,0.979,0.281,0.282,0.909,0.951,1,0.276,0.671,0.576,0.59,0.449,0.935,0.809,0.658,0.613,0.581,0.968,1,0.532,0.694,0.531,0.973,1,0.844,0.884,0.589,0.801,0.715,0.511,0.586,0.958,0.625,0.637,0.737,0.747,0.971,0.585,0.944,0.665,0.637,0.793,1,0.871,0.715,0.25,0.985,0.651,0.782,0.874,0.698,0.515,0.993,0.566,0.786,0.372,0.575,0.869,0.978,0.986,0.661,0.659,0.986,0.576,0.966,0.306,1,0.948,0.602,0.71,1,0.999,0.887,0.999,0.701,0.992,0.994,0.85,0.97,0.368,0.805,0.843,0.714,0.984,0.509,0.455,0.64,0.622,0.879,1,0.457,0.713,0.791,0.987,0.439,0.515,0.99,0.587,0.973,1,0.572,0.633,0.468,0.49,0.703,0.84,0.401,0.586,0.837,0.978,0.685,1,1,0.866,0.982,0.948,0.981,0.897,0.685,0.908,0.998,0.599,0.538,0.915,0.467,0.914,0.711,0.918,0.351
0.9,0.465,0.998,0.527,0.978,0.655,0.947,0.996,1,0.972,0.27,0.5,0.534,1,0.803,0.498,0.575,0.996,0.998,0.917,0.714,0.531,0.999,0.766,0.702,1,0.352,0.277,1,1,0.884,0.457,0.486,0.595,0.95,0.702,0.981,1,1,0.787,0.908,0.537,0.361,0.703,0.981,0.589,1,0.916,0.822,0.665,0.416,0.745,0.961,0.316,0.628,0.998,1,0.566,0.71,0.599,0.594,0.671,1,1,0.55,1,1,0.746,0.425,0.872,0.7,0.561,0.918,0.969,1,0.998,0.662,0.47,0.32,0.99,0.442,0.457,0.692,0.995,0.994,0.603,0.992,0.474,0.944,0.791,0.833,0.824,0.997,0.767,0.546,0.841,0.563,1,0.878,0.872,0.844,0.425,0.661,0.662,0.556,0.92,1,0.471,0.799,0.96,0.673,0.105,0.812,0.983,0.966,0.726,0.999,0.965,0.995,0.567,0.569,1,0.721,0.587,0.737,0.852,0.79,0.585,0.85,0.97,0.72,0.568,0.936,0.914,0.259,0.857,0.904,0.662,0.684,0.552,0.705,0.717,0.883,0.555,0.523,0.948,0.652,0.969,0.37,0.653,0.497,0.768,0.911,0.994,1,1,0.633,0.22,0.676,0.895,0.58,0.779,1,0.928,1,0.765,0.632,0.577,0.871,0.747,0.42,0.446,0.882,0.595,0.863,0.823,0.517,0.709,0.362,0.988,0.552,1,0.691,1,1,0.56,0.761,0.654,1,0.869,0.999,0.87,0.966,0.599,0.96,0.86,0.626,0.826,1,0.942,1,0.684,0.667,0.977,0.77,0.831,0.202,0.825,0.851,0.965,0.539,1,1,0.6,0.826,1,0.945,0.733,0.845,0.566,0.694,0.849,0.687,0.805,0.513,0.379,0.866,0.649,1,0.832,0.719,0.897,0.94,0.981,0.574,0.637,1,0.812,0.307,0.782,0.45,1,0.469,0.004,0.861,0.533,0.996,0.629,0.909,0.289,0.424,0.742,0.489,0.975,0.476,0.765,0.924,0.568,0.999,1,0.514,0.925,0.388,0.673,1,1,0.875,0.899,0.687,0.31,0.936,0.989,0.995,0.908,0.877,0.63,0.561,0.434,0.886
0.871,0.53,0.725,0.971,0.836,0.641,0.77,0.756,1,0.997,0.998,0.677,0.645,0.845,0.883,0.659,0.593,0.562,0.674,0.98,0.599,0.85,0.527,0.733,0.438,1,0.849,0.554,0.896,0.998,0.131,0.948,1,0.823,0.998,0.737,0.633,0.839,0.818,0.374,0.926,0.707,0.754,0.668,0.868,0.571,0.835,0.995,0.501,0.349,0.321,0.789,0.853,1,0.438,0.887,0.736,0.523,0.917,1,0.983,0.917,1,0.952,0.674,0.342,0.961,0.508,0.555,0.715,0.473,0.962,0.393,0.834,0.681,0.907,0.728,0.742,0.864,0.711,1,0.788,0.65,1,0.67,0.599,0.707,0.462,0.278,0.423,0.735,0.679,0.726,0.478,0.81,0.794,0.74,0.704,1,0.966,1,0.498,0.395,0.741,0.885,0.438,0.869,0.577,0.575,0.993,0.585,0.999,0.735,0.585,0.525,0.507,0.957,0.893,0.419,0.958,0.688,0.4,0.928,0.506,0.901,0.82,0.552,0.997,0.785,0.971,0.905,0.502,0.824,0.976,1,0.839,0.461,0.989,0.819,0.87,0.731,0.84,0.968,0.598,0.574,0.574,0.939,0.615,0.885,0.842,0.629,0.81,0.837,0.416,0.994,0.559,0.89,0.987,0.962,0.711,0.799,0.707,0.992,0.124,0.752,1,0.948,0.705,0.56,0.421,0.554,0.558,0.647,0.962,0.96,0.529,0.711,0.348,0.972,0.587,0.427,1,0.705,0.809,0.994,0.972,0.639,0.605,0.367,0.688,0.925,0.891,0.996,0.91,0.62,1,0.475,0.684,0.971,0.773,0.401,0.856,0.713,0.853,0.999,0.786,1,0.789,0.594,0.71,0.271,1,0.921,0.703,0.73,0.773,0.689,0.985,0.999,0.903,0.976,0.987,0.647,0.64,0.886,0.969,0.302,0.7,0.94,0.812,0.989,0.245,0.991,0.844,0.444,0.528,0.987,0.712,0.524,0.452,0.888,0.107,0.502,1,0.735,0.512,0.278,0.456,0.998,0.997,0.619,0.611,0.69,0.853,0.481,0.74,0.652,0.5,0.77,1,0.432,0.558,0.984,0.893,0.998,0.615,0.601,0.207,0.781,0.483,0.927,0.534,0.924,0.955,0.346,0.853,0.737,0.407,0.818
0.941,0.88,0.653,0.866,0.776,0.978,0.744,0.899,1,0.645,0.99,0.559,0.638,0.257,0.581,0.582,0.638,0.684,0.606,0.98,0.405,0.796,0.985,0.736,0.456,1,0.558,0.696,0.993,0.539,0.895,0.983,0.999,0.989,0.199,0.742,0.641,0.541,0.917,0.868,0.651,0.992,0.223,0.438,0.927,0.434,1,1,0.846,0.995,0.891,0.691,1,0.984,0.974,0.662,0.766,0.604,0.518,0.948,0.849,1,0.067,0.981,0.997,0.471,0.976,0.993,0.547,1,0.77,0.911,0.91,0.153,0.942,1,0.639,0.667,0.927,1,0.876,0.438,0.638,0.808,0.949,0.46,0.431,0.966,0.998,0.715,0.398,0.999,0.661,1,0.698,0.992,0.628,0.56,0.383,0.591,0.946,0.599,0.75,0.816,0.884,1,0.863,0.934,0.878,1,0.555,0.221,0.375,0.479,1,0.582,0.426,0.421,0.727,0.668,1,0.47,1,0.49,0.958,0.999,0.607,0.534,0.912,1,1,0.474,1,0.862,0.937,0.674,0.925,0.389,0.945,0.67,0.364,0.91,0.986,0.944,0.936,0.976,0.835,0.916,0.8,0.987,1,0.824,0.294,0.892,0.909,1,0.871,0.938,0.632,0.677,0.391,0.632,0.999,0.625,0.836,0.993,0.784,0.797,0.986,0.8,0.568,0.51,0.707,0.629,0.958,0.608,0.554,0.659,0.969,0.906,0.751,0.978,0.616,0.999,1,0.636,0.691,0.596,1,0.64,0.773,0.162,0.643,0.509,0.999,1,0.663,0.91,0.59,0.7,0.829,0.517,0.297,0.716,0.435,0.431,0.766,0.41,0.995,0.632,0.581,1,0.346,0.583,0.795,0.995,0.935,0.71,0.771,0.529,0.955,0.868,0.996,0.994,0.707,0.923,0.93,0.423,0.557,0.754,0.643,0.68,0.999,0.647,0.746,0.786,0.902,0.999,0.589,0.892,0.595,1,0.816,0.71,0.946,0.494,1,0.664,0.989,1,0.531,0.919,0.525,0.702,0.575,0.503,0.631,0.815,0.48,1,0.516,0.888,0.669,0.78,0.892,0.513,0.968,0.708,0.595,0.88,0.607,0.624,0.634,0.765,0.397,1,0.997,0.809,0.995
0.965,0.996,0.483,0.824,1,0.535,0.865,0.79,0.997,0.997,0.995,0.854,0.837,0.981,0.575,0.689,0.834,0.698,0.941,0.649,0.634,0.515,0.987,0.894,0.621,0.94,0.755,0.951,0.641,0.391,1,0.76,0.922,0.218,1,0.804,0.689,0.153,0.341,0.552,0.156,0.301,0.452,0.646,0.998,0.908,0.999,0.993,0.744,0.733,0.776,0.428,0.973,0.999,0.825,0.251,0.534,0.792,0.991,0.656,0.446,0.468,0.987,0.672,0.475,0.901,0.994,0.519,0.961,0.556,0.668,1,0.78,0.752,1,1,0.964,0.592,0.787,1,0.436,0.774,0.567,0.839,0.745,0.629,0.904,0.76,0.964,0.931,0.862,0.628,1,0.478,0.865,0.838,0.616,0.988,0.722,0.994,0.627,0.996,0.996,0.618,0.939,0.985,0.808,0.585,0.992,0.991,0.678,1,0.957,0.598,0.737,0.637,0.995,0.978,0.666,0.628,0.628,0.562,0.948,0.604,0.798,1,0.668,0.776,0.951,0.877,0.959,0.581,0.372,0.59,0.959,0.6,0.996,0.927,0.983,0.882,0.925,0.985,1,0.529,0.426,0.793,1,0.332,0.857,0.887,0.756,0.46,0.562,0.74,1,0.893,0.361,0.705,0.551,0.726,0.464,0.879,0.983,0.472,0.726,0.893,0.542,1,0.307,0.571,0.424,0.791,0.63,0.863,1,0.684,0.986,0.679,0.995,1,0.684,0.999,0.745,0.959,0.966,0.67,0.926,0.416,0.449,0.585,0.563,0.683,0.605,0.499,0.844,0.827,0.537,0.976,0.87,0.706,0.493,0.538,0.413,0.391,0.785,0.219,0.553,0.981,0.378,0.402,0.995,0.961,0.765,0.868,0.702,0.875,0.497,0.743,0.518,0.613,0.86,0.594,0.542,0.911,0.84,0.669,0.993,0.549,0.999,0.366,0.848,0.953,0.846,1,0.733,0.457,0.922,0.809,0.558,0.99,0.626,0.301,0.574,0.059,0.533,0.579,1,0.517,0.785,0.879,0.63,0.997,0.542,1,0.548,0.779,0.838,0.551,0.732,0.947,0.729,0.774,0.61,0.604,0.303,0.551,0.888,1,0.952,0.508,0.288,0.511,1,1,1,0.689,0.586,1,0.783
0.589,0.702,0.583,0.927,0.379,0.754,1,0.285,1,0.282,0.271,0.748,0.928,0.329,0.745,0.743,0.761,0.57,0.573,0.59,0.437,0.562,0.991,0.447,0.85,0.999,0.699,0.96,1,0.936,0.448,0.917,0.846,0.679,0.203,0.926,0.686,0.913,1,0.948,0.922,0.911,0.57,0.976,0.833,0.605,1,0.999,0.72,0.559,0.671,0.572,0.996,0.999,0.787,1,0.662,0.694,0.543,0.997,0.996,0.99,1,0.662,0.545,0.809,0.866,0.826,0.938,0.345,0.973,1,0.934,0.981,1,0.996,0.989,0.782,0.638,0.462,0.746,0.535,0.625,0.756,0.547,0.65,0.457,0.922,0.681,0.962,1,0.284,0.632,0.569,0.738,0.916,0.467,0.795,0.381,0.451,0.636,0.673,0.793,0.561,0.766,0.759,0.823,0.643,0.412,0.876,0.444,0.996,0.524,0.588,1,0.532,0.398,0.935,0.709,0.866,0.981,0.717,0.638,0.515,0.515,0.515,0.61,0.696,0.577,0.701,0.295,0.436,0.926,0.816,0.999,1,0.714,0.723,1,0.616,0.635,0.777,0.798,0.644,0.794,0.382,0.612,0.344,0.567,0.752,0.996,0.571,0.998,0.87,0.615,0.108,0.972,1,0.444,0.265,0.7,0.641,0.688,0.646,0.992,1,0.575,0.493,0.609,0.689,0.842,0.573,0.993,0.527,1,0.577,0.629,0.98,0.457,0.857,0.985,0.898,0.734,0.999,0.805,0.703,0.447,0.925,0.342,0.987,0.877,0.769,0.747,0.561,0.806,0.984,0.893,0.694,0.624,0.535,0.71,0.573,0.57,1,0.861,1,0.927,0.718,0.566,0.746,0.86,0.739,0.899,0.727,0.995,1,0.779,0.995,0.951,0.515,0.615,0.689,0.671,0.912,0.707,0.813,0.363,0.499,0.865,0.73,0.705,0.996,0.918,0.656,0.552,0.627,0.903,0.954,0.431,1,0.393,0.982,0.574,1,0.32,0.469,0.981,0.619,0.727,1,0.475,0.817,0.619,0.848,0.335,0.999,0.941,0.717,0.597,1,0.525,0.999,0.865,0.56,1,0.372,0.328,1,0.929,0.588,1,0.586,0.761,0.954,0.994,0.671,0.946,0.399,0.976
0.778,0.935,0.647,0.78,0.267,0.543,0.327,0.661,0.998,0.74,1,0.551,1,1,0.601,0.904,0.559,0.617,0.729,0.402,0.695,0.59,0.284,1,0.68,0.559,0.601,0.692,0.827,0.789,0.817,0.996,0.377,0.724,0.92,0.869,0.912,1,0.781,1,0.986,0.394,0.758,0.417,0.738,0.723,1,1,0.992,0.695,0.664,1,1,1,0.603,0.996,0.433,0.679,0.691,0.697,0.726,0.706,1,1,0.918,0.996,0.421,0.466,0.721,0.593,0.997,0.958,1,0.778,0.753,1,0.721,0.616,0.408,0.985,0.963,0.898,0.616,0.925,0.784,0.942,0.731,0.545,0.639,0.353,0.761,0.993,0.678,0.865,0.598,0.534,0.866,1,0.399,0.468,0.887,0.769,0.728,0.79,0.529,0.6,0.592,0.632,0.725,0.811,0.565,1,0.747,0.873,0.999,0.524,0.645,1,0.804,0.545,0.546,0.831,0.997,0.715,0.933,0.996,0.581,0.444,0.45,0.979,1,0.849,1,0.574,0.974,0.883,1,1,0.937,0.466,0.48,0.905,0.15,0.468,0.424,0.916,0.721,0.525,0.994,0.68,0.447,0.525,0.785,0.689,0.825,0.575,0.987,0.866,0.803,0.998,0.561,0.809,1,1,0.707,0.948,0.982,0.441,0.969,0.862,0.359,0.52,0.688,0.461,0.976,0.656,0.782,0.951,0.406,0.735,0.712,1,0.453,0.32,0.258,0.545,0.712,0.429,0.992,0.709,0.825,0.823,0.887,0.582,0.287,1,0.841,0.348,0.735,0.774,0.992,0.767,0.741,0.622,0.466,0.835,0.926,0.278,0.373,0.988,0.365,0.983,0.987,0.655,0.996,0.224,0.867,0.838,0.982,0.6,1,1,0.739,0.663,0.517,0.325,0.997,0.332,0.821,0.994,0.998,1,0.999,0.59,0.77,0.939,0.909,0.343,0.657,0.901,0.627,0.535,0.958,0.882,1,0.626,0.404,0.6,0.621,0.996,0.715,0.947,0.568,0.418,0.832,0.94,0.569,0.55,0.631,1,0.485,0.987,0.751,0.622,0.364,0.562,0.883,0.984,1,0.829,0.866,0.779,0.888,1,0.787,0.473,0.77,0.975,1
0.773,0.593,0.967,0.749,0.841,0.735,1,0.795,0.339,0.709,0.996,0.455,0.988,1,0.556,0.559,0.804,0.396,0.674,0.838,0.915,0.457,0.353,0.459,0.994,0.017,0.636,0.998,0.626,0.552,0.899,0.869,0.775,0.848,0.445,0.727,1,0.757,0.966,1,0.759,0.605,0.976,0.678,0.818,0.623,1,0.984,0.448,0.975,0.563,0.431,0.978,1,0.661,0.961,0.991,0.947,1,0.338,0.707,0.655,0.116,0.311,0.984,0.429,0.823,0.539,0.86,0.963,0.533,0.994,0.89,1,0.58,0.059,0.957,0.439,0.576,0.132,0.987,0.657,0.627,0.604,0.589,0.889,0.965,0.67,0.442,0.285,0.67,0.567,0.917,0.951,0.931,0.982,0.662,0.744,0.787,0.861,0.876,0.912,0.86,0.999,0.996,0.931,0.999,0.35,0.631,1,0.969,0.906,0.979,0.971,0.04,0.511,1,0.46,0.385,0.755,0.625,0.396,0.797,0.739,0.99,0.235,0.589,0.86,0.996,0.997,0.876,0.973,0.922,1,0.402,0.99,0.84,0.339,1,0.496,0.613,0.811,0.294,0.985,1,0.699,0.638,0.995,0.64,0.243,0.793,0.321,0.754,0.673,0.532,0.917,0.762,0.993,0.534,0.572,0.842,0.901,1,1,0.199,0.904,0.536,0.405,0.391,0.773,0.987,0.619,0.863,0.726,1,0.577,0.678,0.998,0.908,1,0.529,1,0.439,0.892,1,0.879,0.633,0.995,0.455,0.445,0.205,0.916,0.958,0.757,1,1,0.929,0.566,0.744,0.59,0.86,0.577,0.674,0.81,0.927,0.744,0.531,0.816,0.999,0.685,0.553,0.907,0.896,0.429,1,0.464,0.785,0.703,0.89,0.472,0.828,0.592,0.951,0.515,0.667,0.722,1,0.509,0.59,1,0.576,1,0.961,0.355,0.609,0.597,0.679,1,0.65,0.888,0.688,0.976,0.583,0.997,1,0.669,0.143,0.664,0.698,1,0.492,0.373,0.509,0.559,0.71,0.458,0.508,0.482,0.642,0.905,0.738,0.689,0.414,0.627,0.953,0.675,1,0.229,0.897,0.551,0.66,0.553,0.988,0.982,0.51,0.539,0.714,0.934,0.839
0.796,1,0.977,0.856,1,0.583,0.52,0.791,1,0.251,1,0.493,0.968,0.444,0.62,0.962,0.999,0.796,0.974,0.843,0.367,0.558,0.89,0.782,0.95,0.987,0.586,0.547,0.688,0.641,0.62,0.581,0.616,0.707,0.691,0.96,0.998,0.97,0.643,0.963,0.845,0.659,0.99,0.86,0.746,0.633,1,1,0.677,0.865,0.596,0.819,0.337,0.639,0.448,0.831,0.826,0.883,0.477,0.794,0.559,0.541,0.766,0.838,0.742,0.909,0.518,0.743,0.983,0.662,0.618,0.752,0.695,0.997,0.231,0.706,1,0.925,1,0.823,0.624,0.822,0.56,0.9,0.709,0.477,0.772,0.626,0.728,0.998,1,1,0.938,0.672,0.999,0.593,0.961,0.912,0.907,0.596,0.915,0.426,0.543,0.984,0.403,1,0.996,0.645,0.856,1,0.401,0.27,0.488,0.819,0.155,0.573,0.678,0.637,0.983,0.527,0.5,0.984,0.602,0.959,0.961,1,0.556,0.735,0.716,0.999,1,0.638,0.877,0.479,0.86,0.694,0.745,0.389,0.836,0.772,1,1,0.977,0.425,0.965,0.85,0.493,1,0.446,0.999,0.684,0.979,0.99,0.487,0.884,0.858,0.997,0.938,0.308,1,0.979,0.989,0.184,0.72,0.941,0.513,0.596,0.702,0.629,0.621,0.582,0.47,0.709,0.736,0.956,0.448,0.937,0.721,0.995,0.884,0.833,0.243,0.561,0.742,0.666,0.632,0.577,0.655,0.995,0.993,0.364,0.883,0.999,0.982,0.663,0.993,0.791,0.459,0.65,0.619,0.663,0.54,0.999,0.994,0.993,0.422,0.897,0.949,1,0.601,0.946,1,0.884,0.641,1,0.852,0.993,0.517,1,0.837,0.956,0.947,0.492,0.997,0.929,0.632,0.998,0.753,0.96,0.679,0.959,0.939,1,0.761,0.704,0.541,0.598,0.967,0.546,0.786,0.68,0.662,0.47,1,0.983,0.729,0.065,0.527,1,1,0.64,0.981,0.746,0.896,0.966,0.512,0.883,0.499,0.776,0.996,0.845,0.991,0.712,0.545,0.771,0.805,0.964,1,0.764,0.776,1,0.852,1,0.725,0.59,0.554,0.462,0.707,0.921
0.851,1,0.414,0.996,0.934,0.995,0.61,0.977,1,0.178,0.192,0.522,0.524,0.999,0.614,0.47,0.941,0.881,0.768,0.695,1,0.615,0.455,0.477,0.764,0.975,0.872,0.826,0.57,0.999,0.942,0.621,0.998,0.671,1,0.641,0.721,0.699,0.979,0.162,0.799,0.831,1,0.46,0.797,0.585,0.066,1,0.626,0.696,0.395,0.986,1,1,0.668,0.993,0.905,0.776,0.662,0.42,0.514,0.534,0.056,0.598,0.696,0.917,0.946,0.658,0.647,0.827,0.554,0.891,0.684,0.954,0.163,0.557,0.936,0.99,1,0.619,0.563,0.427,0.804,0.866,0.636,0.512,0.476,0.871,0.758,0.871,0.824,0.961,0.712,0.613,0.552,0.7,0.682,0.837,0.997,0.537,0.411,0.906,0.543,0.732,0.698,0.783,0.567,0.508,0.956,0.986,0.652,1,0.766,0.789,0.858,0.764,0.225,0.893,0.7,0.551,0.809,0.688,1,0.55,1,0.995,0.443,0.45,1,1,0.534,0.494,0.976,0.596,0.523,0.355,0.201,0.894,1,0.92,0.496,0.99,0.777,0.774,0.469,0.978,0.991,0.892,0.856,0.385,0.554,0.895,0.939,0.712,1,0.981,1,0.9,0.861,0.882,0.557,1,0.936,0.808,0.595,0.998,0.547,0.402,0.998,0.908,0.865,0.618,0.669,0.996,0.968,0.808,0.902,0.745,0.903,0.331,0.446,0.942,0.593,0.403,0.885,1,0.678,0.896,0.868,0.582,0.349,0.946,0.703,0.577,0.882,1,0.912,0.817,1,0.649,0.407,0.453,0.713,0.614,1,1,0.997,0.701,0.998,0.602,0.691,0.779,0.452,0.997,1,0.999,0.586,0.799,0.774,0.463,1,0.915,0.771,0.625,0.769,0.633,1,0.421,0.145,0.768,0.414,0.762,0.555,0.851,0.674,0.436,1,0.811,0.646,0.757,0.453,0.978,0.586,1,0.94,0.688,0.707,0.595,0.785,0.998,0.649,0.408,0.567,0.872,0.584,0.609,0.997,0.553,0.92,0.999,0.723,0.826,0.71,0.555,0.894,0.992,0.995,0.45,0.596,0.416,0.932,0.857,0.891,0.988,0.854,0.679,0.582,0.895,1
0.986,0.964,0.408,0.727,0.837,0.574,0.81,0.839,1,0.254,0.98,0.554,0.855,0.698,0.542,0.993,0.635,0.884,0.575,0.948,0.802,0.723,0.276,0.533,0.586,1,0.562,0.55,0.462,0.478,0.999,0.348,0.936,1,1,0.987,0.946,0.998,0.337,0.316,0.892,0.999,0.922,0.688,0.871,0.718,0.999,0.875,0.569,0.493,0.852,0.538,0.396,0.254,0.604,0.67,0.972,0.512,0.906,0.399,0.534,0.508,1,0.992,0.526,0.89,0.809,0.673,0.497,0.438,0.422,0.796,0.763,1,1,0.765,0.706,0.735,0.724,0.724,0.414,0.998,0.556,1,0.895,0.482,0.849,0.519,0.862,0.566,0.829,0.927,0.397,0.438,0.621,0.702,0.987,0.161,0.457,0.507,0.991,0.587,0.411,0.786,0.408,0.556,1,0.675,0.55,0.963,0.911,0.693,0.79,0.556,1,0.936,0.684,0.471,1,0.509,0.695,0.306,0.299,0.656,0.148,0.979,0.49,0.956,0.736,0.837,0.943,0.943,0.501,0.968,0.268,0.618,0.661,0.957,0.329,0.72,0.903,0.541,1,0.626,0.474,0.786,0.977,0.586,0.541,0.903,0.556,0.797,0.973,0.967,0.577,1,0.627,0.96,0.705,0.977,0.601,0.926,1,0.986,0.774,0.856,0.623,0.904,0.95,0.997,0.534,0.724,0.582,0.921,0.886,0.967,0.598,0.72,0.866,0.928,0.999,0.982,0.468,0.975,0.832,0.714,0.606,0.973,0.934,0.768,1,0.829,0.933,0.779,0.939,0.934,0.94,0.615,0.672,0.531,0.739,0.496,0.734,0.582,0.654,0.974,0.844,0.692,0.693,0.86,0.489,0.837,0.999,0.636,0.963,0.904,0.365,0.918,0.428,0.354,0.696,0.608,0.406,0.933,0.711,0.6,0.237,0.643,0.382,0.494,0.624,0.989,0.428,0.879,0.992,0.523,0.596,0.945,0.825,0.98,0.761,0.315,0.665,1,0.393,0.532,0.989,0.613,0.96,1,0.614,0.74,0.657,0.711,0.494,0.681,0.693,0.524,0.415,1,0.653,0.935,0.771,0.663,0.474,0.837,0.924,0.96,1,0.408,0.431,0.594,0.853,0.998,0.884,0.533,0.629,0.768,0.954
0.635,1,0.458,0.917,0.939,0.614,0.21,0.633,0.057,0.628,0.808,0.57,0.628,0.989,0.708,0.82,0.714,0.972,0.586,0.671,0.916,0.585,0.814,0.987,0.529,0.021,0.44,0.5,0.925,0.879,0.994,0.809,0.88,0.914,0.997,0.37,0.823,1,0.594,0.412,0.617,0.67,0.448,0.434,0.96,0.623,0.783,1,0.622,0.512,0.7,0.703,0.58,0.142,0.879,0.357,0.456,0.529,0.547,0.682,0.929,0.313,0.036,0.057,0.961,0.595,0.278,0.972,0.567,0.559,0.524,0.591,0.998,0.675,1,0.872,0.449,0.568,0.616,0.829,0.683,0.994,0.753,0.934,0.467,0.488,0.998,0.553,1,0.875,0.994,0.614,0.572,0.556,0.763,0.578,0.713,0.981,0.71,0.627,0.879,1,0.931,0.472,0.778,0.564,0.917,0.429,0.924,1,0.782,0.966,0.83,0.511,1,0.484,0.354,0.99,0.363,0.581,0.82,1,0.962,0.503,0.68,0.272,0.59,0.612,0.771,0.836,1,0.875,0.607,1,1,0.985,0.379,0.878,0.997,0.529,0.615,0.412,0.917,0.725,0.516,0.913,0.605,0.984,0.943,1,0.891,1,1,0.672,0.981,0.902,0.98,0.996,0.662,0.847,0.832,0.949,0.015,0.998,0.84,0.936,0.468,0.789,0.342,0.652,0.728,0.603,0.923,0.677,0.925,0.995,0.655,0.554,1,0.361,0.761,0.999,0.613,0.77,0.912,0.574,0.994,0.829,0.346,0.966,0.838,0.319,0.987,0.394,0.897,0.982,0.686,0.594,0.679,0.601,0.723,0.524,0.591,0.94,0.915,0.561,1,0.66,0.802,0.912,0.845,0.997,1,0.54,0.997,0.422,0.783,0.586,0.76,0.627,0.751,0.438,0.655,1,0.632,0.446,0.979,1,0.483,0.715,0.405,1,1,0.166,0.961,0.508,0.947,0.78,0.612,0.964,0.938,0.254,0.705,0.951,0.568,0.743,0.979,0.58,0.714,1,0.792,0.944,0.515,0.954,0.994,0.977,0.386,0.516,0.56,0.017,0.579,1,0.995,0.441,0.951,0.868,0.804,0.988,0.892,0.999,0.586,0.737,0.22,0.999,0.727,0.802,0.368,0.771,0.964
0.999,0.299,0.704,0.601,0.644,0.997,0.715,0.564,0.845,0.822,0.705,0.649,0.788,0.949,0.47,0.964,0.66,0.751,0.439,0.71,0.573,0.464,0.934,0.515,0.577,0.967,0.421,0.945,0.617,0.797,1,0.99,0.909,0.397,0.261,0.747,0.474,0.939,0.315,0.702,0.957,0.991,0.739,0.611,0.978,0.679,0.993,0.976,0.632,0.793,0.715,0.703,0.86,0.074,0.553,0.757,0.412,0.97,0.789,0.763,0.799,0.58,1,0.841,0.42,0.856,0.86,0.881,0.9,0.995,0.605,1,0.566,0.918,0.999,1,0.724,0.637,0.999,0.928,0.862,0.696,0.691,0.882,0.37,0.482,0.845,0.532,0.564,0.688,0.67,0.877,0.704,0.984,0.656,0.458,0.726,1,0.804,0.993,0.328,1,0.414,0.218,0.844,0.794,0.323,0.767,0.537,0.559,0.894,0.992,0.572,0.661,1,0.463,1,0.554,0.247,0.513,0.599,0.875,0.994,0.722,0.806,1,0.783,0.837,0.715,0.381,1,0.968,0.844,0.95,0.9,0.736,0.865,0.53,0.982,0.672,0.719,0.391,0.764,0.537,0.924,0.825,0.998,0.853,0.635,0.945,0.609,1,0.732,0.415,0.876,0.541,0.709,0.844,1,0.708,0.656,0.833,0.215,0.834,0.986,0.895,0.988,0.824,0.837,0.998,0.994,0.485,0.999,0.913,1,0.592,0.589,0.611,0.548,0.43,0.726,0.198,0.928,0.85,1,0.471,0.855,0.758,0.659,0.969,0.614,0.687,0.878,0.623,0.613,1,0.608,0.492,0.579,0.612,0.98,0.549,0.995,0.88,0.598,0.57,1,0.451,0.562,0.976,0.782,1,0.702,0.49,1,1,0.671,0.979,0.981,0.635,0.999,0.636,0.478,0.99,0.538,0.541,0.862,0.736,0.79,0.967,0.414,1,0.982,0.999,0.463,0.537,0.744,0.405,0.447,0.527,0.494,1,0.799,0.998,0.747,0.687,0.963,0.619,0.59,0.996,0.752,0.561,0.533,0.818,0.727,0.578,0.834,0.543,0.538,0.99,0.566,1,0.824,0.63,0.774,0.789,0.407,0.724,0.612,0.746,0.713,0.946,0.096,1,0.898,0.947,0.693,0.78,0.987
0.92,0.855,0.334,0.686,0.993,0.883,0.909,0.799,0.993,1,1,0.903,0.795,0.915,0.764,0.666,0.325,0.79,0.46,0.552,0.748,0.505,1,0.96,0.999,0.074,0.993,0.918,0.586,0.762,0.857,1,0.882,0.526,0.32,0.859,0.55,0.949,0.929,0.843,0.418,0.659,0.748,0.836,0.549,0.569,1,0.998,0.789,0.5,0.827,0.543,1,1,0.613,0.959,0.842,0.625,0.885,0.411,0.702,0.763,0.999,0.912,0.687,0.737,0.32,0.405,0.864,0.638,0.978,0.325,0.829,0.945,0.975,0.848,0.827,0.533,0.746,0.306,1,0.676,0.633,0.226,0.967,0.577,0.75,0.639,0.59,0.777,0.945,0.984,0.572,0.959,0.417,0.728,0.993,1,0.948,0.597,0.486,0.295,0.803,0.723,0.691,0.85,0.995,0.843,0.999,1,0.977,1,0.625,0.753,1,0.583,0.8,0.8,0.976,0.958,0.422,1,1,0.953,0.97,0.974,0.717,0.914,0.695,0.998,0.975,0.66,0.892,0.813,0.775,0.65,0.914,0.565,0.817,0.546,0.787,1,0.627,0.72,0.614,0.875,0.951,0.939,0.577,0.976,0.629,0.36,0.854,0.989,0.984,0.702,1,0.607,0.514,0.512,0.659,0.97,0.536,1,0.844,0.868,0.602,0.987,0.697,0.658,0.679,0.684,0.993,0.753,0.846,0.514,0.357,0.261,1,1,0.443,0.925,0.543,0.842,0.874,0.565,0.804,0.101,0.916,0.723,0.809,0.604,0.288,0.513,0.983,0.882,0.738,0.403,0.981,0.435,0.989,0.583,0.797,0.761,0.85,0.726,0.914,0.911,0.737,0.676,0.564,0.324,1,0.459,1,0.692,0.848,0.775,0.659,0.406,1,0.8,0.419,0.842,0.967,0.947,0.931,0.684,0.72,0.844,0.586,0.997,0.719,0.771,0.611,0.683,0.829,0.866,0.55,1,0.578,0.996,0.537,0.8,0.912,0.399,1,0.647,0.558,1,0.745,0.837,0.515,0.442,0.454,0.419,0.984,0.672,0.438,0.867,0.635,0.95,0.751,0.564,0.971,0.984,0.575,0.998,1,0.832,1,0.454,1,1,0.986,0.999,0.43,0.694,1
1,0.919,0.493,0.73,0.789,0.709,0.872,0.964,1,0.991,0.426,0.843,0.773,0.815,0.511,0.666,0.831,0.553,0.797,0.733,0.991,0.707,0.106,0.671,0.79,0.994,0.572,0.802,0.715,0.91,0.925,1,0.637,0.602,0.95,0.637,0.954,0.916,0.999,0.985,0.324,0.589,0.568,0.569,0.868,0.893,1,1,0.55,0.604,0.999,0.58,0.749,0.986,0.917,0.871,0.586,0.791,0.7,0.895,0.481,0.438,1,0.877,0.815,0.124,0.934,0.639,0.512,0.575,0.753,0.826,0.566,0.379,0.999,0.941,0.413,0.695,1,0.957,0.469,0.589,0.485,0.982,0.789,0.543,0.695,0.433,1,0.97,0.978,0.718,0.965,0.858,0.643,0.839,0.944,0.89,0.543,0.632,0.989,0.936,0.999,0.721,0.757,0.55,0.795,0.587,0.865,0.412,0.632,0.163,0.924,0.752,1,0.468,0.992,0.377,0.512,0.612,0.865,0.445,0.95,0.572,0.827,1,0.488,0.512,0.672,0.772,0.997,0.615,0.93,1,1,0.418,0.711,0.754,0.916,0.722,0.701,0.355,0.453,0.76,0.864,0.883,0.746,0.723,0.939,0.465,0.664,1,0.29,0.472,1,0.97,0.579,1,0.437,0.683,0.676,0.997,0.653,0.978,0.805,0.704,0.541,1,0.718,0.537,0.907,0.578,0.527,0.875,0.081,0.996,0.943,0.885,0.712,0.932,0.516,0.895,0.624,0.834,1,0.419,0.441,0.582,1,0.759,0.601,0.508,0.917,0.93,0.988,0.998,0.646,0.651,0.981,0.992,0.551,0.523,0.656,0.953,0.954,0.87,0.879,0.74,1,0.471,0.695,1,1,0.995,0.975,0.706,0.979,0.566,0.811,0.707,0.651,0.835,0.838,0.956,0.608,0.793,0.987,0.851,0.338,0.431,0.994,0.706,0.251,1,0.643,0.505,1,0.99,0.958,0.373,0.989,0.877,0.606,0.88,0.764,0.471,0.195,0.491,0.995,0.106,0.615,0.825,0.632,0.637,0.625,0.719,0.639,0.538,0.69,0.856,0.999,0.362,0.791,0.564,0.402,0.78,0.614,0.999,0.995,0.621,0.294,0.777,0.877,0.321,0.588,0.452,0.732,0.842,0.28
0.996,0.781,0.8,0.6,0.617,0.459,0.746,0.999,0.997,0.985,1,0.634,0.58,0.992,0.832,0.44,0.431,0.736,0.439,0.408,0.538,0.596,0.734,0.771,0.947,0.996,0.713,0.601,0.989,0.874,0.446,0.904,0.989,0.788,0.306,0.256,0.949,1,0.601,0.779,0.481,0.489,0.993,1,0.999,0.698,1,0.684,0.788,0.443,0.566,0.841,0.22,0.543,0.476,0.748,0.659,0.727,0.536,0.991,0.639,0.656,0.768,0.999,0.447,0.587,0.765,0.946,0.728,0.626,0.655,0.661,0.984,0.39,1,0.903,0.602,0.434,0.338,0.582,0.568,0.426,0.659,0.26,0.919,0.81,0.88,0.998,0.836,0.798,0.739,0.228,0.721,0.569,0.718,0.651,1,0.499,0.887,0.531,1,0.656,0.986,0.52,0.637,0.996,0.662,0.722,0.753,0.261,0.644,0.968,0.652,0.681,0.996,0.519,0.718,0.998,0.734,0.795,0.755,0.839,0.895,0.528,0.928,0.736,0.688,0.983,0.852,0.947,0.62,0.997,0.989,0.903,0.793,0.6,0.438,0.995,1,0.584,0.376,0.556,1,0.45,0.627,0.928,0.733,0.99,0.538,0.372,0.965,0.891,0.812,0.961,0.952,1,0.901,0.904,0.81,0.814,0.785,0.454,0.415,0.869,0.818,1,0.751,0.686,0.339,0.961,0.617,0.944,0.638,0.427,0.997,0.899,0.613,0.876,0.866,0.958,0.617,0.935,0.51,0.459,0.924,0.983,0.589,0.983,0.129,1,1,0.568,1,0.499,1,0.939,0.44,0.987,0.482,0.597,0.74,0.577,0.777,0.906,0.381,0.556,0.96,0.993,0.998,0.53,0.353,0.602,0.611,0.488,0.921,0.973,0.742,0.863,0.523,0.85,0.969,0.998,0.508,0.866,0.409,0.778,0.871,0.629,0.593,0.661,0.845,0.985,1,0.743,0.621,0.551,0.832,0.6,0.689,1,0.561,0.809,0.577,0.125,0.715,0.93,0.843,0.572,0.903,1,0.94,0.626,0.706,0.462,0.97,0.626,1,0.482,0.525,0.999,0.912,0.319,0.871,0.368,0.751,0.693,0.983,0.604,0.155,0.577,0.319,0.482,1,0.841,0.705,0.927,0.438,0.689,0.418
0.516,0.819,0.588,0.999,1,0.932,0.701,0.368,0.977,1,1,0.457,0.591,0.814,0.678,0.476,0.437,0.366,0.458,0.452,0.72,0.6,0.946,0.854,0.924,1,0.479,0.99,0.547,1,0.777,0.512,0.378,0.715,1,1,0.902,0.973,0.677,0.695,0.752,0.382,0.999,0.95,0.566,0.583,0.999,0.949,0.678,0.64,0.467,1,0.884,1,0.795,1,0.618,0.736,0.65,0.231,0.646,0.799,1,0.962,0.605,0.743,0.578,0.721,0.265,0.403,0.517,1,0.946,0.804,0.996,0.317,0.847,0.654,0.967,0.937,0.403,0.846,0.611,0.999,0.286,0.574,0.683,0.587,0.899,0.617,0.583,1,0.927,0.998,0.969,0.978,0.514,0.748,0.858,0.673,0.94,0.99,0.792,0.774,0.829,0.764,1,0.653,0.908,0.647,0.421,0.736,1,0.759,1,0.695,0.69,0.721,0.58,0.558,0.57,1,0.749,0.814,0.998,0.918,0.54,0.741,0.994,0.61,0.927,0.43,0.332,0.814,0.998,0.792,0.837,0.695,0.999,0.597,0.977,0.59,0.597,0.985,0.543,0.739,0.547,0.765,0.828,0.698,0.931,0.829,1,0.781,0.815,1,0.795,0.993,0.518,0.842,0.662,0.613,0.956,0.887,0.401,0.988,0.919,0.961,0.623,0.475,0.576,0.517,0.671,0.999,0.75,0.96,0.707,0.451,0.993,0.838,0.408,0.667,0.666,0.964,0.995,0.763,0.63,0.797,0.995,0.394,0.734,0.958,0.772,0.546,0.674,1,0.581,0.698,0.918,0.464,0.45,0.597,0.879,0.714,1,0.777,0.694,0.999,0.984,0.995,0.774,0.99,0.954,0.976,1,0.972,0.997,0.614,0.933,0.998,0.995,0.431,0.692,1,0.657,0.743,0.67,0.62,0.988,0.527,0.679,1,0.7,0.414,0.802,0.431,0.778,0.691,0.64,0.966,0.554,0.462,0.474,1,0.831,0.788,1,0.636,0.861,0.008,0.524,1,0.562,0.555,0.44,0.728,0.721,0.47,0.868,1,0.671,0.865,1,0.892,0.985,0.688,0.834,0.531,0.854,0.394,0.805,0.986,0.966,0.986,0.998,0.531,0.491,0.647,0.923
0.571,0.876,0.925,0.939,0.97,0.85,0.39,0.582,1,0.715,0.703,0.761,0.576,1,0.54,0.641,0.887,0.914,0.666,0.5,0.762,0.518,0.677,0.897,0.677,0.331,0.708,0.803,0.865,0.657,0.805,0.959,0.959,0.944,0.983,0.932,1,1,1,0.763,0.888,0.832,0.922,0.515,0.89,0.59,1,0.301,0.525,0.997,0.522,0.883,0.999,0.999,0.554,0.915,0.833,0.998,0.819,0.604,0.855,0.999,1,0.998,0.999,0.999,0.347,0.267,0.952,0.906,0.875,0.791,0.59,0.696,0.004,0.622,1,0.933,0.973,0.664,0.986,0.45,0.731,0.267,0.807,0.512,0.999,0.646,0.99,0.926,0.775,0.886,0.575,0.635,1,0.778,0.44,0.401,0.704,0.713,1,0.578,0.94,0.964,0.962,1,1,1,0.739,0.797,0.556,0.562,0.917,0.552,1,0.531,0.882,0.394,0.986,0.596,0.442,0.957,1,0.683,0.878,0.934,0.967,0.691,0.712,0.96,0.979,0.909,0.968,0.715,0.851,0.739,0.717,0.442,0.988,0.795,0.965,0.975,0.947,0.494,0.28,0.568,0.882,0.821,0.961,0.801,0.654,0.412,0.993,0.511,0.32,0.991,0.69,0.993,0.619,0.63,0.701,0.858,0.995,1,0.566,0.987,0.598,0.745,0.814,0.835,0.998,0.519,0.589,0.542,0.947,0.842,0.627,0.464,0.644,0.998,0.976,0.668,0.594,0.821,0.189,0.414,0.812,1,1,0.896,0.992,0.952,1,0.599,1,0.831,1,0.889,0.468,0.745,0.514,0.665,0.646,0.751,1,0.698,0.841,0.618,0.831,0.544,0.9,0.998,0.812,0.795,0.997,0.814,0.941,0.798,0.729,0.888,1,0.997,0.594,1,0.572,0.965,0.447,1,0.58,0.942,0.72,0.299,0.499,0.993,0.955,0.545,0.989,1,0.756,0.982,0.648,0.938,0.951,1,1,0.609,0.828,0.635,1,1,0.662,0.995,0.564,0.536,0.529,0.622,0.871,0.723,0.821,1,0.325,0.964,0.963,0.46,0.831,0.683,0.956,0.807,0.798,0.649,0.379,0.639,0.997,1,0.931,0.66,0.71,0.947,0.845
1,0.999,0.69,0.584,0.426,0.466,0.98,0.348,0.116,0.984,0.872,0.586,0.973,0.597,0.475,0.636,0.996,0.989,0.485,0.829,0.999,0.661,0.823,0.579,0.756,1,0.812,0.653,0.668,1,0.807,0.408,1,0.98,0.249,0.787,0.74,0.999,0.728,1,0.909,0.486,0.815,0.611,0.702,0.756,0.986,0.999,0.938,0.601,0.863,0.989,0.853,1,0.701,0.997,0.47,0.61,0.524,0.685,0.634,0.654,1,0.755,0.788,1,0.93,0.844,0.811,0.905,0.716,0.989,0.998,1,0.989,0.998,0.785,0.852,0.34,0.997,0.597,0.941,0.828,0.96,0.53,0.589,0.589,0.806,0.762,0.99,0.947,1,0.782,0.627,0.659,0.685,0.914,0.997,0.995,0.831,0.971,0.971,0.575,0.459,0.66,0.952,0.301,0.506,0.956,0.999,0.919,0.936,0.56,0.651,0.998,0.931,1,0.201,1,0.703,0.999,0.929,0.819,0.501,0.993,1,0.814,0.998,0.999,0.999,0.98,0.827,0.849,0.827,0.647,0.974,0.7,0.992,0.896,0.884,0.826,1,1,0.571,0.976,0.556,0.392,0.723,0.816,0.61,0.99,0.998,1,0.743,1,0.281,0.973,0.343,0.383,1,0.446,0.997,0.89,0.556,0.744,0.601,0.603,0.871,1,0.771,0.45,0.5,0.551,0.647,1,0.507,0.662,0.788,0.868,0.822,0.844,0.904,0.682,0.936,0.973,1,0.545,0.322,0.977,0.935,0.987,0.982,0.976,0.814,0.992,0.999,0.647,0.909,0.509,0.932,0.999,0.472,0.558,0.234,0.66,0.799,0.752,0.935,0.985,1,0.845,0.998,0.981,0.525,0.129,0.913,0.401,0.77,0.934,0.972,0.046,1,0.608,0.968,0.835,0.772,1,0.539,1,0.684,0.959,1,1,0.961,0.465,0.524,0.684,0.896,0.782,0.668,0.701,0.845,0.669,1,0.463,0.677,0.004,0.6,0.842,0.04,0.973,0.903,0.544,0.995,0.855,0.768,0.536,0.59,0.603,1,0.655,0.996,0.211,0.703,0.338,0.977,1,1,0.565,0.942,0.839,0.469,0.607,0.68,0.912,0.437,0.645,0.592,0.63
0.922,0.351,0.638,0.622,0.791,0.741,0.946,0.999,0.995,0.937,0.593,0.45,0.988,0.401,0.667,0.632,0.538,0.951,0.856,0.542,1,0.598,0.875,0.645,0.81,1,0.527,0.587,1,0.987,1,0.56,0.693,0.717,0.92,0.681,0.918,0.299,0.997,0.599,0.771,0.401,1,0.968,0.645,0.528,0.984,1,0.992,0.485,0.506,0.634,0.771,0.161,0.428,1,0.553,0.613,0.744,0.55,0.358,0.988,0.9,0.643,0.986,0.291,1,0.989,0.999,0.788,0.822,0.342,0.197,1,1,1,0.806,0.743,0.844,0.36,0.727,0.386,0.503,0.991,0.884,0.554,0.715,0.692,0.655,0.815,0.354,0.997,0.825,0.584,0.838,0.872,0.699,0.756,0.712,0.616,0.852,0.724,0.942,0.967,0.987,0.824,0.846,0.597,0.641,0.888,0.434,1,0.971,0.827,1,0.585,0.542,0.533,0.797,0.58,0.889,0.994,0.795,0.459,0.549,0.659,0.57,0.576,0.425,0.928,0.226,0.628,0.346,0.813,0.995,0.789,0.998,0.732,0.607,0.591,0.769,0.942,0.964,0.558,0.409,0.358,0.651,0.578,0.364,0.999,0.689,0.648,0.598,0.586,0.856,0.682,0.389,0.877,0.98,0.685,0.586,0.835,0.973,0.999,0.321,0.877,0.607,0.994,0.994,0.414,0.674,0.714,0.44,0.949,0.778,0.738,0.824,0.419,0.746,0.808,0.916,1,0.65,0.376,0.947,0.835,0.56,1,0.901,0.773,0.93,0.986,0.87,0.982,0.83,0.236,0.881,0.852,1,0.542,0.629,0.557,0.915,0.532,0.595,1,0.627,0.55,0.904,0.644,0.999,0.954,0.578,0.934,1,0.988,0.836,0.935,0.734,0.471,0.976,0.298,0.805,0.271,0.763,0.999,0.876,0.883,0.805,0.451,0.58,0.927,0.341,0.997,0.469,0.666,0.862,0.44,0.578,0.996,0.516,0.72,0.748,0.54,0.687,0.564,1,0.74,0.374,0.987,0.593,0.977,0.581,0.778,0.914,0.852,0.958,0.546,0.69,1,0.415,0.246,1,0.441,0.75,0.239,0.998,1,0.834,0.709,0.899,0.455,0.955,0.37,0.662,0.733,0.995,0.894,0.626
0.825,1,0.406,1,0.629,0.706,0.451,0.957,0.785,0.999,0.928,0.579,0.408,0.911,0.52,0.739,0.971,0.64,0.654,0.471,0.708,0.877,0.976,0.535,0.417,1,0.49,0.415,0.567,0.213,0.999,0.348,0.775,0.714,0.88,0.583,0.217,1,0.732,1,0.578,0.889,0.321,0.703,0.526,0.958,0.892,0.869,0.596,0.827,0.942,0.74,0.989,0.977,0.607,0.518,0.724,0.931,0.67,0.768,0.793,0.559,1,1,0.949,0.822,0.972,0.582,0.574,0.559,0.937,0.979,0.357,0.535,1,0.964,0.778,0.321,0.993,1,0.68,0.572,0.726,1,0.408,0.49,0.729,0.97,0.966,1,0.997,0.3,0.805,0.716,0.468,0.75,0.792,0.907,0.417,0.482,1,0.407,0.893,0.805,0.999,0.975,0.613,0.49,0.438,0.119,0.999,1,0.561,0.694,0.998,0.602,0.411,0.917,0.6,0.631,0.959,0.349,0.797,0.476,0.295,0.972,0.615,0.752,0.897,0.619,0.021,0.739,1,1,0.689,0.913,0.755,0.586,0.749,0.644,0.802,0.462,0.759,0.443,0.737,0.804,0.805,0.944,0.843,0.69,0.557,0.756,0.834,1,1,0.416,0.781,0.87,0.558,0.487,0.79,0.557,0.278,0.422,0.998,0.992,0.734,0.945,0.378,0.701,0.762,0.781,0.543,0.64,0.374,0.763,0.507,0.914,0.402,0.771,0.795,0.359,0.979,0.345,0.785,0.674,0.639,0.865,0.657,0.999,0.666,1,0.267,0.477,0.914,0.647,0.985,0.645,0.803,0.793,0.951,0.501,0.723,0.38,0.752,0.742,0.433,0.634,0.809,0.921,0.507,0.865,0.158,0.602,1,0.998,0.806,1,0.797,0.637,0.455,0.855,0.852,0.938,1,0.193,0.763,0.96,0.999,0.771,0.486,0.989,0.998,0.908,0.554,0.596,0.37,1,0.621,0.939,0.808,0.32,0.635,0.824,0.999,0.578,1,0.74,0.934,1,0.836,0.363,0.497,0.972,0.662,0.437,0.761,0.499,0.652,1,0.951,0.999,0.598,0.658,0.671,0.999,0.997,0.993,0.999,0.591,0.136,0.665,0.428,1,0.583,0.599,0.653,0.959,0.999
0.462,0.999,0.725,0.828,0.718,0.661,0.851,0.956,1,1,0.336,0.543,0.689,0.349,0.527,0.996,0.442,0.847,0.603,0.656,0.225,0.484,0.925,0.579,0.375,0.999,0.965,0.612,0.718,0.707,0.963,0.936,0.532,1,1,0.704,0.809,0.96,0.87,0.296,1,1,0.575,0.657,0.997,0.563,0.997,0.619,0.546,0.507,0.733,0.385,0.901,0.898,0.45,0.588,0.617,0.343,0.537,0.999,0.532,0.514,0.215,0.44,0.827,0.995,0.118,1,0.649,0.778,0.455,0.839,0.803,0.837,0.99,0.459,0.619,0.7,0.811,0.304,0.795,0.692,0.99,0.391,0.993,0.568,0.581,0.839,0.47,0.451,1,0.793,0.382,0.576,0.688,0.718,0.543,0.825,0.774,0.954,0.725,0.675,0.85,0.85,0.804,0.992,1,0.59,0.6,0.217,0.566,1,0.656,0.544,1,0.535,0.839,0.747,0.774,0.592,0.715,0.648,0.836,0.703,0.789,0.643,0.538,0.556,0.973,0.65,0.819,0.628,0.823,0.878,0.982,0.919,0.658,0.424,0.897,0.603,0.46,0.992,0.997,0.785,0.761,0.99,0.913,0.629,0.624,0.977,0.661,0.993,1,0.566,0.781,0.998,0.768,1,0.726,0.766,0.622,0.87,1,0.385,0.342,0.998,0.63,0.738,0.788,0.42,0.786,0.572,0.979,0.572,0.769,0.566,0.992,0.985,0.646,0.799,0.407,0.743,0.998,0.25,0.894,0.791,0.538,1,0.961,0.866,0.911,1,1,0.461,0.892,0.944,0.789,0.475,0.771,0.507,0.877,0.495,0.846,0.669,0.538,0.957,0.963,0.711,0.891,0.726,0.658,1,0.995,0.715,0.009,0.326,0.715,0.995,0.998,0.702,0.9,0.685,0.616,0.333,0.578,0.879,0.602,0.558,0.99,0.996,0.762,0.027,0.758,0.752,0.514,0.541,0.792,0.545,0.733,0.855,0.639,0.784,0.506,1,0.593,0.587,0.067,0.539,1,0.051,0.607,0.797,0.5,1,0.606,0.502,0.367,0.586,0.552,1,0.784,0.832,0.783,0.97,0.818,0.89,0.63,0.76,0.986,0.725,0.906,0.468,0.979,0.997,0.754,0.409,0.54,0.69,0.772
0.967,0.314,0.984,0.672,0.29,0.692,1,0.807,0.952,0.228,0.384,0.459,0.898,0.835,0.445,0.628,0.561,0.809,0.998,0.674,0.961,0.806,0.999,0.593,0.677,0.999,0.679,0.649,1,0.387,0.988,0.823,0.991,0.799,1,0.975,0.416,0.973,0.939,0.666,0.82,0.936,0.606,0.547,1,0.856,0.999,0.713,0.637,0.777,0.697,0.996,0.918,0.972,0.995,0.885,0.407,0.502,0.718,0.518,0.975,0.645,1,0.612,0.578,1,0.404,0.629,0.686,0.626,0.815,0.985,1,0.996,0.934,1,0.676,0.899,0.928,0.963,0.59,0.712,0.643,1,0.97,0.512,0.958,0.58,0.794,0.844,0.581,0.895,0.999,0.784,0.281,0.995,0.609,0.804,0.984,0.45,0.329,0.449,0.542,0.409,0.652,0.835,0.951,0.715,0.649,0.993,0.645,1,0.911,0.72,0.993,0.611,0.667,0.991,0.828,0.44,0.272,0.903,0.544,0.585,0.362,0.179,0.913,0.533,0.703,0.881,1,0.625,0.999,0.96,0.439,0.492,0.996,1,0.733,0.701,0.641,0.879,0.626,0.614,0.596,0.635,0.992,0.982,0.693,0.941,0.552,0.441,0.909,0.834,0.599,0.435,0.997,1,0.554,0.743,0.989,0.907,0.792,0.281,0.585,1,0.594,0.673,0.796,0.993,0.815,0.501,0.437,0.691,0.997,0.639,0.557,0.957,0.933,0.558,0.758,1,0.873,0.997,0.306,0.832,0.966,0.775,0.853,0.374,0.387,0.886,0.999,0.451,0.517,0.966,0.994,0.731,0.767,0.546,0.564,0.607,0.383,0.692,0.824,0.499,0.371,0.763,0.878,0.279,0.608,0.901,0.683,0.906,0.753,0.991,0.984,0.549,0.432,0.668,0.991,0.798,0.676,0.581,0.437,0.768,1,0.531,0.298,0.6,0.369,0.76,0.999,0.783,0.991,0.607,0.743,0.763,0.702,0.566,0.895,0.963,0.59,0.998,0.976,0.431,0.978,0.464,0.334,1,0.476,0.997,0.452,0.779,0.639,0.587,0.784,0.535,0.617,0.023,0.647,0.521,0.324,0.597,0.844,0.449,1,0.787,0.954,0.693,0.672,0.648,0.992,0.995,0.712,0.439,0.472,0.526,0.905
0.894,0.891,0.794,0.67,0.867,0.676,0.835,0.883,0.957,0.9,0.063,0.617,0.642,0.999,0.87,0.685,0.752,0.4,0.57,1,0.773,0.578,0.898,0.549,0.96,1,0.667,0.405,0.497,0.335,0.895,0.602,0.998,0.778,0.994,1,0.76,0.994,0.909,0.794,0.833,0.771,0.96,0.624,0.455,0.471,1,0.983,0.563,0.697,0.471,0.851,1,0.999,0.765,0.082,0.66,0.497,0.826,0.812,0.476,0.871,0.93,1,0.543,0.961,0.724,0.691,0.985,0.473,0.499,0.805,0.97,0.884,1,0.937,0.879,0.993,0.975,0.881,0.72,0.999,0.458,0.905,0.839,0.62,0.676,0.689,0.539,0.995,0.652,0.994,0.861,0.783,0.987,0.302,0.771,0.702,0.702,0.748,0.514,0.565,0.688,1,0.93,0.649,1,0.688,0.543,1,0.866,0.894,0.601,0.893,0.996,0.436,0.65,0.691,0.838,0.566,0.967,0.777,0.989,0.552,1,1,0.666,0.724,0.955,1,0.919,0.752,0.768,0.891,0.859,0.998,0.815,0.464,0.648,0.967,0.863,0.618,0.785,0.871,0.592,1,0.974,0.727,0.98,0.657,0.717,0.66,0.349,0.855,1,0.985,0.822,0.972,0.939,0.987,0.5,0.599,1,1,0.957,0.08,0.851,0.999,1,0.855,0.686,0.526,0.769,1,0.863,0.475,0.447,0.541,0.559,0.997,0.948,0.995,0.324,1,0.992,0.988,0.64,0.96,0.691,0.651,0.701,0.879,0.996,0.606,0.879,0.37,0.393,0.444,0.949,0.604,0.898,0.751,0.609,1,0.857,0.998,0.359,0.407,0.952,0.471,0.727,0.382,0.998,0.586,0.415,0.631,0.504,0.421,0.548,0.94,0.236,0.116,0.999,0.715,0.732,0.574,0.904,0.476,1,0.987,0.465,0.852,0.292,0.373,0.713,0.474,0.793,0.922,0.904,0.832,0.742,0.794,0.52,0.98,0.966,0.496,1,0.872,1,1,0.679,0.669,0.516,0.774,0.538,0.536,0.557,0.566,0.51,1,0.99,0.319,0.996,0.534,0.999,0.872,0.818,0.997,0.333,0.579,1,0.792,0.866,0.762,0.966,0.7,0.974,0.8,0.639
0.949,0.358,0.572,0.748,0.884,0.627,1,0.685,1,1,1,0.802,0.908,0.627,0.612,0.713,0.643,1,0.617,1,0.715,0.504,0.79,0.996,0.537,1,0.73,0.833,0.857,0.702,0.365,0.906,0.737,0.989,1,0.697,0.545,0.616,0.962,0.72,0.739,0.833,0.989,0.52,0.42,0.766,0.997,1,0.373,0.755,0.646,0.723,0.994,1,0.407,0.86,0.674,0.858,0.434,0.697,0.624,0.475,1,0.966,0.792,0.934,1,0.926,0.594,0.511,0.516,0.826,0.818,0.641,0.074,0.645,0.775,0.457,1,1,0.519,0.997,0.565,0.944,0.452,0.532,0.571,0.638,0.723,0.919,0.379,0.423,0.654,0.531,0.757,0.916,0.869,0.977,0.599,0.523,0.757,0.654,0.601,0.549,0.432,0.368,0.805,0.425,0.768,1,0.559,0.902,0.449,0.961,1,0.713,0.977,0.743,0.682,0.505,0.536,0.73,0.736,0.571,0.86,0.991,0.511,0.545,0.763,0.359,1,0.932,0.576,0.999,0.614,0.725,0.928,0.966,1,0.614,0.667,0.484,0.837,0.473,0.994,0.741,0.718,1,0.425,0.408,0.709,0.849,0.371,0.903,0.639,0.844,0.817,0.777,0.52,0.404,0.551,0.94,0.65,0.844,1,0.978,0.815,0.548,0.978,0.967,0.269,0.56,0.476,0.74,1,0.78,0.536,0.413,0.338,0.599,0.997,1,0.687,1,1,0.557,0.788,0.859,0.805,0.982,0.563,0.389,0.525,0.547,0.351,0.654,0.961,0.43,1,0.427,0.549,0.55,1,0.868,0.599,0.996,1,0.736,0.551,0.67,0.989,1,0.73,0.443,0.081,0.907,0.565,0.998,0.613,0.737,1,0.506,0.787,0.336,0.648,0.972,0.986,0.812,0.723,0.515,0.961,1,0.599,0.972,0.897,0.585,0.948,0.578,0.436,0.848,0.649,1,0.534,1,0.821,0.543,1,0.95,0.813,0.059,0.753,0.849,0.569,0.628,0.581,0.517,0.574,0.496,0.795,0.325,0.876,1,0.399,0.574,0.921,0.766,1,0.857,0.977,0.946,0.999,0.603,0.797,0.985,0.432,0.658,0.919,0.64,0.883
0.316,0.866,0.799,0.583,0.677,0.437,0.395,0.579,1,0.688,0.518,0.651,0.734,1,0.94,0.603,0.669,0.938,0.701,0.982,0.737,0.604,0.991,0.625,0.48,1,0.697,0.655,0.886,0.942,0.947,0.727,0.595,0.784,0.498,0.555,0.767,1,1,0.798,0.6,0.541,0.35,0.553,0.206,0.806,0.999,0.422,0.689,0.976,0.726,0.971,0.591,0.862,0.825,0.928,0.955,0.88,0.864,0.542,0.425,0.77,0.997,0.576,0.499,0.635,0.459,0.996,0.704,0.974,0.458,0.997,0.993,0.707,0.132,0.969,0.702,0.377,0.457,0.991,0.898,0.588,0.474,0.93,0.65,0.657,0.495,0.345,0.537,1,0.811,1,0.452,0.534,0.549,0.484,0.527,0.835,0.347,0.505,0.654,0.593,0.631,0.882,0.741,0.967,0.891,0.617,0.405,0.771,0.464,0.978,0.555,0.996,0.095,0.441,0.856,0.641,0.548,0.643,0.838,0.997,0.849,0.541,0.929,1,0.474,0.627,0.656,0.611,0.162,0.531,1,0.319,0.999,0.644,1,0.555,0.627,0.543,0.408,0.628,0.912,0.931,1,0.46,0.781,0.789,0.998,0.761,0.79,0.551,0.83,0.635,0.965,0.307,0.948,0.784,0.717,0.831,0.457,0.916,0.999,0.963,0.437,1,0.651,0.85,0.775,0.628,0.667,0.707,0.798,0.345,0.892,0.662,0.629,0.996,0.544,0.869,0.521,0.964,0.608,0.776,0.885,0.394,0.583,0.909,0.988,0.996,0.825,0.852,0.707,0.587,0.398,0.994,0.386,0.616,0.409,0.753,0.352,0.519,0.462,0.791,0.966,0.732,0.7,0.965,0.62,0.773,0.744,0.826,0.922,0.716,0.976,0.937,0.785,0.602,0.801,0.565,0.806,1,0.977,0.818,0.995,0.998,0.977,0.704,0.293,0.239,0.738,1,0.8,0.402,0.715,0.725,0.309,0.995,0.563,0.997,0.54,0.799,0.468,0.992,0.803,0.574,1,0.36,0.737,1,0.588,0.772,0.622,0.676,0.694,0.974,0.591,0.811,0.996,1,0.74,0.956,0.326,0.679,0.993,0.706,0.536,0.253,0.566,0.546,0.763,0.514,0.72,0.992,0.597,0.799,0.853,0.995,1
0.833,1,0.707,0.807,1,0.615,0.992,0.844,1,0.43,0.896,0.98,0.495,0.867,0.714,0.88,0.708,0.999,0.913,0.389,0.871,0.692,1,0.782,0.995,0.999,0.738,0.413,0.424,0.93,1,0.665,0.756,0.344,0.836,0.415,0.99,0.186,0.406,0.339,0.992,0.697,0.872,0.559,0.597,0.433,1,0.618,0.632,0.945,0.726,0.763,0.998,0.012,0.597,0.862,0.719,0.725,0.672,0.46,0.668,0.658,1,1,0.631,0.501,0.977,0.523,0.997,0.435,0.649,0.622,0.621,0.571,0.969,0.805,0.373,0.977,0.894,1,0.43,0.568,0.928,0.991,0.394,0.876,0.925,0.607,0.722,0.147,0.585,0.268,0.869,0.723,0.498,1,0.386,0.788,0.635,0.446,0.779,0.789,0.614,1,0.699,0.899,0.631,0.724,1,1,0.728,1,0.86,0.678,0.998,0.557,0.85,0.776,0.73,0.878,0.654,0.947,0.697,0.555,1,0.388,0.537,0.609,0.676,0.952,1,0.42,0.439,0.397,0.298,0.978,0.966,0.804,0.594,0.652,0.385,0.544,1,0.581,0.643,0.986,0.706,0.998,0.643,0.761,0.765,0.879,0.97,0.508,0.729,0.831,0.49,0.927,0.637,0.467,0.574,1,0.959,0.942,0.693,0.926,0.55,0.536,0.987,0.721,0.947,0.476,0.401,0.384,0.999,0.594,0.847,0.606,0.972,0.79,0.329,0.999,0.542,0.941,1,0.804,0.64,0.96,0.275,0.489,1,0.999,0.41,0.73,0.573,0.41,0.515,0.445,0.721,0.487,0.364,0.529,0.974,0.429,0.995,0.711,0.851,0.581,0.929,0.914,0.414,0.731,0.872,0.615,0.997,0.983,0.999,0.576,0.275,0.571,0.999,1,0.623,0.993,0.393,0.527,0.535,0.63,0.682,0.452,0.523,0.142,0.597,0.536,0.535,0.843,0.804,0.758,0.999,0.342,0.556,0.842,0.49,0.997,0.593,0.608,0.94,0.698,0.995,1,0.367,0.775,0.853,0.946,0.645,0.439,0.814,0.523,0.922,1,0.405,0.994,0.551,0.573,0.6,0.666,0.11,0.959,0.939,0.989,0.99,0.69,0.436,0.86,0.66,0.827,0.391,0.811,0.723
0.297,0.911,0.999,0.71,0.552,0.532,0.323,0.902,1,0.9,0.88,0.471,0.569,0.889,0.568,0.855,0.655,0.27,0.495,0.777,0.549,0.542,0.795,0.587,0.546,1,0.481,0.999,0.984,0.99,0.254,0.982,0.953,0.576,1,0.665,0.426,1,0.564,0.983,1,0.959,0.788,0.493,0.987,0.617,1,1,0.553,0.589,0.57,0.555,0.851,0.112,0.497,0.911,0.998,0.662,0.962,1,0.699,0.786,0.999,0.247,0.651,0.835,0.567,0.957,0.662,0.448,0.995,0.797,0.616,0.993,0.999,0.986,0.99,0.6,0.596,0.934,0.961,0.882,0.45,0.601,0.577,0.578,0.99,0.419,0.368,0.606,1,0.907,0.957,0.738,0.768,0.955,0.708,0.325,1,0.422,0.134,0.872,0.692,0.954,0.578,1,0.974,0.551,0.997,0.186,0.698,0.993,0.996,0.882,0.997,0.578,0.766,1,0.997,0.68,0.455,0.807,1,0.445,0.844,0.709,0.573,0.637,0.435,1,0.871,0.466,0.957,1,0.61,0.331,0.342,0.781,1,0.997,0.999,0.806,0.928,0.58,0.706,0.777,0.452,0.453,0.534,0.996,0.889,0.967,0.475,0.918,0.949,1,0.892,0.556,0.544,0.398,0.572,0.58,0.727,0.338,0.712,0.942,0.708,0.606,0.716,0.486,0.706,0.857,0.535,0.997,0.687,0.418,0.522,0.999,1,0.828,0.7,0.845,0.676,0.338,0.085,0.948,0.883,0.536,1,0.505,0.76,0.549,0.867,0.568,0.357,0.323,0.726,0.963,0.598,0.535,1,0.528,0.492,0.994,0.8,0.792,0.719,0.559,0.352,0.815,0.953,0.904,0.588,0.658,1,0.632,0.618,0.962,0.805,0.626,1,0.884,0.516,0.974,0.746,0.885,0.258,0.702,0.898,0.581,0.275,0.983,0.909,0.981,0.872,0.79,0.364,0.918,0.744,0.645,0.469,1,0.587,1,0.975,0.603,0.862,0.897,0.823,1,0.58,0.863,0.501,0.567,0.712,0.996,0.478,0.508,0.877,0.999,0.544,0.906,0.913,0.482,1,0.997,0.633,0.937,0.769,0.707,0.829,0.88,0.634,0.528,0.755,0.752,0.924,0.479,0.405
0.851,0.978,0.533,0.94,0.906,0.966,0.499,0.611,0.999,0.969,0.999,0.645,0.659,0.756,0.571,0.75,0.72,0.684,0.795,0.602,0.963,0.592,0.862,0.404,0.636,1,0.547,0.803,0.949,0.328,0.597,1,0.434,0.626,0.81,0.923,0.371,0.976,0.847,0.641,0.98,0.549,0.564,0.523,0.457,0.505,0.775,0.861,0.547,0.692,0.602,0.475,1,1,0.664,1,0.99,0.602,0.998,0.812,0.743,0.642,1,0.995,0.415,0.566,0.921,0.652,0.537,0.72,0.435,0.624,0.657,0.641,0.979,0.63,0.981,0.422,0.995,0.867,0.292,0.523,0.874,0.974,0.45,0.526,0.297,0.542,0.891,0.941,0.454,0.963,0.39,0.603,0.666,0.404,0.692,0.338,0.468,0.738,0.987,0.532,0.761,0.991,0.758,0.73,0.411,0.758,0.961,1,0.675,1,0.268,0.692,0.994,0.768,0.966,0.394,0.767,0.604,0.909,0.648,0.151,0.575,0.474,0.996,0.403,0.618,0.615,0.985,0.997,0.727,0.307,0.992,0.36,0.389,0.435,0.728,0.848,0.505,0.711,0.373,0.672,0.741,0.778,0.77,0.408,0.867,1,0.406,0.433,0.609,0.978,0.429,0.976,0.998,0.965,0.986,0.818,0.796,0.569,0.788,0.997,0.522,0.998,0.963,0.549,0.93,0.973,0.865,0.508,0.453,0.861,0.715,0.613,0.703,0.737,0.702,0.795,1,0.628,0.322,0.785,0.991,0.615,0.951,0.647,0.983,0.855,0.896,0.559,0.667,1,0.844,0.858,1,0.491,1,0.906,0.854,0.666,0.65,0.834,0.999,0.978,0.957,0.451,0.916,0.892,0.463,0.44,0.985,0.845,0.72,0.842,0.621,0.414,0.917,0.569,0.784,0.944,0.719,0.609,1,0.94,0.398,1,0.539,0.915,1,0.791,1,0.931,0.443,0.811,0.529,0.998,0.972,0.785,0.798,0.555,0.99,0.554,0.733,0.995,0.982,1,0.51,0.891,0.997,0.541,0.559,0.556,0.787,0.831,0.318,0.518,0.548,0.981,0.591,0.683,0.978,0.972,0.573,1,0.525,0.713,0.907,1,0.905,0.893,0.725,0.83,0.621,0.851,0.314,0.779,1,0.887
0.596,0.991,0.954,0.389,0.99,0.476,0.66,0.733,0.865,0.363,0.995,0.581,0.29,1,0.685,0.54,0.955,0.475,0.983,0.995,0.827,0.672,0.329,0.712,0.543,0.999,0.479,0.973,0.665,0.723,0.956,0.528,0.602,0.734,0.62,0.619,0.498,0.932,0.381,0.984,0.858,0.566,0.795,0.841,0.408,0.988,0.065,0.74,0.885,0.475,0.988,0.92,0.642,0.991,0.897,0.83,0.907,0.428,0.444,0.834,0.835,0.934,1,0.273,0.926,0.857,0.564,0.632,0.724,0.711,0.535,0.932,0.65,0.892,1,0.399,1,0.841,0.852,0.975,0.897,0.966,0.52,1,0.876,0.692,0.618,0.713,0.583,0.594,0.97,0.992,0.418,0.665,0.722,0.603,0.968,1,0.754,0.663,0.894,0.398,0.561,0.573,0.618,0.977,0.91,0.943,0.523,0.65,0.751,0.141,0.665,0.405,1,0.845,0.719,0.959,0.725,0.555,0.683,0.184,0.992,0.56,0.35,0.801,0.499,0.924,0.634,0.99,0.947,0.502,0.734,0.781,1,0.563,0.559,0.949,0.265,0.912,1,0.39,0.301,0.553,0.713,1,0.852,0.771,0.577,0.57,0.999,0.953,0.451,0.583,0.955,0.836,0.999,1,0.907,0.997,0.443,1,1,0.995,0.98,0.997,0.454,0.61,0.303,0.396,0.975,0.491,0.953,0.985,0.616,0.361,0.696,0.717,0.766,0.393,0.483,0.997,0.642,0.862,0.867,0.675,0.996,0.38,0.773,0.629,0.674,0.59,0.983,0.662,1,0.718,0.871,0.662,0.193,0.894,0.359,0.528,0.662,0.724,0.555,0.915,0.372,0.792,0.15,0.834,0.977,0.255,0.571,0.742,0.887,0.752,0.386,0.461,1,0.755,0.999,0.257,0.92,1,0.871,0.353,0.915,0.547,0.964,0.55,1,1,0.978,0.95,0.675,0.92,0.976,0.769,0.972,0.595,0.94,0.94,0.682,0.404,0.396,0.452,0.534,0.993,0.355,1,0.492,0.338,0.55,0.923,0.992,0.722,0.794,0.65,0.783,0.117,0.651,0.999,0.498,0.8,0.53,0.424,0.951,0.992,0.714,0.639,0.982,0.379,1,0.934,0.712,0.976,0.999,0.449,0.917
0.283,0.96,0.64,0.993,1,0.438,0.901,0.994,1,0.996,0.961,0.632,0.667,0.852,0.988,0.597,0.646,0.516,0.96,0.909,0.8,0.553,0.799,0.99,0.592,1,0.44,0.562,0.913,0.786,0.808,0.83,0.663,0.998,0.546,0.842,1,0.69,0.147,0.944,1,0.58,0.734,0.543,0.771,0.507,0.931,0.947,0.529,0.414,0.463,0.749,0.98,0.992,0.651,0.568,0.941,0.593,0.987,0.952,0.948,0.542,0.844,0.796,0.558,0.881,1,0.402,0.757,0.51,0.504,0.942,0.865,0.988,1,0.973,0.955,1,0.71,0.76,0.808,0.662,0.463,1,1,0.954,0.798,0.619,0.999,0.579,0.752,0.93,1,0.491,0.948,0.678,0.586,0.386,0.213,0.691,0.832,0.731,0.608,0.841,0.829,0.35,0.351,0.967,0.909,1,0.998,0.834,0.605,0.757,0.038,0.61,0.784,0.95,0.884,0.562,0.546,0.861,0.66,0.874,1,0.813,0.561,0.546,0.458,0.739,0.149,0.687,0.996,0.93,0.98,0.998,0.676,0.782,0.764,0.696,0.763,0.854,0.65,0.473,0.953,0.74,0.574,0.439,0.705,0.739,0.81,0.746,0.976,0.657,0.562,0.307,0.83,0.327,0.741,0.966,0.891,0.391,1,0.336,0.594,0.399,0.492,0.901,1,0.433,0.732,0.505,0.725,0.528,0.99,0.554,0.633,0.648,0.906,0.912,0.475,0.894,0.83,1,0.924,0.708,0.469,0.793,0.776,0.341,0.33,0.809,0.987,0.436,0.849,0.995,0.944,0.778,0.995,0.463,0.933,0.59,0.675,0.841,0.991,0.577,0.624,0.534,1,0.764,0.686,0.973,0.89,0.334,1,0.998,0.807,0.755,0.688,0.628,0.348,0.985,0.577,0.925,0.679,0.882,0.643,0.665,0.439,0.942,0.973,0.675,0.997,0.919,0.528,0.519,0.313,0.577,0.712,0.301,0.588,0.964,0.889,0.042,0.41,0.774,1,0.771,0.442,1,0.707,0.822,0.559,0.733,0.744,0.923,0.996,0.558,0.721,1,0.747,0.596,0.971,0.472,0.82,0.601,0.468,0.665,0.326,0.787,0.997,0.521,0.985,0.999,1,0.664,0.734,0.635,0.989
0.991,0.97,0.567,0.962,0.525,0.625,0.957,1,1,0.164,0.986,0.559,1,0.999,0.642,0.448,0.48,0.604,0.343,0.911,0.436,0.955,1,0.418,0.867,0,0.924,0.513,0.761,0.405,0.866,0.966,1,0.845,0.632,0.929,0.341,0.95,0.96,0.998,0.828,0.385,0.929,0.593,0.845,0.484,1,1,0.64,0.466,0.97,0.442,0.285,0.991,0.981,0.997,0.292,0.633,0.657,0.705,0.997,0.619,0.581,0.966,0.771,0.991,0.998,0.653,0.799,0.409,0.719,0.58,0.324,0.626,0.299,0.623,0.563,0.842,0.771,0.971,0.765,0.646,0.472,0.998,0.69,0.694,0.357,0.919,0.779,1,0.866,0.943,0.639,0.904,0.456,0.627,0.625,0.384,1,0.892,0.352,0.559,0.526,0.759,0.432,0.864,0.75,0.769,0.584,0.881,0.77,0.994,0.651,1,0.992,0.584,0.77,0.781,0.487,0.406,0.996,0.53,0.841,0.471,0.425,0.891,0.656,0.546,0.648,0.321,1,0.651,0.999,0.124,0.974,1,0.748,0.881,0.99,0.827,0.86,0.947,0.561,0.664,0.703,0.86,0.424,0.736,0.767,0.623,0.518,0.873,0.997,0.425,0.8,0.806,1,0.309,0.816,0.928,0.927,0.983,1,0.297,0.468,0.577,0.604,0.193,0.686,0.424,0.918,0.573,0.794,0.625,0.256,0.469,0.638,0.763,0.889,0.373,0.555,1,0.529,0.541,0.999,0.997,0.633,0.995,0.898,0.633,0.997,0.646,0.687,0.617,0.996,1,0.787,0.786,0.902,0.627,0.658,0.86,0.812,0.977,0.999,0.565,0.994,0.544,0.683,0.533,0.859,0.053,0.382,0.519,0.998,1,0.87,0.531,0.835,0.683,0.186,0.838,0.662,0.44,0.855,1,1,0.98,0.927,0.843,0.894,0.905,0.926,0.869,0.606,0.586,0.997,0.896,0.722,0.725,0.667,0.995,0.726,1,0.794,0.861,0.991,0.669,0.365,0.987,0.553,0.999,0.751,0.745,0.702,0.912,0.738,0.521,0.635,0.049,0.631,0.921,0.413,0.783,0.35,0.898,0.923,1,0.83,1,0.729,0.571,0.97,0.921,0.362,0.637,0.679,0.718,0.609
