0.995,0.171,0.125,0.835,0.842,0.686,0.994,0.92,1,1,0.057,0.29,0.99,0,0.598,0.494,0.336,0.165,0.669,1,1,0.096,0.91,0.609,0.086,0.004,0.632,1,0.95,0.742,0.665,0.374,0.992,0.898,0.821,0.005,0.859,1,0.289,0.375,1,0,0.048,0.496,0,0.994,1,1,0.944,0.867,0.242,0.889,0.855,0.579,0.677,0.688,0.416,1,1,0.379,0.999,0.133,1,0.553,0.005,0.532,0.962,0.827,0.708,0.533,0.645,0.837,0.703,0,1,0.988,1,0.843,0.995,0.939,0.762,0.384,0.556,0.213,0.519,0.693,0.843,0.948,0.976,0.506,1,0.43,0.749,0.651,0.968,0.452,0.632,0.333,1,0.254,1,0.65,0.021,0.527,0.996,0,1,0.654,0.111,0.892,0.474,0.158,0.73,0.18,1,0.304,1,0.39,0.817,0.623,0.067,0.973,0.005,0.173,0.216,0.484,0.518,0.678,0.804,0.993,0.44,0.548,0.247,0.538,0.964,0.035,0.822,0.698,0.27,0.493,0.832,0.97,0.983,0.106,0.74,0.027,0.75,0.406,0.724,0.941,0.126,0.981,0.743,0.028,1,1,0,1,0.504,0.506,0.792,1,0.248,0.574,0.061,0.02,0.991,0.911,0.815,0.539,1,0.664,0.313,0.695,1,0.3,0.989,0.142,0.784,0.086,0.958,1,0.06,0.996,0.96,0.648,0.972,0.999,0.932,0.521,0.98,0.931,1,0.83,0.908,0.676,0.029,0.948,0.048,0.976,0.994,0.552,0.41,0.052,0.997,0.748,0.994,0.495,1,0.01,0.986,0.996,0.694,0.837,0.059,0.999,0.265,0.157,0.048,0.804,0.88,0.906,0.924,0.862,0.903,0.33,0.22,0.729,0.609,1,0.488,0.544,0.922,0.138,0.579,0.541,1,0.875,0.023,0.999,0.489,0.649,0.434,1,1,0.5,1,0.659,0.986,1,0.374,0.911,0.802,0.9,0.998,0.772,0.734,0.787,0.183,0.999,0.602,0.398,1,0.525,1,0.938,0.141,0.422,0.697,0.537,0.993,0,0.996,0.948,0.936,0.421,0.843,1,0.556
1,0.147,0.004,1,0.304,0.967,1,0.138,0.967,0.742,0.54,0.549,0.022,0.463,0.834,0.755,0.295,0.996,0.57,1,0.383,0.286,0.982,0.132,1,1,0.4,0.097,0.864,0.487,0.992,0.151,0.95,0.808,0.663,0.999,0.96,0.099,0.191,0.956,0.851,0.999,0.994,0.212,1,0.423,1,1,0.42,0.66,0.868,0.934,1,1,0.708,0.938,0.478,0.348,0.634,0.993,0,0.004,0,0.973,0.36,0.059,0.482,0.849,0.267,0.743,0.65,0.773,0.578,0.983,0.999,0.028,0.35,0.997,0.105,0.924,0.718,0.808,0.952,1,0.693,0.468,0.39,0.054,0.181,0.08,0.981,0.968,0.888,0.166,0.918,0.325,0.81,0.975,0.342,0.95,0.109,0.781,0.002,1,0.389,1,1,0.354,1,0.027,0.692,0.917,0.989,0.503,0.888,0.517,0.967,0.726,0.001,0.625,0.913,0.57,0.017,0.552,1,0.991,0.366,0.648,0.794,0.972,0.997,0.482,0.472,0.285,0.909,0.175,1,0.505,0,0.715,1,0.997,0,0.46,0.193,0.998,0.013,1,0.732,0.348,0.698,1,0.975,0.49,1,1,0.996,0.006,0.752,0.191,0.217,0.935,1,0.933,0.998,0.01,0.614,1,0.096,0.815,0.649,0.463,0.805,0.998,0.999,0.873,0.169,0.689,0.391,0.615,0.969,0.792,0.994,1,0.53,0.944,0.77,0.834,1,0.359,1,0.922,0.999,0.998,0.003,1,0.753,0.497,0.858,0.136,0.391,0.45,0.736,0.965,0.971,0.979,0.666,1,1,0.984,0.928,0,0.016,0.974,1,0.535,1,0.834,0.986,0.9,1,0.95,0.533,0.975,0.666,0.769,1,0.569,0.905,0.922,0.745,0.975,0.256,1,0.551,0.54,0.009,0.6,0,0.933,0.815,0.998,0.248,0.008,0.006,0.976,0.898,0.493,0,0.262,0.858,0.768,0.54,0.372,0.945,0.967,0.963,0.28,0.701,1,0.987,1,0.021,0.606,0.861,0.533,0.041,1,0.998,0.51,0.405,1,0.219,0.73,0.84,0.498,0.995,0.737,1
0.609,0.999,0.412,0.989,0.984,0.09,0.311,0.208,0.673,1,0.6,0.172,0.974,0,0.766,0.3,0.996,0.407,0.945,0.055,0.869,0.719,0.452,0.999,0.493,1,0.574,0.956,1,0.798,0.999,0.877,0.998,0.873,0.977,0.762,0.912,1,0.371,0.651,0.999,0.68,0.891,0.927,0.953,0.785,1,0.999,0.37,0.94,1,0.522,0.004,1,0.635,0.267,0.984,0.141,0.821,0.728,0.446,1,1,0.995,0.723,0.993,0.95,0.127,0.352,0.669,0.174,0.48,0.995,0,1,1,0.64,0.883,0.318,0.996,0.971,0.635,0.752,0.999,0.742,0.004,0.536,0.468,1,0.918,0.865,1,0.217,0.562,1,0.972,0.794,0.845,0.001,0,0.557,0.823,0.101,1,0.191,0.96,0.324,0.908,0.689,1,0.586,0.983,0.612,0.643,1,0.318,0.984,0.519,0.985,0.991,0.071,0.549,0.953,0.983,0.955,0.218,0.484,0.939,0.524,0.01,0.969,0.511,0.583,0.998,0.69,0.179,0.968,0.53,0.999,0.997,0.469,0.049,0.002,0.568,0.517,0.008,1,0.983,1,0.743,0.764,0.112,0.81,0.515,0.993,0.725,0,1,0.842,0.191,0.687,1,0.997,1,1,0.075,0.723,0.999,1,0.074,0.969,0.631,0.995,0.759,1,0.624,0.07,0.894,0.32,0.305,0.457,0.997,0.116,0.136,0.284,0.991,0.772,1,0.962,0.809,0.22,0.775,0.088,0.56,0.999,1,1,0.299,1,0.675,1,0.461,0.21,0.998,0.133,0.289,0.495,0.577,0.958,0.861,0.664,0.993,0.998,0.661,0.992,0.932,0.456,0.739,0.6,0.37,0.962,0.986,0.562,0.732,0.632,0.999,1,0.917,0.999,1,0.09,1,0.996,0.499,0.864,0.843,1,0.228,0.732,0.998,0.844,0.946,0.382,0.634,0.96,0.84,1,0.472,0.891,1,0.477,0.993,0.404,0.874,0.673,0.736,0.063,0.292,0.617,0.047,0.7,0,0.797,0.559,0.735,0.59,0.955,0.991,1,0.192,0.921,0.577,0.998,0.997,0.828,0.5,0.33,0.109,0.858
0.305,1,0.84,0.075,1,0.034,0.526,1,0.984,0.909,0.97,0.058,0.818,1,0.988,0.797,0.82,1,0.512,0.998,0.54,0.961,0.919,0.092,0.782,1,0.155,0.688,0,0.995,0.962,0.996,1,0.999,0.004,0.178,0.201,0.016,0.954,1,0.992,0.944,0.494,0.601,1,0.98,0.157,1,0.749,0.616,0.929,0.98,0.975,0.292,0.812,1,0.951,0.689,0.027,0.642,0.694,1,0,0.033,0.629,1,1,0.89,0.727,0.452,0.977,1,0.76,0.964,1,1,0.992,0.769,0.404,0.377,0.075,0.701,0.485,1,0.562,0.999,0.782,0.076,0.491,0.981,0.993,0.007,0.14,0.215,0,1,0.507,0.517,0.999,0.013,0.816,0.328,0.982,0.909,0.09,0.947,0.139,0.999,0.976,1,1,0.112,0.177,0.993,1,0.556,0.473,0.624,0.984,0.297,0.181,0.947,0.979,0.51,0.983,0.927,0.55,0.349,0.998,0.007,0.991,0.999,0.524,0.967,1,1,0.129,0.823,1,0.726,0.967,1,0.421,0.541,0.912,1,0.174,0.198,0.938,0.423,0.71,0.543,0.523,1,1,0.999,0.074,0.713,0.572,0.812,0.373,0,0.965,0.249,0.134,0.439,0.554,0.008,0.881,0.898,0.977,0.725,0.203,0.942,0.83,0.443,0.003,0.517,0.561,0.184,1,0.947,0.646,0.271,0.99,0.879,0.002,0.923,0.612,0.995,0.944,0.986,0.916,0.717,0.296,1,0.778,0.439,0.186,0.845,0.948,0.564,0.586,0.009,0.243,0.263,0.647,0.891,0.177,0,0.486,0.011,1,0.862,1,0.914,0.297,0.905,0.917,0.35,0.731,0.031,0.358,1,0.975,0.633,1,0.525,0.657,0.215,0.974,0.077,0.021,0.982,0.532,0.212,0.628,0.951,0.007,0.943,0.546,0.465,0.212,0.033,0.15,0.608,0.897,0.766,0.094,0,0.138,0.095,0.342,0.159,0.88,0.995,0.131,0.68,0.994,1,0.609,0.612,1,0.404,0.578,0.682,0.893,0.987,0.814,0.187,0.182,0.002,0.68,1,0.998,0.889,0.725,0.035,0.823
0.569,0.685,0.624,0.873,0.917,0.652,0.466,0.885,0.053,0.585,0.978,0.602,0.149,1,0.806,0.498,0.384,0.883,0.317,0.937,0.777,0.637,0.173,0.663,0.618,0.616,0.5,0.714,0.996,0.626,0.85,0.055,0.005,0.334,0.878,0.011,0.888,0.704,0.869,0.749,1,0.058,0.713,0.76,1,0.582,1,0.048,0.985,0.964,0.721,0.665,0.079,0.617,0.365,0.533,0.842,0.575,0.645,0.582,0,0.902,0.999,0.718,0.012,0.998,0.557,0.804,0.919,0.533,0.891,0.864,0.767,1,0.573,0.999,0.606,0.248,0.476,1,0.853,0.991,0.453,0.01,0.503,0.506,0.752,0.796,0.762,0.888,0.999,0,0.02,1,0.854,0.569,0.992,0.235,0.962,0.58,0.996,0.997,0.002,0.991,0.227,0.961,0.968,0.106,0.999,0,1,0.932,0.885,0.317,0.048,0.309,0.87,0.91,1,0.161,0.14,1,0.992,0.803,1,0.899,0.976,0.723,0.357,1,1,0.239,0.961,0.935,0.85,0.494,0.802,0.375,1,0.638,0.884,0.922,0,0.257,0.788,0.298,0.282,0.941,0.781,0.763,0.945,0.475,0.919,0.339,0.907,0.597,0.268,0.995,0.399,0.58,0.777,0.749,0.696,0.675,0.919,0.968,0.782,0.999,0.958,0.694,0.214,0.446,0.975,0.358,0.629,0.487,0.686,0.279,0.995,0.04,0.082,0.996,0.039,0.162,0.859,1,1,1,0.889,0.791,0.28,0.998,0.714,0.968,0.994,0.361,1,0.53,0.407,0.321,0.499,0.47,0.255,0.796,0.948,1,0.732,0.37,0.991,0.743,0.677,1,0.525,0.651,1,0.908,0.515,0.997,0.293,0.181,0.106,0.997,0.968,0.071,0.204,0.765,0.033,0.664,0.24,0.985,0.745,0.964,0.992,1,0.273,0.629,1,0.98,0.693,0.889,0.631,0.463,0.455,1,0.897,0.597,1,0.387,1,0.999,0.921,0.787,0.495,0.06,0.424,0.769,0.43,0.509,0.635,1,0.585,0.998,0.28,0.504,0.575,0.286,0.636,0.991,1,0.649,0.981,0.017,0.958,0.432,0.387,0.709,0.511,0.145,0.993
0.765,0.001,0.676,0.999,0.815,0.93,0.113,0.51,1,1,1,0.659,0.636,0.058,0.347,0.422,0.177,0.007,0.642,0.978,0.989,0.668,1,0.577,0.758,0.014,0.418,0.967,0,0.863,0.678,0.706,0.517,1,0.978,0.014,0.041,0.004,0.637,0.333,1,0.996,0.226,0.432,0,0.317,1,1,0.556,0.404,0.35,0.174,0.95,0.998,0.526,0.246,0.787,0.242,0.008,0.995,1,0.764,0.051,0.667,0.948,0.733,0.999,0.85,0.862,0.432,0.708,0.128,0.523,0.034,0.076,0.907,0.194,0.789,0.93,0.819,0.663,0.866,0.409,0.703,0.988,0.046,0.591,0.879,0.747,0.568,0.879,1,0.006,0.468,0.975,1,0.292,0.976,0,0.131,0.443,0.845,0,0.482,0.571,0.475,0,0.078,0.791,0.999,0.02,0.55,0.151,0.509,1,0.335,0.884,0.434,0.055,0.573,0.735,0.083,1,0.816,0.97,1,0.67,0.349,0.521,0.004,0.082,0.779,0.994,0.569,1,1,0.348,0.995,1,0.636,0.184,0.935,1,0.399,1,0.915,0.99,0.925,0.686,1,0.994,0.021,0.996,0.603,0.501,0,1,0.986,0.999,0.779,0.496,0.434,0.935,0.668,0.038,0.681,1,0.941,0.828,1,0.506,0.533,0.353,0.859,0.972,0.953,0.89,0.489,0.061,0.46,0.599,0.652,0.333,0.268,0.97,0.184,0.671,0.998,1,0.859,0.306,1,0.906,0.228,0.534,0.146,0.552,0.814,0.894,0.362,1,0.513,0.686,1,0.629,0.423,0.216,0.036,0.021,1,0.863,0.999,1,0.515,0.032,0.974,0.757,0.125,0.928,0.998,0.995,0.717,0.365,0.993,0.256,0.723,0.052,0.718,0.995,0.944,1,0.98,1,1,0.178,0.248,0.997,0.067,0.003,0.999,0.572,1,0.911,1,0.078,0.561,1,0.333,0.919,0.868,0.329,0.994,0.53,1,0.598,0.685,0.999,0.584,0.999,1,0.772,1,0.405,0.352,1,0.902,0.021,1,0.994,1,0.809,0.9,0.041,0.049,0.975,0.446,0.946,0.961,1
0.983,0.948,0.938,0.868,0.854,0.286,0.35,0.993,1,1,0.834,0.37,0.004,0.173,0.457,0.969,0.924,0.095,0.636,0.861,0.888,0.168,1,0.735,0.704,0.988,0.643,0.945,0.006,0.547,0.998,1,0.652,0.151,0.954,0.456,0.924,0.995,0.518,0.506,0.997,0.621,0.1,0.643,0,0.925,0.004,0.081,0.748,0.956,0.069,0.777,0.401,0.08,0.644,1,0.104,0.862,0.447,1,0.839,0.834,1,0.908,0.147,1,0.817,1,0.222,0.96,0.762,0.345,0.992,1,0.478,0.998,0.893,0.494,0.041,1,0.994,0.688,0.405,0.003,0.46,0.526,0.497,1,0.195,0.998,0.254,1,1,0.448,0.988,0.993,0.272,0.618,1,0.999,0.98,0.577,0,0.025,0.853,0.003,1,0.792,0.318,0.99,0.228,1,0.432,0.263,1,0.684,0.007,0.961,0.071,0.62,0.818,0.7,0.994,0.411,0.08,1,0.826,0.597,0.471,1,0.711,0.723,1,1,0.929,0.998,0.84,0.848,0,0.435,0.018,1,1,0.959,0.888,0.006,0.014,0.19,0.767,0.231,0.951,0.786,0.674,0.327,0.58,0.99,1,1,0.979,0.51,0.366,0.297,0.081,0.955,0.959,1,0.073,0.16,0.139,0.713,0.595,0.925,0.327,0.102,0.527,0.733,0.042,0.678,0.765,0.999,0.676,1,0.088,1,1,1,0.23,0.205,0.247,0.503,0.985,0.999,0.235,0.596,1,0.995,0.652,0.993,0.007,0.808,0,0.658,0.987,1,0.805,0.992,1,0.999,0.805,1,0.563,0.013,1,0.571,0.998,0.999,0.311,0.886,0.515,0.508,1,0.628,0.999,0.783,0.241,0.88,0.674,0.743,0.85,0.996,0.307,0.991,0.686,0.358,0.51,0.408,0.845,0.985,0.069,0.691,0.533,0.358,0.524,1,1,0.446,0.006,0.846,0.998,0.581,0.997,0.317,0.458,0.958,0.51,1,0.057,0.354,0.739,0.963,0.788,0,0.999,0.566,0.998,1,0.083,0.409,0.789,0.609,0.963,0,0.064,0.963,0.992,0.864,0.395,0.004,0.536
0.971,1,0.921,0.999,0.963,0.085,1,0.843,1,0.991,1,0.732,0.054,1,0.643,0.488,0.14,0,0.636,0.009,1,0.129,1,0.311,0.851,0.999,0.723,0.627,0.994,0.834,0.238,0.998,1,0.76,1,0.002,0.573,1,0.795,0.987,0.091,0.41,0.027,0.987,0,0.473,1,0.969,0.685,0.986,0.968,0.495,0.933,0.998,0.625,0.677,0.599,0.356,0.99,0.405,0.045,0.003,0.999,1,0.006,0.833,0.996,0.076,0.64,0.407,0.571,0.688,0.703,0.869,1,1,0.899,0.589,0.879,1,0.858,0.564,0.653,1,0.046,0.369,0.249,0.087,0.934,0.438,0.054,1,0.786,0.687,0.944,0.147,0.184,0.999,0.982,0.003,0.988,0.957,1,0.027,0.044,0.768,1,0.902,0.781,0.997,0.011,0.999,0.842,0.331,1,0.601,0.025,1,0.395,0.733,0.837,1,0.029,0.542,1,0.138,0.57,0.997,0.794,0.313,1,0.575,0.999,1,1,0.375,0.228,0.72,0.877,0.294,0.035,0.439,0.863,0.896,0.495,0.815,0.054,0.253,0.77,0.875,0.195,0.025,0.927,0.427,0.931,0.998,1,0.515,0.878,0.931,0.575,1,0.992,0.891,0.923,0.902,0.314,1,0.999,0.99,0.753,0.439,0.913,0.954,0.929,0.275,0.535,0.209,0.968,0.974,0.852,0.595,0.313,0.671,0.144,0.703,0.01,0.787,0.032,0.178,1,0.193,0.775,0.611,0.02,0.992,0.994,0.855,0.937,0.362,0.676,0.531,0.18,0.026,1,0.058,0.104,0.025,0,0,0.39,0.039,1,0.803,1,0.448,0.471,0.25,0.723,0.261,0.876,0.86,0.837,0.864,0.996,0.558,0.918,0.244,0.999,0.964,0.948,0.061,0.999,0.426,0.994,0.501,0.533,0.757,0.645,0.639,0.561,0.453,0.838,0.036,1,0.542,1,0.66,1,1,0.271,0.029,0.439,0.032,0.611,1,0.995,0.555,0.471,1,0.503,1,0.983,0.59,0.934,0.253,0.037,0.983,0.758,0.239,1,0.663,0.653,1,1,0.528,1,0.31,0.689
0.699,0,0.088,0.386,1,0.886,0.535,0.737,1,0.911,0.785,0.573,0.791,1,0.596,0.443,1,0.988,0.986,0.459,0.997,0.558,0.343,0.469,0.098,1,0.997,0.76,1,0.489,0.972,0.736,0.905,0.214,0.999,0.188,0.525,0.364,0.786,0.881,0.06,0.996,1,0.593,0.09,0.52,0.994,1,0.665,0.553,0.132,0.97,0.473,1,0.502,0.918,0.184,0.1,0.117,0.877,1,0.99,1,1,0.158,0.996,0.589,0.187,0.71,0.619,0.642,0.659,1,1,0.705,0.654,0.519,0.497,0.668,0.316,0.645,0.9,0.892,1,0.359,0.001,0.695,0.77,0.073,0.102,0.025,0.004,0.999,0.073,0.001,0.69,0.344,0.777,1,0.594,0.42,0.766,0.915,0.944,0.275,0.021,0,0.205,0.843,0.957,0.912,0.617,1,0.541,1,0.433,0.01,0.983,0.776,0.116,0.431,0.936,0.039,0.139,0.285,0.85,0.707,0.501,0.538,0.609,1,0.616,0.189,0.986,0.844,0.897,0.27,0.412,1,0.813,0.151,1,1,0.624,0.994,0.015,0.807,1,0.951,0.755,0.065,0.429,0.422,0.998,0.576,0.995,0.136,0.282,0.359,1,0.351,1,0.982,0.904,1,1,0.409,0.967,0.86,0.193,0.493,0.556,0.44,0.057,0.885,0.565,0.996,0.986,1,0.372,0.25,0.577,0.993,0.978,0.18,0.506,0.591,0.988,0.986,0.998,0.03,0.301,1,0.429,1,0.48,0.055,0.277,1,0.545,1,0.489,0.67,0.152,0.999,0.525,0.787,0.95,1,0.925,0.885,0.978,1,0.832,1,1,0.597,0.955,0.782,0.131,0.633,1,0.532,0.932,0.571,0.518,0.323,0.349,1,0.961,0.009,0.152,0.889,0.004,0.595,0.396,0.395,1,0.98,0.806,0.476,1,0.713,1,0.378,0.72,0.999,0.303,0.984,0.053,0.197,0.186,0.55,1,0.542,0.037,0.596,0.453,0.926,0.003,0.352,0.107,0.195,0.657,0.644,0.335,0.02,0.967,0.453,0.594,0.999,0.007,1,0.147,0.804,0.997,1,1,1
1,0.992,0.016,0.585,0.057,0.39,0.508,1,1,1,1,0.991,0.006,1,0.469,0.496,0.329,0.958,0.424,0.29,0.034,0.642,1,1,0.309,1,0.59,0.722,0,1,0.303,0.07,1,0.429,1,0.019,1,1,0.76,1,0.018,0.181,1,0.623,0.074,0.395,0.002,0.997,0.501,0.701,0.447,1,0.449,0.819,0.605,0.332,0.999,0.156,0.297,0.108,1,0.999,1,1,0.796,0.6,1,0.766,0.964,0.831,0.997,0.87,0.821,0.064,0.976,0.956,0.538,1,0.995,0.836,0.251,0.67,0.99,0.415,0.155,0.872,0.933,0.994,0.883,0.781,0.983,0.993,0.135,0.158,0,0.445,0.639,0.945,0.042,0.701,1,0.608,1,0.213,0.949,0.242,0.212,0.953,0.736,1,0.784,1,0.671,0.562,0.958,0.784,0.777,0.57,0.118,0.668,0.796,0.996,0.21,0.364,0.007,0.009,0.397,0.773,0.27,0.719,0.955,0.906,0.886,0.944,1,0.59,0.379,0.985,0.002,0.46,0.993,0.13,1,0.291,0.17,1,0.032,0.326,0.845,0.067,0.14,0.309,1,0.041,0.147,0.986,0.279,0.629,0.639,0.911,0.663,0.892,1,0.973,0.81,1,0.001,0,0.984,0.715,0.29,0.588,0.526,0.723,0.678,0.993,0.206,0.836,0.024,1,0.949,1,1,0.999,0.622,0.91,0.11,0.693,0.584,0.725,0.939,0.741,1,0.156,0.981,1,0.461,1,0.906,0.123,0.184,0.541,0.853,0.925,1,1,0.544,0.038,0.26,0.881,0.135,1,0.08,0.618,0.845,0.875,0.642,0.861,0.502,0.596,1,1,0.456,0.884,0.17,0.736,0.101,0.998,0.939,0.884,0.852,0.998,0.316,0.552,0.844,0.686,0.936,0.293,0.275,0.997,0.412,0.585,0.169,0.994,1,0.406,1,0.715,0.996,0.646,0.131,0.916,0.374,0.108,0.402,0.087,0.281,0.244,0.965,1,0.944,0.097,0.546,0.369,0.983,1,0.979,1,0.909,0.728,0.698,0.999,0.316,1,0.725,0.333,0.042,0.043,0.992
0.908,0.564,0.47,0.042,0.009,1,0.738,0.987,0.008,0.937,0.654,0.736,0.862,1,0.623,0.419,0.605,1,0.673,0.974,0.073,0.556,0.6,0.885,0.457,1,0.915,0.904,0,0.999,1,0.301,0.573,0.923,0.962,1,0.176,0.023,1,0.998,0.225,0.111,0.984,0.719,0.978,0.711,1,0.966,0.47,0.107,0.646,0.586,0.949,1,0.997,0.999,0.725,0.787,0.975,0.254,0.324,0.97,1,1,0.003,0.805,1,0.981,0.278,0.6,0.644,0.662,0.928,0.981,0.996,0.959,0.36,0.979,0.92,0.833,0.305,0.694,0.697,0.922,0.924,0.933,0.31,0.74,0.968,1,0.933,0.01,0.518,0.929,0.74,0.423,0.889,0.656,1,0.122,0.824,0.499,0,0.917,0.875,0.031,1,0.674,0.215,0.567,0,0.982,0.241,0.789,0.999,0.674,1,0.997,1,0.24,0.563,1,0.842,0.228,0.625,0.608,0.446,0.363,0.425,0.955,0.499,0.441,0.564,0.094,0.925,0.969,0.911,0.463,0.585,0.638,0.996,0.808,0.986,0.684,0.659,0.001,0.984,0.995,1,0.151,0.193,1,0.935,0.66,1,0.956,0.494,0.053,0.584,0.135,0.996,0.605,0.784,1,0.305,1,0.98,0.958,0.864,1,0.791,0.506,0.537,0.984,0.287,0.522,0.954,1,0.812,0.459,0.293,0.247,0.036,0.989,0.977,0.86,1,0.233,0.998,0.925,0.904,0.283,0.178,0.873,1,0.779,0.139,0.66,1,1,0.942,0.589,0.907,0.685,0.151,0.862,0.972,0.716,0,1,0.188,0.998,0.001,0.543,0.55,0.947,1,0.458,0.99,0.123,0.952,0.574,0.306,0.196,0.623,0.835,0.584,0.76,0.494,0.775,0.803,1,0.081,0.79,0.233,0.31,0.861,1,0.997,0.825,0.668,0.926,0.23,0.999,0.722,0.676,1,0.62,0.068,0.001,0.371,0.534,0.505,0.095,0.713,0.605,0.947,0.283,0.786,1,0.533,0.964,0.999,0.357,0.888,0.971,1,0.328,0.149,0.84,1,0.981,0.865,0.935,0.965,0.688,0.307,0.677,0.999
0.774,0.503,0.374,0.034,0.965,0.045,1,0.152,0.269,0.02,0.62,0.114,1,1,0.919,0.765,0.697,1,0.85,1,0.905,0.779,0.057,0.717,0.8,0.784,0.813,0.051,0.009,0.283,0.7,1,0.999,0.966,0.921,0.997,1,0.995,0.992,0.866,0.011,1,0.932,0.999,0.943,0.244,1,0.97,0.584,1,0.983,0.737,1,0.972,0.918,0.97,0.122,0.599,0.042,0.825,0.018,1,0.001,0.891,0.999,0.878,0.187,0.807,0.569,0.775,0.304,0.771,0.881,0,0.856,0.012,0.999,0.456,0.155,0.997,0.195,0.931,0.428,0,0.691,0.452,0.204,0.629,0.925,0.799,1,0.995,0.108,0.128,0.001,0.989,0.349,0.578,0.963,1,0.98,0.132,0,0.667,0.415,0.29,1,0.874,0.997,0.992,0.124,0.972,0.636,0.814,0.998,0.412,0.24,0.759,1,0.911,0.999,0.528,0.998,0.563,0.512,0.939,0.512,0.819,0.903,0.984,1,0.66,0.994,0.84,0.991,0.948,0.898,0.263,0.356,0.972,0.164,0.408,1,0.851,0.791,0,0.01,0.829,0.961,0.998,0.149,0.012,0.362,0.409,0.111,0.002,1,0.945,0.597,0.125,0.219,0.082,1,0.018,1,0.261,0.624,0.093,0.892,0.002,0.996,0.626,0.309,1,0.897,0.502,0.782,0.802,0.999,0.883,0.05,0.975,0.885,0.024,1,0.833,0.994,0.91,0.356,1,0.879,1,1,0.188,0.971,1,0.757,0.431,0.058,0.844,0.996,0.671,1,0.968,0.966,1,0.744,0.956,0.059,0.365,0.437,0.734,0.974,0.53,0.988,1,0.957,0.051,1,0.588,1,0.557,0.492,0.255,0.782,0.961,0.975,0.943,0.328,1,0.448,0.95,0,0.001,0.481,0.562,0,0.865,0.977,0.525,0.463,1,0.597,1,0.908,0.76,1,0.295,0.382,1,0.21,0.676,0.442,0.978,0.524,0.584,0.691,0.423,0.186,1,0.308,0.292,0.983,0.507,0.771,0.615,1,1,0.098,0.272,0.486,0,1,0.229,0.037,0.54,0.882,0.243,0.008
0.058,1,0.977,0.102,0.99,0.572,0.898,1,1,0.812,0.997,0.409,0.98,0.111,0.647,0.673,0.662,0.099,0.54,0.805,0.026,0.562,0.406,0.057,0.885,1,0.611,0.65,0.969,0.918,0.811,0.586,0.941,0.709,1,0.773,1,1,0.403,0.504,0.984,1,1,0.607,0.454,0.58,0,0.645,0.528,0.728,0.609,0.639,0.932,0.563,0.496,0.957,0.779,0.829,0.041,0.994,0.727,0.119,0.978,0.934,0.8,0.232,1,0.924,0.463,0.68,0.598,0.245,0.213,1,0.999,0.822,0.475,0.676,0.818,0.216,1,0.554,0.342,1,0.998,0.1,0.187,0.893,0.016,1,0.009,1,1,0.623,0.004,0.648,0.974,0.405,0.016,0.108,0.698,0.718,0.801,0.802,0.416,0.543,0.004,0.987,0.742,0.011,0.888,1,0.964,0.367,0.006,0.308,0.999,0.883,0,0.365,1,0.899,0.915,0.481,0.998,0.98,0.387,0.59,0.953,0.774,0.994,0.469,1,0.999,0.058,0.854,0.539,1,0.009,0.404,0.418,1,0.997,0.591,0.594,0.148,0.924,0.691,0.998,0.859,0.96,0.531,0.359,0.291,0.119,0.578,1,0.959,0.538,0.973,0.543,0.001,1,0.275,0.929,0.051,0.001,1,0.883,0.029,0.861,0.555,0.843,1,1,0.28,0.006,0.825,0.407,0.978,0.166,0.94,0.721,0.005,0.897,0.165,0,0.626,0.845,0.935,0.05,0.386,0.105,0.623,1,0.003,0.014,0.458,0.9,0.531,0,0.579,0.265,0.293,0.597,0.857,0.996,0.661,1,0,0.699,1,0.956,0.943,0.317,0.956,0.021,1,0.965,0.642,0.914,0.997,0.709,1,1,0.321,0.87,0.803,0.019,0.306,1,0.838,0.791,0.956,0.775,0.222,0.151,0.744,1,0.694,0.848,0.918,0.352,0.999,0.913,0.703,0.816,0.308,0.012,0.999,0.258,0.451,0.561,0.683,0.646,0.968,0.756,0.391,0.674,1,0.847,1,0.894,0.971,0.266,0.486,0.549,1,0.584,0.621,0.116,0,1,0.998,0.762,0.538,0.78,0.914,0.385
1,0.301,1,0.728,0.563,0.99,0.243,0.989,0.999,0.411,0.888,0.031,0.549,0,0.591,0.42,0.76,0.741,0.721,0.863,0.994,0.143,1,0.528,0.706,1,0.514,0.999,0.998,1,0.403,0.832,0.004,0.858,0.75,0.015,0.014,0.981,0.724,0.815,0.937,0.858,0.775,0.729,1,0.72,1,0.15,0.859,1,0.21,0.776,1,1,0.966,0.291,0.412,0.668,0.351,0.231,0.072,0.007,1,0.84,0.497,0.121,0.385,0.41,0.804,0.989,0.442,0.946,0.274,0.977,1,0.982,0.981,0.683,0.789,0.831,0.776,0.247,0.158,0.324,0.803,0.001,0.991,0.233,0.028,0.203,0.046,1,0.068,0.624,0.001,0.766,0.907,0.504,0.983,0.432,1,0.65,1,0.997,0.999,0.987,0.438,0.202,0.875,0.088,1,0.97,1,0.633,1,0.387,0.114,0.148,0,0.335,0.937,0.866,0.011,0.737,0.01,0.927,0.456,0.704,0.434,0.492,1,0.667,1,0.816,0.521,0.117,0.981,0.672,1,0.749,0.155,0.001,0.055,0.381,0.661,1,0.609,0.008,0.645,0.856,1,0.823,1,0.978,0.999,1,0.534,0.915,0.665,0.838,0.887,1,0.977,0.848,0.859,0.024,0.001,0.013,0.999,0.965,0.806,0.625,0.67,0.847,0.913,0.784,0.009,0.368,0.861,1,0.81,0.434,0.06,1,1,0.584,0.495,0.968,1,0.748,0.95,0.312,1,0.345,0.228,1,0.311,0.262,0.836,0.63,0.791,0.389,0.637,0.284,0.883,0.483,0.807,0.669,1,0.03,0.213,1,0.001,0.459,0.079,1,0.938,0.197,0.705,0.249,0.062,0.045,0.816,0.815,0.44,0.92,0.497,0.254,0.953,0.145,1,1,1,0.827,0.325,0.541,0.986,1,0.015,1,0.936,0.076,0.987,1,0.002,0.547,1,0.373,0.919,0.968,0.257,0.437,0.365,0.017,0.402,0.073,1,0.457,0.642,0,0.349,0.789,0.95,0.906,0.482,0.781,0.998,1,0.885,0.401,1,0.127,0.984,1,1,0.987,0.499,0.026,0.597
0.822,0.949,0.207,0.95,1,0.771,0.708,0.595,0.002,0.791,1,0.26,1,1,0.476,0.554,0.369,0.001,0.57,0.963,0.946,0.215,0.395,0.349,0.04,0.498,0.247,0.037,0.556,0.193,1,0.853,0.791,0.153,0.887,0.439,0.201,0.999,0.999,0.78,1,0.815,1,0.274,0.116,0.606,0.903,1,0.619,0.296,0.01,0.281,0.136,1,0.434,0.895,1,0.915,0.999,0.045,0.808,0.961,1,0.994,0.975,0.994,0.029,0.692,1,0.999,0.672,0.978,0.331,0,1,0.967,0.413,0.447,1,0.239,0.617,0.604,0.469,1,0.244,0.001,0.494,0.497,0.373,0.951,0.954,1,1,0.543,0.987,0.965,0.577,1,0.016,0.352,0.054,0.964,1,0.958,0.679,1,1,0.178,0.635,1,0.804,1,0.138,0.905,0.017,0.562,0.142,0.4,0.194,0.467,0.72,0.088,0.99,0.196,0.938,1,0.299,0.516,0.654,1,0.998,0.77,0.785,0.656,0.942,0.722,0.995,0.948,1,0.632,0.221,0.02,0.049,0.218,0.918,1,0.903,1,0.388,0.526,0.482,0.944,0.01,0.088,0.22,1,1,1,0.626,0.358,0.159,1,1,0.995,0.476,0.148,0.002,0.483,0.976,0.314,0.706,0.539,0.903,0.957,0.209,0.39,0.008,0.339,0.321,0.995,0.679,0.975,0.673,0.11,0.597,0.262,0.133,0.89,0.091,0.551,0.767,0.266,0.023,0.502,0.998,0.975,0.996,0.39,0.946,0.415,0.993,0.526,0.389,0.012,0.114,0.138,0.234,1,0.958,0,0.249,0.245,0.041,0.999,0.998,0.131,0.984,0.166,0.038,0.164,0.997,0.869,0.597,0.509,0.438,1,1,0.425,1,0.074,0.271,0.473,1,0.015,0.587,0.954,1,0.687,0.028,0.179,0.285,0.875,0.237,0.075,0.005,0.897,1,0.683,1,1,0.539,1,0.547,0.039,0.972,0.47,0.719,0.445,0.656,1,0.807,1,0.767,0.517,0.491,0.369,0.744,0.999,0.149,0.702,0.164,0.975,1,0.868,0.25,0.931,0.408,0.239,0.535
0.886,0.147,0.965,1,0.937,0.839,1,0.954,1,0.852,1,0.856,0.391,0.023,0.381,0.303,0.737,0.313,0.724,0.166,0.5,0.185,0.927,0.356,0.999,0.006,0.361,0.847,1,0.978,0.283,0.654,0.002,0.217,0.912,0.017,0.595,0.949,0.578,0.448,0.479,0.911,0.804,0.933,1,0.599,0.929,0.905,0.371,0.661,0.999,0.465,0.991,0.971,0.693,0.605,0.52,0.216,0.765,0.935,0.002,0.032,0.863,0.129,0,0.307,0.889,0.355,0.883,0.491,0.581,0.981,0.969,1,0.005,1,0.86,0.513,1,0.845,0.26,0.644,0.791,0.997,0.842,0.146,1,0.834,0.037,0.591,0.966,0.032,0.717,0.676,1,0.006,0.59,1,0.003,0.144,0.614,0.823,0,1,0.984,1,0,0.605,0.644,0.999,0.963,1,0.816,1,0.729,0.626,0.003,0.764,1,0.289,0.084,0.566,1,0.517,0.121,0.944,0.743,0.462,0.897,1,0.981,0.38,0.121,1,0.891,0.981,0.132,0.688,0.995,0.932,0.663,0.898,0.999,0.54,0.849,0.822,0.382,0.999,0.028,0.945,0.83,0.086,1,0.156,0.031,1,0.955,0.164,0.676,0.994,0.503,0.854,0.708,0.999,0.934,1,1,0.992,0.933,0.759,0.77,0.542,0.636,0.827,0.538,0.519,0.047,1,0.693,0.995,0.595,0.934,0.821,1,0.994,0.2,0.349,0.297,1,0.948,0.994,0.729,0.952,0.109,0,1,0.009,0.162,0.999,0.083,0.13,0.804,0.963,0.141,0.981,0.098,0.936,0.778,0.633,0.083,0.442,0.343,0.972,0.413,0.984,0.601,0.991,0.137,0.018,0.213,0.143,1,0.626,1,0.43,0.251,1,0.626,0.04,1,0.175,1,0.957,1,0.611,0.489,0.995,0.763,1,0.282,0.503,1,0.37,0.999,1,0.563,0.617,0.789,0.85,1,0.366,1,0.584,0.737,0.601,0.263,0.694,0.487,0.479,0.651,0.477,0.522,1,0.47,0.791,0.785,0.359,0.928,0.166,0.992,0.876,1,0.512,0.792,0.765,0.737,0.063,0.004,0.031
0.997,1,0.175,0.032,0.046,0.58,0.028,0.861,1,0.986,0.919,0.518,0.085,0.015,0.267,0.766,0.929,0.993,0.447,0.234,0.329,0.9,0.953,0.978,0.686,1,0.387,0.029,1,0.766,0.78,0.806,0.99,1,0.578,0.072,0.366,0.001,0.922,0.995,0.32,0.814,0.983,0.63,0.869,0.124,1,0.998,0.648,0.032,0.031,0.365,1,1,0.69,0.224,0.5,0.992,0.434,0.933,0.007,0.86,1,0.908,1,0.907,0.922,0.069,0.917,0.594,0.54,0.548,0.236,1,0.994,0.947,0.505,0.675,0.999,0.881,0.163,1,0.213,0.025,1,0.032,0.991,0.056,0.169,0.996,0.335,0.233,0.416,0.357,0.009,0.311,0.999,0.747,0.998,0.583,0.944,1,0.352,0.517,0.342,0.907,1,0.108,0.51,1,0.955,0.738,0.245,0.549,0.907,0.463,1,1,0.103,0.142,0.362,0.725,1,0.394,0.998,0.06,0.625,0.287,0.999,0.963,0.65,0.429,0.737,0.189,0.872,0.526,0.75,0.757,0.942,0.534,0.986,0.998,0.001,0.83,0.745,0.847,0.494,0.139,0.533,1,0.223,0.29,0.957,0.663,0.999,0.188,1,0.803,0.516,0.707,0.495,0.97,0.999,0.136,0.8,1,0.951,1,0.397,0.98,0.872,0.567,1,0.766,0.993,0.713,0.03,0.719,0.27,0.757,1,1,0.972,1,1,0.575,0.009,0.216,1,0.772,0.764,0.489,0.144,0.134,1,0.004,0.87,0.623,0.959,0.538,0.115,0.396,0.802,0.906,0.108,0.197,1,0.085,0,1,0.358,1,0.939,0.335,1,0.966,0.358,0.775,0.053,0.983,0.924,0.814,0.621,0.374,0.919,0.835,0.805,0.992,0.099,0.264,0.909,0.961,0.025,1,0.556,0.459,1,0.56,0.005,0.439,0.384,0.69,0.752,0.995,0.834,0.571,1,0.993,1,1,0.421,0.985,0.568,0.315,0.447,0.677,0.981,0.486,0.605,1,0.737,0.792,0.004,0.361,0.654,0.982,1,0.983,1,0.857,0.953,0.404,0.941,0.065,0.974,0.716,0.989,1,1
0.451,1,0.952,0.933,1,0.052,0.031,0.782,1,0.928,0.897,0.556,0.014,1,0.619,0.995,0.839,0.999,0.999,0.004,0.825,0.372,0.976,0.958,0.994,0.886,0.881,0.108,0,0.756,0.202,1,0.003,0.087,0.993,1,0.815,1,1,0.787,0.774,0.486,0.253,0.535,0.004,0.229,0.05,0.995,0.567,0.164,0.565,0.553,0.691,0.995,0.698,0.999,0.597,0.515,0.063,1,0,0.003,1,1,0.038,0.978,0.432,0.75,1,0.896,0.714,0.999,0.681,0,0.788,0.997,0.893,0.782,0.164,0.622,0.476,0.915,0.442,0.992,1,0.417,0.37,0.637,1,1,0.126,0.139,0.779,0.995,0.101,0.259,0.475,0.94,1,0.024,1,0.809,0.05,0.425,0.14,0.995,1,0.231,0.557,1,0.983,0.975,0.975,0.941,1,0.573,0.988,0.84,0.989,0.5,0.263,0.996,0.008,0.237,0.383,1,0.868,0.974,0.851,0.006,0.028,0.599,0.88,0.093,0.994,0.973,1,0.999,0.983,0.586,1,0.594,0.45,0.996,0.986,0.999,1,0.046,0.693,0.484,0.343,0.913,0.562,0.959,0.079,0.132,0.876,0.437,0.628,1,0.958,0.001,0.998,0.996,0.406,0.964,0.487,0,0.966,0.369,0.539,0.823,0.706,0.42,0.382,0.464,0.69,0.141,1,0.663,0.791,0.727,0.863,0.941,0.206,0.761,0.072,0.995,0.971,0.923,0.008,0.639,0.901,0.336,0.685,0.999,0.21,0.74,0.974,0.684,1,0.365,0.149,0.85,0.92,0.747,0.724,0.428,0.512,0.98,1,1,1,0.319,0.992,0.864,0.055,1,0.165,0.703,0.599,0.027,0.716,0.996,0.409,0.842,0.991,0.623,1,0.472,0.989,0.967,0.008,0.083,0.3,0.402,0.926,0.822,0.022,0.851,0.725,0.525,0.579,0.924,0.972,0.573,0.49,0.959,0.972,0.924,0.64,0.998,0.627,0.391,0.807,0.639,0.793,0.397,0.096,1,0.539,1,0.989,0.838,0.951,0.641,0.6,0.092,0.966,0.984,0.987,0.03,0.109,0.096,0.702,0.856,0.894,0.172,0.979
0.574,0.997,0.986,0.998,0.347,0.563,0.282,0.69,0.008,0.994,0.949,0.92,0.593,0,0.549,0.921,0.786,0.002,0.662,0.993,0.954,0.151,0.367,0.605,0.459,1,0.978,1,1,0.394,0.628,0.876,0.005,0.995,0.462,0.976,0.827,0.256,0.793,0.932,0.526,0.673,0.901,0.156,0.035,0.726,1,0.746,0.867,0.802,0.027,0.998,0.539,0.999,0.753,0.999,0.977,0.094,0.65,0.384,0.153,0.77,0.99,0.998,1,1,0.976,0.688,0.455,0.218,0.8,1,1,1,0.033,1,0.859,0.39,0.962,0.165,1,0.745,0.49,1,0.756,0.178,0.966,0.343,0.93,0.093,0.006,0.98,0.001,0.803,0.861,0.005,0.545,0.772,0.026,0.686,0.243,0.714,0.009,0.018,0.326,0.87,1,0.407,0.666,0.93,0.143,0.412,0.742,0.974,0.958,0.917,0.005,0.808,0.004,0.668,0.995,0.4,1,0.594,0.261,1,0.519,0.248,0.408,1,0.988,0.988,0.811,0.593,1,0.428,0.155,0.065,1,0.457,0.798,0.858,0.997,0.598,0.659,0.998,0.196,0.051,0.165,0.123,0.669,1,1,0.684,0.718,0.002,0,0.995,0.962,0.165,0.595,1,0.076,0.557,0.484,0.795,0.052,1,1,0.999,0.949,0.396,0.576,0.814,0.261,0.888,0.007,0.482,0.445,0.487,0.16,0.987,0.528,0.33,0.883,0.94,0.989,0.978,0.989,0.739,1,0.689,0.991,0.332,0.001,1,0.392,0.597,0.016,0.164,0.927,0.516,0.997,0.86,0.677,0.964,0.714,0.995,0.445,0.511,0.997,1,0.003,0.523,1,0.367,0.416,0.522,1,0.971,1,0.912,0.893,0.985,0.188,0.995,1,0.643,0.98,0.751,0.707,1,1,0,0.979,0.246,0.007,0.641,0.954,0.791,0.988,0.805,0.632,0.983,0.547,0.532,1,0.507,0.987,1,0.928,0.868,0.7,0.342,0.501,0.184,0.547,0.515,0.567,1,0.999,0.987,0.059,0.454,0.896,0.722,0.98,0,0.665,0.158,0.938,0.498,0.958,1,0.446,0.645,0.483,0.999,0.193
0.254,1,1,0.151,0.086,0.01,0.962,0.255,0,1,0.925,0.068,0.011,1,0.411,0.217,0.238,0,0.824,0.923,0.884,0.211,0.979,0.502,0.727,0.869,0.407,0.794,0,0.97,0.607,0.966,1,0.841,1,0.534,1,0.794,0.986,0.904,0.031,1,0.43,0.775,0.903,0.639,1,0.117,0.378,0.095,0.747,0.306,0.034,0.744,0.434,0.989,0.345,0.407,0.904,0.512,0.994,0.041,1,0.95,0.612,0.974,0.548,1,0.603,0.548,0.579,0.756,0.868,0.999,1,0.003,0.347,0.472,0.995,0.902,0.442,0.679,0.719,0.01,0.906,0.563,0.648,0.451,1,0.731,1,0,0.014,0.828,1,0.013,0.82,0.934,1,0.988,0.875,0.735,0.962,0.297,0.484,1,0.046,0.651,0.832,1,0.998,0.084,0.749,0.3,1,0.585,0.003,0.819,0.993,0.601,0.973,0.348,1,0.409,0.584,1,0.468,0.513,0.317,1,1,0.636,0.692,0.529,0.666,0.143,0.992,0.49,0.003,0.785,0.998,0.276,0.102,0.62,0.676,0.902,0.421,0.379,0.614,0.798,0.289,1,0.481,0.874,0.955,0.998,0.997,1,0.879,0.808,0.386,1,0.952,1,0.138,0.69,0.724,0,0.007,0.273,0.232,0.504,0.84,0.028,0.998,0.682,1,0.928,0.193,0.149,0.636,0.913,0.463,0.567,0.635,0.095,0.099,0.857,0.279,0.979,1,0.973,0.444,0.93,1,0.025,0.199,0.643,0.987,0.657,0.101,0.565,0.504,0.502,0.648,0.937,0.983,0.22,0,0.017,0.966,0.998,1,0.644,1,0.769,1,0.605,0.998,0.645,0.144,0.13,0.387,0.747,0.8,0.986,0.009,0.679,1,0.336,0.011,1,0.687,0.945,0.449,0.314,0.054,0.509,0.994,0.541,0.397,0.968,0.451,1,0.869,0.583,1,0.371,0.147,1,0.39,0.593,0.367,0.257,0.528,0.174,0.934,0.301,0.373,1,0.678,0,0.372,0.699,0.999,0.744,1,0.907,0.75,0.661,0.822,0.001,0.365,1,0.15,0.737,0.951,0.56,0.041
0.153,0.048,0.224,0.761,0.151,0.652,1,0.303,1,0.962,0.965,0.227,0.775,1,0.669,0.736,0.783,1,0.786,0.903,0.999,0.177,0.999,0.672,1,1,0.355,0.776,1,0.535,0.989,0.013,0.851,0.959,0.992,1,0.118,0.864,0.863,0.849,1,0.337,0.082,0.723,0.995,0.981,1,0.064,0.903,0.147,0.896,0.818,0.891,1,0.224,0.826,0.627,0.314,0.196,0.802,0.033,0.586,1,0.996,0.218,0.072,1,0.613,0.313,0.495,0.248,0.809,0.194,0,1,1,0.709,0.967,0.903,0.57,0.475,0.967,0.992,0.969,0.82,0.057,0.257,0.421,0.421,0.814,0.998,1,0.183,0.665,0.9,0.017,0.824,0.999,1,0.913,0.73,0.291,1,0.107,0.115,0.011,1,0.341,0.353,1,0.013,1,1,0.832,1,0.51,0.021,0.795,1,0.323,0.769,0.976,0.035,0.577,0.998,0.892,0.909,0.621,0.232,0.928,1,0.3,0.874,1,0.231,1,1,0.852,0.005,0.965,0.955,0.001,1,0.612,0.774,0.155,0.258,0.988,0.146,0.089,0.821,0.84,0.479,0.656,0.999,0.993,0,0.597,0.925,0.579,0.243,1,1,0.959,1,0.557,0.92,0.353,0.085,1,0.998,0.84,0.55,0.888,0.468,0.587,0.402,0.526,0.742,0.992,0.368,0.771,0.071,0.985,0.099,0.448,0.866,0.932,0.64,0.704,1,0.736,0.825,0.676,0.81,0,0.012,0.686,0.466,0.708,0.999,0.408,0.973,0.284,0.533,0.721,0.832,0.06,0,0.003,1,0.001,0.536,0.764,0.986,0.996,0.836,1,0.245,0.912,1,0.992,0.961,0.319,0.834,0.649,1,0.997,0.961,0.003,0.95,0.322,0.874,0.572,0.437,0.447,0.509,0.884,0.075,0.314,0.6,1,0.588,0.913,0.034,0.453,0.024,0.478,0.926,0.872,0.483,0.974,0.804,0.659,0.633,0.164,0.358,0.547,0.995,0.998,0.972,1,0.871,0.735,0.842,0.779,0.871,0.016,0.205,0.406,0.594,0.931,0.966,0.109,0.535,0.992,0.534,0.042,0.105
0.641,0.006,0.893,0.997,0.998,0.898,0.803,0.938,0.995,1,0.943,0.73,0.063,1,0.347,0.609,0.488,0.001,0.916,1,0.261,0.629,0.102,0.366,0.898,1,0.501,0.035,0,0.869,0.973,1,0.164,0.44,0.871,0.22,0.988,0.011,0.514,0.801,0.998,0.007,0.344,0.784,0.439,0.208,0,0.9,0.713,0.883,0.268,0.933,0.847,1,0.54,1,0.713,0.365,0.11,0.805,0.779,0.008,0.999,0.183,0.034,0.998,0.831,0.09,0.697,0.822,0.67,0.378,0.17,0,0.902,0.681,0.288,0.198,0.96,1,0.667,0.793,0.431,0.059,0.781,0.421,0.164,0.147,0.813,0.74,0.082,1,0.007,0.986,1,0.025,0.991,0.934,1,0.578,0.155,0.92,0.642,0.332,0.583,1,0,0.662,0.725,1,0.005,0.993,0.807,0.513,0.987,0.832,0.279,0.472,0.001,0.86,0.41,0.984,0.463,0.588,0.843,0.998,0.305,0.32,0.648,0.033,1,0.137,0.629,0.977,0.772,0.78,0.767,0.5,0.986,0.382,0.743,0.038,0.773,0.39,0.472,0.036,0.67,0.003,0.115,0.987,0.631,1,0.994,0.931,0.637,0.998,1,0.999,0.372,0.293,0.639,1,0.889,0.989,0.744,0.863,0.341,1,0.185,0.956,0.524,0.613,1,0.826,0.784,0.665,0.846,0.205,0.144,0.615,0.749,0.989,0.998,0.055,0.474,1,0.004,1,0.121,0.645,0.021,0.999,1,0.653,0.156,0,1,0.579,0.999,0.551,0.89,0.501,0.393,0.014,0.829,0.038,0.392,0.913,0.936,0.3,0.973,0.007,0.001,0.805,1,0.214,1,1,0.025,0.405,0.952,0.975,0.653,1,0.975,0.518,0.995,0.953,0.005,1,0.061,1,0.913,0.973,0.681,0.506,0.222,0.997,1,0.786,0.729,0.942,0.87,0.965,0.219,0.524,0.999,0.896,0.024,1,0.994,0.89,0.423,0.043,0.747,0.018,1,0.567,0.139,0.549,0.804,0.974,0.418,0.98,0.973,0.502,1,0.851,0.982,0.703,0.84,1,0.033,1,1,0.39,0.014,1,0.866
1,0.91,0.103,0.007,1,0.239,0.999,0.582,1,0.947,0.119,0.967,0.441,0.04,0.933,0.283,0.111,0.863,0.373,0.758,0.234,0.605,0.029,0.67,0.63,0.914,0.972,0.762,0,0.817,0.584,0.504,0.071,0.928,0.99,0.136,0.09,1,0.849,0.318,0.913,0.973,0.513,1,1,0.996,1,0.705,0.417,0.226,0.331,0.649,0.96,0.994,0.997,0.387,0.918,0.998,0.354,0.958,0.877,0.181,1,1,0.695,1,0.512,0.773,0.222,0.755,0.525,0.352,0.861,0.997,1,1,0.829,0.684,0.996,0.534,0.07,0.559,0.486,1,0.587,0.055,0.661,0.508,0.488,0.996,0.774,0.999,0.958,0.384,0.405,0.105,1,0.505,0,0.873,0.996,0.339,1,0.655,1,0.293,1,0.274,0.954,1,1,0.979,0.797,1,0.791,0.488,0.993,0.682,0.638,0.315,0.431,0.758,0.963,0.674,0.33,0.964,0.623,0.888,0.479,0.002,0.077,0.466,0.995,0.992,0.898,0.752,0.627,0.284,0.002,0.412,0.007,0,0,0.672,0.446,0.001,0.233,0.942,0.097,0.186,0.433,1,0.97,0.769,0.24,0.946,0,0.972,0.715,0.416,0.511,0.005,1,0.981,0.846,0.999,0,0.048,1,0.334,1,0.582,0.701,0.148,0.321,0.338,0.01,0.964,0.604,0.556,0.563,0.023,0.895,1,0.933,0.314,0.003,1,0.333,0.996,0.997,0.175,0.988,0.594,0.009,0.998,0.7,1,0.283,0.613,0.999,0.433,0.243,0.021,0.028,0.976,0.157,0.737,0.002,0,0.32,1,0.408,0.425,0.089,0.871,0.815,0.967,0.109,0.731,0.348,0.982,0.524,1,0.997,0.846,0,0.364,0.994,0.48,1,0.197,0,0.231,0.756,0.346,0.016,0.169,0.95,0.905,0.985,0.244,0.317,1,1,0.64,1,0.638,0.422,1,0.494,0.959,0.517,0.743,0.367,0.734,0.98,0.505,0.163,1,0.991,0.181,0.844,0.379,0.381,0.855,0.716,1,0.951,0.909,0.994,0.659,1,0.012,0.99,0.801,0.271,0.352,0.34
0.999,0.579,0.809,0.797,0.501,0.802,0.993,0.26,0.999,1,0.993,0.668,0.972,0.004,0.572,0.527,1,0.774,0.495,0.582,1,0.401,0.573,0.176,0.916,1,0.224,0.685,0.982,0.742,0.966,1,1,0.776,0.989,1,0.276,1,0.731,0.865,1,0,0.722,0.813,1,0.214,1,0.183,0.42,0.009,1,0.878,0.996,1,0.338,0.975,0.645,0.477,0.727,0.999,0.995,0.96,1,0.109,0.08,0.588,0.764,0.716,1,0.698,0.601,0.999,0.961,1,1,0.002,0.72,0.905,0.353,0.499,0.372,0.739,0.949,0.986,0.309,0.683,0.376,0.547,0.286,1,0.208,0.576,0.862,0.889,0.65,0.038,0.285,0.844,0,0.038,0.372,0.877,0.998,0.974,0.64,0.16,0.986,1,0.21,0.981,0.369,0.641,0.42,0.929,1,0.53,0.769,0.848,0.003,0.537,0.808,0.985,0.552,0.544,0.945,0.417,0.448,0.837,0.582,0.248,0.701,0.811,0.572,0.731,0.998,0.666,0.991,0.198,0.994,0.379,0.072,0.027,0.365,0.474,0.885,1,0.899,0.861,0.529,1,0.605,0.984,0.116,0.285,0.844,1,0,0.878,0.985,0.543,0.171,0.003,0.998,0.979,0.996,0.433,0.082,0.998,0.915,0.407,0.748,0.934,0.585,1,0.229,0.566,0.019,0.418,0.69,0.999,0.724,0.209,0.564,0.45,1,0.776,0.004,0.861,0.204,0.368,1,1,0.633,0.546,0.991,1,0.86,0.998,0.264,0.421,0.986,0.356,0.451,0.994,0.865,0.464,0.381,1,0,1,0.794,0.984,0,0.971,0.119,0.032,0.884,0.768,0.352,0.997,0.949,1,0.475,0.65,0.513,1,0.947,0.937,0.899,0.972,0.678,0.996,0.034,0.982,0.501,0.845,0.028,1,0.998,0.944,0.331,1,0.676,0.999,0.417,0.817,1,0.84,1,1,0.964,0.221,0.513,0.644,0.76,0.124,0.223,0.404,0.246,0.997,0.382,0,0.164,0.545,0.841,0.94,0.446,0.012,0.592,0.279,0.999,0.662,0.869,0.583,0.51,0.506,0.977,0.144,0.057
0.827,0.225,0.994,0.077,0.444,0.341,0.841,1,1,1,1,0.998,0.14,0.998,0.403,0.597,0.956,0.895,0.774,0.006,0.982,0.142,1,0.942,0.374,1,0.999,1,1,0.974,1,0.837,0.037,0.093,0.915,0.767,0.056,1,1,1,0.075,0.144,0.742,0.902,1,0.884,0.019,0.919,0.937,0.005,1,0.948,0.999,0.997,0.398,0.999,0.24,0.661,0.944,0.993,0.038,0.472,1,0.952,0.579,1,0.091,1,0.993,0.953,0.942,0.348,0.999,1,0.999,0.218,0.998,1,0.955,0.118,0.041,0.419,0.79,0.982,0.137,0.004,0.442,0.999,0.133,0.175,0.744,1,0.895,0.269,0.06,1,0.739,0.545,1,0.191,0.898,0.629,0,0.727,0.444,0.482,0.219,0.461,0.985,0.998,0.817,1,0.523,0.352,1,0.491,0.999,0.295,1,0.735,0.368,0.431,0.003,0.459,0.991,0.732,0.522,0.62,0.972,0.875,0.997,0.751,0.477,0.439,1,0.846,0.502,0.756,0.097,0.384,1,0.968,0.969,0.823,0.299,0.002,0.721,0.677,0.283,0.897,0.892,0.998,1,0.058,0.821,0.497,0.03,0.128,1,0.956,0.169,0.149,0.972,0.446,0.999,1,0.379,0,0.704,0.813,0.921,0.596,0.924,0.684,0.999,0.616,0.597,0.95,0.479,0.807,0.009,0.107,1,0.987,0.363,0.791,0.017,1,0.906,0.82,0.671,0.985,1,0.749,0.916,1,0.483,0.701,0.015,0.716,0.962,0.488,0.652,0,0.999,0.647,0.428,0.046,0.993,0.697,0.735,0,0.001,0.296,0.929,1,0.364,0.562,0.651,0.265,0.997,0.962,0.727,0.825,0.995,0.925,0.98,0.315,1,0.524,0.037,0.757,0.999,1,0.634,0.667,0.831,0.555,0.905,0.074,0.715,0.991,0.327,0.984,0.99,0.895,1,0.822,0.933,1,0.574,0.253,0.496,1,0.819,0.734,0.159,0.292,0.38,1,1,1,0.918,0.423,0.423,0.763,0.913,0.998,0.081,0.996,0.226,0.679,0.951,1,0.218,0.582,0.251,0.016,0.998
0.631,1,0.294,1,0.672,0.915,0.862,0.997,0.86,1,0.97,0.424,0.007,0.999,0.983,0.282,0.616,0.857,0.316,0.638,0.098,0.328,0.884,0.081,0.183,1,0.717,0.299,0.001,0.978,0.922,0.95,0.891,1,1,0.955,0.998,1,0.985,0.951,0.221,0.877,1,0.134,1,0.373,1,0.002,0.511,0.993,0.718,0.677,0.631,1,0.425,0.977,0.688,0.284,0.108,0.798,0.033,0.999,1,0.074,0.768,0.974,0.849,0.351,0.485,0.574,0.866,0.336,0.519,0.96,0.995,0.003,0.713,0.703,1,0.812,0.109,0.445,0.217,0.968,0.389,0.933,0.669,0.916,0.016,0.97,0.995,0.927,0.459,0.218,0.006,0.824,0.553,0.868,1,0.171,0.81,0.784,0,0.038,0.528,0.072,1,0.996,0.716,0.973,0.898,0.987,0.216,0.637,0,0.437,0.947,0.673,0.999,0.139,1,0.817,1,0.478,1,0.091,0.587,0.601,0.15,0.847,1,0.44,0.981,0.208,0.169,0.771,0.692,1,1,0.995,0.999,1,0.999,0.826,0.996,0.45,0.343,0.909,1,0.714,0.366,0.946,1,0.431,0.912,0.988,0,1,0.344,0.972,0.596,0.003,0.821,0.844,0.366,0.017,0.004,0.001,0.276,0.783,0.313,0.527,0.743,0.994,0.989,0.446,0.025,0.827,0.193,0.575,0.691,0.536,0.054,0.89,0.186,0.982,0.088,0.978,0.452,0.298,0.963,1,0.936,0.349,1,0.952,1,0.762,0.002,0.996,1,0.605,0.981,0.329,1,0.085,0.575,1,1,0.702,0.795,0.997,0.133,0.778,1,1,0.159,0.576,0.016,0.647,1,0.993,0.505,0.944,0.081,0.696,0.994,0.411,1,0.824,0.77,0.242,0.968,1,0.252,0.553,1,0.343,0.005,0.597,0.624,0.914,0.623,1,0.219,0.499,0.983,0.419,1,1,0.887,0.206,0.513,0.635,0.59,0.01,0.066,0.592,0.963,0.921,0.924,0.989,0.695,0.679,0.083,1,1,0.032,0.23,0.637,0.598,0.016,1,0.964,0.995,0.615,0.811,0.211,0.127
0.265,0.303,0.004,0.051,0.808,0.284,0.23,0.766,0,0.93,0.955,0.246,0.925,1,0.557,0.499,0.198,0.971,0.883,0.784,0.3,0.984,0.294,0.935,0.453,1,0.929,0.888,1,0.922,0.544,0.12,0.969,0.984,0.135,0.921,0.863,0,0.937,0.996,1,0.746,0.139,0.967,0.03,0.616,1,0.934,0.35,0.025,0.84,0.997,0.704,0.729,0.949,0.961,0.877,0.99,0.088,0.974,0,0.288,0.768,0.711,0.035,0.037,0.999,1,0.783,0.374,0.906,0.873,0.439,0.124,0.987,1,0.807,0.301,0.575,0.993,0.974,0.637,0.388,0.49,0.281,0.812,0.912,0.728,0.994,1,0.022,0.002,0.249,0.46,0.997,0.086,0.697,0.953,0.996,0.839,1,0.08,0,1,0.1,0.012,0.003,0.283,1,1,0.936,0.992,0.719,0.664,0.549,0.397,0.118,0.165,0.997,0.131,0.751,0.889,0.946,0.897,0.009,0.989,0.976,0.979,0.239,1,0.115,0.393,1,0.13,0.998,0.42,0.386,0.228,0.997,0.651,0.004,0.998,0.992,0.354,0.446,0.002,0.045,0.018,0.995,0.788,0.492,0.721,0.897,0.706,0.146,0.299,0,0.613,0.511,0.527,0.33,0.991,0.148,0.253,0.974,0.059,0.989,1,1,1,0.57,0.59,0.736,0.574,0.647,0.607,0.906,0.411,0.803,0.827,0.988,0.993,0.959,1,0.986,0.914,0.193,0.998,0.012,1,0.046,0.805,1,0.595,0.001,1,0.001,0.38,1,0.45,0.021,0.58,0.341,1,0.907,0.995,0.994,0.024,0.98,0.991,0.133,1,0.917,0.729,0.973,0.779,0.146,0.655,0.103,0.999,0.993,0.089,0.498,0.894,0.154,1,1,0.876,0.892,0.871,0.261,0.924,0.93,0.173,0.448,0.537,0.01,0.167,1,1,0.772,0.116,0.565,1,0.283,0.655,1,0.969,0.196,1,0.811,1,0.415,0.723,0.934,0.398,0.75,0.387,0.256,0.02,0.874,0.001,0.905,0.456,0.25,0.323,1,0.003,0.49,0.482,0.489,0.052,0.059,0.976,0.865,0.96,0.998,0.797,0.999
1,0.001,0.245,1,0.042,0.096,1,1,1,1,0.301,0.603,0.75,0,0.561,0.875,0.586,0.256,0.662,0.008,0.59,0.333,0.778,0.655,0.299,1,0.623,0.299,0.116,0.642,0.555,1,0.43,0.251,0.995,0.04,0.912,1,0.997,0.891,0.282,0.002,0.862,0.877,0,0.512,0.975,0.963,0.366,0.193,0.02,0.588,0.194,0.929,0.368,0.818,0.197,0.601,0.618,0.879,0.651,0.79,0.992,0.868,0.179,0.939,1,0.944,0.55,0.645,0.484,0.578,0.728,0.999,0.612,0.465,0.449,0.294,0.821,1,0.21,0.571,0.589,1,1,0.001,0.807,0.284,0.984,0.85,0.847,1,0.984,0.842,1,0.022,0.908,0.967,1,0.032,1,0.986,0.931,0.999,0.19,0.993,0.999,0.904,0.281,0.994,1,1,0.995,0.363,1,0.462,0.985,0.711,0.001,0.142,0.981,0.409,0.005,0.35,1,1,0.761,0.357,0.711,0.024,0.534,0.998,0.039,0.995,0.963,0.8,0.971,0.877,1,0.603,0.721,0.15,0.005,0.174,0.66,1,0.711,0.012,0.832,0.307,0.861,0.002,0.14,1,0.99,0.234,0.729,1,0.769,0.396,0.933,0.001,0.974,1,0.972,0.979,0.002,0.606,0.925,0.087,0.476,0.577,0.752,0.072,0.834,0.601,0.117,1,0.57,0.961,0.201,0.368,0.979,0,0.995,0.999,0.968,0.817,1,0.769,0.992,0.518,0.807,0.733,1,0,0.838,0.885,1,0.395,1,0.483,0.94,0.913,0.956,0.785,0.841,0.859,0.999,0.033,0.733,0.703,0.232,0.928,1,0.125,0.072,0.545,0.777,0.33,0.981,1,0.681,0.566,1,0.989,0.656,0.785,0.815,0.036,0.962,1,0.936,0.715,0.937,0.64,0.018,0.274,0.54,0.289,0.581,0.048,0.542,1,0.992,0.967,0.994,0.991,0.869,0.786,0.145,1,0.448,0.469,0.32,0.154,0.021,0.527,0.435,1,0.536,0.367,1,0.594,0.545,0.981,0.973,1,0.996,0.979,0.948,0.85,0.665,0.968,0.102,0.594,1,0.776,0.911
1,0.981,0.092,0.246,0.999,0.26,0.353,0.04,1,0.852,0.48,0.29,0.253,0.997,0.75,0.408,0.441,1,0.658,1,0.998,0.517,1,0.867,0.992,0,0.838,0.132,0.974,0.535,0.684,0.555,0.94,0.362,0.601,0.88,0.741,1,0.774,0.558,0.02,0.996,0.95,0.077,0,0.802,0,0.345,0.436,0.63,0.998,0.713,0.058,0.033,0.496,0.644,0.754,0.139,0.995,0.029,0.003,0.854,1,1,0.991,0.995,0.93,0.51,0.87,0.216,0.401,0.617,0.798,0,1,0.998,0.552,0.969,0.665,0.756,0.912,0.498,0.583,0.661,0.998,0.055,0.523,0.188,0.011,0.993,0.732,0.989,1,0.949,0.014,0.004,0.789,0.566,0,0.739,0.528,0.149,0.294,0.883,0.96,0.012,1,0.832,1,0.713,0.313,0.002,0.666,0.533,0.001,0.539,0.182,1,0,0.242,0.718,1,0.936,0.352,1,0.963,0.586,0.689,0.685,0.149,0.997,0.809,0.658,0.669,0.645,0.898,0.439,0.926,0,0.629,0.944,0.995,1,0.582,0.296,1,0.002,1,1,0.681,0.986,0.99,0.065,0.008,0.859,0.952,1,0.057,0.643,0.439,0.428,0.002,0.929,0.763,0.45,0.597,0.103,1,1,0.205,0.588,0.527,0.959,1,0.832,0.857,0.583,0.864,0.743,0.275,0.25,0.943,0.165,0.186,0.678,0.763,1,0.552,0.991,0.618,0.357,0.836,1,0.897,0.51,0,1,0.655,0.908,0.917,0.829,0.416,0.997,0.02,0.815,0.054,0.469,0.739,1,1,0.519,0.353,1,0.506,0.96,0.174,1,0.964,0.345,0.647,1,1,0.878,0.999,0.528,0.993,1,0.853,0.997,0.002,0.456,0.782,0.192,0.999,0.495,0.234,0.31,0.461,0.795,1,0.407,0.559,0.776,0.991,0.011,0.453,1,0.618,0.972,1,0.548,0.397,0.378,0.081,0.664,0.929,0.049,0.516,0.857,0.991,0.657,1,1,0.837,0.983,0.917,0.991,0.97,0.53,0.951,0.999,0.562,0.154,0.867,0.179,0.916,0.755,0.922,0.119
0.929,0.002,1,0.106,1,0.228,0.966,0.998,1,0.96,0.075,0.212,0.117,1,0.796,0.356,0.395,1,0.997,0.986,0.321,0.18,1,0.821,0.689,1,0.095,0.009,1,1,0.872,0.156,0.017,0.477,0.968,0.107,0.997,1,1,0.699,0.829,0.041,0.027,0.608,1,0.412,1,0.933,0.812,0.643,0.011,0.713,0.983,0.048,0.612,0.998,1,0.391,0.588,0.176,0.104,0.721,1,1,0.082,0.999,1,0.483,0.244,0.862,0.675,0.425,0.882,1,1,1,0.621,0.263,0.134,0.981,0.03,0.397,0.682,0.999,1,0.574,0.995,0.071,0.988,0.825,0.518,0.84,1,0.801,0.053,0.888,0.47,1,1,0.903,0.81,0.093,0.838,0.38,0.331,0.824,1,0.116,0.809,0.979,0.79,0.032,0.806,0.988,0.976,0.699,1,0.976,1,0.404,0.337,1,0.158,0.543,0.55,0.88,0.752,0.568,0.861,0.989,0.584,0.353,0.929,0.909,0.196,0.896,0.944,0.586,0.041,0.53,0.453,0.933,0.956,0.445,0.262,0.988,0.662,0.987,0.095,0.504,0.192,0.827,0.936,0.999,1,1,0.001,0.038,0.687,0.905,0.313,0.934,1,0.986,1,0.668,0.028,0.005,0.928,0.618,0.324,0.413,0.885,0.378,0.844,0.836,0.096,0.709,0.098,0.981,0.157,0.994,0.731,1,1,0.548,0.277,0.61,1,0.826,1,0.864,0.97,0.557,1,0.846,0.056,0.816,1,0.974,1,0.67,0.464,0.998,0.789,0.668,0.051,0.902,0.923,1,0.342,1,1,0.556,0.652,1,0.945,0.711,0.83,0.388,0.549,0.889,0.65,0.805,0.258,0.281,0.942,0.643,1,0.908,0.82,0.925,0.968,0.999,0.48,0.599,1,0.822,0.001,0.722,0.334,1,0.23,0,0.97,0.519,0.999,0.519,0.961,0.091,0.119,0.748,0.404,0.996,0.36,0.885,0.923,0.493,1,1,0.443,0.991,0.039,0.632,1,0.999,0.938,0.668,0.568,0.074,0.93,1,1,0.903,0.79,0.623,0.167,0.009,0.882
0.874,0.014,0.838,0.991,0.882,0.419,0.657,0.623,1,0.995,1,0.684,0.437,0.959,0.868,0.596,0.417,0.055,0.587,0.999,0.168,0.845,0.128,0.711,0.109,1,0.856,0.209,1,0.999,0.076,0.947,1,0.83,1,0.832,0.374,0.522,0.817,0.314,0.973,0.044,0.618,0.56,1,0.489,0.772,0.997,0.521,0.001,0.004,0.79,0.88,1,0.295,0.887,0.637,0.472,0.973,1,1,0.99,1,0.984,0.722,0.047,0.988,0.293,0.537,0.636,0.332,0.964,0.273,0.277,0.337,0.986,0.753,0.682,0.874,0.648,1,0.796,0.639,1,0.66,0.026,0.495,0.087,0.005,0.115,0.817,0.308,0.614,0.186,0.824,0.92,0.755,0.643,1,0.999,1,0.131,0,0.577,0.907,0.015,0.995,0.347,0.43,0.99,0.2,1,0.542,0.449,0.134,0.428,0.999,0.945,0.001,0.987,0.63,0.104,0.89,0.343,0.985,0.747,0.45,0.999,0.77,0.998,0.929,0.309,0.831,0.994,1,0.835,0.182,0.995,0.959,0.859,0.233,0.999,1,0.466,0.359,0.115,0.987,0.086,0.915,0.88,0.512,0.886,0.876,0.042,0.998,0.026,0.999,0.989,0.956,0.744,0.808,0.361,0.994,0.001,0.804,1,1,0.881,0.326,0.102,0.468,0.525,0.661,0.988,0.936,0.426,0.787,0.102,0.951,0.613,0.084,1,0.789,0.939,0.997,0.981,0.062,0.62,0.08,0.667,0.956,0.872,0.993,0.939,0.548,1,0.016,0.68,0.999,0.694,0.001,0.822,0.575,0.942,1,0.843,0.999,0.532,0.076,0.883,0.049,1,0.999,0.652,0.755,0.691,0.69,0.994,1,0.95,0.993,0.999,0.632,0.588,0.914,0.972,0.011,0.559,0.989,0.705,0.999,0.124,1,0.959,0.229,0.244,0.999,0.547,0.003,0.338,0.88,0.009,0.502,1,0.838,0.511,0.03,0.337,1,1,0.495,0.484,0.581,0.89,0.378,0.849,0.308,0.268,0.72,1,0.374,0.012,1,0.902,0.999,0.557,0.59,0.004,0.696,0.204,0.901,0.016,0.833,0.964,0.083,0.838,0.79,0.008,0.776
0.947,0.713,0.731,0.924,0.799,0.997,0.805,0.86,1,0.527,0.996,0.539,0.699,0,0.547,0.581,0.604,0.021,0.497,0.998,0.038,0.827,0.998,0.779,0.138,1,0.413,0.47,1,0.349,0.902,0.996,1,0.998,0.047,0.825,0.303,0.055,0.914,0.859,0.435,1,0.007,0.149,1,0.197,1,1,0.825,1,0.972,0.687,1,0.981,0.982,0.609,0.81,0.6,0.06,0.974,0.956,1,0.002,0.989,1,0.125,0.992,0.999,0.335,0.999,0.764,0.899,0.875,0,0.839,1,0.585,0.693,0.92,1,0.931,0.386,0.655,0.422,0.99,0.002,0.159,0.987,1,0.623,0.078,1,0.366,1,0.825,0.999,0.64,0.46,0,0.575,0.964,0.399,0.97,0.769,0.94,1,0.997,0.976,0.852,1,0.017,0.063,0.155,0.391,1,0.531,0.003,0.256,0.936,0.585,1,0.165,1,0.161,0.996,1,0.549,0.511,0.923,1,1,0.21,1,0.872,0.9,0.558,0.931,0.135,0.967,0.656,0.008,1,1,0.954,0.95,0.998,0.65,0.981,0.79,0.994,1,0.488,0.059,0.856,0.891,1,0.969,0.943,0.663,0.656,0.099,0.206,0.995,0.317,0.832,0.998,0.78,0.854,0.997,0.483,0.447,0.524,0.67,0.443,0.934,0.618,0.176,0.552,0.985,0.927,0.848,0.96,0.617,1,1,0.464,0.13,0.511,1,0.626,0.852,0.099,0.554,0.193,1,1,0.75,0.949,0.536,0.428,0.981,0.432,0.081,0.744,0.184,0.071,0.793,0.037,1,0.001,0.37,1,0.009,0.513,0.731,0.995,0.975,0.7,0.661,0.363,0.966,0.929,0.999,0.991,0.705,0.922,0.989,0.281,0.207,0.84,0.427,0.663,1,0.04,0.644,0.763,0.734,0.998,0.129,0.903,0.504,1,0.808,0.56,0.994,0.517,1,0.619,0.997,1,0.344,0.953,0.492,0.513,0.519,0.016,0.48,0.811,0.223,1,0.473,0.991,0.127,0.778,0.906,0.402,0.994,0.204,0.458,0.907,0.44,0.081,0.58,0.578,0.132,0.999,1,0.911,0.999
0.963,1,0.007,0.805,1,0.46,0.872,0.767,0.999,0.993,1,0.918,0.88,1,0.594,0.652,0.868,0.387,0.93,0.357,0.446,0.304,0.998,0.815,0.637,0.935,0.774,0.989,0,0.269,1,0.759,0.801,0.039,1,0.915,0.471,0.003,0.306,0.537,0.001,0,0.044,0.621,1,0.939,1,0.989,0.684,0.831,0.719,0.325,0.984,1,0.833,0.189,0.367,0.83,1,0.445,0.01,0.004,0.98,0.411,0.003,0.916,0.997,0.183,0.97,0.324,0.592,1,0.796,0.506,1,1,0.949,0.473,0.789,1,0.028,0.712,0.386,0.776,0.389,0.24,0.873,0.647,0.99,0.957,0.909,0.658,1,0.186,0.995,0.631,0.579,0.99,0.301,1,0.421,1,1,0.152,0.98,1,0.984,0.632,0.987,0.985,0.727,1,0.98,0.632,0.427,0.643,1,0.995,0.823,0.484,0.473,0.23,0.985,0.581,0.901,1,0.672,0.769,0.968,0.975,0.963,0.461,0.184,0.334,0.954,0.525,1,0.96,1,0.887,0.985,1,1,0.386,0.182,0.708,1,0.01,0.9,0.935,0.619,0.033,0.282,0.82,1,0.917,0,0.442,0.47,0.675,0.168,0.941,0.979,0.035,0.732,0.943,0.059,1,0.042,0.238,0.215,0.755,0.641,0.923,1,0.673,0.999,0.565,1,1,0.4,1,0.793,1,0.97,0.709,0.995,0.398,0.044,0.575,0.195,0.555,0.503,0.329,0.965,0.797,0.171,0.977,0.971,0.62,0.001,0.468,0.159,0.044,0.717,0.017,0.447,1,0,0,0.999,0.997,0.944,0.884,0.466,0.843,0.133,0.76,0.081,0.535,0.813,0.415,0.521,0.866,0.844,0.59,0.998,0.5,1,0.005,0.951,0.932,0.953,1,0.743,0.254,0.996,0.818,0.096,0.988,0.631,0.072,0.458,0.01,0.021,0.544,1,0.446,0.698,0.879,0.633,0.999,0.516,1,0.5,0.444,0.83,0.358,0.544,0.859,0.7,0.61,0.319,0.598,0.169,0.467,0.877,1,0.951,0.378,0.065,0.009,1,1,1,0.679,0.352,1,0.831
0.519,0.383,0.159,0.977,0.123,0.736,1,0.141,1,0.23,0.059,0.516,0.985,0,0.694,0.722,0.725,0.07,0.487,0.494,0.05,0.53,1,0.197,0.897,1,0.618,0.983,1,0.945,0.327,0.943,0.955,0.378,0.046,0.987,0.723,0.99,1,0.916,0.978,0.895,0.281,0.991,0.998,0.571,1,0.999,0.689,0.171,0.376,0.537,1,1,0.824,1,0.411,0.667,0.253,1,1,1,1,0.487,0.131,0.854,0.703,0.902,0.945,0.12,0.979,1,0.928,1,0.999,1,0.982,0.699,0.583,0.276,0.403,0.474,0.435,0.629,0.259,0.606,0.209,0.97,0.677,0.961,1,0.001,0.282,0.39,0.924,0.901,0.313,0.818,0,0.046,0.48,0.529,0.993,0.265,0.668,0.605,0.994,0.474,0.242,0.815,0.044,0.997,0.38,0.504,1,0.55,0.002,0.954,0.859,0.856,0.998,0.642,0.093,0.37,0.035,0.295,0.535,0.658,0.495,0.478,0.065,0.216,0.951,0.85,0.996,1,0.587,0.709,1,0.568,0.308,0.072,0.961,0.658,0.833,0.022,0.299,0.008,0.327,0.781,0.995,0.238,1,0.932,0.609,0,1,1,0.339,0.075,0.588,0.024,0.636,0.365,0.996,1,0.154,0,0.559,0.717,0.807,0.542,0.993,0.164,0.998,0.506,0.65,0.996,0.131,0.811,0.999,0.888,0.7,1,0.755,0.735,0.031,0.889,0.021,0.981,0.92,0.796,0.679,0.363,0.936,1,0.971,0.695,0.068,0.378,0.837,0.517,0.43,1,0.789,1,0.935,0.516,0.034,0.963,0.869,0.456,0.996,0.738,0.991,1,0.815,0.997,0.983,0.338,0.526,0.514,0.672,0.887,0.691,0.724,0.013,0.325,0.954,0.595,0.757,0.987,0.986,0.294,0.414,0.619,0.976,0.968,0.001,1,0.346,0.992,0.458,1,0.003,0.424,0.989,0.633,0.329,0.998,0.155,0.824,0.576,0.893,0.241,1,0.978,0.616,0.459,1,0.484,1,0.953,0.462,1,0.28,0.028,1,0.945,0.483,1,0.508,0.447,0.924,0.996,0.622,0.978,0.006,0.971
0.813,0.936,0.051,0.85,0.038,0.237,0.013,0.588,0.997,0.627,1,0.122,1,1,0.521,0.92,0.208,0.015,0.702,0.008,0.456,0.337,0.038,1,0.527,0.171,0.628,0.548,1,0.803,0.85,0.998,0.008,0.786,0.953,0.943,0.974,1,0.778,1,0.996,0,0.811,0.136,0.961,0.666,1,1,0.99,0.502,0.655,1,1,1,0.603,0.981,0.241,0.716,0.29,0.761,0.924,0.089,1,1,0.99,0.998,0.069,0.102,0.71,0.531,0.999,0.95,1,0.981,0.774,1,0.728,0.648,0.214,0.998,0.994,0.867,0.618,0.956,0.86,0.999,0.724,0.259,0.347,0.093,0.83,1,0.699,0.863,0.105,0.114,0.858,1,0,0.009,0.912,0.683,0.939,0.847,0.509,0.287,0.001,0.453,0.727,0.76,0.193,1,0.696,0.884,1,0.523,0.054,1,0.814,0.396,0.506,0.778,1,0.62,0.984,0.999,0.434,0.328,0.299,0.999,1,0.877,1,0.43,0.972,0.905,1,1,0.999,0.452,0.024,0.91,0,0.208,0.163,0.99,0.514,0.036,1,0.563,0.256,0.054,0.826,0.569,0.826,0.148,1,0.738,0.802,0.999,0.561,0.183,1,1,0.541,0.993,1,0,0.986,0.93,0.217,0.5,0.691,0.121,0.966,0.644,0.462,0.988,0.078,0.726,0.291,1,0.041,0.002,0.095,0.34,0.822,0.342,0.997,0.691,0.905,0.823,0.894,0.6,0,1,0.939,0.093,0.535,0.784,1,0.725,0.774,0.232,0.219,0.913,0.902,0.011,0,1,0.08,1,0.999,0.656,0.997,0.098,0.932,0.836,1,0.427,1,0.999,0.744,0.595,0.367,0.223,1,0.162,0.879,1,1,1,1,0.109,0.752,0.932,0.962,0.182,0.317,0.9,0.59,0.212,0.987,0.828,1,0.636,0.058,0.48,0.557,0.981,0.737,0.949,0.507,0.047,0.792,0.994,0.294,0.508,0.506,1,0.383,0.999,0.619,0.58,0.217,0.544,0.937,0.989,1,0.835,0.89,0.876,0.917,1,0.647,0.372,0.823,0.999,1
0.742,0.023,1,0.776,0.903,0.508,1,0.822,0.099,0.641,0.997,0.062,1,1,0.507,0.486,0.674,0.013,0.636,0.835,0.953,0.249,0.049,0.14,0.998,0.001,0.502,1,0.011,0.472,0.882,0.914,0.888,0.872,0.185,0.234,1,0.582,0.978,1,0.387,0.109,0.979,0.655,0.995,0.503,1,0.987,0.361,1,0.058,0.345,0.989,1,0.63,0.945,0.998,0.973,1,0.031,0.037,0.352,0.008,0.052,0.999,0.085,0.887,0.328,0.803,0.974,0.494,0.993,0.934,1,0.156,0,0.936,0.199,0.45,0.037,1,0.645,0.514,0.107,0.312,0.995,0.986,0.705,0.02,0.074,0.43,0.115,0.966,0.973,0.996,1,0.638,0.714,0.996,0.98,0.89,0.945,0.999,1,0.997,0.969,1,0.039,0.612,1,0.993,0.868,0.996,0.962,0.002,0.446,1,0.224,0,0.764,0.626,0.194,0.33,0.672,0.998,0.09,0.581,0.872,0.999,1,0.831,0.987,0.916,1,0.366,1,0.872,0.129,1,0.435,0.259,0.99,0,0.99,1,0.316,0.648,1,0.474,0.035,0.846,0.011,0.662,0.728,0.269,0.972,0.042,0.999,0.495,0.442,0.818,0.987,1,1,0.012,0.922,0.006,0.004,0.057,0.859,0.994,0.564,0.849,0.641,1,0.583,0.123,0.998,0.956,1,0.146,1,0.142,0.939,1,0.901,0.626,0.994,0.064,0.387,0.002,0.947,0.937,0.787,1,1,0.974,0.438,0.833,0.583,0.549,0.523,0.644,0.801,0.925,0.478,0.285,0.815,1,0.127,0.374,0.954,0.824,0.368,1,0.262,0.726,0.732,0.978,0.146,0.788,0.346,0.928,0.462,0.515,0.749,1,0.433,0.062,1,0.202,1,0.992,0.001,0.408,0.536,0.118,1,0.74,0.865,0.692,0.985,0.566,0.998,1,0.639,0.011,0.603,0.512,1,0.201,0.142,0.419,0.464,0.688,0.014,0.128,0.394,0.391,0.855,0.726,0.02,0.009,0.64,0.953,0.671,1,0.003,0.936,0.304,0.516,0.284,0.994,0.981,0.222,0.441,0.691,0.994,0.905
0.706,1,0.999,0.912,1,0.125,0.088,0.729,1,0.216,1,0.093,0.997,0,0.593,0.973,1,0.974,0.973,0.628,0.036,0.354,0.923,0.817,0.978,0.997,0.57,0.278,0.952,0.593,0.502,0.22,0.511,0.599,0.557,0.999,1,0.995,0.582,0.954,0.915,0.721,1,0.918,0.983,0.535,1,1,0.663,0.962,0.31,0.828,0.136,0.485,0.235,0.827,0.748,0.934,0.045,0.711,0.058,0.098,0.442,0.873,0.873,0.944,0.101,0.623,0.984,0.667,0.517,0.743,0.64,1,0.024,0.163,1,0.942,1,0.847,0.624,0.793,0.575,0.736,0.743,0.026,0.792,0.627,0.573,1,1,1,0.938,0.721,1,0.184,0.968,0.907,1,0.534,0.884,0.184,0.272,0.999,0.08,1,1,0.592,0.804,1,0.005,0.088,0.201,0.806,0.011,0.587,0.418,0.521,1,0.326,0.135,0.995,0.295,0.972,0.98,1,0.539,0.74,0.685,1,1,0.623,0.814,0.214,0.822,0.742,0.653,0.116,0.983,0.763,1,1,1,0.185,0.976,0.973,0.02,1,0.121,1,0.607,0.998,0.996,0.224,0.86,0.981,1,0.859,0.218,1,0.992,0.999,0.115,0.518,0.968,0.085,0.02,0.849,0.408,0.285,0.428,0.441,0.662,0.719,0.947,0.341,0.986,0.755,0.992,0.891,0.899,0.173,0.289,0.482,0.494,0.525,0.149,0.613,0.998,0.985,0.013,0.877,0.997,0.996,0.059,1,0.748,0.196,0.342,0.459,0.189,0.49,1,1,0.998,0.062,0.895,0.984,1,0.062,0.963,1,0.99,0.605,1,0.804,1,0.266,1,0.865,0.958,0.982,0.416,0.994,0.953,0.528,1,0.761,0.98,0.126,0.993,0.943,1,0.197,0.701,0.411,0.257,0.979,0.08,0.801,0.674,0.346,0.237,1,1,0.73,0,0.508,1,1,0.379,0.986,0.702,0.948,0.962,0.424,0.884,0.274,0.775,0.997,0.86,1,0.497,0.394,0.775,0.835,0.988,1,0.802,0.811,1,0.902,1,0.623,0.332,0.473,0.058,0.476,0.964
0.818,1,0.005,1,0.961,1,0.164,0.987,1,0.117,0.034,0.097,0.021,1,0.596,0.357,0.979,0.995,0.762,0.793,1,0.588,0.091,0.126,0.592,0.994,0.861,0.914,0,1,0.934,0.438,1,0.553,1,0.71,0.808,0.51,0.98,0.109,0.867,0.454,1,0.184,0.99,0.506,0.003,1,0.583,0.193,0.007,0.985,1,1,0.646,0.99,0.879,0.613,0.657,0.063,0.001,0.112,0.004,0.447,0.848,0.937,0.972,0.506,0.659,0.789,0.484,0.886,0.598,1,0.019,0.036,0.933,0.997,1,0.568,0.086,0.356,0.811,0.934,0.204,0.058,0.237,0.898,0.303,0.906,0.894,1,0.435,0.601,0.069,0.783,0.701,0.843,1,0.097,0.126,0.886,0,0.337,0.707,0.685,0.052,0.112,0.969,0.993,0.095,1,0.776,0.793,0.841,0.743,0,0.912,0.311,0.207,0.628,0.563,1,0.386,1,0.992,0.301,0.359,1,1,0.188,0.255,0.979,0.481,0.44,0.106,0.039,0.839,1,0.924,0.022,1,0.933,0.741,0.235,1,1,0.963,0.892,0.073,0.449,0.97,0.954,0.759,1,0.999,1,0.947,0.846,0.851,0.291,1,0.916,0.427,0.374,1,0.005,0.001,1,0.905,0.869,0.627,0.641,0.998,0.97,0.773,0.973,0.775,0.943,0.117,0.012,0.925,0.589,0.007,0.897,0.999,0.777,0.861,0.698,0.535,0.012,0.937,0.65,0.389,0.661,1,0.985,0.872,1,0.485,0.009,0.413,0.744,0.088,1,1,0.997,0.757,1,0.051,0.585,0.599,0.003,0.999,1,0.999,0.348,0.792,0.836,0.145,1,0.962,0.745,0.599,0.76,0.594,1,0.24,0.002,0.866,0.012,0.611,0.18,0.96,0.703,0.19,1,0.816,0.226,0.717,0.337,0.978,0.555,1,0.94,0.648,0.333,0.538,0.832,0.998,0.634,0.176,0.441,0.914,0.552,0.217,1,0.447,0.937,1,0.631,0.966,0.799,0.441,0.863,0.985,0.999,0.028,0.573,0.148,0.96,0.996,0.942,0.982,0.828,0.642,0.311,0.982,1
0.985,0.999,0.001,0.756,0.897,0.331,0.863,0.772,1,0.184,0.986,0.136,0.955,0.237,0.518,0.993,0.635,0.766,0.514,0.99,0.863,0.703,0.021,0.304,0.241,1,0.27,0.232,0,0.328,1,0.068,0.978,1,1,1,0.996,1,0.226,0.266,0.956,1,0.908,0.702,0.999,0.721,1,0.849,0.559,0.014,0.964,0.437,0.126,0.024,0.534,0.606,0.985,0.197,0.96,0.127,0.02,0.082,1,0.995,0.077,0.739,0.878,0.336,0.333,0.223,0.274,0.725,0.776,1,1,0.538,0.7,0.536,0.542,0.62,0.024,1,0.311,1,0.914,0.004,0.751,0.128,0.952,0.284,0.901,1,0.002,0.143,0.126,0.807,0.979,0.086,0,0.015,0.991,0.408,0,0.886,0.072,0.212,1,0.519,0.536,0.967,0.995,0.583,0.677,0.478,1,0.943,0.315,0.255,1,0.202,0.682,0.05,0.006,0.629,0,0.974,0.36,0.943,0.724,0.921,0.979,0.939,0.32,0.983,0.233,0.431,0.558,0.937,0.001,0.694,0.942,0.019,1,0.516,0.213,0.931,0.999,0.241,0.494,0.949,0.251,0.868,0.975,0.992,0.469,1,0.034,0.977,0.672,0.985,0.44,0.872,1,0.999,0.665,0.873,0.655,0.991,0.968,1,0.347,0.702,0.503,0.953,0.882,0.971,0.492,0.722,0.862,0.916,1,0.985,0.051,1,0.809,0.72,0.602,0.957,0.881,0.753,1,0.774,0.943,0.641,0.913,0.997,0.93,0.508,0.41,0.311,0.879,0.395,0.756,0.168,0.573,0.99,0.901,0.699,0.317,0.998,0.154,0.747,1,0.589,0.962,0.894,0.054,0.935,0.025,0.061,0.673,0.312,0.351,0.913,0.621,0.588,0.004,0.601,0.015,0.022,0.323,0.992,0.009,0.911,0.999,0.299,0.18,0.928,0.856,0.989,0.736,0.074,0.536,1,0.006,0.511,0.999,0.566,0.985,1,0.592,0.718,0.617,0.534,0.381,0.308,0.706,0.494,0.182,1,0.672,0.996,0.848,0.587,0.318,0.803,0.913,0.996,1,0.175,0.18,0.004,0.869,0.999,0.905,0.519,0.198,0.881,0.97
0.495,1,0.045,0.974,0.97,0.558,0.001,0.451,0.02,0.541,0.721,0.341,0.269,1,0.703,0.84,0.644,1,0.532,0.388,0.965,0.291,0.564,0.998,0.163,0.001,0.174,0.061,1,0.889,0.993,0.851,0.893,0.953,0.998,0.001,0.836,1,0.483,0.355,0.174,0.247,0.05,0.198,1,0.628,0.488,1,0.608,0.022,0.545,0.619,0.261,0.015,0.883,0.29,0.167,0.238,0.243,0.522,0.984,0.001,0.001,0.008,0.998,0.389,0.02,0.994,0.455,0.471,0.439,0.529,1,0.2,1,0.631,0.385,0.322,0.588,0.731,0.715,0.984,0.736,0.911,0.063,0.003,0.999,0.276,1,0.875,1,0.159,0.189,0.29,0.934,0.172,0.725,0.991,0.961,0.658,0.877,1,1,0.073,0.738,0.526,0.998,0.064,0.916,1,0.891,0.968,0.863,0.435,1,0.378,0.001,0.991,0,0.299,0.877,1,0.986,0.22,0.431,0.149,0.592,0.583,0.721,0.947,1,0.888,0.43,1,1,0.995,0.136,0.907,1,0.525,0.106,0.001,0.999,0.654,0.431,0.965,0.08,1,0.976,1,0.895,1,1,0.633,0.983,0.736,1,0.999,0.68,0.889,0.865,0.994,0.013,1,0.881,0.962,0.001,0.654,0.055,0.647,0.724,0.571,0.92,0.509,0.889,0.994,0.317,0.426,1,0.127,0.699,1,0.323,0.896,0.947,0.411,1,0.771,0.029,0.973,0.828,0.164,0.972,0.061,0.989,1,0.777,0.356,0.141,0.525,0.892,0.449,0.467,0.991,0.913,0.151,1,0.351,0.977,0.997,0.765,1,1,0.474,1,0.223,0.509,0.388,0.799,0.494,0.653,0.049,0.605,1,0.666,0.368,0.997,0.998,0.026,0.808,0.064,1,1,0,0.976,0.486,0.938,0.74,0.192,0.973,0.927,0.049,0.7,0.948,0.556,0.709,0.999,0.523,0.553,1,0.828,0.966,0.426,0.987,0.997,1,0.046,0.475,0.277,0.001,0.49,1,1,0.329,0.953,0.844,0.839,1,0.855,1,0.31,0.608,0.033,1,0.759,0.798,0.043,0.683,0.983
0.997,0.001,0.751,0.509,0.552,1,0.544,0.36,0.78,0.767,0.435,0.266,0.323,1,0.368,0.955,0.644,0.65,0.345,0.198,0.367,0.147,0.951,0.182,0.426,0.972,0.146,0.99,0.009,0.812,1,0.99,0.98,0.124,0.077,0.831,0.016,0.993,0.196,0.676,0.958,1,0.318,0.355,1,0.604,1,0.961,0.571,0.762,0.757,0.69,0.913,0.003,0.503,0.738,0.13,0.986,0.726,0.858,0.965,0.027,1,0.813,0.003,0.841,0.922,0.945,0.921,0.998,0.507,1,0.465,0.863,0.999,1,0.653,0.538,0.999,0.947,0.963,0.661,0.603,0.858,0.032,0.003,0.861,0.1,0.229,0.539,0.465,0.991,0.759,0.995,0.776,0.004,0.721,1,0.885,1,0.066,1,0,0.009,0.843,0.899,0,0.56,0.495,0.223,0.984,0.996,0.417,0.616,1,0.303,1,0.445,0,0.169,0.227,0.923,1,0.53,0.878,1,0.776,0.824,0.719,0.013,1,0.964,0.864,0.949,0.872,0.752,0.757,0.4,1,0.673,0.796,0,0.573,0.341,0.94,0.958,1,0.964,0.427,0.967,0.483,1,0.588,0.045,0.899,0.018,0.22,0.875,0.998,0.718,0.622,0.967,0.158,0.869,0.989,0.955,1,0.982,0.817,1,0.999,0.428,1,0.867,1,0.432,0.235,0.348,0.549,0.2,0.807,0.15,0.931,0.977,1,0.289,0.634,0.722,0.465,0.962,0.112,0.678,0.859,0.645,0.182,1,0.253,0.25,0.267,0.593,1,0.539,0.999,0.983,0.488,0.538,1,0.039,0.039,1,0.821,1,0.382,0.337,1,1,0.673,0.987,0.998,0.626,1,0.432,0.377,0.977,0.537,0.46,0.623,0.752,0.378,0.999,0.009,1,1,1,0.283,0.388,0.23,0.251,0.003,0.387,0.467,1,0.73,0.999,0.849,0.674,0.962,0.584,0.319,0.994,0.701,0.538,0.512,0.798,0.72,0.057,0.912,0.332,0.53,0.974,0.533,1,0.936,0.519,0.74,0.717,0.063,0.457,0.344,0.702,0.637,1,0.003,1,0.897,0.962,0.739,0.377,0.996
0.905,0.976,0,0.477,0.996,0.959,0.979,0.833,0.992,1,1,0.968,0.913,0.997,0.749,0.642,0.068,0.934,0.349,0.206,0.689,0.492,1,0.984,1,0.002,1,0.98,0,0.722,0.837,1,0.981,0.19,0.092,0.965,0.045,0.979,0.891,0.809,0.035,0.014,0.801,0.837,0.009,0.343,1,1,0.766,0.014,0.851,0.559,1,1,0.598,0.943,0.849,0.475,0.933,0.061,0.866,0.182,1,0.948,0.76,0.41,0.018,0.085,0.812,0.428,0.987,0.267,0.824,1,0.966,0.908,0.816,0.43,0.788,0.163,1,0.613,0.605,0.008,0.996,0.009,0.605,0.611,0.058,0.686,0.989,1,0.033,0.973,0.001,0.168,0.992,0.997,1,0.622,0.138,0.044,0.996,0.75,0.665,0.952,1,0.743,0.998,1,1,1,0.515,0.751,1,0.537,0.925,0.844,1,0.986,0.086,1,1,0.961,0.997,0.982,0.686,0.903,0.632,1,0.974,0.57,0.922,0.686,0.705,0.544,0.887,0.417,0.754,0.527,0.47,1,0.12,0.567,0.41,0.662,0.993,0.976,0.359,0.986,0.417,0.018,0.853,0.998,0.986,0.407,1,0.483,0.426,0.375,0.452,0.998,0.42,1,0.89,0.938,0.601,1,0.57,0.176,0.696,0.658,0.996,0.764,0.786,0.343,0,0.047,1,1,0.014,0.91,0.264,0.951,0.881,0.424,0.942,0.073,0.947,0.717,0.871,0.548,0.21,0.475,0.999,0.995,0.835,0.159,0.993,0.122,1,0.513,0.816,0.637,0.893,0.608,0.946,0.962,0.914,0.215,0.531,0.002,1,0.36,1,0.628,0.913,0.676,0.473,0.111,1,0.575,0.409,0.792,0.989,0.936,0.976,0.693,0.181,0.963,0.238,0.991,0.521,0.882,0.597,0.6,0.942,0.862,0.425,1,0.565,1,0.402,0.806,0.988,0.339,1,0.651,0.303,1,0.761,0.705,0.469,0.13,0.334,0.008,0.997,0.601,0.165,0.874,0.567,0.999,0.211,0.478,0.985,0.992,0.31,1,1,0.831,1,0,1,1,0.996,0.998,0.14,0.764,1
1,0.992,0.008,0.391,0.715,0.707,0.932,0.971,1,0.989,0.151,0.895,0.646,0.859,0.392,0.672,0.857,0.064,0.801,0.859,0.999,0.644,0.005,0.672,0.83,0.999,0.311,0.49,0.326,0.93,0.923,1,0.285,0.49,0.955,0.288,0.984,0.855,0.999,0.993,0.013,0.07,0.325,0.484,0.429,0.862,1,1,0.514,0.056,1,0.465,0.667,0.993,0.93,0.844,0.273,0.757,0.75,0.846,0,0.006,1,0.905,0.949,0.007,0.894,0.697,0.465,0.366,0.763,0.805,0.357,0,0.999,0.867,0.36,0.742,1,0.97,0.031,0.56,0.249,0.998,0.737,0.09,0.68,0.047,1,0.986,0.988,0.448,0.994,0.907,0.169,0.951,0.946,0.879,0,0.088,0.992,0.957,1,0.802,0.764,0.055,0.969,0.317,0.861,0.129,0.252,0.049,0.914,0.705,1,0.379,1,0.137,0.026,0.525,0.91,0.123,0.998,0.558,0.748,1,0.32,0.417,0.661,0.61,0.999,0.625,0.907,1,1,0.143,0.514,0.784,0.991,0.717,0.57,0,0,0.759,0.847,0.988,0.86,0.765,0.968,0.103,0.676,1,0.047,0.064,1,1,0.014,1,0.346,0.682,0.518,1,0.526,0.996,0.838,0.494,0.05,1,0.378,0.491,0.916,0.491,0.521,0.885,0.07,0.999,0.998,0.897,0.759,0.95,0.044,0.876,0.229,0.869,0.999,0.242,0.004,0.562,1,0.705,0.258,0.349,0.928,0.967,1,1,0.286,0.433,1,0.998,0.052,0.399,0.649,0.996,0.952,0.868,0.919,0.814,1,0,0.702,1,1,0.999,0.95,0.658,0.994,0.456,0.884,0.696,0.454,0.779,0.834,0.945,0.367,0.809,0.997,0.824,0.011,0.003,1,0.627,0,1,0.649,0.371,1,0.997,1,0.233,0.99,0.889,0.513,0.735,0.65,0.428,0.019,0.329,1,0.013,0.44,0.849,0.587,0.4,0.618,0.817,0.65,0.4,0.671,0.799,1,0.001,0.907,0.45,0.289,0.787,0.33,1,0.996,0.476,0.094,0.273,0.905,0.13,0.413,0.345,0.355,0.936,0.037
0.996,0.908,0.724,0.354,0.394,0.05,0.819,1,0.996,0.977,1,0.422,0.228,1,0.813,0.377,0.114,0.474,0.336,0.048,0.086,0.458,0.644,0.653,0.966,1,0.778,0.349,1,0.839,0.378,0.936,1,0.696,0.139,0,0.986,1,0.569,0.771,0.044,0,0.997,0.999,1,0.649,1,0.591,0.742,0.047,0.196,0.847,0.058,0.173,0.318,0.732,0.54,0.747,0.47,0.999,0.689,0.23,0.633,1,0.007,0.435,0.678,0.974,0.753,0.65,0.633,0.621,0.991,0,1,0.984,0.559,0.192,0.125,0.468,0.23,0.386,0.641,0.007,0.962,0.909,0.906,1,0.864,0.614,0.318,0.001,0.85,0.399,0.044,0.673,1,0.345,0.999,0.397,1,0.499,1,0.068,0.631,1,0.013,0.622,0.779,0.06,0.053,0.976,0.468,0.699,1,0.358,0.514,1,0.927,0.814,0.673,0.853,0.925,0.35,0.879,0.629,0.628,0.963,0.837,0.98,0.325,0.999,0.99,0.91,0.725,0.357,0.22,0.999,1,0.56,0.007,0,1,0.173,0.538,0.926,0.816,1,0.181,0.075,0.984,0.735,0.79,0.99,0.966,1,0.989,0.952,0.8,0.833,0.765,0.004,0.309,0.942,0.62,1,0.11,0.204,0.054,0.997,0.564,0.955,0.584,0.132,0.983,0.925,0.232,0.905,0.894,0.937,0.639,0.911,0.209,0.012,0.956,0.99,0.549,0.971,0.006,1,1,0.486,1,0.149,1,0.986,0.007,0.994,0.022,0.303,0.072,0.493,0.81,0.993,0.149,0.351,0.979,1,1,0.019,0.081,0.186,0.155,0.373,0.914,0.987,0.814,0.905,0.218,0.863,0.976,1,0.42,0.851,0.135,0.797,0.965,0.506,0.279,0.734,0.847,0.992,1,0.85,0.647,0.51,0.851,0.545,0.774,1,0.517,0.882,0.462,0.024,0.787,0.888,0.63,0.447,0.909,1,0.971,0.465,0.639,0.069,0.976,0.657,1,0.332,0.357,1,0.891,0.001,0.982,0.214,0.676,0.717,0.999,0.28,0.027,0.391,0.092,0,1,0.725,0.716,0.925,0.073,0.409,0.103
0.364,0.826,0.03,1,1,0.978,0.754,0.163,0.977,0.999,1,0.184,0.262,0.999,0.671,0.328,0.099,0,0.407,0.024,0.79,0.583,0.983,0.895,0.954,1,0.204,0.999,0.001,1,0.758,0.17,0.028,0.731,1,1,0.959,0.978,0.613,0.667,0.63,0.001,1,0.96,0.01,0.417,1,0.94,0.617,0.345,0.024,1,0.932,1,0.776,1,0.508,0.731,0.466,0.008,0.738,0.462,1,0.971,0.172,0.648,0.155,0.59,0.129,0.183,0.46,1,0.968,0.729,1,0.003,0.811,0.663,0.984,0.949,0.018,0.816,0.546,1,0.013,0.474,0.615,0.329,0.942,0.471,0.526,1,0.996,1,1,1,0.372,0.717,0.231,0.657,0.961,0.997,0.91,0.488,0.901,0.839,1,0.626,0.897,0.476,0.006,0.694,1,0.725,1,0.635,0.825,0.541,0.027,0.528,0.361,1,0.649,0.777,1,0.929,0.377,0.725,0.993,0.195,0.962,0.296,0.149,0.781,0.998,0.615,0.863,0.692,1,0.576,0.995,0.003,0.548,0.99,0.442,0.112,0.137,0.813,0.695,0.593,0.959,0.897,1,0.853,0.816,1,0.987,1,0.447,0.701,0.627,0.149,0.951,0.909,0.047,0.998,0.996,1,0.453,0.033,0.347,0.473,0.634,1,0.695,0.968,0.232,0.157,0.999,0.873,0.007,0.631,0.675,0.991,1,0.685,0.034,0.8,1,0.318,0.567,0.954,0.777,0.343,0.346,1,0.469,0.624,0.988,0.242,0.002,0.549,0.921,0.823,1,0.825,0.721,1,1,1,0.618,1,0.979,0.982,1,0.962,1,0.491,0.967,1,0.99,0.075,0.706,1,0.683,0.662,0.418,0.534,0.999,0.036,0.16,1,0.419,0.006,0.806,0.161,0.902,0.657,0.677,0.974,0.468,0.145,0.228,1,0.944,0.796,1,0.577,0.719,0,0.305,1,0.476,0.312,0.363,0.24,0.727,0.261,0.815,1,0.714,0.891,1,0.859,0.989,0.657,0.904,0.059,0.892,0.136,0.646,1,0.944,0.993,1,0.499,0.1,0.7,0.894
0.48,0.98,0.993,0.97,0.979,0.845,0.03,0.452,1,0.667,0.607,0.788,0.162,1,0.41,0.582,0.933,0.996,0.599,0.028,0.835,0.301,0.526,0.949,0.581,0.037,0.666,0.902,1,0.63,0.813,0.984,0.996,0.967,0.97,0.962,1,1,1,0.725,0.971,0.985,0.972,0.267,0.995,0.577,1,0.123,0.462,1,0.461,0.841,0.998,0.998,0.488,0.881,0.842,1,0.868,0.305,0.709,1,1,0.999,1,1,0.034,0.03,0.965,0.913,0.881,0.723,0.507,0.007,0,0.303,0.998,0.945,0.978,0.57,0.999,0.409,0.677,0.033,0.867,0.305,1,0.656,0.998,0.876,0.663,0.982,0.041,0.589,1,0.895,0.352,0.313,0.122,0.819,1,0.243,0.999,0.973,0.992,1,1,1,0.694,0.562,0.123,0.309,0.946,0.479,1,0.397,0.934,0.162,1,0.556,0.098,0.949,1,0.654,0.904,0.929,0.967,0.625,0.671,0.996,0.99,0.908,0.972,0.561,0.824,0.735,0.766,0.173,0.998,0.767,0.998,1,0.995,0.226,0.101,0.482,0.972,0.787,0.986,0.85,0.626,0.079,0.994,0.245,0.189,1,0.007,0.991,0.541,0.477,0.71,0.515,0.996,1,0.168,0.995,0.624,0.554,0.537,0.719,1,0.48,0.55,0.211,0.933,0.843,0.589,0.187,0.489,0.998,0.996,0.653,0.138,0.76,0.056,0.198,0.897,1,1,0.87,0.999,0.959,1,0.641,1,0.346,1,0.93,0.018,0.672,0.002,0.574,0.562,0.87,1,0.669,0.853,0.18,0.988,0.015,0.92,1,0.826,0.753,1,0.83,0.977,0.835,0.773,0.914,1,1,0.546,1,0.445,0.976,0.036,1,0.601,0.992,0.803,0.16,0.027,1,0.962,0.519,0.998,1,0.711,0.983,0.577,0.952,0.977,1,1,0.601,0.739,0.555,1,1,0.598,0.995,0.562,0.25,0.462,0.645,0.765,0.648,0.874,1,0.218,1,0.995,0.316,0.827,0.699,0.986,0.751,0.85,0.649,0.142,0.004,1,1,0.949,0.648,0.595,0.995,0.727
1,1,0.705,0.203,0.087,0.116,0.983,0.23,0.024,0.984,0.791,0.485,0.998,0.001,0.386,0.638,0.998,1,0.415,0.952,1,0.533,0.863,0.418,0.747,1,0.745,0.399,0.023,1,0.797,0.09,1,0.988,0.061,0.652,0.601,1,0.683,1,0.911,0,0.803,0.444,0.222,0.768,0.985,1,0.944,0.59,0.932,0.988,0.851,1,0.636,0.994,0.175,0.592,0.24,0.708,0.643,0.665,1,0.643,0.445,1,0.981,0.913,0.812,0.925,0.752,0.993,0.999,1,1,1,0.781,0.868,0.242,1,0.303,0.925,0.85,0.988,0.089,0.462,0.469,0.695,0.869,0.996,0.926,1,0.854,0.641,0.701,0.735,0.938,0.997,1,0.943,0.962,0.992,0.019,0.047,0.688,0.992,0,0.467,0.95,1,0.996,0.952,0.303,0.635,1,0.933,1,0.067,1,0.49,1,0.957,0.909,0.201,1,1,0.822,0.998,1,1,0.976,0.831,0.85,0.836,0.586,0.991,0.717,0.999,0.947,0.862,0.924,1,1,0.471,0.99,0.102,0.013,0.608,0.855,0.281,0.998,1,1,0.807,1,0.001,1,0.099,0.311,1,0.163,1,0.823,0.091,0.781,0.344,0.504,0.991,1,0.86,0.26,0.412,0.473,0.331,1,0.343,0.737,0.778,0.905,0.764,0.931,0.873,0.649,0.997,0.98,1,0.013,0.256,0.994,0.919,1,0.99,0.979,0.791,1,1,0.075,0.932,0.039,0.963,1,0.44,0.501,0,0.42,0.89,0.773,0.988,1,1,0.866,1,1,0.45,0.037,0.874,0.069,0.795,0.928,0.994,0.015,1,0.599,0.973,0.795,0.777,1,0.488,1,0.395,0.993,1,1,0.996,0.337,0.423,0.41,0.892,0.931,0.599,0.707,0.811,0.582,1,0.011,0.612,0,0.594,0.825,0.004,0.998,0.826,0.502,1,0.872,0.913,0.322,0.481,0.63,1,0.638,1,0.002,0.583,0.193,0.981,1,1,0.285,0.951,0.783,0,0.415,0.661,0.909,0.346,0.667,0.193,0.251
0.942,0,0.667,0.413,0.86,0.61,0.911,0.998,0.995,0.944,0.404,0.07,1,0,0.638,0.604,0.332,1,0.841,0.042,1,0.561,0.85,0.656,0.792,1,0.397,0.304,1,0.985,0.999,0.524,0.121,0.509,0.937,0.386,0.955,0.009,0.998,0.598,0.872,0.001,1,0.977,0.001,0.335,0.998,1,0.988,0.007,0.172,0.524,0.531,0.017,0.287,1,0.39,0.59,0.847,0.122,0,1,0.879,0.611,1,0.033,1,0.999,1,0.811,0.814,0.294,0.068,1,1,1,0.771,0.762,0.848,0.225,0.822,0.372,0.239,1,0.942,0.009,0.715,0.357,0.723,0.834,0.017,1,0.935,0.337,0.468,0.98,0.715,0.786,0.933,0.282,0.71,0.417,1,0.994,0.998,0.922,0.886,0.386,0.541,0.797,0.009,1,0.982,0.827,1,0.575,0.128,0.315,0.214,0.529,0.864,0.999,0.917,0.189,0.195,0.652,0.583,0.497,0.348,0.985,0.028,0.634,0.217,0.826,0.987,0.82,1,0.59,0.146,0.55,0.873,1,0.994,0.441,0.184,0.001,0.145,0.537,0.088,1,0.698,0.358,0.627,0.345,0.869,0.048,0.001,0.862,0.99,0.648,0.602,0.986,0.977,1,0.037,0.865,0.121,1,0.993,0.017,0.68,0.706,0.358,0.98,0.748,0.708,0.904,0.097,0.738,0.848,0.982,1,0.46,0.002,0.97,0.86,0.017,1,0.887,0.72,0.985,0.991,0.867,0.991,0.311,0.001,0.947,0.896,1,0.349,0.016,0.501,0.882,0.164,0.559,1,0.327,0.275,1,0.814,1,0.966,0.103,0.937,1,0.986,0.675,0.937,0.345,0.166,0.983,0.027,0.789,0.211,0.725,0.998,0.866,0.886,0.758,0.014,0.17,0.901,0.005,1,0.285,0.622,0.966,0.271,0.146,0.997,0.401,0.631,0.592,0.252,0.096,0.499,1,0.754,0.033,0.988,0.55,0.988,0.551,0.532,0.868,0.894,0.986,0.475,0.689,1,0.327,0,1,0.32,0.723,0.168,1,1,0.864,0.746,0.773,0,0.978,0.182,0.564,0.699,1,0.962,0.431
0.78,1,0.001,1,0.254,0.71,0.049,0.974,0.58,0.998,0.898,0.582,0.004,0.81,0.466,0.677,0.991,0.187,0.571,0.031,0.705,0.906,0.974,0.295,0.104,1,0.218,0.028,0.372,0.095,0.997,0.074,0.264,0.719,0.796,0.038,0.003,1,0.599,1,0.532,0.984,0.014,0.516,0,0.945,0.884,0.809,0.583,0.69,0.987,0.717,0.999,0.996,0.559,0.474,0.761,0.967,0.676,0.471,0.214,0.015,1,1,0.989,0.578,0.997,0.208,0.48,0.423,0.949,0.971,0.191,0.014,1,0.997,0.776,0.083,0.997,1,0.661,0.496,0.562,1,0.036,0.003,0.651,0.998,0.993,1,1,0.006,0.732,0.568,0,0.874,0.752,0.865,0,0.012,1,0.076,0.998,0.843,0.999,1,0.084,0.132,0.329,0.011,1,0.999,0.428,0.71,1,0.606,0.027,0.865,0.058,0.625,0.987,0.054,0.719,0.209,0.014,0.971,0.657,0.723,0.891,0.243,0.001,0.69,1,1,0.623,0.931,0.716,0.314,0.124,0.626,0.745,0,0.92,0.196,0.533,0.938,0.91,0.906,0.861,0.415,0.401,0.648,0.859,1,1,0.004,0.972,0.899,0.539,0.26,0.672,0.099,0.186,0.037,1,0.995,0.858,1,0.108,0.473,0.696,0.767,0.506,0.492,0.298,0.746,0.006,0.944,0.108,0.789,0.911,0.31,0.999,0.002,0.704,0.732,0.289,0.837,0.409,0.999,0.428,1,0.154,0.145,0.993,0.244,0.999,0.629,0.719,0.84,1,0.398,0.738,0.007,0.529,0.803,0.159,0.342,0.973,1,0.226,0.91,0,0.584,1,1,0.852,1,0.86,0.678,0.25,0.932,0.822,0.938,1,0.123,0.4,0.964,1,0.248,0.026,0.996,1,0.989,0.439,0.56,0.006,1,0.61,0.96,0.811,0.118,0.53,0.737,1,0.596,1,0.702,0.873,1,0.799,0.134,0.449,0.999,0.611,0.011,0.843,0.46,0.662,1,0.971,1,0.222,0.62,0.604,0.999,1,1,1,0.35,0.018,0.793,0.092,1,0.533,0.559,0.673,0.993,1
0.307,1,0.608,0.559,0.601,0.512,0.926,0.94,1,1,0.095,0.291,0.763,0,0.473,0.994,0.138,0.926,0.541,0.114,0.005,0.15,0.969,0.224,0.095,1,0.989,0.363,0.963,0.548,0.944,0.958,0.021,1,1,0.735,0.737,0.998,0.884,0.267,1,1,0.525,0.465,1,0.43,0.999,0.463,0.523,0.105,0.608,0.272,0.884,0.884,0.345,0.573,0.32,0.06,0.191,1,0,0.007,0.01,0.142,0.872,1,0.003,1,0.547,0.654,0.346,0.826,0.812,0.995,0.996,0.019,0.565,0.619,0.79,0.113,0.735,0.675,0.995,0.018,0.999,0.088,0.425,0.839,0.024,0.144,1,0.644,0.002,0.414,0.331,0.831,0.435,0.831,0.556,0.994,0.569,0.701,0.982,0.825,0.823,1,1,0.34,0.545,0.051,0.022,1,0.553,0.517,1,0.465,0.839,0.753,0.972,0.4,0.751,0.301,0.839,0.702,0.651,0.522,0.481,0.424,0.99,0.384,0.719,0.526,0.846,0.91,0.979,0.932,0.394,0.15,0.777,0.595,0.02,1,1,0.662,0.753,1,0.956,0.291,0.497,0.995,0.58,0.999,1,0.101,0.686,1,0.96,1,0.708,0.709,0.592,0.986,1,0.023,0.046,1,0.261,0.921,0.671,0.031,0.74,0.54,0.97,0.515,0.715,0.465,1,0.993,0.52,0.793,0.018,0.631,1,0.001,0.932,0.721,0.379,1,0.973,0.838,0.801,1,1,0.126,0.953,0.998,0.887,0.229,0.86,0.206,0.993,0.415,0.89,0.423,0.281,0.986,0.969,0.743,0.802,0.497,0.646,1,1,0.669,0.001,0.199,0.741,0.988,1,0.765,0.888,0.222,0.608,0.27,0.327,0.89,0.259,0.467,0.999,1,0.683,0.008,0.581,0.92,0.402,0.389,0.751,0.441,0.159,0.84,0.542,0.807,0.369,1,0.265,0.606,0.002,0.471,1,0.018,0.628,0.783,0.455,1,0.594,0.031,0.057,0.533,0.4,1,0.752,0.98,0.707,0.968,0.832,0.877,0.403,0.571,0.994,0.791,0.927,0,0.994,0.999,0.663,0.319,0.118,0.733,0.81
0.978,0.003,1,0.26,0.023,0.312,1,0.853,0.893,0.164,0.099,0.056,0.864,0.996,0.334,0.532,0.242,0.801,0.999,0.72,0.993,0.803,0.999,0.415,0.734,1,0.677,0.212,1,0.255,0.994,0.783,1,0.824,1,0.995,0.024,0.998,0.938,0.578,0.893,1,0.382,0.427,1,0.827,1,0.682,0.631,0.902,0.2,0.998,0.946,0.938,0.996,0.858,0.12,0.305,0.778,0.081,1,0.619,1,0.302,0.104,1,0.036,0.47,0.663,0.598,0.819,0.988,1,1,0.941,1,0.658,0.904,0.95,0.98,0.26,0.693,0.579,1,0.983,0.054,0.953,0.138,0.771,0.882,0.294,0.972,1,0.748,0,1,0.508,0.804,1,0.003,0.059,0.126,0.004,0.037,0.348,0.934,0.983,0.733,0.614,0.999,0.658,1,0.931,0.681,0.995,0.445,0.764,0.997,0.993,0.111,0.031,0.838,0.18,0.463,0.011,0.058,0.882,0.441,0.712,0.901,1,0.619,1,0.954,0.384,0.211,0.999,1,0.39,0.717,0.3,0.968,0.015,0.488,0.547,0.248,1,0.999,0.467,0.972,0.508,0.027,0.902,0.899,0.481,0.006,1,1,0.544,0.768,0.996,0.966,0.742,0.007,0.237,1,0.548,0.232,0.747,1,0.799,0.491,0.362,0.607,0.995,0.647,0.176,0.972,0.975,0.409,0.508,1,0.94,1,0.115,0.798,0.999,0.703,0.835,0.395,0.015,0.888,1,0.121,0.017,1,1,0.76,0.643,0.242,0.457,0.517,0.165,0.723,0.837,0.121,0.128,0.843,0.998,0,0.487,0.993,0.314,0.91,0.614,0.993,0.996,0.39,0.036,0.546,0.992,0.875,0.658,0.536,0.175,0.735,1,0.363,0.005,0.198,0.008,0.7,1,0.926,0.998,0.592,0.85,0.778,0.449,0.487,0.887,0.984,0.506,1,0.994,0.412,0.994,0.359,0.03,1,0.162,0.999,0.363,0.847,0.656,0.23,0.85,0.455,0.337,0,0.601,0.001,0.003,0.579,0.783,0.35,1,0.672,0.976,0.691,0.395,0.808,0.998,0.996,0.49,0.364,0.086,0.438,0.953
0.87,0.974,0.846,0.47,0.707,0.66,0.793,0.887,0.924,0.901,0.008,0.228,0.641,1,0.878,0.599,0.817,0.002,0.479,1,0.445,0.557,0.781,0.503,0.978,1,0.663,0.023,0,0.201,0.867,0.394,1,0.748,0.999,1,0.865,1,0.898,0.773,0.596,0.949,0.989,0.65,0,0.245,1,0.99,0.601,0.779,0.024,0.88,1,1,0.793,0.084,0.657,0.156,0.821,0.639,0.001,0.828,0.94,1,0.412,0.976,0.333,0.752,0.99,0.257,0.451,0.837,0.981,0.997,1,0.992,0.871,0.997,0.964,0.872,0.57,0.999,0.319,0.975,0.897,0.658,0.554,0.57,0.473,0.998,0.358,1,0.927,0.806,1,0.001,0.737,0.587,0,0.288,0.171,0.38,0.869,1,0.956,0.351,1,0.698,0.492,1,0.658,0.781,0.393,0.889,1,0.271,0.229,0.594,0.944,0.442,0.979,0.806,0.999,0.527,1,1,0.592,0.631,0.94,1,0.924,0.759,0.784,0.905,0.823,0.999,0.848,0.195,0.21,0.97,0.862,0.063,0.132,0.911,0.445,1,1,0.79,0.987,0.692,0.754,0.209,0.062,0.847,1,1,0.988,0.977,0.93,0.994,0.213,0.546,1,1,0.991,0.005,0.828,1,1,0.906,0.664,0.462,0.739,1,0.799,0.322,0.011,0.241,0.339,0.997,0.999,0.996,0.018,1,0.996,0.995,0.688,0.959,0.522,0.648,0.44,0.875,0.996,0.316,0.972,0.002,0.004,0.271,0.996,0.25,0.976,0.71,0.504,1,0.884,1,0.125,0.099,1,0,0.777,0.003,1,0.585,0.168,0.542,0.113,0.247,0.24,0.979,0.077,0.008,0.994,0.673,0.713,0.515,0.972,0.266,1,0.998,0.027,0.81,0.004,0.022,0.687,0.215,0.924,0.938,0.986,0.806,0.655,0.854,0.309,0.991,0.998,0.419,1,0.859,1,1,0.647,0.57,0.454,0.848,0.502,0.154,0.465,0.374,0.23,1,0.993,0.005,0.999,0.477,0.999,0.874,0.788,1,0.115,0.398,1,0.98,0.843,0.67,0.974,0.706,0.988,0.895,0.576
0.952,0.012,0.017,0.636,0.871,0.609,1,0.534,1,1,1,0.78,0.986,0.663,0.602,0.69,0.434,1,0.614,1,0.743,0.343,0.847,1,0.222,1,0.669,0.787,0.224,0.736,0.277,0.898,0.441,0.995,1,0.453,0.248,0.302,0.962,0.638,0.808,0.935,1,0.34,0,0.709,1,1,0.3,0.363,0.673,0.755,0.999,1,0.28,0.802,0.678,0.9,0.044,0.759,0.587,0.008,1,0.964,0.936,0.915,1,0.959,0.527,0.28,0.356,0.853,0.691,0.002,0,0.362,0.764,0.218,1,1,0.044,0.995,0.577,0.992,0.046,0.054,0.421,0.243,0.793,0.921,0.017,0.001,0.706,0.509,0.673,0.988,0.861,0.982,0.005,0.092,0.771,0.322,0,0.229,0.121,0.043,0.748,0.074,0.766,1,0.462,0.854,0.19,0.934,1,0.67,1,0.724,0.017,0.169,0.182,0.754,0.505,0.308,0.846,0.991,0.366,0.459,0.755,0.038,1,0.951,0.367,0.999,0.53,0.718,0.952,0.976,1,0.614,0.688,0,0.978,0.2,0.996,0.885,0.793,1,0.203,0.175,0.662,0.921,0.102,0.95,0.562,0.847,0.884,0.58,0.379,0.168,0.361,1,0.559,0.833,1,0.992,0.918,0.059,0.996,0.985,0.121,0.529,0.367,0.79,1,0.744,0.115,0.095,0.073,0.434,1,1,0.597,1,1,0.437,0.892,0.833,0.732,0.977,0.533,0.212,0.342,0.226,0.028,0.727,0.997,0.182,1,0.135,0.005,0.567,1,0.963,0.334,1,0.998,0.34,0,0.792,1,1,0.882,0.335,0.016,0.93,0.543,0.999,0.393,0.798,1,0.106,0.768,0.285,0.587,0.978,0.999,0.846,0.538,0.015,0.998,0.999,0.602,1,0.919,0.486,0.992,0.47,0.002,0.857,0.554,1,0.37,1,0.748,0.479,1,0.957,0.519,0.01,0.601,0.822,0.537,0.188,0.52,0.022,0.315,0.286,0.847,0.092,0.867,1,0.011,0.574,0.921,0.748,1,0.956,0.993,0.962,1,0.047,0.767,0.993,0.147,0.669,0.95,0.634,0.937
0.198,0.896,0.478,0.297,0.475,0.036,0.099,0.421,1,0.651,0.202,0.448,0.853,1,0.936,0.591,0.684,0.98,0.703,0.999,0.816,0.427,0.994,0.454,0.143,1,0.52,0.692,1,0.926,0.932,0.587,0.209,0.575,0.253,0.132,0.354,1,1,0.811,0.355,0.031,0.017,0.384,0,0.833,1,0.228,0.63,0.997,0.805,0.956,0.395,0.834,0.862,0.918,0.969,0.911,0.848,0.304,0.002,0.715,1,0.408,0.006,0.474,0.073,1,0.635,0.989,0.314,0.995,0.992,0.291,0.012,0.992,0.683,0.168,0.246,0.995,0.852,0.553,0.232,0.977,0.398,0.778,0.262,0.018,0.061,1,0.8,1,0.013,0.367,0.03,0.01,0.481,0.788,0,0.013,0.311,0.445,0.015,0.947,0.74,0.997,0.994,0.578,0.262,0.644,0.01,0.991,0.331,0.989,0.016,0.303,0.524,0.472,0.044,0.366,0.884,0.998,0.59,0.423,0.942,1,0.345,0.626,0.642,0.069,0.023,0.425,1,0.114,1,0.426,1,0.546,0.613,0.494,0.006,0.006,0.905,0.942,1,0.003,0.879,0.438,1,0.822,0.746,0.225,0.848,0.592,0.973,0.011,0.999,0.728,0.663,0.838,0.28,0.997,0.997,0.996,0.082,1,0.043,0.941,0.822,0.121,0.598,0.684,0.8,0.064,0.865,0.607,0.65,1,0.2,0.848,0.028,0.959,0.403,0.906,0.855,0.315,0.154,0.884,0.997,0.992,0.542,0.823,0.558,0.23,0.002,1,0.006,0.548,0.019,0.744,0,0.471,0.193,0.871,0.979,0.789,0.632,0.993,0.103,0.108,0.694,0.83,0.99,0.673,0.977,0.953,0.84,0.487,0.778,0.487,0.744,1,0.973,0.727,0.998,0.999,0.978,0.66,0.006,0.001,0.561,1,0.359,0.001,0.688,0.722,0.003,0.997,0.107,0.998,0.531,0.726,0.329,0.982,0.431,0.571,1,0.265,0.611,1,0.399,0.605,0.594,0.71,0.688,0.998,0.393,0.763,1,1,0.769,1,0.003,0.665,0.99,0.686,0.11,0.005,0.381,0.499,0.804,0.005,0.559,0.989,0.418,0.822,0.894,1,1
0.862,1,0.795,0.895,1,0.17,0.999,0.85,1,0.329,0.928,0.998,0.011,1,0.669,0.86,0.602,1,0.912,0.012,0.689,0.488,1,0.835,0.998,0.999,0.612,0.03,0,0.948,1,0.453,0.828,0.105,0.755,0.008,1,0,0.3,0.291,1,0.829,0.933,0.268,0.013,0.312,1,0.54,0.618,0.999,0.836,0.763,0.998,0,0.45,0.832,0.49,0.809,0.719,0.075,0.187,0.689,1,1,0.682,0.158,0.971,0.158,1,0.305,0.553,0.583,0.406,0.036,0.995,0.298,0.303,0.985,0.866,0.999,0.019,0.523,0.933,1,0.032,0.986,0.947,0.599,0.796,0.027,0.245,0.001,0.97,0.744,0.001,1,0.254,0.678,0.007,0.006,0.572,0.558,0.759,1,0.728,0.978,0.61,0.774,1,1,0.175,1,0.897,0.664,0.999,0.521,0.978,0.646,0.897,0.91,0.67,0.973,0.391,0.284,1,0.188,0.378,0.533,0.532,0.941,1,0.199,0.225,0.158,0.299,0.989,0.964,0.777,0.014,0.62,0.064,0.427,1,0.557,0.633,1,0.748,1,0.333,0.517,0.779,0.944,0.969,0.074,0.657,0.375,0,0.909,0.657,0.229,0.419,1,0.922,0.889,0.319,0.976,0.002,0.039,0.999,0.754,0.961,0.439,0.341,0.072,0.998,0.579,0.836,0.448,0.988,0.715,0.002,1,0.21,0.975,1,0.827,0.602,0.942,0.015,0.445,1,0.998,0.267,0.492,0.145,0.006,0.14,0.181,0.809,0.156,0,0.496,0.987,0.012,0.988,0.343,0.774,0.122,0.999,0.956,0.106,0.103,0.923,0.611,0.999,0.991,1,0.46,0.008,0.428,1,1,0.63,0.987,0.133,0.401,0.072,0.613,0.388,0.009,0.031,0.049,0.226,0.019,0.394,0.784,0.422,0.693,1,0.223,0.565,0.865,0.265,0.998,0.165,0.611,0.943,0.728,0.997,1,0.095,0.725,0.829,0.983,0.613,0.01,0.588,0.381,0.924,1,0.317,1,0.033,0.562,0.571,0.603,0.006,0.982,0.967,0.998,0.998,0.198,0.108,0.805,0.393,0.776,0.063,0.806,0.401
0.218,0.95,1,0.739,0.344,0.232,0.02,0.899,1,0.858,0.893,0.067,0.026,0.986,0.505,0.84,0.462,0,0.39,0.352,0.118,0.351,0.876,0.249,0.363,1,0.198,1,1,0.994,0.218,0.994,0.995,0.538,1,0.775,0.007,1,0.484,0.973,1,1,0.837,0.222,1,0.59,1,1,0.445,0.2,0.2,0.505,0.766,0.01,0.329,0.888,1,0.384,0.997,1,0.336,0.922,1,0.049,0.293,0.784,0.282,0.983,0.663,0.225,0.998,0.799,0.532,1,1,1,0.993,0.415,0.514,0.932,1,0.865,0.219,0.264,0.113,0.403,0.996,0.041,0.006,0.36,1,0.861,0.992,0.745,0.151,0.995,0.66,0.213,1,0.006,0.015,0.912,0.151,0.992,0.422,1,1,0.322,0.997,0.054,0.748,0.998,0.997,0.871,1,0.463,0.61,1,1,0.685,0.106,0.848,1,0.151,0.911,0.559,0.559,0.633,0.293,1,0.837,0.205,0.949,1,0.581,0.106,0.094,0.743,1,0.996,1,0.975,1,0.313,0.73,0.888,0.023,0.027,0.203,1,0.909,0.996,0.195,0.966,0.937,1,1,0.213,0.491,0.26,0.569,0.019,0.693,0.014,0.611,0.984,0.809,0.074,0.595,0.051,0.661,0.849,0.528,1,0.629,0.258,0.12,1,1,0.729,0.514,0.824,0.668,0.016,0.013,0.959,0.945,0.463,1,0.479,0.824,0.461,0.883,0.537,0.004,0.002,0.248,0.976,0.197,0.186,1,0.468,0.282,1,0.825,0.75,0.52,0.27,0,0.871,0.981,0.989,0.148,0.613,1,0.596,0.21,0.984,0.53,0.609,1,0.738,0.54,0.966,0.763,0.864,0.009,0.62,0.964,0.053,0.002,0.975,0.945,1,0.881,0.769,0.037,0.924,0.869,0.526,0.382,1,0.585,1,0.999,0.599,0.797,0.908,0.764,1,0.579,0.896,0.393,0.285,0.728,1,0.098,0.27,0.916,1,0.463,0.994,0.95,0.279,1,0.998,0.224,0.953,0.805,0.693,0.855,0.999,0.475,0.309,0.776,0.771,0.918,0.013,0.067
0.84,0.997,0.01,0.904,0.92,0.994,0.06,0.495,0.999,0.975,1,0.631,0.72,0.595,0.51,0.681,0.528,0.821,0.75,0.251,0.96,0.399,0.935,0.082,0.384,1,0.362,0.846,1,0.22,0.603,1,0.004,0.532,0.594,0.989,0.004,0.999,0.824,0.58,0.999,0.004,0.107,0.408,0,0.42,0.655,0.766,0.486,0.412,0.083,0.378,1,1,0.691,1,0.997,0.44,1,0.902,0.946,0.605,1,0.999,0.001,0.364,0.943,0.683,0.384,0.716,0.328,0.589,0.506,0.532,0.996,0.628,0.984,0.198,1,0.886,0.012,0.527,0.867,0.996,0.06,0.005,0.097,0.288,0.751,0.949,0.038,1,0.012,0.485,0.264,0.004,0.695,0.243,0,0.775,0.994,0.203,0.978,0.998,0.808,0.804,0,0.773,0.949,1,0.388,1,0.072,0.686,0.999,0.743,0.993,0.216,0.943,0.519,0.949,0.471,0,0.429,0.039,0.998,0.264,0.599,0.489,1,1,0.55,0.143,0.995,0.308,0.225,0.168,0.619,0.977,0.52,0.763,0,0.234,0.742,0.75,0.314,0.063,0.888,1,0.099,0.169,0.332,0.987,0.05,0.979,1,1,0.992,0.819,0.782,0.249,0.921,0.992,0.054,1,0.99,0.069,0.934,0.99,0.955,0.425,0.384,0.815,0.406,0.575,0.68,0.637,0.687,0.833,1,0.114,0.258,0.787,1,0.51,0.958,0.683,0.965,0.942,0.899,0.051,0.623,1,0.804,0.893,1,0.032,1,0.739,0.889,0.285,0.623,0.796,1,0.99,0.959,0.225,0.922,1,0,0.118,0.995,0.993,0.679,0.774,0.461,0.086,0.923,0.251,0.774,0.943,0.384,0.58,1,0.964,0.297,0.999,0.435,0.869,1,0.89,1,0.996,0.009,0.821,0.306,1,0.982,0.412,0.77,0.445,0.997,0.404,0.425,1,0.965,1,0.452,0.932,0.999,0.337,0.422,0.539,0.723,0.843,0.002,0.11,0.526,0.982,0.303,0.655,1,0.981,0.492,1,0.498,0.533,0.918,1,0.938,0.899,0.043,0.844,0.514,0.895,0.241,0.733,1,0.914
0.575,1,1,0.053,0.996,0.05,0.418,0.626,0.886,0.272,1,0.333,0,1,0.588,0.445,0.975,0.002,0.985,1,0.823,0.551,0.041,0.378,0.529,1,0.175,0.997,0.042,0.674,0.946,0.352,0.23,0.652,0.501,0.288,0.036,0.99,0.256,0.985,0.868,0.002,0.864,0.812,0,0.997,0.005,0.615,0.891,0.012,1,0.924,0.62,0.998,0.914,0.794,0.93,0.106,0.039,0.914,0.994,0.976,1,0.056,0.994,0.903,0.322,0.468,0.684,0.585,0.369,0.916,0.595,0.995,1,0.007,1,0.84,0.838,0.964,0.971,0.968,0.282,1,0.971,0.477,0.65,0.731,0.268,0.42,0.997,0.999,0.051,0.691,0.494,0.052,0.982,1,0.996,0.133,0.949,0.105,0.001,0.11,0.584,0.997,0.761,0.973,0.378,0.389,0.825,0.044,0.686,0.289,1,0.835,0.839,0.952,0.437,0.337,0.519,0.018,0.999,0.233,0.043,0.785,0.419,0.895,0.671,0.995,0.883,0.251,0.677,0.79,1,0.259,0.437,0.982,0,0.891,1,0,0,0.302,0.708,1,0.961,0.888,0.425,0.35,1,0.987,0.161,0.256,0.953,0.964,1,1,0.908,1,0.151,1,1,1,0.978,1,0.023,0.144,0.029,0.015,0.985,0.452,0.954,0.996,0.626,0.204,0.533,0.609,0.682,0.218,0.022,0.991,0.368,0.607,0.755,0.582,1,0.283,0.834,0.566,0.168,0.593,0.979,0.372,1,0.078,0.965,0.659,0.002,0.941,0,0.513,0.667,0.527,0.432,0.937,0.239,0.73,0,0.992,0.991,0.001,0.006,0.734,0.824,0.73,0.056,0.227,1,0.822,0.999,0.018,0.913,1,0.877,0.257,0.941,0.491,0.997,0.145,1,1,1,0.997,0.621,0.953,0.99,0.76,0.999,0.594,0.956,0.973,0.613,0.119,0.044,0.372,0.172,0.993,0.107,1,0.171,0.101,0.515,0.98,0.999,0.537,0.87,0.534,0.776,0.016,0.578,1,0.021,0.795,0.489,0.356,0.912,0.999,0.453,0.515,0.995,0,1,0.929,0.62,0.983,1,0.017,0.937
0.179,0.993,0.653,0.998,1,0.041,0.933,0.994,1,0.997,0.982,0.627,0.152,0.997,0.987,0.588,0.515,0.003,0.954,0.971,0.741,0.506,0.693,0.992,0.394,1,0.29,0.487,1,0.769,0.737,0.873,0.383,1,0.449,0.874,1,0.695,0.093,0.954,1,0.093,0.545,0.371,0.658,0.293,0.869,0.959,0.497,0.002,0.019,0.698,0.996,0.999,0.6,0.537,0.96,0.462,0.999,0.966,1,0.432,0.92,0.555,0.013,0.913,1,0.086,0.768,0.273,0.297,0.929,0.849,1,1,0.972,0.946,1,0.641,0.711,0.883,0.636,0.213,1,1,1,0.851,0.368,1,0.376,0.572,0.993,1,0.19,1,0.722,0.533,0.258,0,0.715,0.876,0.614,0.021,0.929,0.723,0.005,0,0.991,0.895,1,1,0.803,0.483,0.78,0.001,0.474,0.889,0.97,0.714,0.549,0.332,0.865,0.307,0.88,1,0.683,0.543,0.483,0.268,0.578,0.009,0.677,1,0.908,0.958,0.997,0.571,0.783,0.518,0.68,0.887,0.916,0.165,0.251,0.98,0.567,0.203,0.019,0.716,0.679,0.754,0.79,0.989,0.215,0.373,0,0.998,0.063,0.713,0.986,0.906,0.001,1,0.06,0.535,0.051,0.002,0.999,1,0.015,0.707,0.431,0.654,0.346,0.987,0.415,0.395,0.679,0.856,0.944,0.021,0.849,0.79,1,0.916,0.638,0.004,0.741,0.881,0.279,0.004,0.775,0.987,0.134,0.95,1,0.991,0.762,1,0.145,0.922,0.546,0.686,0.527,0.995,0.373,0.551,0.254,1,0.964,0.719,0.999,0.975,0.226,1,0.999,0.797,0.703,0.721,0.586,0.198,0.999,0.533,0.913,0.729,0.833,0.595,0.695,0.019,0.996,0.998,0.577,1,0.995,0.349,0.388,0.002,0.392,0.835,0.222,0.511,0.966,0.917,0.004,0.009,0.728,1,0.775,0.054,1,0.699,0.823,0.47,0.76,0.735,0.949,1,0.458,0.745,1,0.695,0.143,0.995,0.334,0.791,0.501,0.078,0.637,0.091,0.773,1,0.011,0.986,0.997,1,0.664,0.682,0.067,0.996
0.986,1,0.137,0.976,0.128,0.658,0.991,1,1,0.106,0.995,0.575,1,1,0.562,0.32,0.17,0.135,0.203,0.86,0.067,0.984,1,0.086,0.936,0,0.941,0.081,0.993,0.266,0.842,0.976,1,0.741,0.308,0.995,0.012,0.987,0.95,0.999,0.705,0.011,0.978,0.302,0.966,0.271,1,1,0.631,0.006,0.995,0.345,0.042,0.993,0.982,0.992,0.07,0.632,0.501,0.329,1,0.207,0.155,0.979,0.899,0.997,1,0.265,0.76,0.186,0.724,0.514,0.159,0.053,0.046,0.065,0.551,0.824,0.731,0.979,0.826,0.593,0.255,0.999,0.723,0.15,0.149,0.983,0.675,1,0.963,0.999,0.274,0.938,0.001,0.209,0.553,0.264,1,0.989,0.097,0.372,0,0.793,0.203,0.87,0.544,0.823,0.488,0.874,0.699,0.998,0.638,0.999,1,0.539,0.885,0.781,0,0.091,1,0.187,0.95,0.252,0.019,0.822,0.642,0.547,0.56,0.006,1,0.6,0.999,0.022,0.975,1,0.759,0.914,1,0.805,0.72,0.999,0.007,0.65,0.61,0.974,0.013,0.508,0.787,0.427,0.383,0.91,1,0.114,0.785,0.932,1,0.14,0.749,0.943,0.957,1,0.999,0.006,0.093,0.327,0.176,0,0.506,0.023,0.911,0.526,0.787,0.27,0.184,0.266,0.547,0.797,0.927,0.14,0.225,1,0.247,0.012,0.999,1,0.673,0.992,0.952,0.559,0.999,0.591,0.614,0.425,1,1,0.922,0.799,0.981,0.627,0.165,0.815,0.868,0.998,1,0.321,0.998,0.253,0.231,0,0.901,0,0,0.498,1,1,0.888,0.295,0.896,0.673,0.078,0.917,0.613,0.322,0.848,1,1,0.987,0.984,0.818,0.927,0.888,0.991,0.976,0.603,0.379,1,0.925,0.792,0.634,0.594,0.997,0.679,1,0.907,0.847,0.994,0.659,0.052,0.979,0.592,1,0.698,0.791,0.641,0.983,0.408,0.408,0.501,0.005,0.66,0.994,0.007,0.739,0.226,0.903,0.959,1,0.857,1,0.643,0,0.984,0.928,0.117,0.567,0.692,0.827,0.407
