0.991,0.611,0.552,0.856,0.96,0.899,0.979,0.938,1,1,0.203,0.573,0.987,0.526,0.625,0.532,0.551,0.644,0.695,0.998,1,0.406,0.971,0.705,0.397,0.077,0.694,0.999,0.95,0.798,0.695,0.74,0.97,0.94,0.909,0.342,0.937,1,0.393,0.473,1,0.446,0.434,0.633,0.351,0.998,1,1,0.952,0.844,0.564,0.879,0.942,0.757,0.776,0.765,0.634,0.996,0.999,0.65,0.933,0.599,0.997,0.767,0.414,0.707,0.978,0.895,0.72,0.634,0.642,0.808,0.7,0.433,1,0.949,1,0.826,0.998,0.946,0.751,0.449,0.56,0.721,0.707,0.68,0.865,0.9,0.945,0.659,1,0.883,0.74,0.753,0.808,0.721,0.781,0.441,1,0.623,0.999,0.712,0.823,0.777,0.997,0.111,1,0.725,0.209,0.932,0.717,0.416,0.774,0.295,1,0.469,1,0.617,0.722,0.652,0.336,0.988,0.257,0.473,0.76,0.598,0.639,0.706,0.856,0.963,0.673,0.659,0.464,0.653,0.934,0.122,0.847,0.752,0.688,0.505,0.788,0.883,0.867,0.348,0.768,0.653,0.698,0.682,0.776,0.98,0.353,0.97,0.806,0.368,1,1,0.253,1,0.567,0.767,0.833,1,0.339,0.808,0.414,0.257,0.901,0.798,0.83,0.779,1,0.73,0.408,0.77,1,0.44,0.946,0.405,0.829,0.299,0.926,1,0.447,0.986,0.981,0.771,0.908,1,0.921,0.543,0.938,0.939,1,0.83,0.809,0.804,0.547,0.949,0.573,0.963,0.982,0.683,0.521,0.614,0.999,0.766,0.993,0.549,0.996,0.732,0.992,0.982,0.879,0.887,0.128,1,0.701,0.31,0.468,0.908,0.901,0.966,0.917,0.859,0.958,0.473,0.727,0.764,0.877,0.994,0.554,0.625,0.971,0.629,0.671,0.697,0.981,0.876,0.414,1,0.595,0.843,0.519,1,0.992,0.56,1,0.702,0.973,1,0.591,0.909,0.85,0.941,0.997,0.879,0.805,0.845,0.413,0.998,0.631,0.815,1,0.58,1,0.946,0.583,0.83,0.875,0.671,0.99,0.444,0.999,0.964,0.95,0.492,0.836,0.998,0.739
1,0.487,0.363,1,0.576,0.92,1,0.268,0.91,0.723,0.697,0.662,0.244,0.637,0.865,0.866,0.47,0.926,0.656,1,0.559,0.472,0.966,0.431,0.998,1,0.643,0.45,0.642,0.609,0.999,0.266,0.811,0.797,0.51,0.993,0.836,0.498,0.239,0.935,0.792,0.949,0.988,0.458,0.959,0.602,0.996,1,0.431,0.722,0.735,0.906,1,1,0.689,0.952,0.63,0.451,0.374,0.974,0.359,0.356,0.023,0.97,0.584,0.225,0.875,0.681,0.412,0.79,0.605,0.775,0.68,0.828,0.985,0.246,0.541,0.995,0.097,0.924,0.65,0.862,0.94,0.998,0.673,0.522,0.486,0.372,0.482,0.329,0.9,0.838,0.805,0.353,0.903,0.71,0.866,0.976,0.297,0.869,0.349,0.774,0.399,1,0.482,1,0.916,0.356,1,0.104,0.56,0.929,0.995,0.569,0.589,0.512,0.854,0.68,0.315,0.725,0.928,0.579,0.339,0.644,1,0.992,0.438,0.68,0.788,0.785,0.992,0.632,0.602,0.518,0.897,0.407,1,0.623,0.198,0.738,1,0.862,0.315,0.699,0.378,0.993,0.403,0.999,0.749,0.449,0.771,1,0.943,0.649,1,1,0.836,0.024,0.779,0.419,0.505,0.835,1,0.87,0.997,0.169,0.702,1,0.416,0.64,0.614,0.524,0.802,0.992,0.994,0.898,0.491,0.777,0.411,0.674,0.833,0.815,0.946,0.994,0.468,0.892,0.51,0.909,1,0.519,0.999,0.941,0.999,0.993,0.209,1,0.647,0.567,0.803,0.387,0.686,0.57,0.741,0.955,0.983,0.956,0.722,0.999,0.928,0.881,0.853,0.149,0.367,0.991,1,0.527,1,0.857,0.972,0.832,1,0.915,0.527,0.984,0.715,0.777,1,0.693,0.736,0.703,0.781,0.939,0.601,0.999,0.522,0.55,0.306,0.675,0.273,0.868,0.792,0.989,0.457,0.055,0.208,0.984,0.892,0.556,0.048,0.409,0.825,0.711,0.569,0.67,0.915,0.892,0.891,0.434,0.726,1,0.985,0.999,0.535,0.582,0.899,0.612,0.381,1,0.993,0.678,0.51,0.924,0.466,0.763,0.832,0.523,0.986,0.552,1
0.634,0.986,0.481,0.945,0.982,0.394,0.432,0.387,0.615,1,0.673,0.541,0.913,0.15,0.745,0.642,0.994,0.419,0.974,0.521,0.914,0.738,0.676,0.997,0.627,1,0.591,0.879,0.994,0.799,0.995,0.912,0.989,0.95,0.97,0.761,0.885,1,0.445,0.675,0.995,0.462,0.845,0.95,0.656,0.819,0.998,0.992,0.412,0.883,1,0.526,0.064,1,0.529,0.576,0.987,0.437,0.677,0.376,0.726,1,1,0.995,0.641,0.973,0.959,0.312,0.434,0.699,0.292,0.554,0.993,0.321,1,1,0.719,0.875,0.495,0.994,0.964,0.731,0.744,0.985,0.677,0.421,0.605,0.627,0.983,0.943,0.68,0.986,0.768,0.633,0.999,0.88,0.809,0.862,0.458,0.324,0.602,0.829,0.636,0.999,0.494,0.97,0.621,0.879,0.715,1,0.667,0.951,0.694,0.717,1,0.492,0.931,0.499,0.939,0.971,0.309,0.735,0.928,0.95,0.827,0.386,0.557,0.949,0.497,0.248,0.952,0.514,0.518,1,0.782,0.446,0.988,0.604,0.978,0.983,0.504,0.283,0.364,0.632,0.535,0.444,1,0.964,1,0.734,0.7,0.536,0.867,0.421,0.966,0.757,0.253,1,0.887,0.457,0.709,0.997,0.998,0.999,1,0.275,0.651,0.946,1,0.391,0.966,0.693,0.987,0.745,1,0.751,0.598,0.831,0.446,0.516,0.456,0.998,0.541,0.331,0.453,0.991,0.729,1,0.858,0.777,0.474,0.848,0.237,0.572,0.991,0.973,0.999,0.588,1,0.664,1,0.539,0.435,0.991,0.375,0.465,0.633,0.65,0.611,0.691,0.524,0.929,0.977,0.763,0.997,0.912,0.711,0.682,0.571,0.412,0.943,0.973,0.576,0.851,0.784,0.999,1,0.933,0.997,1,0.578,1,0.971,0.904,0.858,0.844,1,0.36,0.661,0.992,0.856,0.92,0.53,0.789,0.868,0.926,0.99,0.512,0.878,1,0.657,0.985,0.481,0.786,0.598,0.584,0.361,0.494,0.576,0.18,0.698,0.26,0.898,0.507,0.807,0.688,0.929,0.975,1,0.42,0.891,0.471,0.998,0.997,0.824,0.525,0.521,0.61,0.738
0.375,1,0.679,0.193,1,0.342,0.486,1,0.968,0.889,0.982,0.377,0.515,0.992,0.979,0.858,0.801,0.995,0.641,0.984,0.631,0.964,0.849,0.355,0.738,1,0.384,0.604,0.155,0.987,0.963,0.98,1,0.997,0.009,0.487,0.654,0.291,0.968,1,0.961,0.685,0.677,0.605,1,0.97,0.645,0.999,0.698,0.657,0.753,0.96,0.955,0.476,0.852,1,0.933,0.731,0.192,0.686,0.592,0.995,0.001,0.128,0.391,0.998,1,0.907,0.812,0.563,0.969,1,0.641,0.919,1,1,0.991,0.774,0.556,0.515,0.407,0.839,0.605,1,0.818,0.959,0.783,0.42,0.69,0.976,0.979,0.507,0.507,0.437,0.381,1,0.511,0.524,0.795,0.488,0.779,0.541,0.746,0.814,0.333,0.922,0.552,0.999,0.984,1,0.998,0.224,0.412,0.994,1,0.674,0.585,0.636,0.774,0.479,0.351,0.92,0.865,0.52,0.971,0.953,0.577,0.516,0.996,0.256,0.994,1,0.579,0.96,1,1,0.396,0.783,1,0.782,0.864,1,0.728,0.553,0.927,0.997,0.428,0.546,0.897,0.583,0.673,0.696,0.627,0.999,1,0.962,0.581,0.669,0.631,0.877,0.535,0.133,0.974,0.724,0.261,0.747,0.585,0.409,0.874,0.837,0.946,0.762,0.248,0.859,0.781,0.652,0.38,0.444,0.742,0.413,0.987,0.948,0.635,0.614,0.986,0.797,0.176,0.967,0.461,0.992,0.947,0.982,0.925,0.708,0.435,1,0.674,0.576,0.534,0.828,0.808,0.613,0.642,0.346,0.365,0.636,0.781,0.865,0.504,0.476,0.682,0.187,1,0.948,1,0.803,0.586,0.885,0.894,0.573,0.788,0.171,0.4,1,0.985,0.571,0.992,0.716,0.697,0.442,0.95,0.166,0.392,0.953,0.483,0.433,0.725,0.964,0.248,0.851,0.611,0.616,0.457,0.092,0.442,0.796,0.804,0.84,0.409,0.001,0.38,0.251,0.444,0.5,0.881,0.969,0.38,0.734,0.997,0.999,0.679,0.622,1,0.499,0.74,0.734,0.85,0.968,0.809,0.419,0.307,0.502,0.706,1,1,0.875,0.658,0.474,0.805
0.601,0.756,0.498,0.9,0.889,0.622,0.595,0.845,0.143,0.641,0.983,0.573,0.417,1,0.809,0.755,0.366,0.671,0.468,0.819,0.701,0.668,0.545,0.743,0.617,0.652,0.531,0.769,0.775,0.736,0.864,0.228,0.228,0.577,0.902,0.34,0.775,0.807,0.819,0.757,0.999,0.405,0.792,0.748,0.986,0.614,0.982,0.075,0.989,0.919,0.578,0.659,0.344,0.711,0.349,0.754,0.818,0.616,0.756,0.513,0.361,0.798,0.998,0.858,0.385,0.983,0.663,0.837,0.906,0.543,0.899,0.861,0.707,1,0.741,0.995,0.76,0.352,0.449,1,0.855,0.992,0.552,0.221,0.527,0.51,0.717,0.739,0.552,0.887,0.985,0.284,0.507,0.998,0.713,0.681,0.998,0.326,0.723,0.846,0.994,0.994,0.644,0.976,0.58,0.902,0.897,0.219,0.996,0.004,0.987,0.928,0.92,0.43,0.159,0.505,0.922,0.862,0.997,0.502,0.455,1,0.894,0.791,1,0.894,0.982,0.813,0.493,0.993,1,0.33,0.935,0.933,0.883,0.624,0.858,0.583,1,0.713,0.785,0.371,0.27,0.492,0.776,0.723,0.62,0.91,0.685,0.802,0.935,0.647,0.86,0.391,0.806,0.562,0.767,0.985,0.401,0.812,0.752,0.833,0.865,0.776,0.889,0.966,0.705,0.94,0.937,0.532,0.36,0.505,0.969,0.489,0.617,0.716,0.68,0.533,0.978,0.122,0.537,0.998,0.433,0.473,0.72,1,0.999,1,0.799,0.817,0.667,0.998,0.803,0.96,0.954,0.65,0.999,0.693,0.679,0.473,0.77,0.55,0.486,0.722,0.945,1,0.723,0.545,0.951,0.671,0.616,1,0.285,0.77,1,0.833,0.752,0.998,0.383,0.365,0.235,0.985,0.959,0.294,0.399,0.758,0.183,0.734,0.503,0.911,0.622,0.936,0.989,1,0.363,0.731,1,0.978,0.621,0.855,0.639,0.751,0.623,1,0.857,0.773,1,0.507,0.999,0.992,0.898,0.772,0.552,0.426,0.484,0.624,0.64,0.651,0.61,1,0.623,0.959,0.614,0.45,0.755,0.435,0.788,0.96,1,0.691,0.976,0.504,0.95,0.586,0.496,0.712,0.661,0.49,0.985
0.746,0.292,0.636,0.988,0.674,0.835,0.402,0.554,1,0.999,1,0.612,0.575,0.407,0.444,0.637,0.355,0.525,0.721,0.965,0.947,0.709,1,0.612,0.848,0.218,0.566,0.886,0.21,0.874,0.718,0.852,0.849,0.999,0.992,0.414,0.374,0.136,0.605,0.518,0.999,0.904,0.512,0.558,0.421,0.537,1,1,0.562,0.509,0.713,0.225,0.942,0.994,0.575,0.455,0.858,0.383,0.171,0.993,0.999,0.75,0.208,0.761,0.874,0.776,0.998,0.744,0.847,0.547,0.738,0.234,0.537,0.755,0.301,0.819,0.346,0.761,0.944,0.817,0.657,0.878,0.543,0.83,0.948,0.635,0.589,0.799,0.692,0.621,0.746,0.996,0.311,0.483,0.811,0.992,0.32,0.991,0.528,0.512,0.601,0.839,0.37,0.588,0.799,0.66,0.061,0.346,0.824,0.999,0.335,0.531,0.285,0.621,1,0.51,0.732,0.507,0.627,0.592,0.655,0.266,0.983,0.854,0.858,1,0.736,0.456,0.584,0.138,0.154,0.887,0.982,0.661,1,1,0.647,0.974,1,0.635,0.498,0.774,0.998,0.46,1,0.951,0.966,0.762,0.568,0.999,0.995,0.356,0.995,0.793,0.502,0.197,1,0.963,1,0.801,0.519,0.745,0.966,0.903,0.171,0.771,0.993,0.717,0.661,1,0.566,0.548,0.476,0.799,0.964,0.971,0.805,0.589,0.208,0.683,0.617,0.754,0.73,0.768,0.932,0.335,0.404,1,0.995,0.877,0.528,1,0.94,0.406,0.586,0.445,0.688,0.785,0.825,0.617,0.999,0.587,0.667,1,0.759,0.397,0.46,0.344,0.44,0.998,0.767,0.978,1,0.455,0.213,0.963,0.768,0.238,0.883,1,0.992,0.826,0.399,0.995,0.531,0.68,0.273,0.776,0.925,0.775,0.999,0.968,1,1,0.495,0.49,0.982,0.14,0.298,0.998,0.553,0.999,0.914,1,0.62,0.828,0.997,0.442,0.762,0.814,0.528,0.989,0.542,1,0.626,0.827,0.994,0.606,1,1,0.78,1,0.728,0.436,1,0.906,0.287,1,0.985,0.999,0.735,0.775,0.197,0.134,0.985,0.533,0.867,0.874,1
0.959,0.844,0.875,0.812,0.737,0.483,0.648,0.984,1,0.999,0.846,0.573,0.353,0.861,0.587,0.975,0.93,0.541,0.592,0.763,0.836,0.474,1,0.727,0.69,0.974,0.665,0.904,0.57,0.601,1,1,0.709,0.161,0.966,0.548,0.863,0.983,0.52,0.647,0.963,0.758,0.273,0.64,0.454,0.93,0.171,0.162,0.764,0.966,0.361,0.832,0.695,0.242,0.683,1,0.365,0.833,0.834,1,0.76,0.604,1,0.75,0.495,1,0.542,1,0.373,0.939,0.832,0.414,0.994,1,0.66,0.992,0.889,0.505,0.078,1,0.949,0.715,0.511,0.17,0.583,0.53,0.576,0.996,0.494,0.998,0.483,1,0.997,0.64,0.901,0.949,0.327,0.678,0.849,0.972,0.943,0.622,0.326,0.358,0.859,0.235,1,0.731,0.35,0.983,0.544,1,0.549,0.403,1,0.7,0.431,0.957,0.486,0.659,0.785,0.885,0.983,0.56,0.439,1,0.851,0.634,0.536,1,0.7,0.658,1,0.998,0.942,0.998,0.839,0.815,0.296,0.507,0.394,1,1,0.951,0.878,0.312,0.357,0.5,0.787,0.334,0.955,0.753,0.736,0.538,0.682,0.968,0.864,1,0.985,0.614,0.501,0.623,0.149,0.856,0.915,0.999,0.486,0.789,0.361,0.398,0.678,0.931,0.417,0.413,0.865,0.791,0.58,0.79,0.768,0.997,0.644,1,0.516,0.99,1,1,0.655,0.392,0.241,0.712,0.963,0.999,0.301,0.624,0.996,0.948,0.737,0.995,0.254,0.796,0.06,0.832,0.97,1,0.87,0.986,0.999,0.987,0.77,0.987,0.567,0.508,0.996,0.593,0.999,0.994,0.426,0.958,0.51,0.776,1,0.774,0.991,0.858,0.382,0.935,0.829,0.752,0.721,0.974,0.409,0.982,0.79,0.639,0.716,0.549,0.683,0.983,0.448,0.723,0.525,0.475,0.55,1,0.994,0.781,0.037,0.93,0.994,0.643,0.989,0.507,0.518,0.878,0.594,1,0.345,0.547,0.709,0.935,0.748,0.074,0.997,0.566,0.997,1,0.328,0.655,0.828,0.712,0.949,0.354,0.342,0.944,0.995,0.885,0.597,0.33,0.539
0.943,0.989,0.763,0.999,0.966,0.442,1,0.819,1,0.987,1,0.734,0.381,0.997,0.721,0.663,0.29,0.289,0.62,0.321,1,0.458,0.997,0.496,0.862,0.978,0.802,0.676,0.722,0.824,0.411,0.992,0.993,0.745,1,0.359,0.738,1,0.763,0.98,0.501,0.484,0.311,0.98,0.318,0.729,1,0.968,0.744,0.953,0.976,0.744,0.96,0.993,0.72,0.75,0.746,0.555,0.901,0.333,0.483,0.28,0.987,1,0.308,0.815,0.994,0.194,0.705,0.511,0.701,0.676,0.724,0.671,1,1,0.884,0.624,0.866,1,0.801,0.635,0.777,1,0.338,0.658,0.375,0.464,0.939,0.638,0.492,0.999,0.553,0.753,0.85,0.492,0.225,0.998,0.721,0.359,0.952,0.946,1,0.269,0.233,0.873,0.965,0.886,0.835,0.986,0.306,1,0.823,0.468,0.998,0.623,0.568,1,0.467,0.772,0.731,1,0.379,0.548,1,0.255,0.586,0.999,0.799,0.508,1,0.544,0.996,1,0.999,0.524,0.356,0.805,0.892,0.421,0.482,0.592,0.796,0.871,0.459,0.871,0.558,0.699,0.623,0.909,0.409,0.384,0.936,0.752,0.865,0.982,1,0.497,0.847,0.973,0.565,0.999,0.994,0.633,0.825,0.742,0.634,1,1,0.933,0.746,0.496,0.905,0.962,0.97,0.501,0.616,0.365,0.949,0.938,0.771,0.713,0.572,0.567,0.21,0.791,0.427,0.884,0.315,0.455,1,0.624,0.781,0.682,0.392,0.811,0.972,0.85,0.883,0.53,0.828,0.778,0.386,0.32,1,0.167,0.29,0.234,0.152,0.455,0.604,0.601,0.999,0.752,1,0.415,0.594,0.362,0.727,0.418,0.912,0.921,0.775,0.877,0.998,0.75,0.796,0.502,0.987,0.919,0.932,0.178,0.997,0.703,0.999,0.647,0.69,0.768,0.524,0.699,0.536,0.574,0.832,0.21,0.997,0.81,1,0.782,1,1,0.484,0.156,0.543,0.332,0.638,0.99,0.99,0.595,0.676,1,0.547,1,0.966,0.604,0.951,0.319,0.326,0.931,0.797,0.516,1,0.663,0.769,1,1,0.529,0.998,0.641,0.756
0.713,0.037,0.432,0.612,1,0.831,0.642,0.658,0.999,0.899,0.799,0.592,0.861,1,0.685,0.603,1,0.851,0.988,0.725,0.993,0.606,0.553,0.698,0.427,1,1,0.652,1,0.636,0.971,0.752,0.711,0.191,0.998,0.56,0.554,0.554,0.746,0.929,0.329,0.936,1,0.577,0.613,0.747,0.943,1,0.687,0.617,0.601,0.975,0.7,1,0.572,0.912,0.425,0.411,0.55,0.895,0.991,0.928,1,1,0.643,0.998,0.496,0.374,0.733,0.643,0.713,0.617,1,0.855,0.669,0.69,0.582,0.478,0.738,0.535,0.631,0.892,0.87,1,0.607,0.406,0.745,0.734,0.313,0.354,0.293,0.284,0.968,0.2,0.478,0.749,0.427,0.817,0.975,0.581,0.478,0.655,0.615,0.971,0.673,0.385,0.062,0.312,0.745,0.963,0.868,0.696,0.999,0.628,1,0.496,0.498,0.979,0.615,0.498,0.517,0.915,0.265,0.379,0.484,0.862,0.732,0.606,0.623,0.529,1,0.678,0.26,0.976,0.87,0.948,0.503,0.511,1,0.733,0.484,0.988,1,0.617,0.998,0.388,0.8,0.999,0.931,0.506,0.247,0.699,0.49,0.993,0.488,0.893,0.264,0.536,0.358,1,0.57,0.993,0.981,0.774,0.997,0.999,0.683,0.77,0.89,0.252,0.554,0.574,0.538,0.342,0.958,0.649,0.971,0.99,1,0.551,0.56,0.644,0.987,0.816,0.37,0.631,0.775,0.999,0.938,0.999,0.436,0.603,1,0.605,1,0.537,0.358,0.471,0.995,0.745,1,0.751,0.707,0.678,1,0.667,0.849,0.898,1,0.73,0.909,0.885,0.964,0.797,1,1,0.662,0.99,0.75,0.411,0.725,1,0.577,0.96,0.652,0.685,0.528,0.494,1,0.875,0.21,0.242,0.764,0.264,0.859,0.523,0.629,0.998,0.804,0.808,0.502,1,0.716,1,0.669,0.876,0.995,0.428,0.937,0.233,0.455,0.431,0.563,0.999,0.621,0.543,0.683,0.555,0.925,0.043,0.398,0.459,0.595,0.752,0.776,0.39,0.261,0.883,0.603,0.77,0.998,0.693,0.999,0.15,0.815,0.999,1,1,1
1,0.96,0.449,0.736,0.233,0.56,0.525,1,1,1,1,0.981,0.356,0.938,0.565,0.671,0.489,0.753,0.456,0.598,0.329,0.777,1,1,0.601,1,0.598,0.682,0.358,1,0.502,0.315,1,0.612,1,0.512,1,1,0.752,1,0.336,0.607,0.995,0.697,0.745,0.577,0.042,0.984,0.63,0.55,0.677,0.999,0.502,0.868,0.643,0.511,0.998,0.438,0.375,0.218,0.939,0.927,1,1,0.924,0.727,1,0.728,0.971,0.831,0.997,0.844,0.872,0.451,0.947,0.808,0.575,1,0.987,0.799,0.587,0.695,0.986,0.504,0.527,0.759,0.909,0.978,0.822,0.742,0.955,0.886,0.348,0.368,0.422,0.551,0.672,0.953,0.62,0.632,0.995,0.585,0.996,0.712,0.95,0.572,0.739,0.915,0.67,1,0.6,1,0.646,0.684,0.931,0.847,0.828,0.603,0.575,0.806,0.72,0.999,0.566,0.525,0.188,0.028,0.687,0.795,0.421,0.786,0.859,0.922,0.858,0.904,1,0.736,0.472,0.987,0.205,0.589,0.936,0.513,1,0.513,0.226,1,0.456,0.535,0.853,0.161,0.373,0.613,0.994,0.295,0.267,0.831,0.76,0.651,0.605,0.907,0.664,0.709,1,0.858,0.718,1,0.425,0.444,0.96,0.859,0.456,0.609,0.585,0.86,0.909,0.991,0.549,0.899,0.162,1,0.919,1,0.998,0.975,0.577,0.925,0.489,0.756,0.472,0.747,0.863,0.834,1,0.456,0.918,1,0.812,1,0.762,0.447,0.668,0.749,0.84,0.761,1,0.996,0.567,0.291,0.692,0.677,0.384,0.997,0.454,0.528,0.94,0.777,0.695,0.84,0.734,0.717,1,1,0.513,0.855,0.384,0.827,0.553,0.997,0.797,0.775,0.746,0.998,0.62,0.591,0.942,0.689,0.894,0.357,0.505,0.983,0.446,0.52,0.354,0.996,1,0.789,1,0.681,0.986,0.683,0.384,0.908,0.475,0.478,0.511,0.642,0.497,0.456,0.961,1,0.951,0.454,0.453,0.461,0.975,0.996,0.952,1,0.918,0.833,0.701,0.975,0.669,1,0.778,0.36,0.323,0.558,0.972
0.894,0.791,0.69,0.203,0.072,0.998,0.825,0.976,0.065,0.932,0.727,0.819,0.73,0.88,0.699,0.607,0.61,0.999,0.797,0.915,0.481,0.572,0.451,0.803,0.702,1,0.929,0.947,0.414,1,1,0.587,0.682,0.951,0.961,1,0.387,0.152,1,0.997,0.7,0.605,0.94,0.733,0.933,0.681,1,0.957,0.514,0.387,0.633,0.83,0.958,1,0.999,0.994,0.655,0.872,0.89,0.48,0.48,0.858,1,1,0.341,0.747,1,0.983,0.411,0.657,0.703,0.618,0.942,0.886,0.995,0.809,0.416,0.986,0.881,0.811,0.556,0.874,0.709,0.886,0.926,0.863,0.552,0.663,0.883,1,0.734,0.337,0.754,0.948,0.663,0.654,0.939,0.744,0.928,0.451,0.758,0.482,0.166,0.836,0.948,0.448,0.992,0.469,0.28,0.749,0.208,0.993,0.351,0.811,0.99,0.711,1,0.995,1,0.563,0.72,1,0.68,0.514,0.89,0.686,0.657,0.572,0.569,0.945,0.554,0.413,0.558,0.251,0.895,0.988,0.933,0.594,0.798,0.642,0.948,0.738,0.887,0.706,0.676,0.24,0.928,0.957,0.998,0.48,0.402,0.998,0.838,0.667,0.994,0.777,0.723,0.202,0.688,0.308,0.993,0.745,0.832,1,0.495,1,0.842,0.793,0.713,1,0.753,0.527,0.573,0.941,0.781,0.824,0.89,1,0.803,0.499,0.583,0.66,0.322,0.893,0.961,0.889,0.981,0.289,0.985,0.892,0.772,0.389,0.455,0.857,0.994,0.949,0.643,0.632,1,0.995,0.84,0.729,0.892,0.729,0.331,0.638,0.956,0.652,0.187,0.97,0.467,0.94,0.22,0.521,0.586,0.946,0.998,0.645,0.995,0.316,0.927,0.619,0.515,0.315,0.664,0.915,0.712,0.733,0.715,0.698,0.613,1,0.625,0.815,0.336,0.448,0.812,1,0.947,0.788,0.663,0.947,0.488,0.996,0.797,0.638,0.993,0.639,0.42,0.058,0.509,0.601,0.524,0.456,0.845,0.527,0.911,0.495,0.745,1,0.548,0.898,0.994,0.479,0.865,0.96,0.999,0.609,0.342,0.808,1,0.814,0.832,0.884,0.977,0.654,0.555,0.867,0.998
0.7,0.782,0.586,0.283,0.97,0.22,0.99,0.339,0.585,0.06,0.774,0.513,0.994,1,0.939,0.786,0.714,1,0.935,0.998,0.854,0.785,0.338,0.563,0.756,0.571,0.871,0.399,0.811,0.519,0.705,1,0.983,0.979,0.887,0.981,0.984,0.994,0.991,0.946,0.227,0.996,0.836,0.998,0.725,0.384,0.998,0.966,0.601,1,0.966,0.765,1,0.931,0.947,0.964,0.288,0.701,0.152,0.679,0.649,0.978,0.013,0.756,0.994,0.826,0.4,0.58,0.63,0.763,0.421,0.675,0.864,0.303,0.841,0.221,0.999,0.601,0.235,0.995,0.489,0.979,0.531,0.034,0.706,0.498,0.415,0.618,0.81,0.735,1,0.888,0.66,0.25,0.343,0.96,0.355,0.627,0.925,0.996,0.955,0.433,0.665,0.594,0.562,0.58,1,0.764,0.999,0.982,0.496,0.97,0.724,0.853,0.971,0.497,0.762,0.732,0.954,0.918,1,0.284,0.994,0.564,0.489,0.892,0.741,0.877,0.886,0.943,1,0.643,0.993,0.881,0.99,0.976,0.927,0.483,0.76,0.938,0.471,0.758,0.979,0.861,0.839,0.07,0.342,0.684,0.898,0.999,0.385,0.172,0.612,0.604,0.127,0.261,1,0.958,0.649,0.328,0.505,0.72,1,0.189,1,0.625,0.61,0.536,0.804,0.205,0.993,0.654,0.347,1,0.955,0.706,0.809,0.925,0.995,0.873,0.563,0.98,0.772,0.406,1,0.762,0.907,0.96,0.299,1,0.787,1,1,0.474,0.81,1,0.831,0.509,0.245,0.875,0.943,0.852,0.999,0.88,0.977,1,0.69,0.92,0.786,0.381,0.602,0.877,0.896,0.486,0.988,1,0.901,0.12,1,0.576,1,0.766,0.644,0.315,0.816,0.98,0.938,0.903,0.65,0.997,0.605,0.954,0.191,0.211,0.648,0.628,0.138,0.789,0.943,0.582,0.449,1,0.615,1,0.681,0.778,1,0.367,0.657,1,0.464,0.7,0.524,0.97,0.606,0.544,0.746,0.533,0.332,0.998,0.36,0.444,0.903,0.58,0.758,0.671,0.996,1,0.344,0.421,0.525,0.387,1,0.345,0.121,0.543,0.819,0.568,0.07
0.096,1,0.946,0.338,0.973,0.591,0.668,1,1,0.83,0.998,0.72,0.933,0.64,0.811,0.706,0.613,0.681,0.717,0.669,0.3,0.616,0.574,0.151,0.89,0.998,0.662,0.672,0.849,0.894,0.788,0.623,0.778,0.75,1,0.888,0.992,1,0.447,0.738,0.985,1,1,0.525,0.764,0.653,0.033,0.65,0.563,0.426,0.553,0.66,0.839,0.73,0.502,0.95,0.772,0.838,0.324,0.962,0.635,0.485,0.952,0.883,0.676,0.553,1,0.938,0.538,0.721,0.643,0.322,0.425,1,0.998,0.847,0.51,0.718,0.805,0.329,0.995,0.819,0.567,0.999,0.985,0.563,0.422,0.903,0.383,1,0.151,1,1,0.677,0.548,0.613,0.977,0.562,0.577,0.396,0.713,0.836,0.601,0.62,0.477,0.845,0.101,0.972,0.694,0.074,0.739,1,0.953,0.429,0.047,0.479,0.994,0.884,0.528,0.547,1,0.831,0.652,0.616,0.992,0.973,0.73,0.704,0.953,0.925,0.969,0.479,1,0.996,0.164,0.902,0.563,1,0.216,0.518,0.636,0.997,0.822,0.608,0.718,0.621,0.833,0.728,0.99,0.842,0.969,0.544,0.523,0.685,0.227,0.793,1,0.977,0.653,0.98,0.603,0.281,1,0.575,0.935,0.315,0.466,1,0.848,0.441,0.824,0.565,0.852,0.998,1,0.601,0.434,0.854,0.537,0.958,0.513,0.968,0.635,0.331,0.883,0.24,0.234,0.702,0.756,0.887,0.301,0.565,0.338,0.739,1,0.234,0.321,0.556,0.915,0.644,0.284,0.741,0.438,0.648,0.644,0.82,0.983,0.536,0.997,0.309,0.672,1,0.79,0.956,0.505,0.907,0.112,1,0.928,0.595,0.817,0.997,0.799,1,1,0.491,0.901,0.733,0.449,0.575,0.984,0.847,0.857,0.935,0.716,0.457,0.571,0.786,0.995,0.761,0.857,0.843,0.557,0.998,0.762,0.663,0.694,0.417,0.22,0.994,0.4,0.638,0.634,0.692,0.715,0.877,0.72,0.529,0.731,1,0.899,1,0.642,0.97,0.321,0.583,0.702,1,0.7,0.643,0.291,0.515,1,0.993,0.882,0.576,0.875,0.869,0.602
1,0.85,0.993,0.753,0.736,0.975,0.536,0.988,0.995,0.523,0.784,0.377,0.448,0.059,0.747,0.546,0.677,0.593,0.79,0.752,0.981,0.441,1,0.725,0.739,1,0.665,0.995,0.832,0.999,0.53,0.737,0.286,0.949,0.753,0.504,0.236,0.881,0.773,0.78,0.859,0.688,0.693,0.674,0.976,0.685,1,0.239,0.857,0.987,0.55,0.806,1,1,0.984,0.307,0.599,0.663,0.474,0.338,0.495,0.459,1,0.831,0.716,0.305,0.365,0.349,0.825,0.984,0.616,0.931,0.487,0.821,1,0.919,0.966,0.818,0.802,0.884,0.667,0.574,0.344,0.488,0.641,0.47,0.987,0.438,0.412,0.341,0.443,1,0.569,0.578,0.501,0.707,0.916,0.615,0.747,0.696,1,0.653,0.948,0.987,1,0.888,0.8,0.132,0.868,0.326,1,0.987,1,0.661,1,0.536,0.471,0.305,0.362,0.626,0.934,0.61,0.219,0.732,0.107,0.902,0.417,0.756,0.507,0.853,1,0.782,0.999,0.841,0.625,0.349,0.99,0.663,0.99,0.724,0.617,0.128,0.555,0.482,0.703,1,0.708,0.303,0.662,0.662,1,0.799,1,0.96,0.999,0.999,0.395,0.878,0.713,0.829,0.894,0.961,0.981,0.715,0.782,0.287,0.383,0.494,0.999,0.949,0.803,0.655,0.65,0.75,0.974,0.858,0.351,0.281,0.779,1,0.708,0.783,0.433,1,0.999,0.729,0.677,0.999,1,0.773,0.884,0.443,1,0.53,0.528,1,0.599,0.459,0.796,0.611,0.861,0.632,0.691,0.525,0.896,0.434,0.758,0.715,1,0.556,0.361,0.994,0.254,0.523,0.181,1,0.947,0.341,0.72,0.474,0.097,0.347,0.879,0.786,0.512,0.958,0.577,0.425,0.919,0.518,0.997,1,1,0.901,0.423,0.532,0.935,1,0.364,1,0.944,0.307,0.974,1,0.147,0.539,1,0.465,0.842,0.932,0.492,0.509,0.414,0.212,0.579,0.285,1,0.609,0.516,0,0.377,0.84,0.791,0.915,0.578,0.789,0.989,0.995,0.888,0.51,1,0.542,0.972,1,1,0.985,0.515,0.452,0.721
0.834,0.73,0.439,0.913,1,0.587,0.801,0.581,0.016,0.788,1,0.501,1,0.98,0.623,0.563,0.315,0.481,0.581,0.848,0.885,0.567,0.643,0.632,0.262,0.524,0.392,0.391,0.794,0.46,1,0.774,0.842,0.437,0.899,0.842,0.524,0.99,0.999,0.744,1,0.81,0.992,0.45,0.567,0.616,0.638,1,0.595,0.576,0.296,0.455,0.417,1,0.339,0.918,1,0.943,0.981,0.23,0.658,0.834,0.993,0.989,0.871,0.981,0.168,0.648,1,0.998,0.731,0.981,0.449,0.203,1,0.813,0.463,0.581,1,0.38,0.805,0.763,0.593,1,0.483,0.412,0.608,0.759,0.619,0.958,0.933,1,0.996,0.612,0.817,0.843,0.616,1,0.757,0.597,0.187,0.957,0.968,0.81,0.506,1,1,0.486,0.712,0.998,0.665,1,0.353,0.912,0.207,0.598,0.563,0.468,0.669,0.499,0.746,0.215,0.939,0.448,0.861,1,0.378,0.503,0.687,1,1,0.732,0.847,0.724,0.96,0.817,0.996,0.93,0.996,0.712,0.515,0.754,0.715,0.431,0.855,1,0.91,1,0.472,0.361,0.638,0.88,0.061,0.252,0.253,0.999,0.946,1,0.63,0.36,0.409,0.987,1,0.982,0.709,0.54,0.468,0.503,0.954,0.761,0.799,0.537,0.877,0.91,0.382,0.51,0.329,0.438,0.534,0.987,0.63,0.989,0.631,0.575,0.65,0.404,0.442,0.986,0.441,0.657,0.705,0.407,0.078,0.622,0.967,0.957,0.948,0.49,0.96,0.572,0.936,0.569,0.529,0.325,0.295,0.272,0.425,0.998,0.779,0.272,0.559,0.466,0.722,0.999,0.998,0.315,0.965,0.311,0.277,0.447,1,0.849,0.753,0.587,0.465,1,1,0.624,1,0.613,0.605,0.593,1,0.295,0.763,0.944,0.994,0.696,0.647,0.179,0.3,0.874,0.416,0.095,0.364,0.898,1,0.723,1,1,0.525,1,0.62,0.377,0.988,0.715,0.583,0.517,0.827,1,0.83,0.985,0.474,0.577,0.621,0.444,0.843,0.972,0.411,0.664,0.18,0.805,0.999,0.885,0.282,0.932,0.632,0.576,0.72
0.892,0.581,0.861,1,0.891,0.713,0.997,0.93,1,0.876,0.999,0.812,0.342,0.317,0.493,0.392,0.713,0.839,0.758,0.513,0.471,0.529,0.86,0.55,0.995,0.075,0.58,0.799,0.975,0.974,0.302,0.709,0.24,0.518,0.963,0.471,0.823,0.917,0.498,0.482,0.547,0.757,0.72,0.906,1,0.55,0.809,0.923,0.476,0.636,0.995,0.728,0.995,0.926,0.673,0.747,0.572,0.55,0.161,0.896,0.446,0.285,0.858,0.129,0.15,0.516,0.937,0.432,0.898,0.508,0.618,0.99,0.961,0.999,0.061,1,0.825,0.589,1,0.87,0.657,0.71,0.796,0.967,0.826,0.61,0.999,0.749,0.482,0.585,0.898,0.653,0.914,0.672,0.977,0.366,0.636,1,0.446,0.575,0.723,0.765,0.258,0.999,0.982,0.997,0.22,0.445,0.698,0.996,0.88,1,0.867,1,0.768,0.634,0.305,0.823,0.989,0.477,0.397,0.523,1,0.531,0.373,0.893,0.733,0.538,0.899,1,0.982,0.492,0.28,1,0.969,0.97,0.215,0.567,0.882,0.878,0.723,0.558,0.971,0.559,0.778,0.484,0.674,0.97,0.141,0.975,0.859,0.367,1,0.572,0.07,1,0.597,0.449,0.724,0.994,0.734,0.792,0.701,0.995,0.953,1,0.937,0.797,0.881,0.743,0.712,0.591,0.656,0.741,0.588,0.586,0.357,1,0.828,0.992,0.599,0.971,0.745,1,0.988,0.322,0.629,0.835,0.999,0.947,0.958,0.726,0.962,0.389,0.074,1,0.4,0.364,1,0.299,0.524,0.887,0.918,0.486,0.987,0.416,0.897,0.669,0.825,0.624,0.619,0.77,0.798,0.479,0.973,0.627,0.98,0.234,0.248,0.494,0.119,1,0.764,1,0.633,0.266,1,0.641,0.343,0.986,0.402,0.996,0.731,0.999,0.762,0.577,0.95,0.699,1,0.341,0.543,1,0.572,0.998,1,0.603,0.661,0.775,0.486,1,0.458,1,0.626,0.877,0.678,0.674,0.626,0.558,0.619,0.751,0.549,0.372,1,0.459,0.762,0.832,0.653,0.829,0.32,0.983,0.864,0.997,0.689,0.809,0.744,0.751,0.302,0.209,0.153
0.991,0.999,0.486,0.211,0.327,0.46,0.357,0.849,1,0.974,0.832,0.532,0.582,0.694,0.433,0.761,0.942,0.877,0.493,0.616,0.543,0.9,0.872,0.988,0.675,1,0.411,0.311,1,0.811,0.775,0.734,0.953,1,0.696,0.635,0.476,0.181,0.901,0.98,0.505,0.67,0.922,0.814,0.769,0.318,0.999,0.999,0.642,0.551,0.329,0.717,1,0.999,0.7,0.446,0.67,0.985,0.594,0.811,0.524,0.801,1,0.936,1,0.866,0.767,0.277,0.945,0.616,0.615,0.823,0.281,0.986,0.988,0.857,0.593,0.669,1,0.894,0.612,1,0.443,0.307,1,0.502,0.983,0.374,0.528,0.989,0.584,0.623,0.845,0.515,0.371,0.625,1,0.801,0.789,0.758,0.893,1,0.71,0.248,0.528,0.674,0.978,0.281,0.567,1,0.827,0.836,0.496,0.605,0.821,0.554,0.993,1,0.577,0.449,0.691,0.671,0.997,0.543,0.994,0.13,0.481,0.375,0.999,0.9,0.839,0.452,0.79,0.281,0.96,0.728,0.758,0.699,0.724,0.644,0.889,0.97,0.431,0.779,0.632,0.685,0.437,0.652,0.703,1,0.424,0.716,0.89,0.496,0.998,0.308,0.963,0.886,0.545,0.446,0.517,0.815,0.998,0.579,0.936,0.981,0.764,0.988,0.481,0.969,0.865,0.568,1,0.67,0.99,0.684,0.488,0.399,0.482,0.776,0.999,1,0.902,1,1,0.621,0.355,0.716,1,0.821,0.809,0.627,0.284,0.387,0.959,0.423,0.833,0.602,0.931,0.685,0.544,0.513,0.815,0.768,0.253,0.511,1,0.479,0.396,1,0.544,1,0.729,0.384,1,0.967,0.496,0.875,0.463,0.986,0.917,0.772,0.751,0.494,0.909,0.833,0.852,0.98,0.659,0.502,0.771,0.969,0.15,0.99,0.757,0.586,1,0.651,0.35,0.515,0.45,0.714,0.745,0.985,0.823,0.604,0.999,0.996,1,1,0.474,0.974,0.597,0.604,0.547,0.717,0.966,0.534,0.712,1,0.711,0.783,0.087,0.44,0.685,0.978,1,0.932,1,0.871,0.958,0.497,0.942,0.163,0.963,0.71,0.962,0.989,1
0.557,0.995,0.799,0.946,0.999,0.365,0.301,0.773,1,0.935,0.857,0.56,0.249,0.988,0.662,0.99,0.654,0.976,1,0.183,0.752,0.568,0.929,0.949,0.979,0.681,0.917,0.37,0.338,0.81,0.277,1,0.046,0.247,0.999,1,0.667,1,1,0.709,0.809,0.667,0.486,0.647,0.659,0.431,0.178,0.99,0.611,0.522,0.82,0.812,0.84,0.958,0.727,1,0.822,0.636,0.237,1,0.377,0.267,1,1,0.529,0.944,0.517,0.81,0.995,0.879,0.73,0.99,0.72,0.241,0.765,0.989,0.899,0.803,0.24,0.611,0.644,0.938,0.575,0.972,0.999,0.788,0.573,0.629,0.998,1,0.613,0.784,0.768,0.989,0.564,0.571,0.504,0.937,1,0.569,1,0.766,0.536,0.65,0.483,0.952,1,0.623,0.59,1,0.918,0.959,0.966,0.964,1,0.694,0.864,0.75,0.887,0.537,0.636,0.989,0.159,0.514,0.613,1,0.897,0.981,0.847,0.266,0.056,0.501,0.916,0.212,0.996,0.984,1,0.999,0.901,0.656,0.998,0.565,0.889,0.987,0.975,0.969,0.998,0.372,0.64,0.336,0.584,0.919,0.593,0.945,0.163,0.667,0.898,0.637,0.718,1,0.954,0.251,1,0.997,0.656,0.831,0.543,0.118,0.988,0.549,0.525,0.837,0.709,0.574,0.557,0.528,0.667,0.301,0.998,0.768,0.801,0.941,0.838,0.715,0.303,0.707,0.475,1,0.935,0.896,0.324,0.739,0.908,0.463,0.758,0.981,0.541,0.795,0.898,0.641,0.972,0.455,0.405,0.87,0.932,0.621,0.698,0.638,0.604,0.77,1,1,0.998,0.444,0.987,0.805,0.235,1,0.586,0.688,0.555,0.227,0.791,0.993,0.383,0.792,0.969,0.699,0.999,0.536,0.879,0.947,0.323,0.448,0.664,0.512,0.752,0.856,0.586,0.81,0.768,0.642,0.565,0.9,0.938,0.593,0.302,0.961,0.811,0.901,0.673,0.995,0.68,0.663,0.832,0.673,0.655,0.531,0.251,0.995,0.505,1,0.975,0.851,0.939,0.661,0.648,0.549,0.967,0.956,0.97,0.464,0.309,0.218,0.646,0.854,0.796,0.447,0.925
0.609,0.913,0.918,0.995,0.673,0.661,0.503,0.692,0.015,0.987,0.914,0.894,0.896,0.137,0.657,0.892,0.724,0.341,0.67,0.95,0.88,0.461,0.325,0.63,0.614,0.998,0.975,0.999,0.973,0.484,0.614,0.809,0.27,0.992,0.715,0.876,0.664,0.584,0.792,0.934,0.611,0.563,0.805,0.408,0.644,0.813,1,0.684,0.893,0.745,0.364,1,0.528,1,0.683,0.999,0.959,0.337,0.616,0.227,0.619,0.743,0.961,0.998,0.994,1,0.966,0.628,0.48,0.405,0.908,1,1,0.983,0.115,1,0.878,0.492,0.943,0.3,0.999,0.793,0.609,1,0.666,0.582,0.944,0.564,0.756,0.216,0.157,0.844,0.158,0.788,0.694,0.357,0.562,0.777,0.51,0.795,0.538,0.697,0.501,0.173,0.513,0.65,0.955,0.653,0.774,0.955,0.482,0.684,0.81,0.958,0.846,0.951,0.417,0.706,0.579,0.643,0.986,0.266,1,0.676,0.583,0.994,0.382,0.302,0.569,0.999,0.983,0.98,0.815,0.558,1,0.499,0.248,0.143,0.936,0.582,0.715,0.549,0.895,0.489,0.549,0.953,0.413,0.507,0.465,0.39,0.629,0.995,1,0.407,0.821,0.371,0.178,0.996,0.961,0.306,0.621,1,0.155,0.38,0.732,0.81,0.473,0.922,1,0.987,0.924,0.394,0.615,0.765,0.398,0.909,0.431,0.615,0.723,0.644,0.677,0.999,0.666,0.562,0.858,0.971,0.894,0.999,0.968,0.935,1,0.75,0.986,0.467,0.217,0.942,0.615,0.728,0.322,0.438,0.787,0.566,0.994,0.683,0.719,0.881,0.676,0.969,0.685,0.857,0.997,1,0.341,0.676,1,0.482,0.573,0.364,1,0.959,1,0.925,0.944,0.973,0.381,0.999,0.998,0.702,0.868,0.597,0.618,0.996,0.976,0.156,0.964,0.493,0.249,0.752,0.914,0.893,0.995,0.897,0.62,0.966,0.623,0.584,1,0.455,0.977,1,0.932,0.877,0.741,0.576,0.529,0.546,0.644,0.544,0.746,1,0.999,0.925,0.276,0.479,0.843,0.717,0.986,0.04,0.612,0.431,0.846,0.566,0.935,0.999,0.444,0.59,0.593,0.956,0.461
0.319,1,1,0.53,0.277,0.213,0.871,0.406,0,1,0.888,0.437,0.44,1,0.486,0.315,0.264,0.426,0.847,0.863,0.861,0.559,0.971,0.669,0.688,0.932,0.689,0.768,0.113,0.956,0.625,0.958,1,0.835,1,0.688,1,0.808,0.988,0.944,0.305,0.971,0.51,0.811,0.712,0.589,0.999,0.186,0.621,0.669,0.713,0.649,0.148,0.8,0.436,0.992,0.453,0.576,0.533,0.515,0.884,0.66,0.993,0.906,0.382,0.965,0.669,0.999,0.628,0.624,0.733,0.742,0.836,0.964,1,0.193,0.451,0.587,0.989,0.892,0.605,0.703,0.676,0.176,0.85,0.599,0.635,0.499,1,0.809,0.999,0.026,0.427,0.874,0.987,0.438,0.862,0.955,0.992,0.93,0.845,0.618,0.93,0.585,0.642,0.994,0.805,0.689,0.844,1,0.972,0.226,0.785,0.286,1,0.609,0.392,0.82,0.866,0.679,0.956,0.552,1,0.65,0.573,1,0.478,0.604,0.492,1,1,0.341,0.82,0.631,0.884,0.272,0.998,0.602,0.233,0.831,0.987,0.566,0.515,0.584,0.688,0.716,0.64,0.612,0.737,0.863,0.516,1,0.626,0.75,0.944,0.965,0.992,1,0.822,0.819,0.562,0.961,0.952,1,0.433,0.763,0.659,0.136,0.059,0.477,0.414,0.515,0.813,0.216,0.999,0.745,0.995,0.942,0.463,0.394,0.635,0.965,0.538,0.553,0.584,0.172,0.364,0.979,0.613,0.991,0.99,0.977,0.552,0.9,1,0.425,0.518,0.701,0.982,0.647,0.572,0.646,0.573,0.474,0.657,0.791,0.978,0.598,0.34,0.742,0.929,0.883,0.961,0.765,1,0.754,0.999,0.794,0.99,0.678,0.356,0.593,0.83,0.71,0.781,0.994,0.19,0.703,0.994,0.493,0.379,1,0.81,0.881,0.569,0.558,0.601,0.598,0.965,0.774,0.458,0.91,0.527,1,0.687,0.637,0.956,0.392,0.469,1,0.438,0.643,0.477,0.649,0.616,0.521,0.919,0.513,0.561,1,0.631,0.14,0.621,0.733,1,0.711,1,0.965,0.662,0.652,0.751,0.461,0.415,1,0.313,0.726,0.912,0.655,0.25
0.231,0.446,0.638,0.917,0.538,0.653,0.997,0.49,0.999,0.936,0.944,0.508,0.753,0.936,0.628,0.726,0.796,0.989,0.747,0.748,0.995,0.481,0.994,0.663,1,1,0.593,0.702,0.885,0.512,0.981,0.107,0.549,0.985,0.995,0.997,0.614,0.808,0.817,0.892,1,0.596,0.395,0.726,0.814,0.971,1,0.166,0.921,0.551,0.792,0.85,0.842,1,0.225,0.909,0.633,0.558,0.415,0.591,0.513,0.778,1,0.996,0.577,0.237,1,0.829,0.419,0.63,0.541,0.794,0.324,0.168,1,1,0.752,0.966,0.822,0.721,0.523,0.957,0.986,0.879,0.747,0.541,0.52,0.595,0.533,0.709,0.994,1,0.541,0.588,0.667,0.471,0.859,0.998,0.935,0.785,0.779,0.537,1,0.242,0.4,0.208,0.991,0.726,0.424,1,0.453,1,1,0.815,1,0.583,0.583,0.737,0.929,0.583,0.877,0.952,0.495,0.612,0.978,0.878,0.908,0.681,0.376,0.776,1,0.426,0.895,1,0.678,1,1,0.789,0.509,0.965,0.867,0.326,0.993,0.539,0.826,0.502,0.529,0.911,0.436,0.214,0.79,0.594,0.742,0.573,1,0.94,0.349,0.589,0.927,0.617,0.513,1,1,0.813,1,0.653,0.781,0.702,0.407,0.99,0.994,0.868,0.537,0.836,0.635,0.653,0.466,0.587,0.804,0.987,0.64,0.953,0.505,0.919,0.223,0.579,0.725,0.994,0.748,0.948,0.963,0.835,0.847,0.589,0.797,0.092,0.38,0.729,0.863,0.694,0.993,0.49,0.95,0.561,0.556,0.474,0.758,0.453,0.348,0.353,1,0.089,0.441,0.854,0.975,0.995,0.954,1,0.648,0.948,1,0.982,0.975,0.342,0.763,0.699,1,0.98,0.823,0.271,0.851,0.45,0.819,0.668,0.522,0.659,0.524,0.875,0.765,0.61,0.614,1,0.611,0.827,0.447,0.581,0.036,0.504,0.917,0.875,0.482,0.929,0.867,0.647,0.632,0.505,0.517,0.546,0.993,0.993,0.959,0.999,0.804,0.754,0.812,0.72,0.792,0.341,0.345,0.639,0.55,0.768,0.931,0.212,0.636,0.988,0.751,0.324,0.448
0.685,0.317,0.725,0.996,0.989,0.893,0.759,0.898,0.99,1,0.874,0.677,0.606,0.856,0.412,0.575,0.323,0.467,0.874,1,0.401,0.645,0.113,0.453,0.789,1,0.701,0.417,0.371,0.824,0.97,0.999,0.43,0.501,0.916,0.519,0.969,0.232,0.572,0.904,0.984,0.52,0.545,0.762,0.562,0.346,0.035,0.917,0.79,0.882,0.504,0.954,0.694,1,0.659,1,0.672,0.52,0.268,0.583,0.65,0.399,0.98,0.23,0.253,0.999,0.858,0.382,0.653,0.818,0.735,0.522,0.313,0.258,0.851,0.845,0.435,0.222,0.952,1,0.744,0.788,0.484,0.341,0.861,0.534,0.391,0.409,0.694,0.828,0.554,0.993,0.389,0.979,0.896,0.535,0.998,0.905,0.972,0.585,0.328,0.864,0.647,0.583,0.697,1,0.029,0.603,0.744,1,0.375,0.999,0.676,0.478,0.935,0.868,0.621,0.492,0.309,0.856,0.579,0.971,0.758,0.64,0.724,0.995,0.296,0.45,0.696,0.421,1,0.194,0.699,0.983,0.877,0.757,0.685,0.516,0.889,0.757,0.717,0.503,0.786,0.603,0.538,0.659,0.745,0.148,0.369,0.993,0.554,0.994,0.981,0.804,0.692,0.988,0.999,1,0.389,0.501,0.721,1,0.894,0.927,0.753,0.913,0.53,0.991,0.57,0.895,0.671,0.637,1,0.845,0.801,0.735,0.751,0.283,0.409,0.72,0.886,0.991,0.988,0.554,0.535,1,0.324,1,0.503,0.94,0.358,1,1,0.618,0.658,0.017,1,0.623,0.998,0.588,0.877,0.538,0.582,0.367,0.844,0.239,0.497,0.862,0.749,0.771,0.977,0.44,0.206,0.897,1,0.428,1,1,0.308,0.662,0.942,0.947,0.907,1,0.96,0.621,0.968,0.957,0.214,1,0.505,0.999,0.719,0.982,0.679,0.558,0.529,0.996,1,0.856,0.812,0.845,0.884,0.929,0.71,0.588,1,0.911,0.189,1,0.992,0.827,0.508,0.377,0.806,0.372,1,0.668,0.371,0.554,0.821,0.88,0.641,0.983,0.948,0.533,0.993,0.873,0.986,0.705,0.764,0.98,0.127,1,1,0.471,0.199,0.995,0.813
1,0.826,0.533,0.118,1,0.38,0.981,0.627,1,0.95,0.257,0.922,0.553,0.351,0.936,0.462,0.289,0.733,0.337,0.725,0.626,0.588,0.246,0.687,0.662,0.732,0.993,0.713,0.34,0.883,0.615,0.614,0.562,0.935,0.977,0.513,0.538,1,0.819,0.632,0.786,0.759,0.717,0.999,1,0.999,1,0.656,0.607,0.62,0.59,0.809,0.945,0.989,0.999,0.707,0.897,0.996,0.537,0.945,0.744,0.598,0.998,1,0.649,1,0.616,0.793,0.343,0.708,0.607,0.501,0.807,0.884,1,1,0.807,0.686,0.996,0.66,0.491,0.553,0.5,1,0.702,0.505,0.697,0.638,0.658,0.981,0.75,0.92,0.861,0.558,0.503,0.497,1,0.502,0.335,0.757,0.997,0.454,0.987,0.758,1,0.706,0.999,0.552,0.935,0.995,0.994,0.976,0.828,0.998,0.878,0.633,0.924,0.658,0.793,0.57,0.756,0.538,0.922,0.747,0.583,0.961,0.636,0.873,0.591,0.065,0.099,0.606,0.993,0.993,0.87,0.849,0.699,0.524,0.301,0.715,0.36,0.08,0.326,0.699,0.535,0.19,0.692,0.838,0.366,0.504,0.533,1,0.943,0.644,0.441,0.847,0.309,0.932,0.712,0.543,0.601,0.29,1,0.931,0.771,0.999,0.446,0.426,1,0.408,0.998,0.569,0.747,0.38,0.546,0.531,0.428,0.968,0.723,0.558,0.724,0.099,0.856,1,0.936,0.49,0.358,1,0.547,0.999,0.987,0.491,0.974,0.51,0.435,0.968,0.582,0.998,0.645,0.614,0.963,0.621,0.471,0.474,0.124,0.976,0.358,0.653,0.503,0.346,0.54,1,0.857,0.465,0.086,0.892,0.814,0.986,0.355,0.716,0.593,0.97,0.862,1,1,0.862,0.036,0.448,0.972,0.731,1,0.253,0.046,0.517,0.789,0.584,0.41,0.304,0.733,0.944,0.993,0.514,0.517,1,0.998,0.695,0.997,0.65,0.648,1,0.573,0.92,0.574,0.651,0.473,0.716,0.98,0.552,0.412,1,0.991,0.632,0.585,0.348,0.502,0.871,0.768,0.995,0.86,0.858,0.993,0.634,1,0.027,0.98,0.809,0.658,0.528,0.504
0.997,0.562,0.894,0.812,0.591,0.713,0.957,0.449,1,0.999,0.987,0.732,0.922,0.681,0.668,0.652,0.999,0.667,0.542,0.656,1,0.619,0.736,0.395,0.885,1,0.6,0.816,0.777,0.798,0.966,0.997,1,0.649,0.968,1,0.56,1,0.759,0.909,1,0.374,0.78,0.777,0.924,0.387,0.999,0.31,0.625,0.274,0.992,0.929,0.994,1,0.27,0.988,0.644,0.681,0.756,0.998,0.912,0.798,1,0.269,0.529,0.431,0.711,0.696,1,0.653,0.751,0.988,0.961,0.933,1,0.145,0.733,0.87,0.451,0.592,0.602,0.853,0.937,0.971,0.54,0.75,0.525,0.513,0.552,1,0.692,0.622,0.824,0.81,0.611,0.41,0.364,0.847,0.498,0.577,0.55,0.856,0.858,0.893,0.659,0.646,0.694,1,0.324,0.933,0.795,0.681,0.4,0.921,1,0.532,0.618,0.859,0.547,0.618,0.733,0.986,0.547,0.583,0.847,0.428,0.406,0.838,0.624,0.792,0.901,0.801,0.69,0.817,0.996,0.681,0.99,0.478,0.919,0.647,0.576,0.563,0.684,0.479,0.856,1,0.868,0.746,0.809,1,0.628,0.935,0.253,0.367,0.861,1,0.175,0.78,0.985,0.57,0.396,0.295,0.994,0.986,0.982,0.573,0.576,0.971,0.789,0.574,0.741,0.96,0.608,0.999,0.447,0.681,0.473,0.498,0.625,0.998,0.603,0.292,0.752,0.774,1,0.885,0.365,0.946,0.646,0.687,0.996,1,0.583,0.616,0.985,1,0.762,0.988,0.805,0.568,0.867,0.622,0.579,0.942,0.888,0.365,0.52,0.997,0.417,1,0.733,0.896,0.233,0.978,0.283,0.079,0.759,0.852,0.687,0.996,0.976,1,0.807,0.825,0.658,1,0.893,0.906,0.857,0.976,0.614,0.991,0.615,0.943,0.773,0.849,0.498,1,0.953,0.933,0.424,1,0.685,0.997,0.547,0.864,1,0.884,0.999,1,0.958,0.355,0.586,0.54,0.798,0.425,0.655,0.487,0.44,0.985,0.495,0.028,0.546,0.546,0.815,0.961,0.633,0.315,0.635,0.488,0.997,0.629,0.837,0.652,0.464,0.585,0.941,0.398,0.27
0.752,0.602,0.919,0.438,0.528,0.466,0.79,1,1,1,1,0.987,0.436,0.821,0.526,0.627,0.91,0.731,0.806,0.234,0.942,0.434,1,0.976,0.505,1,0.998,1,0.992,0.976,1,0.854,0.348,0.212,0.779,0.654,0.365,1,1,1,0.393,0.765,0.524,0.87,1,0.864,0.224,0.911,0.953,0.295,0.999,0.986,0.998,0.998,0.501,1,0.463,0.639,0.917,0.987,0.524,0.497,1,0.963,0.643,1,0.123,1,0.994,0.935,0.951,0.59,1,1,0.997,0.608,0.998,1,0.978,0.219,0.424,0.714,0.853,0.891,0.404,0.543,0.669,0.996,0.587,0.277,0.922,1,0.741,0.308,0.486,1,0.783,0.551,0.969,0.584,0.929,0.572,0.312,0.382,0.539,0.677,0.727,0.601,0.989,0.984,0.827,1,0.433,0.36,0.997,0.529,0.956,0.453,0.978,0.799,0.489,0.375,0.184,0.544,0.951,0.697,0.441,0.673,0.979,0.806,0.993,0.679,0.549,0.688,1,0.789,0.405,0.74,0.594,0.618,0.996,0.655,0.78,0.866,0.434,0.241,0.666,0.849,0.599,0.895,0.904,0.964,0.999,0.372,0.851,0.731,0.588,0.236,0.999,0.947,0.422,0.546,0.958,0.711,0.999,1,0.811,0.117,0.816,0.773,0.92,0.605,0.918,0.655,1,0.678,0.624,0.952,0.598,0.705,0.34,0.196,0.997,0.955,0.604,0.782,0.485,1,0.877,0.86,0.775,0.97,1,0.671,0.816,0.993,0.683,0.635,0.309,0.688,0.81,0.726,0.769,0.208,1,0.651,0.591,0.4,0.811,0.859,0.696,0.081,0.454,0.383,0.931,1,0.396,0.741,0.733,0.584,1,0.921,0.87,0.907,0.993,0.954,0.879,0.451,0.995,0.854,0.499,0.663,0.992,1,0.811,0.646,0.668,0.613,0.516,0.192,0.73,0.983,0.508,0.976,0.908,0.928,1,0.861,0.746,1,0.554,0.505,0.561,0.998,0.846,0.911,0.563,0.475,0.451,1,0.999,1,0.843,0.454,0.547,0.805,0.877,0.983,0.192,0.989,0.371,0.677,0.889,1,0.264,0.601,0.385,0.377,0.995
0.6,0.996,0.649,1,0.697,0.875,0.824,0.999,0.719,0.999,0.922,0.483,0.35,0.881,0.989,0.455,0.485,0.716,0.372,0.753,0.27,0.481,0.862,0.257,0.397,1,0.84,0.629,0.746,0.989,0.905,0.94,0.761,1,1,0.831,0.989,0.997,0.989,0.975,0.523,0.61,1,0.309,0.891,0.59,0.999,0.018,0.727,0.961,0.549,0.885,0.746,1,0.442,0.992,0.687,0.582,0.562,0.82,0.513,0.967,1,0.183,0.513,0.897,0.846,0.52,0.56,0.581,0.885,0.501,0.57,0.676,0.979,0.19,0.74,0.683,1,0.826,0.603,0.681,0.454,0.835,0.593,0.829,0.68,0.768,0.333,0.968,0.992,0.777,0.445,0.484,0.557,0.8,0.538,0.866,0.997,0.537,0.773,0.716,0.393,0.232,0.669,0.604,0.997,0.994,0.68,0.891,0.943,0.978,0.385,0.685,0.001,0.501,0.733,0.723,0.888,0.54,0.998,0.738,0.998,0.631,1,0.191,0.624,0.691,0.3,0.851,1,0.549,0.977,0.358,0.376,0.711,0.658,0.999,1,0.982,0.985,0.999,0.953,0.796,0.993,0.746,0.635,0.788,1,0.723,0.411,0.867,1,0.581,0.905,0.918,0.031,1,0.269,0.973,0.614,0.446,0.799,0.823,0.477,0.157,0.426,0.375,0.492,0.568,0.419,0.572,0.739,0.975,0.984,0.573,0.503,0.767,0.336,0.702,0.635,0.602,0.323,0.968,0.341,0.978,0.417,0.993,0.811,0.638,0.897,1,0.916,0.49,1,0.906,0.998,0.75,0.275,0.993,0.982,0.784,0.955,0.655,1,0.236,0.642,1,0.969,0.708,0.797,0.97,0.832,0.771,1,1,0.297,0.735,0.336,0.862,1,0.988,0.813,0.967,0.201,0.744,0.955,0.526,1,0.916,0.884,0.349,0.856,1,0.691,0.556,0.999,0.51,0.274,0.632,0.653,0.92,0.657,0.999,0.442,0.636,0.893,0.483,1,0.996,0.878,0.444,0.562,0.576,0.647,0.333,0.459,0.684,0.968,0.905,0.935,0.907,0.892,0.694,0.186,1,0.999,0.268,0.475,0.631,0.564,0.58,1,0.947,0.996,0.663,0.818,0.69,0.43
0.307,0.446,0.418,0.244,0.779,0.397,0.591,0.747,0.015,0.949,0.943,0.536,0.865,0.973,0.673,0.55,0.39,0.883,0.904,0.63,0.554,0.971,0.644,0.923,0.614,1,0.967,0.872,0.985,0.945,0.586,0.317,0.941,0.977,0.162,0.788,0.752,0.013,0.939,0.993,1,0.579,0.572,0.952,0.517,0.787,1,0.936,0.602,0.292,0.906,0.997,0.79,0.89,0.966,0.985,0.883,0.98,0.543,0.972,0.4,0.37,0.723,0.896,0.426,0.225,0.998,1,0.75,0.505,0.907,0.843,0.509,0.633,0.967,0.985,0.797,0.436,0.535,0.974,0.924,0.812,0.507,0.644,0.657,0.723,0.882,0.734,0.986,1,0.382,0.205,0.592,0.499,0.962,0.633,0.767,0.974,0.774,0.833,1,0.384,0.553,1,0.319,0.25,0.247,0.149,1,1,0.818,0.987,0.664,0.588,0.725,0.503,0.657,0.33,0.935,0.495,0.611,0.828,0.846,0.869,0.214,0.984,0.993,0.978,0.4,1,0.322,0.435,1,0.318,0.999,0.482,0.446,0.43,0.962,0.821,0.225,0.875,0.797,0.461,0.559,0.26,0.527,0.431,0.979,0.531,0.578,0.796,0.791,0.645,0.345,0.696,0.356,0.436,0.578,0.511,0.5,0.962,0.169,0.574,0.947,0.43,0.893,1,1,1,0.6,0.583,0.756,0.757,0.675,0.61,0.835,0.617,0.864,0.803,0.934,0.99,0.921,1,0.989,0.837,0.599,1,0.201,1,0.473,0.731,1,0.563,0.294,0.982,0.257,0.494,0.988,0.511,0.624,0.603,0.576,0.999,0.927,0.995,0.979,0.173,0.747,0.932,0.325,1,0.851,0.727,0.937,0.761,0.499,0.829,0.584,1,0.992,0.315,0.789,0.886,0.385,0.999,1,0.834,0.706,0.791,0.578,0.927,0.799,0.344,0.737,0.549,0.391,0.302,0.997,0.999,0.761,0.401,0.576,1,0.584,0.744,1,0.979,0.464,1,0.794,1,0.49,0.651,0.941,0.69,0.762,0.523,0.219,0.089,0.884,0.332,0.96,0.462,0.423,0.459,1,0.261,0.628,0.55,0.682,0.567,0.188,0.947,0.778,0.95,0.988,0.637,1
0.998,0.157,0.578,1,0.186,0.51,0.993,1,1,1,0.39,0.684,0.643,0.264,0.693,0.934,0.737,0.604,0.685,0.329,0.667,0.575,0.765,0.685,0.481,1,0.712,0.468,0.562,0.731,0.535,1,0.706,0.41,0.996,0.269,0.784,0.996,0.998,0.894,0.348,0.332,0.867,0.807,0.28,0.611,0.895,0.946,0.569,0.532,0.414,0.871,0.454,0.952,0.404,0.91,0.481,0.636,0.704,0.794,0.775,0.643,0.974,0.929,0.747,0.928,1,0.947,0.651,0.642,0.674,0.664,0.763,0.915,0.751,0.589,0.687,0.382,0.826,0.997,0.411,0.791,0.596,1,1,0.477,0.776,0.489,0.874,0.746,0.781,0.981,0.941,0.819,0.992,0.477,0.909,0.964,0.754,0.519,1,0.978,0.781,1,0.441,0.992,0.993,0.928,0.336,0.972,1,0.999,0.993,0.417,1,0.534,0.955,0.717,0.264,0.52,0.978,0.496,0.256,0.489,1,1,0.859,0.469,0.778,0.362,0.683,0.998,0.12,0.998,0.937,0.74,0.993,0.869,0.964,0.743,0.672,0.659,0.387,0.408,0.804,1,0.673,0.379,0.802,0.324,0.85,0.144,0.242,1,0.979,0.406,0.863,1,0.776,0.588,0.939,0.201,0.971,1,0.942,0.968,0.404,0.739,0.889,0.389,0.573,0.65,0.703,0.39,0.861,0.56,0.533,1,0.719,0.954,0.42,0.356,0.924,0.019,0.996,0.994,0.888,0.835,1,0.875,0.984,0.549,0.885,0.762,1,0.142,0.711,0.864,0.999,0.528,1,0.512,0.917,0.868,0.972,0.763,0.797,0.805,0.965,0.405,0.823,0.365,0.717,0.896,1,0.2,0.31,0.232,0.948,0.569,0.977,1,0.839,0.641,1,0.994,0.629,0.793,0.757,0.229,0.87,1,0.862,0.795,0.958,0.71,0.441,0.377,0.736,0.39,0.567,0.264,0.57,1,0.939,0.98,0.982,0.998,0.7,0.765,0.443,0.999,0.483,0.599,0.385,0.49,0.21,0.555,0.588,1,0.488,0.827,1,0.625,0.636,0.973,0.847,1,0.998,0.964,0.954,0.658,0.857,0.958,0.199,0.61,1,0.642,0.872
1,0.963,0.619,0.384,0.997,0.506,0.546,0.117,1,0.901,0.541,0.492,0.568,0.972,0.83,0.801,0.623,1,0.682,1,0.981,0.527,1,0.838,0.978,0.045,0.876,0.568,0.688,0.622,0.638,0.666,0.91,0.5,0.428,0.797,0.622,0.981,0.748,0.676,0.252,0.957,0.927,0.248,0.303,0.857,0,0.479,0.596,0.65,0.987,0.876,0.258,0.128,0.626,0.855,0.711,0.434,0.987,0.28,0.583,0.71,1,1,0.893,0.977,0.754,0.504,0.865,0.383,0.588,0.694,0.782,0.417,1,0.971,0.697,0.963,0.73,0.756,0.808,0.723,0.622,0.645,0.987,0.562,0.535,0.564,0.238,0.986,0.786,0.948,0.994,0.916,0.604,0.331,0.774,0.68,0.132,0.67,0.682,0.51,0.904,0.952,0.966,0.283,0.924,0.596,1,0.554,0.622,0.014,0.506,0.572,0.094,0.609,0.548,1,0.444,0.525,0.809,1,0.894,0.602,1,0.889,0.668,0.725,0.696,0.664,0.999,0.616,0.725,0.749,0.583,0.904,0.563,0.934,0.039,0.735,0.939,0.963,0.999,0.605,0.378,1,0.243,1,1,0.833,0.98,0.988,0.273,0.194,0.83,0.916,1,0.134,0.609,0.504,0.487,0.464,0.934,0.848,0.531,0.531,0.578,0.968,1,0.493,0.704,0.522,0.959,1,0.874,0.888,0.655,0.8,0.736,0.471,0.527,0.927,0.563,0.656,0.659,0.611,0.971,0.541,0.924,0.778,0.596,0.794,1,0.886,0.758,0.234,0.981,0.532,0.622,0.912,0.642,0.502,0.99,0.445,0.899,0.271,0.521,0.801,0.991,0.997,0.682,0.626,0.999,0.435,0.969,0.287,1,0.972,0.653,0.758,1,1,0.937,0.998,0.642,0.986,0.995,0.843,0.955,0.33,0.749,0.806,0.779,0.991,0.763,0.436,0.666,0.657,0.921,0.999,0.407,0.705,0.789,0.982,0.324,0.58,0.982,0.617,0.941,1,0.582,0.617,0.49,0.398,0.69,0.798,0.385,0.608,0.888,0.95,0.64,1,1,0.873,0.984,0.928,0.967,0.827,0.684,0.914,1,0.551,0.303,0.865,0.435,0.899,0.642,0.93,0.278
0.881,0.249,1,0.412,0.976,0.679,0.942,0.998,1,0.98,0.223,0.477,0.492,1,0.849,0.758,0.581,0.999,1,0.902,0.629,0.541,0.998,0.735,0.636,1,0.359,0.214,1,1,0.827,0.373,0.452,0.553,0.964,0.584,0.994,1,1,0.772,0.923,0.379,0.34,0.697,0.985,0.624,1,0.9,0.858,0.437,0.388,0.889,0.969,0.283,0.632,0.998,1,0.583,0.75,0.62,0.614,0.496,1,1,0.383,1,1,0.772,0.364,0.844,0.749,0.608,0.899,0.98,1,0.999,0.783,0.38,0.244,0.98,0.336,0.662,0.68,0.998,0.999,0.647,0.992,0.418,0.943,0.705,0.83,0.741,0.997,0.737,0.526,0.86,0.481,1,0.923,0.902,0.843,0.443,0.705,0.627,0.361,0.928,1,0.24,0.733,0.959,0.747,0.107,0.745,0.986,0.97,0.732,1,0.968,1,0.636,0.553,1,0.675,0.59,0.56,0.768,0.825,0.606,0.859,0.977,0.673,0.388,0.928,0.928,0.296,0.767,0.955,0.71,0.696,0.699,0.687,0.755,0.822,0.565,0.49,0.969,0.663,0.966,0.278,0.373,0.403,0.768,0.905,0.998,1,1,0.609,0.177,0.689,0.903,0.553,0.77,1,0.964,1,0.743,0.627,0.335,0.82,0.68,0.388,0.445,0.864,0.551,0.866,0.821,0.525,0.626,0.39,0.986,0.447,0.996,0.668,1,1,0.468,0.72,0.619,1,0.9,1,0.831,0.972,0.548,0.977,0.876,0.533,0.792,1,0.955,1,0.71,0.66,0.989,0.86,0.877,0.158,0.77,0.886,0.976,0.548,1,1,0.536,0.836,1,0.951,0.351,0.929,0.607,0.556,0.72,0.901,0.801,0.434,0.255,0.76,0.672,1,0.855,0.64,0.869,0.965,0.982,0.744,0.625,1,0.82,0.198,0.72,0.411,1,0.478,0,0.889,0.555,0.994,0.672,0.716,0.375,0.388,0.776,0.498,0.984,0.436,0.601,0.948,0.561,1,1,0.487,0.871,0.311,0.698,1,0.997,0.828,0.821,0.675,0.266,0.907,0.995,0.993,0.826,0.892,0.619,0.508,0.302,0.934
0.828,0.472,0.646,0.981,0.741,0.634,0.711,0.731,1,0.995,0.999,0.678,0.702,0.855,0.893,0.849,0.622,0.444,0.678,0.968,0.522,0.875,0.339,0.689,0.403,0.998,0.906,0.511,0.832,0.995,0.11,0.955,1,0.859,0.999,0.716,0.572,0.84,0.795,0.472,0.906,0.644,0.79,0.602,0.861,0.627,0.738,0.987,0.709,0.202,0.249,0.894,0.825,1,0.367,0.94,0.734,0.558,0.959,1,0.986,0.896,1,0.952,0.647,0.313,0.953,0.509,0.544,0.651,0.561,0.934,0.322,0.789,0.705,0.923,0.839,0.738,0.884,0.676,1,0.873,0.646,1,0.56,0.621,0.706,0.46,0.137,0.318,0.742,0.569,0.778,0.391,0.799,0.755,0.738,0.727,1,0.966,1,0.455,0.417,0.786,0.907,0.329,0.754,0.504,0.473,0.987,0.592,1,0.617,0.452,0.504,0.492,0.951,0.933,0.204,0.98,0.735,0.16,0.954,0.485,0.906,0.67,0.644,0.999,0.781,0.976,0.918,0.418,0.821,0.983,1,0.797,0.401,0.99,0.806,0.847,0.735,0.912,0.955,0.597,0.544,0.531,0.959,0.589,0.931,0.835,0.652,0.803,0.778,0.28,0.991,0.211,0.938,0.981,0.956,0.58,0.761,0.62,0.996,0.08,0.67,1,0.941,0.684,0.399,0.263,0.579,0.569,0.65,0.973,0.971,0.529,0.737,0.247,0.977,0.539,0.397,1,0.667,0.633,0.998,0.982,0.613,0.584,0.211,0.792,0.924,0.854,0.994,0.951,0.619,1,0.442,0.589,0.946,0.782,0.33,0.872,0.723,0.782,1,0.726,0.999,0.689,0.627,0.588,0.211,1,0.969,0.589,0.742,0.652,0.543,0.994,0.999,0.941,0.983,0.993,0.868,0.634,0.916,0.966,0.195,0.704,0.902,0.648,0.99,0.206,0.999,0.75,0.64,0.481,0.994,0.718,0.543,0.476,0.905,0.085,0.506,1,0.654,0.571,0.111,0.466,1,0.998,0.619,0.582,0.684,0.812,0.49,0.633,0.631,0.479,0.724,1,0.423,0.342,0.999,0.933,0.999,0.612,0.464,0.119,0.796,0.461,0.892,0.437,0.828,0.921,0.166,0.839,0.701,0.359,0.81
0.936,0.899,0.68,0.768,0.723,0.99,0.728,0.853,1,0.624,0.985,0.527,0.583,0.152,0.571,0.786,0.652,0.663,0.501,0.99,0.377,0.782,0.991,0.712,0.43,1,0.303,0.68,0.991,0.445,0.894,0.987,0.993,0.999,0.097,0.667,0.593,0.537,0.931,0.867,0.683,0.997,0.147,0.335,0.93,0.458,1,1,0.845,1,0.935,0.774,1,0.986,0.986,0.884,0.71,0.613,0.224,0.972,0.776,1,0.088,0.991,1,0.385,0.991,0.995,0.534,0.999,0.838,0.944,0.907,0.043,0.886,1,0.598,0.68,0.874,1,0.911,0.64,0.629,0.786,0.965,0.412,0.369,0.972,0.999,0.732,0.314,1,0.613,1,0.657,0.989,0.632,0.481,0.338,0.585,0.93,0.529,0.757,0.831,0.837,1,0.777,0.967,0.861,1,0.536,0.181,0.292,0.476,1,0.592,0.442,0.414,0.753,0.673,1,0.431,1,0.46,0.96,1,0.787,0.664,0.916,1,1,0.419,1,0.818,0.931,0.584,0.941,0.326,0.942,0.711,0.294,0.882,0.991,0.964,0.951,0.99,0.882,0.894,0.746,0.992,0.999,0.756,0.271,0.939,0.907,1,0.803,0.928,0.711,0.514,0.364,0.556,0.997,0.622,0.811,0.988,0.728,0.675,0.997,0.85,0.561,0.534,0.727,0.549,0.953,0.714,0.387,0.641,0.959,0.89,0.708,0.97,0.588,1,1,0.541,0.727,0.718,1,0.643,0.616,0.123,0.678,0.486,1,1,0.646,0.938,0.384,0.699,0.861,0.695,0.242,0.728,0.294,0.306,0.825,0.341,0.998,0.514,0.553,1,0.17,0.541,0.869,0.982,0.963,0.525,0.686,0.36,0.922,0.841,0.994,0.99,0.551,0.934,0.951,0.567,0.542,0.75,0.667,0.659,1,0.566,0.795,0.779,0.821,0.999,0.363,0.84,0.511,1,0.818,0.744,0.952,0.621,1,0.623,0.958,1,0.405,0.908,0.52,0.558,0.52,0.425,0.561,0.834,0.448,1,0.555,0.869,0.505,0.773,0.931,0.499,0.967,0.717,0.403,0.887,0.604,0.585,0.585,0.659,0.351,1,0.996,0.841,0.996
0.971,1,0.465,0.703,1,0.51,0.859,0.695,0.997,0.996,0.996,0.851,0.842,0.985,0.579,0.802,0.904,0.677,0.936,0.587,0.629,0.454,0.977,0.893,0.631,0.852,0.776,0.976,0.383,0.365,1,0.711,0.856,0.124,1,0.767,0.689,0.122,0.348,0.647,0.115,0.233,0.474,0.606,0.999,0.93,0.986,0.984,0.784,0.571,0.725,0.56,0.968,0.999,0.832,0.643,0.388,0.802,0.993,0.705,0.285,0.412,0.97,0.769,0.134,0.882,0.999,0.566,0.955,0.518,0.748,0.999,0.728,0.833,1,1,0.947,0.598,0.673,1,0.436,0.838,0.566,0.827,0.741,0.605,0.899,0.703,0.971,0.919,0.892,0.526,1,0.324,0.869,0.815,0.617,0.994,0.755,0.997,0.547,0.995,0.998,0.556,0.952,0.988,0.624,0.474,0.991,0.986,0.697,1,0.971,0.63,0.744,0.657,0.996,0.99,0.559,0.583,0.579,0.549,0.977,0.618,0.751,1,0.859,0.823,0.96,0.894,0.927,0.566,0.38,0.508,0.949,0.519,0.998,0.937,0.985,0.839,0.921,0.991,1,0.581,0.32,0.643,1,0.202,0.877,0.854,0.814,0.306,0.559,0.78,1,0.695,0.167,0.702,0.566,0.633,0.486,0.861,0.971,0.394,0.63,0.791,0.517,1,0.109,0.568,0.426,0.794,0.637,0.855,1,0.789,0.993,0.582,0.999,1,0.598,1,0.739,0.968,0.959,0.635,0.961,0.649,0.184,0.602,0.414,0.653,0.653,0.538,0.846,0.729,0.485,0.969,0.875,0.707,0.39,0.674,0.377,0.408,0.755,0.149,0.621,0.998,0.189,0.247,0.998,0.973,0.826,0.865,0.796,0.819,0.463,0.698,0.431,0.579,0.769,0.558,0.566,0.844,0.813,0.707,0.984,0.661,1,0.329,0.889,0.917,0.834,1,0.823,0.499,0.911,0.81,0.394,0.98,0.632,0.3,0.484,0.055,0.413,0.66,1,0.446,0.476,0.646,0.589,0.998,0.578,1,0.484,0.807,0.804,0.541,0.784,0.956,0.755,0.499,0.583,0.582,0.423,0.554,0.818,0.999,0.947,0.512,0.244,0.389,1,1,1,0.636,0.495,1,0.596
0.568,0.546,0.568,0.914,0.266,0.802,1,0.253,1,0.357,0.147,0.735,0.946,0.208,0.731,0.841,0.79,0.517,0.452,0.518,0.386,0.569,0.995,0.25,0.855,0.996,0.502,0.977,1,0.923,0.594,0.909,0.797,0.709,0.134,0.924,0.666,0.932,1,0.919,0.948,0.923,0.511,0.984,0.835,0.629,1,0.995,0.716,0.51,0.562,0.627,0.997,0.999,0.839,1,0.585,0.673,0.24,1,0.998,0.998,1,0.709,0.525,0.724,0.9,0.879,0.949,0.332,0.992,1,0.923,0.985,1,0.993,0.969,0.796,0.516,0.395,0.788,0.711,0.602,0.75,0.56,0.625,0.428,0.943,0.677,0.947,1,0.233,0.583,0.523,0.705,0.896,0.358,0.742,0.355,0.424,0.592,0.589,0.784,0.553,0.678,0.639,0.704,0.614,0.32,0.803,0.414,0.999,0.399,0.527,1,0.551,0.343,0.959,0.623,0.892,0.991,0.732,0.65,0.512,0.428,0.443,0.843,0.788,0.539,0.72,0.139,0.452,0.945,0.79,0.994,1,0.491,0.697,1,0.7,0.547,0.724,0.803,0.68,0.818,0.208,0.573,0.348,0.457,0.623,0.998,0.526,1,0.927,0.544,0.033,0.985,1,0.434,0.086,0.709,0.506,0.595,0.636,0.999,1,0.568,0.201,0.607,0.745,0.869,0.553,0.992,0.436,0.999,0.732,0.404,0.987,0.299,0.854,0.985,0.937,0.715,1,0.775,0.683,0.422,0.968,0.271,0.966,0.873,0.729,0.768,0.564,0.817,0.974,0.864,0.684,0.427,0.56,0.716,0.688,0.545,1,0.845,1,0.944,0.668,0.523,0.81,0.828,0.718,0.877,0.688,0.996,0.997,0.813,0.998,0.983,0.37,0.507,0.623,0.639,0.87,0.579,0.83,0.171,0.6,0.849,0.76,0.699,0.988,0.911,0.593,0.643,0.62,0.831,0.949,0.275,1,0.346,0.977,0.559,1,0.258,0.584,0.95,0.62,0.573,0.991,0.362,0.815,0.605,0.747,0.301,1,0.906,0.697,0.586,1,0.514,1,0.859,0.542,1,0.362,0.242,1,0.877,0.609,1,0.496,0.709,0.91,0.997,0.635,0.951,0.395,0.973
0.815,0.951,0.648,0.603,0.225,0.526,0.259,0.645,0.997,0.7,1,0.502,1,1,0.56,0.961,0.472,0.615,0.702,0.36,0.69,0.527,0.134,1,0.614,0.405,0.499,0.668,0.651,0.731,0.867,0.998,0.264,0.776,0.946,0.857,0.927,1,0.778,1,0.996,0.328,0.746,0.269,0.722,0.762,1,1,0.997,0.657,0.585,1,1,1,0.566,0.998,0.308,0.716,0.697,0.767,0.64,0.646,1,1,0.93,0.999,0.375,0.416,0.757,0.584,0.998,0.96,1,0.601,0.617,1,0.666,0.612,0.33,0.997,0.977,0.927,0.603,0.935,0.781,0.96,0.726,0.492,0.643,0.304,0.751,0.995,0.63,0.866,0.562,0.446,0.918,1,0.381,0.439,0.88,0.746,0.668,0.79,0.432,0.52,0.304,0.577,0.713,0.747,0.636,1,0.73,0.857,1,0.54,0.675,1,0.738,0.542,0.484,0.794,1,0.695,0.935,0.997,0.796,0.503,0.452,0.991,1,0.918,1,0.488,0.979,0.869,1,1,0.899,0.608,0.429,0.92,0.119,0.478,0.323,0.967,0.702,0.472,0.995,0.601,0.399,0.432,0.772,0.769,0.862,0.577,0.993,0.871,0.81,1,0.591,0.746,1,1,0.576,0.923,0.986,0.373,0.984,0.887,0.373,0.497,0.704,0.412,0.966,0.801,0.75,0.963,0.318,0.69,0.656,1,0.376,0.159,0.226,0.446,0.745,0.661,0.995,0.681,0.75,0.735,0.909,0.579,0.223,1,0.794,0.28,0.705,0.784,0.998,0.835,0.707,0.583,0.375,0.792,0.945,0.199,0.258,0.988,0.258,0.98,0.991,0.611,1,0.177,0.898,0.741,0.995,0.533,1,0.998,0.722,0.625,0.41,0.394,1,0.434,0.789,0.99,0.999,1,1,0.529,0.791,0.946,0.91,0.325,0.626,0.846,0.619,0.553,0.972,0.887,1,0.717,0.25,0.551,0.405,0.92,0.715,0.946,0.514,0.313,0.796,0.976,0.401,0.516,0.666,1,0.471,0.989,0.661,0.597,0.479,0.595,0.886,0.97,1,0.828,0.877,0.745,0.88,1,0.787,0.448,0.734,0.99,1
0.754,0.392,0.965,0.808,0.902,0.808,1,0.755,0.323,0.706,0.985,0.483,0.994,1,0.53,0.769,0.846,0.37,0.636,0.855,0.93,0.419,0.356,0.469,0.993,0.007,0.513,1,0.508,0.623,0.927,0.837,0.777,0.875,0.461,0.666,1,0.771,0.981,1,0.799,0.596,0.967,0.663,0.813,0.648,1,0.96,0.485,0.97,0.569,0.635,0.963,1,0.686,0.994,0.998,0.951,1,0.214,0.675,0.672,0.17,0.274,0.996,0.318,0.886,0.535,0.808,0.976,0.713,0.991,0.874,1,0.469,0.018,0.921,0.363,0.483,0.104,0.994,0.826,0.67,0.545,0.574,0.896,0.968,0.681,0.281,0.262,0.656,0.466,0.921,0.958,0.928,0.975,0.513,0.675,0.756,0.892,0.809,0.898,0.901,1,0.999,0.934,1,0.187,0.606,0.999,0.981,0.793,0.987,0.972,0.019,0.524,1,0.35,0.322,0.776,0.641,0.264,0.819,0.768,0.991,0.27,0.822,0.903,0.994,0.996,0.741,0.997,0.901,1,0.598,0.997,0.725,0.322,1,0.609,0.578,0.788,0.271,0.996,0.999,0.468,0.576,0.997,0.558,0.116,0.783,0.237,0.736,0.715,0.524,0.833,0.579,0.997,0.441,0.231,0.853,0.859,1,1,0.135,0.926,0.51,0.257,0.252,0.824,0.977,0.638,0.87,0.723,1,0.693,0.552,1,0.941,1,0.53,1,0.397,0.923,1,0.866,0.626,0.998,0.264,0.468,0.083,0.91,0.948,0.775,1,1,0.931,0.543,0.667,0.606,0.851,0.693,0.607,0.876,0.911,0.683,0.437,0.856,1,0.458,0.554,0.936,0.854,0.447,1,0.437,0.7,0.607,0.923,0.327,0.752,0.469,0.907,0.585,0.643,0.728,0.999,0.5,0.534,1,0.426,1,0.969,0.186,0.608,0.579,0.571,1,0.44,0.876,0.657,0.989,0.592,0.998,1,0.731,0.103,0.648,0.569,1,0.377,0.319,0.52,0.54,0.722,0.19,0.504,0.451,0.67,0.913,0.762,0.311,0.312,0.672,0.965,0.72,1,0.106,0.851,0.537,0.409,0.348,0.986,0.955,0.436,0.508,0.724,0.932,0.703
0.794,1,0.991,0.913,1,0.594,0.505,0.72,1,0.225,1,0.503,0.983,0.315,0.621,0.963,1,0.794,0.985,0.826,0.334,0.513,0.917,0.891,0.955,0.989,0.55,0.6,0.611,0.691,0.698,0.552,0.379,0.651,0.691,0.97,0.999,0.969,0.657,0.955,0.859,0.651,0.996,0.904,0.732,0.639,1,1,0.722,0.695,0.643,0.86,0.242,0.536,0.374,0.962,0.789,0.93,0.321,0.845,0.585,0.522,0.749,0.9,0.78,0.911,0.445,0.773,0.975,0.637,0.6,0.896,0.713,0.997,0.141,0.727,1,0.951,1,0.824,0.474,0.897,0.59,0.873,0.721,0.457,0.718,0.639,0.694,0.999,1,1,0.901,0.658,1,0.558,0.979,0.87,0.906,0.569,0.892,0.431,0.529,0.996,0.28,1,0.999,0.645,0.832,1,0.39,0.133,0.412,0.82,0.163,0.603,0.722,0.61,0.985,0.523,0.329,0.994,0.602,0.953,0.945,1,0.815,0.758,0.717,0.998,1,0.681,0.839,0.363,0.82,0.431,0.601,0.373,0.857,0.774,1,1,0.988,0.364,0.957,0.865,0.415,0.999,0.351,1,0.537,0.987,0.992,0.482,0.894,0.741,1,0.928,0.276,1,0.986,0.988,0.149,0.515,0.956,0.509,0.536,0.725,0.642,0.607,0.514,0.449,0.7,0.697,0.95,0.589,0.948,0.741,0.994,0.918,0.87,0.685,0.513,0.639,0.718,0.493,0.558,0.842,0.995,0.979,0.348,0.826,0.995,0.992,0.512,0.99,0.783,0.41,0.515,0.643,0.595,0.618,1,0.996,0.995,0.25,0.9,0.972,1,0.539,0.964,0.997,0.839,0.65,1,0.808,0.995,0.394,1,0.854,0.958,0.95,0.565,0.994,0.955,0.577,0.994,0.75,0.966,0.683,0.964,0.882,1,0.818,0.74,0.518,0.518,0.96,0.386,0.805,0.629,0.685,0.452,1,0.991,0.779,0.033,0.409,1,1,0.646,0.978,0.751,0.911,0.973,0.502,0.854,0.485,0.729,0.994,0.852,0.998,0.727,0.504,0.846,0.837,0.956,1,0.702,0.778,1,0.901,1,0.625,0.56,0.561,0.473,0.728,0.899
0.864,1,0.311,1,0.929,0.999,0.657,0.976,1,0.212,0.151,0.509,0.302,1,0.652,0.439,0.975,0.85,0.717,0.624,0.999,0.59,0.264,0.467,0.803,0.898,0.875,0.874,0.437,1,0.96,0.57,0.997,0.641,1,0.667,0.755,0.718,0.988,0.345,0.838,0.864,0.999,0.498,0.751,0.583,0.108,1,0.67,0.483,0.385,0.99,1,1,0.721,0.999,0.906,0.799,0.685,0.26,0.515,0.493,0.065,0.544,0.742,0.905,0.987,0.572,0.629,0.844,0.526,0.93,0.693,0.891,0.112,0.365,0.906,0.996,1,0.636,0.508,0.488,0.819,0.828,0.645,0.554,0.394,0.872,0.628,0.885,0.81,0.958,0.542,0.583,0.541,0.709,0.556,0.817,0.999,0.533,0.348,0.902,0.52,0.72,0.695,0.691,0.605,0.344,0.971,0.981,0.607,1,0.793,0.82,0.824,0.805,0.195,0.905,0.69,0.546,0.812,0.619,1,0.556,1,0.994,0.457,0.516,1,1,0.369,0.48,0.968,0.586,0.587,0.239,0.087,0.901,1,0.904,0.511,0.997,0.791,0.772,0.374,0.987,0.998,0.864,0.842,0.287,0.491,0.875,0.943,0.584,1,0.962,1,0.926,0.9,0.95,0.502,1,0.926,0.701,0.617,1,0.503,0.328,1,0.947,0.884,0.604,0.698,0.993,0.958,0.837,0.823,0.772,0.951,0.33,0.466,0.971,0.588,0.312,0.877,0.999,0.675,0.952,0.766,0.563,0.255,0.923,0.748,0.562,0.874,1,0.911,0.833,1,0.652,0.285,0.568,0.684,0.621,1,1,0.999,0.658,0.999,0.516,0.613,0.804,0.235,0.997,1,0.998,0.358,0.871,0.788,0.365,1,0.864,0.8,0.722,0.765,0.604,1,0.416,0.118,0.603,0.255,0.664,0.372,0.773,0.709,0.431,1,0.728,0.51,0.795,0.474,0.986,0.553,1,0.914,0.788,0.732,0.513,0.531,0.98,0.565,0.355,0.543,0.86,0.651,0.477,0.998,0.569,0.921,1,0.712,0.874,0.689,0.531,0.889,0.995,0.99,0.266,0.482,0.374,0.854,0.779,0.889,0.977,0.879,0.651,0.576,0.914,1
0.982,0.942,0.421,0.789,0.736,0.517,0.843,0.779,1,0.286,0.979,0.557,0.865,0.512,0.61,0.993,0.567,0.886,0.484,0.971,0.728,0.748,0.192,0.518,0.561,0.999,0.382,0.544,0.354,0.57,1,0.214,0.888,1,1,0.996,0.985,0.997,0.264,0.404,0.84,0.999,0.897,0.717,0.866,0.709,0.998,0.802,0.646,0.315,0.914,0.714,0.305,0.151,0.637,0.88,0.976,0.492,0.845,0.361,0.529,0.429,1,0.996,0.463,0.842,0.828,0.607,0.469,0.431,0.406,0.767,0.761,1,1,0.705,0.778,0.629,0.509,0.698,0.32,1,0.507,1,0.844,0.528,0.831,0.566,0.774,0.586,0.826,0.882,0.263,0.37,0.579,0.702,0.983,0.115,0.294,0.463,0.987,0.612,0.369,0.786,0.29,0.45,1,0.67,0.602,0.953,0.917,0.482,0.789,0.53,1,0.954,0.666,0.404,1,0.563,0.532,0.206,0.107,0.652,0.089,0.982,0.478,0.948,0.703,0.792,0.957,0.98,0.425,0.96,0.377,0.557,0.678,0.939,0.305,0.615,0.895,0.473,1,0.606,0.385,0.796,0.959,0.556,0.419,0.973,0.467,0.737,0.978,0.963,0.588,0.995,0.273,0.966,0.719,0.997,0.59,0.887,1,0.989,0.804,0.843,0.614,0.935,0.953,0.998,0.493,0.732,0.562,0.909,0.828,0.972,0.377,0.745,0.871,0.929,1,0.991,0.433,0.992,0.848,0.595,0.614,0.991,0.883,0.704,1,0.927,0.96,0.801,0.921,0.813,0.931,0.555,0.489,0.546,0.753,0.589,0.747,0.556,0.463,0.974,0.793,0.641,0.617,0.937,0.448,0.821,1,0.657,0.91,0.854,0.255,0.964,0.358,0.264,0.675,0.401,0.588,0.924,0.706,0.537,0.059,0.651,0.385,0.351,0.658,0.979,0.324,0.833,0.994,0.517,0.539,0.941,0.818,0.984,0.779,0.217,0.725,1,0.269,0.679,0.962,0.558,0.936,1,0.638,0.7,0.687,0.664,0.499,0.522,0.612,0.534,0.327,1,0.671,0.97,0.71,0.641,0.52,0.828,0.886,0.962,1,0.42,0.219,0.379,0.757,0.999,0.87,0.553,0.625,0.778,0.974
0.562,1,0.389,0.965,0.904,0.582,0.15,0.56,0.079,0.606,0.708,0.576,0.449,0.987,0.752,0.788,0.744,0.97,0.525,0.513,0.905,0.611,0.863,0.998,0.499,0.019,0.414,0.492,0.932,0.908,0.993,0.768,0.759,0.942,1,0.348,0.759,1,0.568,0.502,0.458,0.686,0.292,0.448,0.974,0.642,0.618,1,0.658,0.503,0.766,0.746,0.539,0.084,0.93,0.723,0.261,0.558,0.443,0.689,0.946,0.184,0.065,0.029,0.984,0.513,0.118,0.978,0.549,0.573,0.527,0.626,1,0.264,1,0.809,0.59,0.507,0.521,0.858,0.647,0.984,0.768,0.847,0.341,0.483,1,0.534,1,0.889,0.998,0.476,0.499,0.523,0.761,0.553,0.619,0.988,0.661,0.604,0.814,1,0.963,0.317,0.834,0.538,0.936,0.211,0.939,1,0.68,0.948,0.845,0.552,1,0.495,0.261,0.997,0.296,0.589,0.783,1,0.99,0.506,0.713,0.308,0.616,0.639,0.771,0.765,1,0.918,0.56,1,1,0.998,0.276,0.875,0.999,0.529,0.575,0.366,0.923,0.724,0.513,0.948,0.475,0.991,0.962,1,0.887,1,1,0.313,0.984,0.79,0.994,0.996,0.639,0.956,0.848,0.945,0.012,1,0.86,0.954,0.427,0.779,0.096,0.565,0.682,0.611,0.922,0.652,0.882,0.995,0.567,0.351,1,0.322,0.779,1,0.574,0.751,0.919,0.506,1,0.93,0.182,0.947,0.746,0.573,0.988,0.286,0.858,0.989,0.717,0.581,0.619,0.575,0.661,0.613,0.553,0.971,0.903,0.355,1,0.594,0.803,0.943,0.903,1,1,0.601,0.999,0.317,0.779,0.649,0.811,0.609,0.742,0.354,0.693,1,0.696,0.394,0.988,0.997,0.501,0.644,0.281,1,1,0.054,0.954,0.522,0.961,0.701,0.483,0.963,0.947,0.228,0.766,0.944,0.555,0.817,0.955,0.495,0.464,1,0.851,0.939,0.488,0.956,0.998,0.989,0.297,0.538,0.537,0.029,0.549,1,1,0.476,0.947,0.825,0.728,0.981,0.853,1,0.588,0.714,0.144,1,0.665,0.779,0.4,0.78,0.978
1,0.085,0.71,0.587,0.463,0.999,0.731,0.506,0.851,0.8,0.611,0.671,0.716,0.927,0.537,0.949,0.601,0.687,0.353,0.669,0.454,0.445,0.963,0.541,0.587,0.962,0.389,0.959,0.384,0.839,1,0.978,0.864,0.264,0.21,0.749,0.328,0.932,0.283,0.76,0.965,0.995,0.725,0.618,0.974,0.712,0.981,0.959,0.66,0.833,0.731,0.702,0.828,0.037,0.52,0.751,0.383,0.978,0.777,0.761,0.721,0.587,1,0.898,0.159,0.855,0.93,0.859,0.905,0.996,0.588,1,0.555,0.918,0.998,1,0.772,0.579,1,0.93,0.858,0.747,0.686,0.704,0.316,0.484,0.785,0.55,0.526,0.687,0.548,0.842,0.645,0.989,0.671,0.443,0.672,1,0.686,0.996,0.251,1,0.375,0.099,0.821,0.748,0.291,0.803,0.523,0.396,0.896,0.988,0.547,0.668,1,0.47,0.998,0.482,0.204,0.518,0.56,0.869,0.997,0.712,0.818,1,0.813,0.815,0.665,0.247,1,0.995,0.856,0.898,0.825,0.707,0.897,0.494,0.988,0.635,0.674,0.307,0.705,0.475,0.937,0.842,1,0.814,0.434,0.985,0.453,1,0.636,0.32,0.875,0.392,0.397,0.827,0.998,0.835,0.657,0.811,0.225,0.738,0.988,0.89,0.994,0.844,0.897,1,0.995,0.47,1,0.905,0.998,0.733,0.519,0.562,0.571,0.429,0.741,0.493,0.921,0.855,1,0.427,0.653,0.894,0.695,0.922,0.501,0.775,0.95,0.663,0.497,1,0.61,0.486,0.465,0.579,0.988,0.628,0.992,0.813,0.391,0.488,1,0.412,0.51,0.99,0.855,1,0.502,0.498,1,1,0.574,0.997,0.994,0.641,0.998,0.612,0.603,0.972,0.559,0.564,0.779,0.695,0.781,0.969,0.36,1,0.967,1,0.582,0.513,0.731,0.372,0.311,0.615,0.5,1,0.812,0.997,0.766,0.795,0.873,0.547,0.479,0.99,0.82,0.518,0.509,0.815,0.757,0.354,0.851,0.54,0.389,0.991,0.587,1,0.768,0.578,0.775,0.743,0.354,0.633,0.475,0.7,0.744,0.961,0.068,1,0.915,0.955,0.75,0.747,0.997
0.947,0.88,0.268,0.647,0.994,0.888,0.885,0.751,0.99,1,1,0.925,0.711,0.877,0.797,0.672,0.157,0.713,0.423,0.483,0.762,0.529,1,0.983,1,0.048,0.998,0.93,0.585,0.791,0.849,1,0.821,0.426,0.286,0.859,0.506,0.937,0.937,0.814,0.213,0.66,0.746,0.851,0.478,0.587,1,0.994,0.789,0.402,0.876,0.636,1,1,0.577,0.952,0.864,0.667,0.866,0.304,0.648,0.653,0.997,0.919,0.73,0.669,0.167,0.266,0.885,0.609,0.976,0.493,0.818,0.867,0.993,0.765,0.881,0.502,0.733,0.308,1,0.693,0.588,0.096,0.975,0.572,0.722,0.625,0.601,0.695,0.948,0.981,0.487,0.952,0.427,0.725,0.997,0.999,0.933,0.53,0.467,0.242,0.854,0.774,0.547,0.831,1,0.728,1,1,0.982,1,0.657,0.772,1,0.571,0.778,0.793,0.978,0.968,0.398,1,1,0.948,0.983,0.97,0.721,0.866,0.7,1,0.97,0.653,0.888,0.724,0.719,0.614,0.945,0.55,0.794,0.538,0.783,1,0.57,0.758,0.596,0.909,0.943,0.925,0.544,0.991,0.595,0.27,0.86,0.992,0.967,0.665,1,0.66,0.459,0.539,0.614,0.96,0.519,1,0.87,0.874,0.564,0.994,0.444,0.557,0.692,0.65,0.992,0.702,0.772,0.715,0.263,0.126,1,1,0.426,0.923,0.539,0.847,0.877,0.529,0.711,0.337,0.896,0.66,0.718,0.789,0.434,0.438,0.98,0.865,0.758,0.385,0.984,0.394,0.994,0.627,0.758,0.627,0.906,0.668,0.932,0.921,0.769,0.67,0.571,0.3,1,0.499,1,0.596,0.833,0.749,0.444,0.352,1,0.759,0.54,0.812,0.988,0.951,0.882,0.671,0.626,0.701,0.556,0.979,0.517,0.619,0.555,0.675,0.839,0.919,0.486,1,0.594,0.995,0.535,0.733,0.932,0.8,1,0.593,0.506,1,0.79,0.829,0.505,0.381,0.451,0.331,0.986,0.661,0.305,0.849,0.635,0.963,0.682,0.58,0.968,0.99,0.547,0.999,1,0.83,1,0.161,1,1,0.992,0.998,0.37,0.664,1
1,0.863,0.453,0.731,0.61,0.644,0.799,0.969,1,0.992,0.274,0.871,0.661,0.707,0.572,0.612,0.93,0.454,0.829,0.708,0.997,0.71,0.087,0.62,0.792,0.996,0.568,0.728,0.665,0.896,0.917,1,0.586,0.577,0.941,0.584,0.974,0.915,0.999,0.981,0.244,0.454,0.526,0.482,0.87,0.882,1,1,0.598,0.628,1,0.603,0.595,0.995,0.952,0.803,0.436,0.783,0.706,0.92,0.38,0.256,1,0.794,0.758,0.089,0.971,0.671,0.521,0.571,0.711,0.772,0.53,0.119,0.998,0.926,0.552,0.691,1,0.95,0.306,0.666,0.477,0.986,0.772,0.537,0.662,0.435,1,0.961,0.972,0.622,0.982,0.871,0.614,0.828,0.962,0.879,0.282,0.58,0.975,0.947,1,0.623,0.821,0.404,0.734,0.348,0.887,0.275,0.549,0.107,0.93,0.791,1,0.46,0.992,0.258,0.431,0.67,0.894,0.425,0.957,0.532,0.643,0.999,0.408,0.446,0.639,0.653,0.995,0.46,0.937,1,1,0.307,0.692,0.716,0.906,0.777,0.681,0.148,0.419,0.785,0.88,0.827,0.673,0.605,0.96,0.13,0.606,0.999,0.226,0.445,0.998,0.905,0.205,1,0.417,0.718,0.66,0.996,0.707,0.975,0.79,0.672,0.513,1,0.595,0.521,0.893,0.521,0.527,0.848,0.396,0.999,0.975,0.926,0.545,0.926,0.533,0.914,0.685,0.869,1,0.409,0.217,0.722,0.999,0.704,0.53,0.72,0.946,0.956,0.989,1,0.642,0.649,0.988,0.997,0.411,0.565,0.623,0.952,0.964,0.925,0.88,0.771,1,0.274,0.765,1,1,1,0.971,0.672,0.993,0.513,0.792,0.701,0.653,0.768,0.844,0.95,0.628,0.806,0.992,0.84,0.288,0.239,0.996,0.726,0.154,1,0.591,0.478,1,0.987,0.991,0.337,1,0.841,0.61,0.872,0.772,0.835,0.187,0.462,0.999,0.147,0.628,0.806,0.662,0.574,0.689,0.718,0.648,0.502,0.624,0.833,1,0.232,0.775,0.571,0.317,0.837,0.558,1,0.987,0.575,0.298,0.826,0.885,0.303,0.285,0.454,0.745,0.826,0.225
0.997,0.615,0.803,0.5,0.461,0.408,0.645,0.999,0.998,0.976,1,0.644,0.445,0.993,0.84,0.504,0.231,0.706,0.457,0.298,0.486,0.593,0.776,0.822,0.942,0.995,0.787,0.539,0.986,0.809,0.514,0.911,0.987,0.711,0.198,0.18,0.95,0.999,0.649,0.73,0.417,0.419,0.997,0.998,1,0.619,1,0.656,0.784,0.374,0.507,0.843,0.165,0.561,0.358,0.71,0.638,0.673,0.507,0.998,0.617,0.591,0.512,1,0.274,0.625,0.72,0.955,0.732,0.66,0.594,0.739,0.983,0.3,1,0.9,0.656,0.365,0.249,0.61,0.557,0.532,0.645,0.09,0.897,0.84,0.894,0.999,0.86,0.647,0.627,0.161,0.606,0.487,0.711,0.646,1,0.422,0.913,0.461,1,0.641,0.997,0.401,0.699,0.997,0.611,0.649,0.81,0.217,0.586,0.963,0.58,0.736,0.992,0.502,0.675,0.999,0.717,0.809,0.747,0.911,0.822,0.506,0.904,0.665,0.688,0.966,0.861,0.934,0.475,1,0.977,0.863,0.716,0.605,0.292,0.997,1,0.77,0.331,0.536,1,0.412,0.617,0.92,0.69,0.995,0.465,0.268,0.981,0.868,0.829,0.983,0.926,1,0.928,0.915,0.823,0.846,0.803,0.258,0.489,0.833,0.82,1,0.713,0.658,0.146,0.98,0.623,0.961,0.649,0.425,0.988,0.973,0.445,0.782,0.849,0.955,0.635,0.923,0.529,0.395,0.94,0.988,0.533,0.999,0.068,1,1,0.635,1,0.375,1,0.913,0.406,0.982,0.32,0.531,0.688,0.652,0.771,0.864,0.387,0.605,0.977,0.997,1,0.493,0.356,0.524,0.596,0.563,0.898,0.977,0.747,0.903,0.335,0.838,0.974,1,0.62,0.847,0.374,0.798,0.819,0.7,0.578,0.628,0.751,0.99,1,0.617,0.589,0.519,0.85,0.529,0.728,1,0.487,0.828,0.626,0.106,0.703,0.979,0.873,0.565,0.81,1,0.968,0.584,0.696,0.338,0.98,0.506,1,0.506,0.333,0.999,0.927,0.243,0.899,0.383,0.741,0.742,0.976,0.507,0.096,0.528,0.267,0.332,0.999,0.842,0.664,0.917,0.411,0.631,0.355
0.551,0.746,0.576,1,1,0.932,0.623,0.404,0.986,1,1,0.439,0.673,0.679,0.699,0.537,0.342,0.261,0.474,0.387,0.738,0.588,0.958,0.881,0.935,1,0.465,0.996,0.411,0.999,0.791,0.517,0.325,0.65,0.999,0.998,0.856,0.969,0.687,0.656,0.723,0.323,1,0.946,0.481,0.486,0.995,0.951,0.69,0.665,0.48,0.999,0.886,1,0.788,1,0.522,0.739,0.657,0.102,0.644,0.784,1,0.949,0.6,0.722,0.47,0.719,0.279,0.391,0.482,0.999,0.951,0.786,1,0.181,0.869,0.676,0.991,0.935,0.334,0.87,0.607,1,0.188,0.569,0.675,0.469,0.914,0.49,0.454,1,0.952,0.999,0.978,0.977,0.366,0.717,0.811,0.637,0.915,0.995,0.823,0.782,0.897,0.595,1,0.685,0.896,0.623,0.357,0.578,1,0.753,1,0.665,0.704,0.641,0.562,0.55,0.418,1,0.531,0.783,0.993,0.889,0.492,0.7,0.99,0.401,0.951,0.171,0.208,0.799,0.997,0.81,0.843,0.595,0.997,0.793,0.973,0.49,0.498,0.996,0.536,0.462,0.447,0.772,0.852,0.699,0.943,0.807,1,0.782,0.716,1,0.536,0.999,0.437,0.851,0.673,0.586,0.951,0.863,0.287,0.99,0.937,0.951,0.654,0.442,0.533,0.46,0.637,0.998,0.914,0.983,0.73,0.271,0.991,0.84,0.367,0.769,0.678,0.989,1,0.747,0.556,0.892,0.999,0.377,0.65,0.955,0.731,0.503,0.542,1,0.557,0.69,0.946,0.434,0.358,0.677,0.888,0.708,1,0.844,0.677,1,0.99,1,0.798,0.994,0.985,0.986,1,0.969,1,0.554,0.966,0.999,0.989,0.29,0.721,0.999,0.735,0.806,0.535,0.661,0.99,0.478,0.662,1,0.438,0.299,0.757,0.415,0.801,0.707,0.669,0.933,0.486,0.366,0.474,1,0.821,0.969,1,0.596,0.805,0.021,0.331,1,0.563,0.506,0.511,0.687,0.679,0.437,0.878,1,0.729,0.919,1,0.924,0.988,0.691,0.862,0.455,0.883,0.379,0.821,1,0.953,0.984,1,0.513,0.489,0.573,0.944
0.596,0.799,0.941,0.937,0.967,0.696,0.245,0.583,1,0.769,0.468,0.78,0.578,1,0.542,0.683,0.962,0.928,0.664,0.459,0.739,0.504,0.639,0.948,0.613,0.347,0.664,0.778,0.885,0.553,0.815,0.966,0.975,0.968,0.97,0.95,1,1,1,0.752,0.896,0.812,0.904,0.437,0.899,0.556,1,0.276,0.533,0.998,0.468,0.894,0.996,0.997,0.448,0.912,0.801,0.997,0.843,0.57,0.876,1,1,1,1,1,0.257,0.17,0.961,0.906,0.896,0.833,0.535,0.45,0.001,0.635,0.996,0.954,0.986,0.55,0.99,0.581,0.7,0.116,0.796,0.524,0.999,0.606,0.991,0.929,0.703,0.835,0.431,0.629,1,0.756,0.351,0.354,0.628,0.686,1,0.544,0.982,0.981,0.994,1,1,1,0.743,0.711,0.567,0.435,0.893,0.531,1,0.536,0.864,0.309,0.99,0.608,0.362,0.977,1,0.691,0.784,0.904,0.984,0.631,0.644,0.963,0.989,0.927,0.966,0.676,0.783,0.598,0.622,0.353,0.98,0.841,0.957,0.997,0.941,0.405,0.239,0.408,0.893,0.836,0.979,0.658,0.527,0.255,0.993,0.533,0.278,0.977,0.576,0.995,0.575,0.688,0.754,0.829,0.997,1,0.549,0.97,0.583,0.649,0.623,0.9,1,0.516,0.55,0.463,0.968,0.826,0.545,0.406,0.442,0.996,0.986,0.599,0.564,0.81,0.193,0.32,0.819,1,1,0.889,0.993,0.965,1,0.613,1,0.847,1,0.915,0.272,0.73,0.456,0.737,0.62,0.745,1,0.735,0.822,0.637,0.746,0.299,0.89,0.993,0.852,0.796,0.999,0.82,0.962,0.812,0.555,0.872,1,0.996,0.638,1,0.606,0.986,0.364,1,0.429,0.942,0.734,0.337,0.4,1,0.951,0.53,0.994,1,0.835,0.973,0.598,0.933,0.98,1,1,0.847,0.749,0.58,1,1,0.674,0.994,0.561,0.438,0.553,0.515,0.859,0.743,0.742,1,0.331,0.974,0.972,0.474,0.773,0.726,0.977,0.78,0.75,0.623,0.346,0.479,0.999,1,0.893,0.645,0.66,0.944,0.838
1,0.998,0.689,0.439,0.14,0.287,0.986,0.355,0.155,0.986,0.809,0.524,0.993,0.619,0.492,0.695,1,0.993,0.535,0.875,1,0.667,0.797,0.507,0.706,1,0.832,0.587,0.63,1,0.838,0.415,1,0.984,0.106,0.745,0.815,0.999,0.624,1,0.879,0.369,0.733,0.566,0.748,0.758,0.937,1,0.939,0.394,0.867,0.988,0.768,1,0.671,0.997,0.306,0.555,0.328,0.626,0.59,0.503,1,0.731,0.709,1,0.943,0.897,0.831,0.901,0.716,0.974,1,1,0.994,1,0.729,0.86,0.322,0.998,0.415,0.934,0.833,0.957,0.447,0.513,0.474,0.806,0.584,0.986,0.941,1,0.786,0.631,0.585,0.638,0.965,0.996,0.998,0.862,0.951,0.97,0.356,0.253,0.703,0.898,0.095,0.507,0.968,1,0.967,0.914,0.434,0.686,0.999,0.944,1,0.141,1,0.74,1,0.966,0.549,0.493,1,1,0.885,0.999,1,0.999,0.985,0.687,0.813,0.798,0.628,0.983,0.645,0.99,0.823,0.883,0.84,1,1,0.549,0.991,0.395,0.311,0.734,0.849,0.604,0.992,0.999,1,0.693,1,0.138,0.995,0.263,0.326,1,0.455,0.998,0.901,0.554,0.773,0.417,0.574,0.841,1,0.786,0.468,0.487,0.495,0.602,1,0.432,0.664,0.793,0.839,0.774,0.789,0.839,0.623,0.953,0.987,1,0.43,0.521,0.976,0.945,0.981,0.983,0.964,0.845,0.991,1,0.613,0.938,0.47,0.942,1,0.547,0.533,0.169,0.549,0.834,0.721,0.911,0.987,1,0.771,0.999,0.992,0.588,0.083,0.925,0.286,0.58,0.94,0.969,0.04,1,0.648,0.958,0.84,0.826,1,0.611,1,0.627,0.952,0.999,1,0.963,0.478,0.564,0.676,0.902,0.664,0.59,0.674,0.799,0.677,1,0.394,0.838,0.001,0.514,0.856,0.056,0.982,0.863,0.481,0.998,0.908,0.794,0.534,0.548,0.46,1,0.704,0.999,0.089,0.724,0.274,0.969,1,1,0.55,0.943,0.823,0.386,0.536,0.556,0.912,0.406,0.62,0.416,0.556
0.927,0.118,0.667,0.598,0.847,0.737,0.888,0.998,0.999,0.941,0.419,0.422,0.997,0.419,0.731,0.681,0.504,0.952,0.874,0.527,1,0.601,0.852,0.564,0.805,1,0.431,0.542,1,0.985,1,0.541,0.739,0.571,0.962,0.649,0.95,0.172,0.998,0.65,0.673,0.31,1,0.987,0.671,0.518,0.953,1,0.983,0.377,0.369,0.587,0.682,0.133,0.33,1,0.498,0.615,0.745,0.412,0.3,0.995,0.679,0.622,0.998,0.274,1,0.996,0.998,0.735,0.84,0.43,0.134,1,1,1,0.762,0.712,0.86,0.264,0.69,0.551,0.43,0.98,0.873,0.481,0.654,0.645,0.576,0.803,0.237,0.998,0.817,0.583,0.823,0.869,0.775,0.748,0.616,0.569,0.811,0.606,0.954,0.993,0.996,0.757,0.914,0.616,0.586,0.844,0.398,1,0.981,0.846,0.998,0.578,0.48,0.527,0.833,0.607,0.826,1,0.668,0.481,0.352,0.735,0.697,0.509,0.353,0.824,0.157,0.471,0.286,0.747,0.987,0.664,1,0.672,0.425,0.82,0.774,0.973,0.956,0.543,0.404,0.199,0.646,0.567,0.304,1,0.585,0.505,0.573,0.493,0.791,0.659,0.256,0.882,0.995,0.76,0.609,0.764,0.974,0.997,0.253,0.859,0.557,0.995,0.998,0.337,0.708,0.713,0.424,0.941,0.896,0.712,0.818,0.228,0.59,0.805,0.927,1,0.642,0.227,0.957,0.847,0.547,1,0.863,0.859,0.896,0.985,0.809,0.996,0.787,0.191,0.87,0.894,1,0.517,0.451,0.574,0.9,0.557,0.57,1,0.542,0.349,0.85,0.485,1,0.904,0.229,0.955,1,0.985,0.866,0.904,0.627,0.26,0.979,0.168,0.774,0.451,0.701,1,0.915,0.903,0.723,0.395,0.519,0.907,0.144,0.999,0.444,0.631,0.895,0.427,0.461,0.99,0.405,0.721,0.731,0.5,0.689,0.789,1,0.73,0.29,0.966,0.465,0.976,0.546,0.665,0.932,0.811,0.972,0.512,0.624,1,0.411,0.074,1,0.426,0.73,0.241,0.998,1,0.849,0.727,0.867,0.389,0.959,0.313,0.471,0.74,0.996,0.907,0.595
0.825,1,0.389,1,0.341,0.558,0.238,0.947,0.727,0.997,0.903,0.595,0.133,0.937,0.637,0.755,0.998,0.642,0.669,0.476,0.614,0.882,0.98,0.434,0.366,1,0.42,0.412,0.534,0.193,0.998,0.283,0.826,0.67,0.796,0.512,0.156,1,0.637,1,0.559,0.893,0.188,0.659,0.568,0.956,0.77,0.833,0.696,0.857,0.951,0.661,0.992,0.978,0.662,0.659,0.7,0.945,0.44,0.738,0.826,0.186,1,1,0.947,0.813,0.972,0.432,0.59,0.495,0.93,0.938,0.35,0.192,1,0.971,0.787,0.195,0.997,1,0.539,0.613,0.734,1,0.273,0.424,0.698,0.97,0.958,1,0.995,0.124,0.761,0.746,0.384,0.767,0.832,0.894,0.326,0.389,1,0.299,0.853,0.582,1,0.976,0.377,0.442,0.316,0.072,1,1,0.461,0.744,0.996,0.617,0.363,0.896,0.593,0.725,0.955,0.247,0.738,0.457,0.203,0.972,0.728,0.746,0.901,0.403,0.005,0.676,1,1,0.815,0.891,0.704,0.523,0.74,0.848,0.822,0.4,0.718,0.395,0.74,0.86,0.791,0.937,0.85,0.688,0.481,0.722,0.828,1,1,0.264,0.862,0.854,0.47,0.576,0.8,0.5,0.38,0.374,0.999,0.979,0.721,0.916,0.343,0.639,0.76,0.801,0.538,0.639,0.421,0.724,0.324,0.975,0.271,0.746,0.773,0.357,0.982,0.245,0.785,0.704,0.656,0.893,0.358,0.999,0.508,1,0.278,0.432,0.92,0.653,0.984,0.613,0.608,0.819,0.958,0.535,0.728,0.336,0.692,0.665,0.351,0.525,0.734,0.936,0.491,0.745,0.063,0.491,1,0.999,0.801,1,0.752,0.649,0.274,0.885,0.829,0.935,1,0.284,0.832,0.961,0.999,0.733,0.442,0.996,1,0.929,0.561,0.604,0.209,1,0.56,0.935,0.832,0.316,0.577,0.787,1,0.817,1,0.677,0.971,1,0.872,0.302,0.536,0.973,0.583,0.317,0.778,0.515,0.528,1,0.978,1,0.517,0.701,0.569,1,0.999,0.991,0.999,0.596,0.094,0.651,0.314,1,0.49,0.572,0.569,0.962,0.998
0.478,0.999,0.775,0.731,0.685,0.641,0.845,0.946,1,1,0.225,0.527,0.718,0.302,0.611,0.998,0.396,0.869,0.618,0.669,0.161,0.484,0.906,0.494,0.367,1,0.989,0.657,0.721,0.668,0.969,0.921,0.496,1,1,0.65,0.832,0.985,0.87,0.319,1,1,0.535,0.619,0.993,0.512,0.996,0.592,0.583,0.334,0.624,0.356,0.818,0.861,0.349,0.66,0.472,0.246,0.424,0.999,0.509,0.48,0.23,0.386,0.894,0.998,0.014,1,0.637,0.769,0.421,0.731,0.765,0.843,0.985,0.401,0.569,0.713,0.819,0.194,0.744,0.66,0.983,0.109,0.998,0.527,0.474,0.791,0.287,0.441,1,0.796,0.303,0.541,0.662,0.754,0.539,0.738,0.768,0.963,0.636,0.684,0.801,0.81,0.803,0.998,1,0.578,0.568,0.171,0.544,1,0.655,0.538,1,0.497,0.839,0.622,0.813,0.653,0.581,0.638,0.802,0.715,0.825,0.713,0.664,0.466,0.975,0.598,0.88,0.461,0.775,0.874,0.995,0.924,0.635,0.332,0.878,0.829,0.425,0.995,0.998,0.818,0.781,0.998,0.891,0.568,0.48,1,0.626,0.995,1,0.356,0.681,0.999,0.789,1,0.712,0.69,0.618,0.89,1,0.355,0.275,0.996,0.611,0.677,0.848,0.293,0.772,0.562,0.962,0.533,0.724,0.506,0.997,0.996,0.62,0.79,0.334,0.693,0.998,0.193,0.895,0.816,0.518,1,0.969,0.903,0.885,0.999,1,0.44,0.893,0.915,0.794,0.446,0.679,0.512,0.823,0.552,0.856,0.683,0.427,0.971,0.967,0.653,0.885,0.554,0.654,1,1,0.704,0.002,0.297,0.688,0.989,0.998,0.639,0.838,0.597,0.673,0.474,0.426,0.915,0.601,0.679,0.979,0.997,0.794,0.02,0.564,0.808,0.507,0.54,0.799,0.558,0.668,0.799,0.618,0.799,0.482,1,0.549,0.8,0.056,0.435,1,0.082,0.6,0.774,0.534,1,0.611,0.44,0.26,0.58,0.436,1,0.743,0.736,0.808,0.982,0.767,0.884,0.613,0.645,0.995,0.764,0.938,0.43,0.983,0.998,0.694,0.388,0.449,0.538,0.608
0.971,0.252,0.993,0.586,0.126,0.617,1,0.844,0.896,0.174,0.342,0.4,0.859,0.862,0.516,0.747,0.449,0.734,0.999,0.667,0.976,0.821,0.998,0.506,0.722,0.992,0.596,0.691,0.999,0.397,0.993,0.778,0.997,0.708,1,0.985,0.27,0.979,0.938,0.611,0.808,0.919,0.479,0.5,1,0.834,0.996,0.66,0.701,0.805,0.627,0.997,0.877,0.948,1,0.905,0.324,0.5,0.71,0.226,0.99,0.489,1,0.552,0.567,1,0.318,0.496,0.702,0.603,0.826,0.969,1,1,0.856,1,0.682,0.932,0.929,0.958,0.444,0.689,0.637,1,0.966,0.504,0.963,0.488,0.8,0.833,0.366,0.813,0.999,0.809,0.305,0.998,0.652,0.777,0.981,0.308,0.344,0.365,0.391,0.234,0.647,0.858,0.972,0.748,0.646,1,0.595,1,0.917,0.718,0.978,0.548,0.619,0.998,0.858,0.469,0.16,0.942,0.381,0.594,0.376,0.224,0.949,0.498,0.656,0.835,1,0.547,1,0.968,0.708,0.322,0.999,1,0.573,0.863,0.659,0.817,0.594,0.504,0.629,0.335,0.999,0.981,0.652,0.95,0.436,0.285,0.861,0.838,0.564,0.172,1,1,0.556,0.632,0.984,0.919,0.795,0.226,0.578,1,0.575,0.642,0.642,0.998,0.817,0.521,0.413,0.717,0.995,0.674,0.381,0.987,0.938,0.438,0.794,1,0.846,1,0.242,0.762,0.986,0.774,0.636,0.681,0.251,0.827,1,0.41,0.45,0.963,0.995,0.72,0.656,0.536,0.425,0.641,0.4,0.678,0.808,0.508,0.268,0.696,0.85,0.112,0.649,0.789,0.364,0.895,0.751,0.984,0.992,0.272,0.225,0.556,0.989,0.791,0.708,0.663,0.369,0.735,1,0.616,0.231,0.339,0.356,0.759,0.999,0.8,0.995,0.605,0.653,0.8,0.593,0.592,0.922,0.965,0.584,1,0.986,0.707,0.985,0.413,0.247,1,0.469,0.997,0.473,0.642,0.645,0.506,0.803,0.515,0.518,0.012,0.666,0.378,0.226,0.56,0.854,0.422,1,0.71,0.964,0.687,0.483,0.734,0.989,0.995,0.716,0.468,0.448,0.55,0.903
0.881,0.92,0.827,0.643,0.882,0.643,0.749,0.923,0.921,0.898,0.059,0.609,0.379,0.999,0.896,0.762,0.744,0.296,0.569,1,0.808,0.571,0.88,0.41,0.967,0.998,0.637,0.341,0.423,0.381,0.879,0.483,0.999,0.764,1,1,0.801,0.997,0.901,0.748,0.848,0.737,0.96,0.661,0.422,0.368,1,0.971,0.695,0.566,0.354,0.796,1,1,0.793,0.157,0.672,0.419,0.738,0.875,0.362,0.858,0.887,1,0.564,0.972,0.688,0.719,0.985,0.503,0.549,0.765,0.959,0.655,1,0.952,0.829,0.993,0.964,0.84,0.684,0.999,0.439,0.77,0.784,0.643,0.613,0.629,0.446,0.998,0.569,0.993,0.839,0.788,0.993,0.251,0.821,0.629,0.643,0.739,0.511,0.595,0.634,1,0.959,0.672,1,0.734,0.536,1,0.836,0.778,0.533,0.912,0.998,0.412,0.558,0.658,0.815,0.611,0.988,0.778,0.995,0.586,1,1,0.799,0.669,0.922,1,0.934,0.659,0.749,0.877,0.859,1,0.806,0.34,0.573,0.973,0.798,0.478,0.791,0.899,0.574,1,0.981,0.709,0.989,0.583,0.703,0.652,0.246,0.734,1,0.977,0.888,0.959,0.966,0.994,0.409,0.587,1,1,0.968,0.027,0.856,1,1,0.734,0.64,0.519,0.762,1,0.791,0.546,0.368,0.498,0.463,0.992,0.954,0.993,0.291,1,0.994,0.988,0.694,0.975,0.508,0.75,0.694,0.824,0.987,0.625,0.891,0.228,0.403,0.4,0.935,0.594,0.896,0.764,0.597,1,0.808,1,0.327,0.259,0.966,0.374,0.752,0.178,1,0.495,0.315,0.574,0.461,0.281,0.552,0.935,0.116,0.058,0.994,0.82,0.705,0.525,0.909,0.514,1,0.99,0.464,0.813,0.131,0.291,0.716,0.457,0.772,0.952,0.888,0.84,0.766,0.714,0.517,0.973,0.981,0.695,1,0.883,1,1,0.689,0.617,0.492,0.712,0.481,0.506,0.466,0.583,0.405,1,0.995,0.17,1,0.53,0.998,0.859,0.817,0.998,0.332,0.561,1,0.814,0.844,0.747,0.987,0.7,0.984,0.795,0.358
0.948,0.292,0.548,0.726,0.722,0.559,0.999,0.722,1,1,1,0.767,0.949,0.439,0.701,0.799,0.432,1,0.641,0.997,0.72,0.548,0.784,1,0.527,1,0.723,0.874,0.885,0.733,0.463,0.889,0.677,0.996,1,0.564,0.466,0.634,0.943,0.651,0.757,0.832,0.987,0.463,0.382,0.743,0.975,1,0.483,0.651,0.638,0.725,0.989,1,0.345,0.842,0.685,0.871,0.28,0.508,0.57,0.204,1,0.95,0.894,0.92,1,0.94,0.644,0.52,0.512,0.879,0.733,0.544,0.031,0.61,0.82,0.434,1,1,0.409,0.99,0.574,0.867,0.367,0.467,0.533,0.56,0.708,0.883,0.255,0.188,0.545,0.557,0.781,0.91,0.914,0.965,0.516,0.537,0.776,0.645,0.512,0.398,0.419,0.367,0.792,0.303,0.727,1,0.45,0.785,0.374,0.96,1,0.74,0.981,0.811,0.555,0.509,0.337,0.767,0.611,0.565,0.88,0.997,0.669,0.522,0.738,0.153,1,0.975,0.588,0.998,0.735,0.561,0.95,0.971,1,0.872,0.584,0.394,0.847,0.351,0.996,0.629,0.746,1,0.212,0.273,0.728,0.791,0.332,0.894,0.578,0.579,0.916,0.687,0.46,0.184,0.495,0.946,0.66,0.866,1,0.989,0.83,0.458,0.987,0.97,0.264,0.573,0.48,0.715,1,0.81,0.452,0.342,0.272,0.402,0.999,1,0.717,1,1,0.376,0.826,0.861,0.755,0.988,0.474,0.298,0.708,0.566,0.29,0.677,0.961,0.418,1,0.432,0.451,0.554,0.999,0.845,0.518,1,1,0.755,0.438,0.633,0.999,1,0.608,0.394,0.056,0.906,0.569,1,0.631,0.627,1,0.519,0.747,0.595,0.588,0.979,0.989,0.846,0.667,0.335,0.983,0.999,0.599,0.989,0.931,0.614,0.937,0.585,0.175,0.828,0.649,1,0.507,1,0.822,0.807,1,0.963,0.802,0.079,0.8,0.845,0.565,0.569,0.553,0.475,0.494,0.497,0.818,0.302,0.91,1,0.26,0.603,0.936,0.744,1,0.788,0.978,0.949,0.999,0.616,0.8,0.981,0.322,0.661,0.922,0.648,0.897
0.309,0.903,0.826,0.473,0.42,0.386,0.244,0.593,0.999,0.565,0.62,0.591,0.641,1,0.954,0.782,0.585,0.918,0.763,0.986,0.78,0.596,0.982,0.447,0.465,1,0.67,0.684,0.804,0.93,0.936,0.614,0.551,0.698,0.443,0.443,0.777,1,1,0.762,0.598,0.333,0.124,0.538,0.149,0.776,0.993,0.276,0.749,0.977,0.707,0.953,0.452,0.728,0.902,0.939,0.965,0.886,0.904,0.526,0.386,0.799,0.983,0.356,0.508,0.618,0.331,0.999,0.75,0.975,0.466,0.992,0.992,0.656,0.113,0.982,0.801,0.372,0.439,0.986,0.875,0.549,0.402,0.817,0.62,0.678,0.473,0.274,0.452,1,0.83,1,0.358,0.532,0.518,0.362,0.498,0.879,0.256,0.485,0.666,0.581,0.592,0.904,0.748,0.983,0.952,0.653,0.355,0.775,0.386,0.967,0.555,0.989,0.059,0.458,0.825,0.668,0.493,0.708,0.851,0.998,0.873,0.534,0.948,1,0.594,0.59,0.664,0.559,0.107,0.456,1,0.203,0.999,0.573,1,0.567,0.463,0.891,0.326,0.616,0.92,0.949,1,0.29,0.81,0.796,0.999,0.81,0.804,0.368,0.795,0.485,0.972,0.172,0.982,0.786,0.735,0.891,0.461,0.913,0.999,0.95,0.276,1,0.666,0.874,0.571,0.557,0.658,0.7,0.79,0.344,0.937,0.737,0.582,1,0.538,0.876,0.364,0.96,0.612,0.796,0.826,0.317,0.584,0.916,0.969,0.996,0.828,0.84,0.782,0.585,0.39,0.994,0.369,0.621,0.28,0.758,0.324,0.563,0.389,0.78,0.967,0.761,0.616,0.981,0.589,0.745,0.685,0.781,0.934,0.67,0.987,0.943,0.838,0.323,0.818,0.374,0.623,1,0.96,0.839,0.997,0.998,0.975,0.791,0.24,0.154,0.769,1,0.77,0.326,0.793,0.773,0.228,0.997,0.54,0.994,0.538,0.737,0.454,0.985,0.847,0.858,1,0.217,0.683,1,0.616,0.734,0.613,0.65,0.703,0.992,0.567,0.828,1,1,0.819,0.97,0.222,0.706,0.99,0.655,0.473,0.138,0.393,0.538,0.638,0.403,0.667,0.983,0.584,0.827,0.906,0.999,1
0.868,1,0.712,0.859,1,0.614,1,0.849,1,0.406,0.909,0.981,0.386,0.78,0.713,0.953,0.544,1,0.948,0.274,0.858,0.706,1,0.772,0.991,0.993,0.654,0.269,0.221,0.935,1,0.552,0.744,0.206,0.792,0.324,0.998,0.08,0.33,0.364,0.998,0.647,0.881,0.552,0.593,0.336,1,0.569,0.75,0.901,0.739,0.733,1,0.001,0.348,0.837,0.645,0.722,0.495,0.331,0.629,0.415,0.993,1,0.723,0.363,0.993,0.371,0.999,0.434,0.656,0.767,0.482,0.471,0.978,0.81,0.539,0.99,0.904,1,0.351,0.584,0.902,0.986,0.32,0.869,0.937,0.606,0.675,0.086,0.377,0.098,0.893,0.738,0.49,1,0.389,0.814,0.604,0.432,0.791,0.746,0.612,1,0.677,0.932,0.564,0.759,1,1,0.71,1,0.845,0.632,0.994,0.552,0.872,0.8,0.679,0.93,0.522,0.908,0.577,0.537,1,0.419,0.565,0.558,0.687,0.925,1,0.369,0.339,0.335,0.631,0.993,0.979,0.842,0.511,0.916,0.391,0.523,1,0.51,0.536,0.999,0.712,1,0.68,0.741,0.761,0.86,0.968,0.454,0.622,0.814,0.511,0.913,0.627,0.281,0.533,1,0.957,0.897,0.688,0.915,0.508,0.449,0.997,0.733,0.944,0.458,0.388,0.365,0.997,0.663,0.842,0.235,0.989,0.74,0.288,0.998,0.491,0.915,1,0.847,0.656,0.976,0.108,0.797,1,0.996,0.621,0.766,0.486,0.282,0.522,0.418,0.771,0.464,0.299,0.563,0.972,0.34,0.989,0.727,0.835,0.591,0.96,0.914,0.321,0.652,0.802,0.759,0.989,0.984,1,0.551,0.12,0.485,1,1,0.634,0.993,0.234,0.671,0.437,0.682,0.666,0.397,0.432,0.15,0.518,0.58,0.681,0.843,0.837,0.663,1,0.507,0.602,0.788,0.45,0.994,0.568,0.9,0.944,0.731,0.997,0.997,0.342,0.769,0.863,0.942,0.601,0.28,0.761,0.541,0.942,1,0.43,0.997,0.518,0.583,0.63,0.614,0.082,0.957,0.936,0.992,0.992,0.64,0.405,0.866,0.518,0.831,0.336,0.801,0.566
0.381,0.929,1,0.603,0.208,0.495,0.222,0.908,1,0.887,0.915,0.433,0.526,0.838,0.59,0.948,0.459,0.179,0.556,0.792,0.494,0.551,0.753,0.559,0.493,1,0.332,1,0.989,0.993,0.475,0.978,0.971,0.544,1,0.663,0.318,1,0.521,0.965,1,0.956,0.609,0.467,0.991,0.645,1,1,0.63,0.281,0.484,0.554,0.8,0.065,0.424,0.894,1,0.64,0.939,1,0.621,0.747,0.997,0.089,0.678,0.806,0.466,0.988,0.725,0.432,0.998,0.857,0.553,0.993,1,0.996,0.989,0.64,0.542,0.877,0.984,0.856,0.433,0.393,0.503,0.5,0.998,0.342,0.294,0.651,0.999,0.933,0.962,0.766,0.76,0.934,0.753,0.342,1,0.39,0.122,0.88,0.66,0.957,0.554,1,0.998,0.429,0.998,0.169,0.646,0.994,0.997,0.882,0.989,0.527,0.75,1,0.999,0.781,0.399,0.7,1,0.431,0.866,0.748,0.598,0.62,0.457,1,0.893,0.406,0.961,1,0.767,0.13,0.289,0.776,1,0.996,0.997,0.841,0.942,0.55,0.678,0.652,0.437,0.432,0.578,1,0.895,0.958,0.538,0.931,0.945,1,0.962,0.448,0.518,0.303,0.573,0.544,0.744,0.139,0.738,0.938,0.715,0.608,0.746,0.46,0.665,0.868,0.565,0.996,0.851,0.501,0.346,1,1,0.814,0.676,0.862,0.667,0.144,0.033,0.96,0.91,0.594,1,0.75,0.755,0.557,0.903,0.56,0.241,0.255,0.746,0.966,0.503,0.476,1,0.5,0.462,0.995,0.775,0.833,0.655,0.562,0.259,0.707,0.977,0.88,0.636,0.789,1,0.686,0.46,0.982,0.878,0.534,1,0.857,0.582,0.984,0.781,0.927,0.191,0.746,0.876,0.52,0.186,0.965,0.913,0.997,0.895,0.794,0.266,0.898,0.398,0.684,0.484,1,0.582,1,0.982,0.872,0.868,0.908,0.79,1,0.638,0.826,0.504,0.447,0.712,1,0.351,0.474,0.861,0.999,0.542,0.931,0.903,0.428,1,0.998,0.664,0.881,0.676,0.652,0.895,0.889,0.621,0.522,0.662,0.757,0.94,0.416,0.27
0.839,0.986,0.509,0.906,0.927,0.986,0.426,0.574,1,0.956,0.999,0.644,0.58,0.663,0.55,0.89,0.658,0.723,0.842,0.615,0.97,0.582,0.861,0.293,0.644,1,0.457,0.693,0.908,0.362,0.668,0.999,0.363,0.613,0.693,0.935,0.311,0.97,0.861,0.657,0.986,0.323,0.364,0.517,0.365,0.541,0.45,0.751,0.649,0.716,0.576,0.508,1,1,0.628,1,0.996,0.54,1,0.735,0.75,0.396,1,0.998,0.318,0.422,0.95,0.634,0.591,0.738,0.48,0.781,0.605,0.576,0.966,0.634,0.987,0.399,0.997,0.819,0.244,0.532,0.862,0.968,0.384,0.475,0.282,0.537,0.891,0.925,0.215,0.96,0.3,0.642,0.702,0.279,0.588,0.36,0.3,0.73,0.985,0.499,0.717,0.993,0.758,0.731,0.244,0.827,0.953,1,0.654,1,0.132,0.625,0.99,0.77,0.946,0.404,0.671,0.644,0.932,0.49,0.033,0.584,0.421,0.996,0.464,0.587,0.628,0.972,1,0.698,0.274,0.997,0.646,0.343,0.45,0.699,0.856,0.952,0.577,0.272,0.663,0.683,0.725,0.774,0.397,0.821,1,0.361,0.353,0.4,0.987,0.317,0.942,0.999,0.972,0.984,0.833,0.833,0.567,0.804,0.994,0.498,0.999,0.96,0.53,0.959,0.991,0.899,0.525,0.457,0.826,0.689,0.765,0.739,0.681,0.34,0.726,1,0.532,0.519,0.789,0.996,0.625,0.951,0.527,0.989,0.692,0.907,0.581,0.687,1,0.875,0.872,1,0.461,1,0.909,0.85,0.451,0.682,0.813,1,0.991,0.967,0.444,0.958,0.951,0.435,0.281,0.984,0.916,0.825,0.722,0.643,0.371,0.835,0.451,0.728,0.924,0.663,0.753,0.999,0.958,0.593,1,0.65,0.938,1,0.804,1,0.928,0.439,0.883,0.565,1,0.974,0.77,0.831,0.55,0.988,0.556,0.741,0.995,0.989,1,0.356,0.892,0.982,0.504,0.516,0.577,0.767,0.843,0.185,0.438,0.557,0.983,0.403,0.702,0.992,0.967,0.611,1,0.469,0.682,0.845,1,0.9,0.945,0.597,0.764,0.65,0.788,0.331,0.793,1,0.875
0.624,0.992,0.966,0.131,0.998,0.47,0.606,0.702,0.657,0.345,0.998,0.564,0.175,1,0.675,0.486,0.985,0.416,0.986,0.998,0.815,0.673,0.237,0.71,0.533,1,0.314,0.979,0.584,0.692,0.961,0.54,0.577,0.773,0.514,0.616,0.476,0.88,0.368,0.98,0.858,0.546,0.809,0.871,0.316,0.996,0.072,0.759,0.902,0.359,0.997,0.91,0.575,0.988,0.893,0.926,0.903,0.348,0.247,0.914,0.831,0.959,1,0.2,0.977,0.817,0.43,0.613,0.726,0.676,0.555,0.914,0.66,0.941,1,0.278,1,0.86,0.83,0.979,0.926,0.968,0.481,0.999,0.906,0.686,0.674,0.705,0.505,0.474,0.971,0.988,0.387,0.669,0.703,0.599,0.981,1,0.77,0.599,0.827,0.346,0.472,0.207,0.529,0.98,0.961,0.952,0.427,0.547,0.716,0.138,0.71,0.357,1,0.853,0.671,0.982,0.699,0.591,0.608,0.067,0.999,0.5,0.309,0.896,0.579,0.904,0.623,0.979,0.929,0.34,0.736,0.694,1,0.526,0.587,0.96,0.206,0.962,1,0.348,0.264,0.518,0.717,1,0.846,0.726,0.451,0.641,1,0.96,0.481,0.481,0.903,0.732,1,1,0.916,1,0.424,1,1,0.997,0.983,1,0.433,0.673,0.223,0.25,0.976,0.497,0.958,0.986,0.745,0.42,0.622,0.663,0.715,0.297,0.402,0.993,0.589,0.783,0.895,0.633,1,0.791,0.82,0.851,0.672,0.64,0.991,0.664,0.999,0.557,0.86,0.676,0.056,0.883,0.26,0.697,0.635,0.636,0.356,0.919,0.354,0.677,0.047,0.887,0.99,0.116,0.565,0.865,0.916,0.657,0.313,0.254,1,0.728,0.995,0.173,0.93,1,0.789,0.431,0.945,0.624,0.966,0.393,1,1,0.991,0.963,0.728,0.947,0.982,0.677,0.994,0.725,0.968,0.913,0.674,0.365,0.326,0.449,0.356,0.999,0.163,1,0.359,0.344,0.529,0.958,0.999,0.745,0.834,0.609,0.741,0.133,0.588,1,0.212,0.835,0.618,0.412,0.934,0.984,0.641,0.595,0.995,0.247,1,0.868,0.509,0.985,1,0.386,0.957
0.321,0.968,0.54,1,1,0.427,0.902,0.992,0.999,0.997,0.976,0.625,0.743,0.849,0.991,0.563,0.569,0.546,0.954,0.939,0.797,0.527,0.816,0.994,0.56,1,0.342,0.383,0.937,0.736,0.886,0.835,0.602,1,0.527,0.863,1,0.466,0.164,0.925,1,0.526,0.644,0.546,0.767,0.538,0.888,0.95,0.628,0.331,0.362,0.739,0.991,0.998,0.505,0.836,0.933,0.571,0.987,0.976,0.95,0.298,0.723,0.837,0.557,0.749,1,0.319,0.724,0.508,0.498,0.921,0.874,0.998,1,0.971,0.931,1,0.722,0.661,0.824,0.785,0.409,1,1,0.963,0.812,0.613,1,0.489,0.595,0.946,1,0.473,0.939,0.647,0.424,0.394,0.1,0.619,0.744,0.7,0.599,0.869,0.817,0.277,0.261,0.988,0.919,1,0.998,0.865,0.5,0.751,0.019,0.565,0.715,0.947,0.84,0.621,0.468,0.888,0.706,0.879,1,0.884,0.62,0.518,0.4,0.626,0.059,0.698,0.995,0.927,0.982,0.998,0.719,0.756,0.767,0.923,0.711,0.869,0.625,0.383,0.978,0.8,0.466,0.358,0.663,0.841,0.868,0.702,0.971,0.567,0.444,0.203,0.706,0.138,0.72,0.969,0.895,0.355,1,0.219,0.567,0.404,0.454,0.914,1,0.369,0.675,0.475,0.719,0.552,0.975,0.519,0.593,0.451,0.894,0.925,0.396,0.873,0.852,1,0.94,0.676,0.31,0.912,0.844,0.735,0.259,0.834,0.993,0.442,0.667,0.996,0.94,0.803,0.999,0.387,0.942,0.736,0.631,0.823,0.993,0.563,0.64,0.414,1,0.836,0.571,0.987,0.945,0.463,1,1,0.849,0.793,0.591,0.53,0.353,0.996,0.798,0.959,0.555,0.908,0.661,0.763,0.389,0.923,0.974,0.522,0.999,0.944,0.604,0.549,0.291,0.494,0.656,0.475,0.59,0.96,0.909,0.03,0.389,0.753,0.998,0.769,0.381,1,0.7,0.819,0.545,0.743,0.775,0.928,0.997,0.514,0.738,1,0.729,0.457,0.985,0.407,0.838,0.589,0.312,0.531,0.269,0.793,0.999,0.519,0.987,0.997,1,0.689,0.759,0.584,0.998
0.988,0.967,0.517,0.96,0.566,0.69,0.958,1,1,0.161,0.989,0.621,0.999,1,0.63,0.394,0.386,0.589,0.322,0.938,0.388,0.971,1,0.326,0.872,0,0.947,0.453,0.713,0.385,0.902,0.96,1,0.906,0.522,0.971,0.271,0.956,0.975,0.994,0.724,0.381,0.923,0.603,0.834,0.499,1,1,0.679,0.348,0.982,0.484,0.255,0.98,0.991,1,0.161,0.612,0.458,0.729,1,0.558,0.481,0.992,0.837,0.992,0.999,0.629,0.778,0.4,0.724,0.705,0.332,0.577,0.286,0.424,0.635,0.758,0.77,0.963,0.747,0.788,0.458,0.995,0.546,0.668,0.425,0.932,0.694,1,0.881,0.95,0.58,0.934,0.416,0.577,0.568,0.386,0.999,0.909,0.272,0.486,0.412,0.481,0.27,0.902,0.815,0.772,0.483,0.84,0.711,0.995,0.578,1,0.99,0.547,0.722,0.779,0.385,0.443,1,0.216,0.916,0.433,0.38,0.921,0.699,0.529,0.634,0.22,1,0.577,0.999,0.07,0.987,1,0.817,0.903,0.995,0.937,0.832,0.968,0.534,0.641,0.746,0.93,0.348,0.696,0.699,0.639,0.513,0.889,0.998,0.294,0.772,0.83,1,0.252,0.819,0.924,0.929,0.991,1,0.21,0.424,0.577,0.576,0.141,0.7,0.319,0.905,0.54,0.793,0.595,0.547,0.471,0.516,0.668,0.868,0.303,0.527,1,0.506,0.282,1,1,0.65,0.999,0.935,0.786,1,0.715,0.757,0.606,1,1,0.793,0.773,0.888,0.598,0.401,0.922,0.786,0.967,1,0.554,0.996,0.468,0.394,0.502,0.856,0.011,0.37,0.598,1,1,0.867,0.375,0.849,0.662,0.189,0.814,0.822,0.681,0.86,1,1,0.981,0.919,0.703,0.85,0.876,0.937,0.887,0.649,0.587,1,0.91,0.704,0.757,0.678,0.989,0.721,1,0.807,0.873,0.972,0.639,0.288,0.909,0.516,1,0.747,0.767,0.744,0.869,0.737,0.52,0.617,0.089,0.586,0.925,0.169,0.8,0.409,0.909,0.949,1,0.846,0.999,0.809,0.512,0.957,0.874,0.087,0.647,0.696,0.726,0.653
