0.157,0.995,0.957,0.466,0.055,0.364,0.739,0.999,0.537,0.163,0.441,0.036,0.964,0.934,0.043,0.363,0.888,0.009,0.4,0.002,0.126,1,0.272,0.997,0.651,0.936,0.214,0.998,0.009,0.996,0.027,0.959,0.009,0.004,0.303,0.978,0.359,0.046,0.854,0.978,0.943,0.949,0.015,0.447,0.994,0.975,0.359,0.998,0.707,0.304,0.067,0.342,1,0.996,0.999,0.521,0.996,0.001,0.964,0.007,0.003,0.986,0.998,0.012,0.916,0.976,0.43,0.138,0.988,0.235,0.966,0.399,0.626,0.995,0.991,0.997,0.726,0.854,0.996,0.771,0.716,1,0.022,0.94,0.742,0.992,0.01,0.02,0.998,0.329,0.792,0.998,0.121,0.838,0.06,0.033,0.905,0.092,0.993,0,0,0.887,0.007,0.989,0.027,0.452,0.048,0.996,0,0.636,0.993,0.918,0.974,0.954,0.995,0.569,0.094,0.01,0.094,0.313,0.999,1,1,0.904,0.995,1,0.924,1,0.732,0.843,0.878,0,0.766,0.659,0.473,0.995,0.093,0.994,0.796,0.583,0.585,0.014,0.017,0.769,0,0.175,0.38,0.196,1,0.999,0.966,0.003,0.821,0.012,0.019,0.051,0.97,0.021,0.905,0.256,0.98,0.998,0.984,1,0.016,0.156,0.021,0.987,0.828,0.77,0.036,0.605,0.948,0.427,0.801,0.523,0.395,0.88,0.394,0.999,0.006,0.753,0.98,0.924,0.145,0.785,0.006,1,0.924,0.974,0.585,0.007,0.616,0.52,0.974,0.028,0.053,0.999,0.014,1,0.793,0.574,0.996,0.671,0.224,0,0.06,0.84,0.997,0.017,0.238,0.998,0.942,0.991,0.977,0.063,0.004,0.027,0.538,1,1,0.998,0.563,0.609,0.761,0.078,0.751,0.942,0,0.05,0.323,0.963,0.996,0.008,0.431,0.486,0.875,0.192,0.973,0.975,0.589,1,0.305,0.351,0.758,0.699,0.423,0.146,0.001,0.996,0.184,0.743,0.206,0.06,0.335,0.004,0.868,0.585,0.058,1,0.936,0,0.659,0.997,0.673,0.995,0.694,1,0.972,0.431,0.937,0.705,0.977,1,0.539,0.713,0.003,1,0.982
1,0.008,0,0.756,1,0.954,0.194,0.202,0.539,1,0.992,0.94,0.093,0.951,0.998,0.947,0.891,0.993,0.566,0.969,0.757,0.065,0.907,0.013,0.323,0.005,0.998,0.992,0.993,0.007,0.89,0.908,0.806,0.022,1,0.002,0.273,0.068,0.296,0.978,0.107,0.119,0.998,0.988,0.99,0.835,0.251,0.997,0.426,0.951,0.6,0.998,0.999,0.844,0.544,0.669,0.067,0.636,0.834,0.993,0.966,0.958,0.998,0.995,0.177,0.969,0.968,0.681,0.931,0.289,0.306,0.823,0.977,0.338,0.998,0.983,0.683,0.392,0.993,0.993,0.078,0.744,0.899,0.009,0.34,0.005,0.994,0.066,0.458,0.992,1,0.995,0.232,0.906,0.045,0.159,0,0.995,0.993,0,0.893,0.965,0.996,0.278,0.978,0.996,0.094,0.993,0.04,0.05,0.994,0.041,0.968,0,0.011,0.497,1,0.665,0.21,0.114,1,0.981,0.868,0,0.01,0.998,0.692,0.999,0.999,0.673,0.979,0.06,0.003,0.448,0.9,0.325,0.114,0.995,0.935,0.979,0.892,0.008,0.99,0.891,0.021,0.74,0.907,0.318,0.337,0.974,0.003,0.35,0.78,0.996,0.896,0.999,0.975,0.016,0.906,0.868,0.004,0.995,0.35,0.8,0.01,0.903,0.004,0.108,0.928,0.934,0.975,0.709,0.904,0.008,0.772,0.993,0.371,0.066,0.084,0.997,0.008,0.741,0.811,0.934,0.869,0.937,0.988,0.904,0.951,0.737,0.708,0.993,0.782,0.047,0.911,0.97,0.319,0.124,0.996,1,0.031,0.487,0.005,0.996,1,0.824,1,0.002,0.016,0.996,0.999,0.099,0.011,0.994,0.987,0.072,0.943,0.992,0.785,0.41,1,0.996,0.609,0.995,0.778,0.914,0.744,0.017,0.948,0.013,0.022,0.781,0.025,0.823,0.501,0.665,0.859,0.176,0.965,0,0.558,1,0.143,0.972,0.856,0.765,0.621,0.125,0.94,0.999,0.074,0.915,1,0.054,0.565,0.051,0.814,0.827,1,0.179,0.571,0.001,0.838,0.995,0.638,0.726,0.992,0.163,0.978,0.698,0.633,0.718,0.001,1,0.977,0.086,0.023,0.091,0.159
0.978,0.996,0.947,0.202,0.356,0.679,0.261,0.035,0.653,0.157,0.988,0.874,0.884,0.008,0.925,0.932,0.882,0.996,0.99,0,0.834,1,0.958,0.007,0.864,0.936,1,0.011,0.013,0.009,0.003,0.168,0.994,0.987,0.966,0.907,0.945,0.311,0.946,0.59,0.992,0.967,0.015,0.649,0.014,0.893,0.017,0.447,0.342,0.996,0.08,0.855,0.061,0.998,0.426,0.604,0.952,0,0.807,0.002,0.005,0.021,0.022,0.979,0.029,0.98,0.967,0.156,1,0.882,0.999,1,0.022,0.006,0.019,0.329,0.426,0.975,0.993,1,0.002,0.853,0.017,0.95,0.505,0.994,0.992,0.991,0.019,0.075,0.891,0.979,0.985,0.398,0.994,0.989,0.892,0.018,0.958,0.92,0.001,0.98,0.999,0.01,0.299,0.995,1,0.618,0.863,0.054,0.011,0.998,0.966,0.95,0.998,0.399,0.236,0.998,0.095,0.68,0.216,1,0.555,0.152,0.913,0.553,0.046,0.817,0.997,0.7,0.026,0.897,0.839,0.498,0.857,0.17,0.966,0.585,0.916,0.911,0.499,0.924,0.764,0.255,0.978,0.937,0.116,0.619,1,0.402,0.284,0.971,0.492,0.993,0.137,0.075,0.97,0.199,0.357,0.947,0.018,0.996,0.979,0.962,0.585,0.771,0.246,0.052,0.197,0.013,0.887,0.993,0.944,0.016,1,0.547,0.639,0.182,0.076,0.996,0.5,0.686,0.007,0.922,0.462,0.926,0.677,0.996,0.034,0.687,0.942,0.994,0.167,0.929,0.967,0.963,0.241,0.123,0.888,0.097,0.121,0.691,0.355,0.973,0.163,0.001,1,0.043,0.023,0.072,0.764,0.062,0.051,0.997,0.021,1,0.948,0.997,0.976,0.393,1,0.999,0.494,0.632,0.75,0.224,0.004,0.585,0.965,0.994,0.013,0.968,0.014,0.956,0.297,0.359,0.464,0.741,0.967,0,0.512,1,0.472,0.814,0.581,0.628,0.853,0.787,0.153,0.996,0.252,0.358,0.217,0.98,0.996,0.968,0.983,0.889,0.975,1,0.697,0.973,0.899,0.903,0.631,0.63,0.008,0.998,0.971,0.708,0.999,0.495,0.001,0.054,0.705,0.765,0.914,0.085,0.001
0.043,0.994,0.011,0.919,1,0.477,0.466,1,0.743,1,0.997,0.996,0.843,0.743,0.31,0.826,0.901,0.998,0.729,0.536,0.82,1,0.134,0.301,0.999,0.044,0.998,0.008,0.006,0.022,0.003,0.623,0.091,0.007,0.869,0.962,0.747,0.917,0.915,0.979,0.972,0.995,0.015,0.78,0.994,0.931,0.666,0.82,0.611,0.013,0.747,0.249,0.044,0.999,0.799,0.53,0.39,0.001,0.908,0.99,0.994,0.946,0.998,0.554,1,0.937,0.974,0.131,0.121,0.008,0.184,0.411,0.997,0.991,0.988,0.037,0.469,0.16,0.397,0.04,0.736,0.82,0.887,0,0.61,0.01,0.073,0.933,0.835,0.006,0.309,0.057,0.99,0.122,0.106,0.525,0.904,0.014,0.005,0.833,0,0.951,0.007,0.664,0.969,0.608,0.996,0.143,0.947,0.065,0.991,0.045,0.962,0.057,0.017,0.562,1,0.01,0.242,0.032,0.739,1,0.985,0,0.99,0.061,0.649,0.907,0.793,0.054,0.05,0.505,0.921,0.406,0.046,0.808,0.096,0.883,0.945,0.71,0.589,0.006,0.996,0.383,0.97,0.381,0.13,0.472,1,0.654,0.917,0.985,0.818,0.855,0.933,0.999,0.969,0.015,0.012,0.581,0.948,0.003,0.346,0.714,0.995,0.113,0.011,0.719,0,0.977,0.973,0.048,0.004,0.087,0.337,1,0.3,0.96,1,0.483,0.989,0.559,0.971,0.923,0.081,0.884,0.36,0.633,0.835,0.887,0.926,0.993,0.438,0.173,0.449,0.994,0.653,0.085,0.996,0.1,0.151,0.605,0.009,0.598,1,0.934,1,0.125,0.947,0.011,0.787,0.052,0.026,0.998,0.042,0.072,0.585,0.056,0.18,0.629,0.451,0.997,0.531,1,0.058,0.577,0.019,0.093,0.799,0.979,0.985,0.979,0.02,0.01,0.98,0.62,0.413,1,0,0,0.374,1,0.704,0.263,0.721,0.31,0.922,0.952,0.004,0.998,0.462,0.627,0.554,0.992,0.491,0.006,0.01,0.877,0.558,0.175,0.819,0.973,0.865,1,0.932,0.701,0.949,0.428,0.002,0.762,0.076,0.626,0.978,1,0.829,0.756,0.961,0.081,0.981
0.011,0.079,0.147,0.313,0.925,0.234,0.76,0.999,0.683,0.948,0.852,0.015,0.859,0.953,0.051,0.977,0.739,0.534,0.363,0,0.022,0.07,0.978,0.006,0.799,0.001,0.251,0.006,0.263,0.01,0.894,0.462,0.995,0.009,1,0.988,0.353,0.029,0.829,0.62,0.309,1,0.998,0.99,0.008,0.856,0.017,0.946,0.479,0.996,0.858,0.188,0.055,0.112,0.403,0.52,1,0.963,0.482,0.991,0.988,0.279,0.021,0.964,0.348,0.979,0.968,0.745,1,0.909,0.148,0.961,0.246,0.948,0.012,0.012,0.452,1,0.991,0.06,0.021,0.948,0.951,0.951,0.178,0.006,0.006,0.985,0.702,0.941,1,0.998,0.201,0.122,0.989,0.007,0.868,0.996,0.998,0.186,0.957,0.975,0.995,0.248,0.992,0.988,0.054,0.012,0.698,0.076,0.003,0.999,0.899,0.955,0.018,0.609,0.999,0.998,0.973,0.941,0.616,0.163,0.964,0.904,0.992,0.071,0.832,0.594,1,0.975,0.788,0.902,0.901,0.474,0.897,0.088,0.092,0.967,0.773,0.677,0.954,0.008,0.991,0.554,0,0.865,0.138,0.948,0.039,0.024,0.001,0.006,0.378,0.984,0.98,1,0.305,0.849,0.842,0.519,0.983,0.007,0.985,0.404,0.995,0.879,0.01,0.012,0.929,0.012,0.65,0.188,0.953,0.957,0.907,1,0.629,0.088,0.115,0.853,0.862,0.49,0.039,0.93,0.998,0.923,0.017,0.95,0.941,0.702,0.046,0.016,0.804,0.059,0.976,0.005,0.055,0.075,0.017,0.571,0.994,0.442,0.023,0.494,0.971,0.843,1,0.782,0.015,0.722,1,0.071,0.017,0.986,0.878,0.75,0.952,0.008,0.45,0.351,1,0.267,0.991,0.986,0.002,0.478,0,0.483,0.97,0.987,0.032,0.711,0.009,0.91,0.256,0.515,0.466,1,0.971,0.959,0.695,0.89,0.199,0.202,0.702,0.701,0.492,1,0.953,0.999,0.09,0.999,0.233,0.996,0.849,0.016,0.977,1,0.076,0.999,0.359,0.966,0.892,0.998,0.75,0.772,0.99,1,0.024,0.917,0.879,0.624,0.965,0.338,0.702,0.501,0.177,0.082,0.004
0.992,0.995,0.946,0.905,0.062,0.221,0.209,0.334,0.646,0.771,0.798,0.013,0.023,0.952,0.051,0.007,0.884,0.875,0.358,0.734,0.796,0.994,0.038,0.013,1,0,0.931,0.997,0.997,0.015,0.884,0.594,0.998,0.99,0.997,0.966,0.819,0.945,0.132,0.977,0.999,0.101,0.997,0.372,0.996,0.997,0.706,0.999,0.623,0.022,0.846,1,0.083,0.997,0.54,0.561,0.723,0.964,0.044,0.99,0.006,0.998,0.998,0.04,0.663,0.981,0.97,0.888,0.727,0.913,0.046,0.972,0.988,0.995,0.99,0.996,0.877,1,0.016,1,0.846,0.991,0.96,0.389,0.863,0.003,0.996,0.847,0.978,0.995,0.999,0.992,0.017,0.4,1,0.023,0.104,0.996,0.009,0.888,0.003,0.976,0.01,0.996,0.991,0.006,1,0.011,0.92,0.801,0.995,1,0.462,0,0.998,0.447,1,0.995,0.108,0.027,1,1,0.834,0.001,0.996,1,0.039,0.174,0.922,0.971,0.016,0,0.54,0.385,0.888,0.635,0.083,0.991,0.935,0.657,0.641,0.987,0.012,0.989,0.968,0.009,1,0.9,0.075,0.015,0.982,0.93,0.005,0.997,0.96,1,0,0.014,0.91,0.251,0.99,0.996,0.991,0.512,0.99,1,0.004,0.071,0.008,0.037,0.884,0.809,0.955,0.487,0.867,0.457,0.33,0.998,0.995,0.89,0.003,0.444,0.16,0.93,0.02,0.738,0.941,0.422,0.161,0.708,0.954,0.994,0.718,0.33,0.119,0.996,0.146,0.845,0.994,0.8,0.082,0.419,0.994,0.334,0.989,0.001,0.999,0.149,0.994,0.914,0.926,0.999,0.996,0.31,0.958,0.996,0.002,0.997,0.154,0.387,0.884,0.997,0.978,0.454,0.781,0.915,0.49,0.535,0.001,0.994,0.165,0.968,0.994,0.745,0.433,0.481,0.916,0.721,0,0.846,0.82,0.719,0.188,0.151,0.756,0.674,0.858,0.989,0.297,0.997,0.942,0.962,0.955,0.998,0.687,0.006,0.058,0.57,0.124,1,0.357,0.967,0.881,0.149,0.801,0.581,0.944,0.981,0.014,0.553,0.995,0.177,0,0.999,0.353,0.224,0.9,0.999,0.962
0.998,0.875,0,0.984,0.908,0.76,0.476,1,0.659,0.935,0.992,0.988,0.896,0.944,0.051,0.431,0,0.996,0.976,0.787,0.763,1,0.092,0.035,0.639,0.066,1,0.989,0.009,0.008,0.626,0.17,0.01,0.012,1,0.005,0.586,0.118,0.362,0.974,0.999,0.95,0.997,0.903,0.997,0.999,0.67,0.015,0.746,0.006,0.98,0.986,1,0.994,0.48,0.602,0.994,0.127,0.906,0.006,0.95,0.034,0.999,0.996,0.301,0.978,0.976,0.149,0.977,0.891,0.049,0.742,0.992,0.994,0.994,0.997,0.628,0.128,0.101,0.583,0.007,0.98,0.098,0.182,0.152,0.003,0.015,0.89,0.987,0.233,0.989,0.013,0.938,0.099,0.04,0.737,0,0.995,0.908,0,0.027,0.962,0.994,0.996,0.997,0.035,1,0.995,0.929,0.061,0.005,1,0.971,0.002,0.998,0.397,0.102,0.999,0.088,0.045,0.99,1,0.59,0.832,0.012,0.966,0.866,0.173,0.898,0.975,0.147,0.808,0.856,0.466,0.081,0.24,1,0.966,0.944,0.847,0.61,0.012,0.997,0.634,0.971,0.789,0.165,0.466,1,0.995,0.981,0.915,0.364,0.015,0.944,1,0.024,0.112,0.908,0.354,0.996,0.006,0.446,0.991,0.995,0.174,0.992,0.994,0.934,0.01,0.962,0.76,0.949,0.41,0.798,0.333,0.304,0.999,0.086,0.995,0.01,0.939,0.884,0.932,0.026,0.295,0.99,0.514,0.962,0.6,0.847,0.99,0.864,0.176,0.888,0.992,0.132,1,0.457,0.198,0.013,0.525,0.902,0.267,0.544,0.942,1,0.084,0.576,0.015,0.592,0.847,0.98,0.987,0.116,0.999,0.009,0.994,0.966,0.389,0.998,0.973,0.344,0.915,0.779,0.741,0.737,0.046,0.857,0.062,0.019,0.985,0.997,0.01,0.963,0.783,0.757,1,0.967,0.975,0.577,0.383,0.343,0.535,0.747,0.388,0.657,0.139,0.959,0.942,0.805,0.128,0.982,0.293,0.636,0.987,0.046,0.997,0.27,0.517,0.38,0.967,0.139,0.548,0.587,0.899,0.044,1,0.588,0.387,0.143,0.189,0.002,0.06,0.665,0.596,0.934,0.999,0.98
0.937,0.986,0.003,0.918,0.09,0.425,0.178,0.998,0.628,0.641,0.997,0.975,0.786,0,0.943,0.026,0.083,0.994,0.905,0.021,0.847,0.078,0.963,0.005,0.852,0.925,1,0.092,0.011,0.01,0.88,0.538,0.995,0.115,0.698,0.079,0.444,0.066,0.864,0.955,0.046,1,0.016,0.724,0.036,0.155,0.61,0.999,0.374,0.946,0.081,0.047,1,0.266,0.822,0.488,0.246,0.232,0.688,0.208,0.007,0.04,0.023,0.02,0.033,0.001,0.127,0.141,0.176,0.144,0.045,0.367,0.997,0.993,0.006,0.018,0.502,0.345,0.999,0.386,0.155,0.926,0.024,0,0.979,0.001,0.839,0.986,0.014,0.99,0.997,0.998,0.007,0.803,0.037,0.992,0,0.997,0.991,0.917,0.123,0.028,0.02,0.01,0.095,0.012,1,0.014,0.001,0.051,0.992,0.483,0.812,0.153,0.997,0.439,0.98,0.2,1,0.054,0.458,0.089,0.379,0,0.917,0.943,0.591,0.96,0.733,0.962,0.999,0.819,0.88,0.507,0.629,0.237,0.145,0.707,0.936,0.768,0.667,0.202,0.014,0.661,0.981,0.008,0.943,0.851,0.13,0.996,0.971,0.99,0.93,0.881,0.084,1,0.002,0.995,0.904,0.289,0.017,0.994,0.002,0.326,0.806,0.972,0.985,0.089,0.028,0.091,0.69,0.06,0.459,0.906,0.919,0.362,0.49,0.82,0.984,0.035,0.987,0.671,0.734,0.227,0.014,0.352,0.99,0.614,0.854,0.669,0.911,0.885,0.588,0.738,0.191,0.848,0.176,0.925,0.977,0.555,0.015,0.794,0.874,0.383,1,0.965,0.216,0.085,0.012,0.018,0.989,0.203,0.009,0.484,0.467,0.951,0.935,0.984,0.236,0.591,1,0.994,0.909,0.95,0.011,0.368,0.742,0.222,0.959,0.016,0.996,0.971,0.828,0.01,0.933,0.712,0.525,0.997,0.969,0.969,0.325,0.563,0.368,0.658,0.6,0.816,0.764,0.114,0.941,0.996,0.925,0.729,1,0.999,0.491,0.988,0.233,0.618,0.956,0.313,0.372,0.971,0.87,0.793,0.67,0.676,0.008,1,0.968,0.332,1,0.645,0.002,1,0.775,0.051,0.941,0.092,0.108
0.994,0.024,0.959,0.581,0.84,0.671,1,1,0.62,0.225,0.991,0.029,0.385,0,0.05,0.246,0,0.998,0.961,0.118,0.075,0.077,0.866,0.965,0.722,0.94,1,0.946,0.007,0.993,0.038,0.944,0.997,0.992,0.978,0.978,0.422,0.222,0.112,0.976,1,0.999,0.95,0.446,0.996,0.969,0.686,0.999,0.5,0.993,0.071,0.022,0.059,0.011,0.803,0.512,0.997,0.976,0.232,0.994,0.911,0.027,0.019,0.051,0.994,0.001,0.949,0.166,0.311,0.921,1,0.742,0.901,0.009,0.995,0.998,0.366,0.984,0.014,0.994,0.11,0.496,0.956,0.941,0.595,0.991,0.008,0.998,0.98,0.013,0.054,0.987,0.973,0.775,1,0.006,0.881,0.997,0.997,0,0.119,0.379,0.995,0.025,0.993,0.008,0.047,0.992,0.051,1,0.009,0.913,0.013,0.945,0.836,0.428,0.127,0.978,0.095,0.996,0.987,0.999,0.587,0.342,0.997,0.999,0.657,0.608,0.944,0.007,0.712,0.068,0,0.517,0.891,0.116,0.222,0.014,0,0.84,0.676,0.009,0.924,0.768,0,0.924,0.221,0.026,1,0.251,0.98,0.005,0.458,0.846,0.533,1,0.001,1,0.852,0.224,0.996,0.991,0.984,0.486,0.019,0.879,0.993,0.873,0.189,0.951,0.732,0.314,0.955,0.978,0.332,0.853,0.081,0.97,0.247,0.347,0.004,0.488,0.258,0.001,0.029,0.286,0.989,0.795,0.9,0.599,0.937,0.655,0.208,0.993,0.975,0.061,0.027,0.959,0.731,0.167,0.369,0.598,0.006,0.717,0.301,0.173,0.998,0.195,0.012,0.979,0.494,0.971,0.994,0.016,0.096,0.34,0.359,0.989,0.954,0.249,1,0.999,1,0.936,0.76,0.709,0,0.169,0.002,0.968,0.012,0.986,0.994,0.997,0.567,0.575,0.92,1,0,0.065,0.675,1,0.351,0.999,0.889,0.435,0.17,0.968,0.964,0.013,0.072,0.77,0.236,0.77,0.645,0.005,0.218,0.925,0.958,1,0.446,0,0.137,0.102,0.818,0.691,0.912,1,0.633,0.996,0.45,0.929,0.973,0.766,0.771,0.459,0.849,0.089,0.215
0.014,0.993,0.427,0.186,1,0.373,0.415,0.026,0.772,0.927,0.998,0.991,0.977,0.952,0.053,0.314,0.893,0.985,1,0.962,0.349,1,0.773,0.007,0.927,0,0.389,0.006,0.012,0.046,0.506,0.483,0.005,0.997,0.991,0.009,0.997,0.988,0.143,0.976,0.991,0.965,0.471,0.392,0.997,0.962,0.69,0.999,0.632,0.01,0.121,1,1,1,0.258,0.496,0.448,0.008,0.765,0.411,0.984,0.992,0.319,0.994,0.997,0.977,0.321,0.138,0.991,0.088,0.027,1,0.8,0.992,0.287,0.06,0.565,0.691,0.735,0.093,0.007,0.608,0.632,0,0.382,0.003,0.99,0.02,0.121,0.988,0.465,0.008,0.69,0.761,0.084,0.003,0.894,0.998,0.015,0.048,0.958,0.194,0.006,0.785,0.01,0.263,0.036,0.618,0,1,0.991,0.56,0.99,0.011,0.61,0.767,0.104,0.997,1,0.254,1,0.092,0.586,0.913,0.995,0.972,0.781,0.752,0.953,0.097,0.997,0,0.14,0.446,0.077,0.745,0.998,0.969,0.266,0.847,0.471,0.011,0.005,0.305,0,0.221,0.125,0.788,0.999,0.107,0.974,0.981,0.901,0.993,0.002,0.052,0.1,0.931,0.906,0.374,0.995,0.008,0.987,0.915,0.991,0.18,0.994,0.017,0.001,0.009,0.973,0.073,0.782,0.965,1,0.394,0.376,0.047,0.999,0.216,0.01,0.916,0.004,0.057,1,0.35,0.112,1,0.409,0.695,0.925,0.289,0.833,0.06,0.985,0.998,0.145,0.183,0.66,0.092,0.993,0.723,0.417,0.402,0.953,0.96,0.056,0,0.012,0.998,0.977,0.207,0.026,0.996,0.023,0.841,0.82,0.025,0.021,0.47,1,0.1,0.225,0.696,0.791,0.721,0.019,0.294,0.61,0.995,0.027,0.976,0.998,0.992,0.687,0.5,0.731,0.205,0.001,0.967,0.384,1,0.66,0.254,0.789,0.642,0.501,0.861,0.228,0.998,0.776,0.095,0.242,1,0.794,0.943,0.168,0.969,0.498,1,0.783,0.964,0.753,0.985,0.992,0.762,0.787,0.974,0.834,0.255,0.996,0.162,0.938,1,0.825,0.586,0,0.092,0.894
0.995,0.995,0.909,0.931,0.498,0.244,0.781,0.024,0.568,0.14,0.629,0.124,0.936,0,0.049,0.976,0.002,0.995,0.997,0.969,0.833,0.071,0.29,0.993,0.962,0.008,1,0.992,0.014,0.029,0.051,0.826,0.14,0.007,1,0.987,0.903,0.029,0.123,0,0.983,1,0.023,0.953,0.01,0.724,0.699,0.019,0.381,0.046,0.061,0.127,1,0.996,0.403,0.848,0.018,0.964,0.04,0.991,0.974,0.723,0.997,0.99,1,0.004,0.001,0.164,0.999,0,1,0.887,0.371,0.952,0.994,0.996,0.841,0.998,0.017,0.996,0.958,0.911,0.946,0.954,0.813,0.007,0.977,0.99,0.831,0.01,0.997,0.995,0.46,0.882,0.998,0.994,0.905,0.996,0.997,0.945,0.978,0.97,0.014,0.121,0.991,0.998,0.033,0.091,0.439,0.999,0.996,0.099,0.873,0.952,0.996,0.55,0.996,0.994,0.243,0.113,0.887,1,0.838,0.907,0.996,0.946,0.736,0.604,0.583,0.964,0.48,0.914,0,0.495,0.84,0.96,0.994,0.971,0.944,0.778,0.937,0.006,0.986,0.966,0.978,0.002,1,0.494,0.925,0.27,0.971,0.825,0.911,0.011,0.963,0.595,0.97,0.99,0.68,0.606,0.872,0.998,0.007,0.903,0.996,0.33,0.01,0.305,0.927,0.978,0.02,0.998,0,0.962,0.994,0.491,0.451,0.912,0.95,0.851,0.996,0.697,0.937,0.133,0.086,0.413,0.005,0.942,0.616,0.698,0,0.975,0.27,0.915,0.829,0.998,0.999,0.114,0.979,0.105,0.012,0.355,0.952,0.732,0.49,0.825,0.756,0.854,0.994,0.219,0.551,0.323,0.988,0.447,0.539,0.965,0.842,0.802,0.764,0.285,0.086,0.015,0.821,0.999,0.769,0.644,0.752,0.801,0.966,0.008,1,0.868,0.994,0.884,0.402,0.372,0.884,0.992,0.173,0,0.667,0.432,0.346,0.268,0.652,0.722,0.795,0.112,0.175,0.996,0.983,0.53,0.198,0.953,0.706,0.988,0.01,0.866,0.999,1,0.999,0.001,0.894,0.97,0.953,0.467,0.982,1,0.822,0.336,0.985,0.247,0.002,0.476,0.888,0.349,0.951,1,0.975
0.139,0.997,0.003,0.312,0.198,0.199,0.925,0.028,0.624,0.142,0.015,0.013,0.183,0.94,0.046,0.926,0,0.993,0.757,0.002,0.78,1,0.392,0.148,0.204,0.005,0.545,0.026,0.993,0.012,0.884,0.968,0.996,0.996,0.345,0.041,0.574,0.995,0.845,0.979,0.05,0.985,0.018,1,0.993,0.249,0.676,0.737,0.581,0.011,0.997,0.995,1,0.297,0.362,0.767,0.007,0,0.301,0.992,0.012,0.833,0.999,0.996,0.999,0.975,0.178,0.929,0.992,0.902,0.994,0.406,0.999,0.995,0.991,0.022,0.384,1,0.998,0.999,0.875,0.898,0.055,0,0.745,0.003,0.994,0.986,0.017,0.012,0.097,0.873,0.981,0.295,1,0.787,0,0.009,0.998,0.956,0.961,0.184,0.998,0.016,0.961,0.006,0.038,0.706,0.015,0.987,0.994,0.95,0.173,0.945,0.176,0.611,1,0.146,0.104,0.976,0.926,1,0.41,0,0.993,0.05,0.538,0.257,0.847,0.969,0.605,0.271,0.608,0.596,0.89,0.974,0.813,0.994,0.312,0.785,0.599,0.993,0.991,0.463,0.044,0.948,0.737,0.808,0.944,0.975,0.003,0.967,0.392,0.047,0.94,0.048,0.764,0.98,0.896,0.41,0.016,0.99,0.02,0.432,0.017,1,0.994,0.842,0.915,0.985,0.025,0.857,0.936,0.545,0.883,0.672,0.544,0.262,0.571,0.996,0.003,0.814,0.963,0.001,0.025,0.845,0.986,0.623,0.961,0.659,0.938,0.034,0.397,0.413,0.97,0.994,0.793,0.088,0.013,0.5,0.105,0.614,0.957,0.681,0.794,0.964,0.088,0.123,0.01,0.015,0.93,1,0.975,0.996,0.98,0.991,0.888,0.004,0.017,0.71,1,0.015,0.858,0.976,0.804,0.864,0,0.399,0.001,0.993,0.013,0.538,0.996,0.207,0.242,0.657,0.573,0.999,0.965,0,0.483,0.096,0.224,0.284,0.715,0.325,0.21,0.103,0,0.997,0.088,0.845,0.219,0.924,0.404,0.993,0.947,0.253,0.999,0.168,0.807,0.977,0.213,0.841,0.848,0.756,0.203,0.046,0.011,0.246,0.657,0.17,0.981,0.069,0.757,0.755,0.882,1,0.965
0.363,0.993,0.029,0.989,0.302,0.812,0.165,0.996,0.609,0.487,0.995,0.991,0.942,0.034,0.054,0.971,0.865,0.996,0.717,0.038,0.815,1,0.658,0.016,0.641,0.065,0.197,0.012,0.993,0.005,0.887,0.95,0.014,0.988,0.999,0.131,0.448,0.997,0.147,0.98,1,0.092,0.998,0.994,0.067,0.996,0.576,0.985,0.269,0.995,0.999,0.026,1,0.028,0.247,0.502,0.016,0.001,0.567,0.005,0.003,0.998,0.995,0.99,0.353,0.97,0.971,0.188,0.497,0.909,0.636,0.728,0.997,0.99,0.988,0.015,0.336,0.98,0.998,0.086,0.374,0.863,0.407,0,0.153,0.002,0.989,0.622,0.809,0.862,0.734,0.998,0.995,0.918,1,0.988,0.907,0.165,0.007,0.017,0.932,0.004,0.009,0.004,0.049,0.01,0.04,0.993,0.824,0.632,0.976,0.641,0.06,0,0.015,0.627,0.088,0.026,0.956,0.664,0.915,1,0.933,0.04,0.953,0.997,0.46,0.671,0.976,0.986,0.994,0.093,0.26,0.595,0.855,1,0.205,0.025,0.02,0.755,0.737,0.991,0.013,0.504,0.001,0.895,0.998,0.948,1,0.02,0.357,0.004,0.877,0.993,0.022,0.044,0.934,0.981,0.909,0.749,0.885,0.993,0.981,0.785,0.369,0.615,0.993,0.226,0.93,0.951,0.971,0.574,0,0.276,0.405,0.826,0.53,0.995,0.92,0.093,0.007,0.65,0.002,0.006,0.99,0.931,0.993,0.336,0.685,0.786,0.943,0.996,0.163,0.064,0.96,0.009,0.767,1,0.015,0.065,0.997,0.607,0.126,0.705,0.178,0.953,1,0.016,0.995,0.982,0.995,0.253,0.978,0.996,0.965,1,0.309,0.995,0.912,0.69,1,0.995,0.976,0.901,0,0.356,0.002,0.917,0.93,0.995,0.997,0.036,0.013,0.992,0.998,0.482,0.508,0.42,0.002,0.962,0.459,1,0.308,0.303,0.82,0.415,0.42,0.876,0.945,0.997,0.07,0.989,0.208,0.951,0.965,0.954,0.154,0.454,0.425,1,0.541,0.97,0.811,0.543,0.724,0.981,0.987,0.066,0.976,0.363,0.92,0.323,0,0.976,0.947,0.052,0.169,1,0.971
0.018,0.039,0.955,0.358,0.977,0.624,0.994,0.89,0.549,0.461,0.997,0.941,0.978,0.823,0.049,0.843,0,0.995,1,0.963,0.807,0.722,0.478,0.011,0.24,0.942,0.236,0.991,0.969,0.993,0.867,0.774,0.994,0.994,0.999,0.054,0.609,0.996,0.56,0.881,0.999,0.087,0.918,0.456,0.404,0.263,0.089,0.998,0.656,0.011,0.235,0.075,1,0.612,0.872,0.55,0.989,0,0.127,0.96,0.136,0.982,0.998,0.013,0.997,0.975,0.011,0.821,0.07,0.893,0.041,0.995,0.211,0.996,0.017,0.996,0.923,0.995,0.01,0.224,0.976,0.999,0.065,0.001,0.89,0.004,0.995,0.02,0.902,0.978,1,0.988,0.312,0.581,0.042,0.994,0.91,0.995,0.997,0,0.963,0.969,0.987,0.1,0.974,0.997,1,0.995,0.054,0.056,0.999,0.267,0.243,0.957,0.996,0.502,0.999,0.997,0.966,0.023,1,0.117,0.998,0.274,0.554,0.227,0.623,0.872,0.965,0.318,0.034,0.903,0.866,0.398,0.177,1,0.103,0.032,0.91,0.7,0.529,0.991,0.107,0.852,0.074,0.007,0.224,0.926,0.054,0.999,0.966,0.014,0.016,0.079,0.064,0.086,0.968,0.038,0.903,0.695,0.995,0.994,0.991,0.496,0.994,0.454,0.006,0.39,0.932,0.011,0.974,0.45,0.681,0.898,0.918,0.955,0.104,0.863,0.074,1,0.986,0.608,0.961,0.008,0.648,0.85,0.333,0.999,0.865,0.828,0.943,0.985,0.394,0.236,0.016,0.036,0.916,0.933,0.995,0.108,0.118,0.368,0.012,0.706,0.957,0.962,0.057,0.12,0.997,0.977,0.975,0.596,0.253,0.967,0.99,0.126,0.934,0.011,0.851,0.358,1,0.997,0.118,0.837,0.017,0.723,0,0.597,0.963,0.997,0.055,0.979,0.014,0.331,0.756,0.664,0.907,0.993,0.968,0.975,0.772,0.091,0.294,0.664,0.639,0.642,1,0.844,0.06,0.011,0.075,0.495,0.198,0.943,0.863,0.072,0.991,1,0.337,0.998,0.548,0.968,0.883,0.942,0.697,0.913,0.988,1,0.636,0.253,0.999,0.265,0.976,0.206,0.969,0.656,0.948,1,0.987
0.021,0.027,0.001,0.848,0.995,0.805,1,1,0.656,0.221,0.692,0.978,0.611,0.934,0.05,0.396,0.883,0.012,1,0,0.463,1,0.711,0.997,0.77,0.951,0.553,0.006,0.009,0.009,0.894,0.846,0.993,0.987,0.983,0.986,0.749,0.302,1,0.974,0.1,0.447,0.998,0.759,0.97,0.994,0.507,0.999,0.428,0.996,0.174,0.995,0.051,0.997,0.917,0.53,0.994,0,0.633,0.993,0.014,0.998,0.995,0.997,1,0.981,0.964,0.141,0.264,0.196,0.309,0.98,0.956,0.994,0.995,0.007,0.757,0.174,0.995,0.999,0.84,0.38,0.619,0.959,0.564,0.993,0.995,0.996,0.485,0.995,0.085,0.013,0.994,0.281,0.052,0.082,0,0.995,0.004,0.009,0.003,0.108,0.993,0.954,0.995,0.01,1,0.007,0.958,1,0.007,0.128,0.019,0.001,0.997,0.418,0.088,0.8,0.098,0.021,0.963,0.097,0.52,0.906,0.008,0.879,0.847,0.16,0.344,0.961,0.998,0.168,0.547,0.754,0.826,0.848,0.342,0.445,0.915,0.57,0.767,0.996,0.997,0.793,0.002,0.857,0.75,0.008,0.049,1,0.065,0.905,0.83,0.013,0.977,0.047,0.002,0.999,0.606,0.216,0.995,0.99,0.034,0.631,0.999,0.979,0.006,0.179,0.927,0.96,0.555,0.764,0.943,0.96,0.994,0.462,0.866,0.833,0.965,0.815,0.302,0.557,0.546,0.029,0.322,0.933,0.946,0.632,0.927,0.636,0.864,0.994,0.545,0.878,0.307,0.999,0.962,0.897,0.014,0.998,0.994,0.398,0.979,0.216,0.985,0.034,0.071,0.03,0.997,0.01,0.998,1,0.018,0.996,0.019,1,0.966,0.143,0.811,0.544,0.999,0.012,0.982,1,0.787,0.68,0.001,0.576,0.002,0.226,0.58,0,0.034,0.983,0.266,0.37,0.572,1,0.97,0.001,0.657,0.189,0.279,0.827,0.941,0.607,0.995,0.146,0.956,0.998,0.859,0.775,0.198,0.067,0.569,0.022,0.978,0.371,1,0.144,0.824,0.974,0.891,0.961,0.72,0.704,0.032,1,0.972,0.781,0.141,0.797,0.981,1,0.948,0.721,0.941,1,0.979
0.997,0.991,0.957,0.635,0.256,0.225,0.354,1,0.86,0.144,0.997,0.912,0.393,0.944,0.95,0.955,0.337,0.992,0.961,0,0.833,1,0.728,0.008,0.748,0,1,0.506,0.938,0.185,0.002,0.741,0.016,0.47,0.89,0.007,0.627,0.704,0.583,0.956,0.998,0.639,0.999,1,0.975,0.485,0.372,0.999,0.459,0.995,0.893,0.998,1,0.998,0.318,0.432,0.015,0.002,0.356,0.01,0.006,0.907,1,0.05,0.257,0.927,0.971,0.918,0.246,0.881,0.99,0.984,0.996,0.994,0.997,0.72,0.581,0.381,0.999,1,0.798,0.279,0.022,0.948,0.697,0.005,0.993,0.998,0.907,0.994,0.607,0.751,0.405,0.901,1,0.009,0.9,0.191,0.01,0.001,0.034,0.001,0.939,0.998,0.174,0.01,0.999,0.998,0,0.072,0.995,0.995,0.934,0,1,0.603,0.993,0.302,0.179,0.019,0.991,1,0.531,0.013,0.998,0.771,0.287,0.883,0.346,0.845,1,0.014,0.927,0.407,0.067,0.46,0.987,0.906,0.001,0.668,0.613,0.993,0.006,0.208,0.973,0.742,0.969,0.949,0.044,0.1,0.582,0.007,0.744,0.998,0.07,1,0.964,0.999,0.023,0.482,0.483,0.99,0.977,0.515,0.089,1,0.031,0.439,0.924,0.894,0.627,0.671,0.955,0.95,0.42,0.415,0.879,0.043,0.922,0.042,0.002,0.794,0.96,0.938,0.981,0.87,0.379,0.999,0.361,0.676,0.95,0.096,0.884,0.808,0.976,0.011,0.904,0.871,0.011,0.991,0.011,0.59,0.01,0.305,0.927,0.619,1,0.622,0.997,0.997,0.023,0.996,0.997,0.958,0.011,0.727,0.562,0.976,0.971,0.991,1,0.998,0.845,0.728,0.078,0.719,0,0.013,0.094,0.012,0.997,0.977,0.995,0.01,0.268,0.425,0.047,0.998,0.002,0.951,0.642,1,0.546,0.437,0.692,0.384,0.175,0.995,0.361,0.019,0.836,0.366,0.2,0.92,0.763,0.981,0.05,0.716,0.239,0.189,0.796,0.967,0.842,0.067,0.741,0.873,0.469,0.059,0.933,0.732,0.016,0.596,0.981,1,0.71,0.068,0.955,0.999,0.004
0.99,0.012,0.944,0.884,0.054,0.853,0.613,1,0.652,0.733,0.964,0.022,0.95,0.949,1,0.095,0.904,0.006,0.999,0.961,0.79,0.08,0.026,0.996,0.522,0,0.978,0.991,0.995,0.015,0.868,0.226,0.996,0.088,0.383,0.975,0.273,0.242,0.235,0.976,0.953,0.926,0.351,1,0.996,0.983,0.619,0.998,0.288,0.014,0.931,0.025,1,0.011,0.859,0.453,0.016,0.979,0.711,0.996,0.007,0.999,0.991,0.999,0.127,0,0.974,0.157,0.917,0.364,0.45,1,0.307,0.996,0.007,0.996,0.533,0.863,0.226,1,0.231,0.978,0.88,0.953,0.148,0.003,0.192,0.886,0.37,0.991,0.447,0.994,0.984,0.917,0.041,0.951,0.888,0.994,0.996,0.746,0.004,0.338,0.006,0.018,0.996,0.009,0.89,0.392,0,0.207,0.005,0.67,0.975,0,0.998,0.475,0.884,0.973,0.095,0.542,0.973,0.09,0.595,0.823,0.993,0.704,0.854,0.979,0.725,0.947,0.999,0.738,0.864,0.507,0.825,0.993,1,0.056,0.218,0.604,0.468,0.994,0.997,0.687,0.004,0.862,0.976,0.824,0.092,0.03,0.974,0.93,0.372,0.023,0.975,0.034,0.001,0.151,0.678,0.592,0.957,0.008,0.921,0.737,0.507,0.113,0.025,0.89,0.901,0.493,0.579,0.914,0.947,0.798,0.973,0.114,0.842,0.128,0.739,0.969,0.006,0.764,0.91,0.85,0.997,0.804,0.008,0.632,0.946,0.81,0.934,0.994,0.697,0.081,0.289,0.996,0.126,0.469,0.975,0.994,0.989,0.619,0.721,0.89,0.983,0.859,1,0.599,0.998,0.387,0.934,0.934,0.012,0.894,0.983,0.102,0.955,0.007,0.926,0.367,0.998,0.452,1,0.992,0.024,0.726,0.76,0.284,0.957,0.029,0.999,0.202,0.007,0.997,0.984,0.378,0.403,0.193,0.006,0.961,0.411,0.096,0.148,0.226,0.755,0.38,0.388,0.917,0.967,0.368,0.068,0.988,1,0.064,0.877,0.985,0.966,0.992,1,1,0.421,0.957,0.299,1,0.869,0.538,0.984,1,0.977,0.423,0.999,0.648,0.89,1,0.076,0.321,0,0.074,0.304
0.994,0.996,0.954,0.395,0.471,0.19,0.994,0.692,0.628,0.311,0.041,0.009,0.985,0.942,0.042,0.971,0.889,0.993,0.991,0.948,0.73,1,0.406,0.294,0.446,0.018,0.237,0.987,0.995,0.994,0.878,0.68,0.994,0.008,0.789,0.088,0.538,0.995,0.711,0.974,0.986,0.235,0.998,0.997,0.997,0.941,0.647,0.997,0.427,0.007,0.095,0.384,1,0.017,0.878,0.554,0.105,0.973,0.274,0.979,0.005,0.153,0.016,0.011,0.986,0.979,0.973,0.199,1,0,0.998,0.443,0.898,0.004,0.995,0.014,0.482,0.126,0.997,1,0.452,0.263,0.938,0.001,0.373,0.005,0.978,0.013,0.119,0.012,1,0.985,0.89,0.369,0.042,0.799,0,0.016,0.996,0,0.967,0.007,0.008,0.923,0.304,0.993,1,0.037,0,0.999,0.992,0.983,0.74,0.001,0.989,0.631,0.086,0.373,0.096,0.985,0.429,0.126,0.9,0.919,0.007,0.095,0.929,0.976,0.437,0.593,0.998,0.017,0.001,0.502,0.9,0.8,0.999,0.996,0,0.737,0.748,0.01,0.993,0.413,0.973,0.801,1,0.834,1,0.97,0.982,0.994,0.019,0.997,0.982,0.035,0.965,0.042,0.882,0.645,0.571,0.994,0.955,0.876,0.516,0.99,0.993,0.901,0.425,0.986,0.878,0.071,0.919,0.49,0.387,0.273,0.732,0.986,1,0.367,0.004,0.296,0.636,0.933,0.187,0.061,0.993,0.938,0.958,0.808,0,0.641,0.789,0.966,0.965,0.617,0.955,0.999,0.997,0.947,0.996,0.711,0.88,0.672,0.297,0.957,0.695,0.002,0.996,0.971,0.996,0.083,0.994,0.435,0.974,0.949,0.86,0.983,0.038,0.937,0.69,0.997,0.156,0.934,0,0.904,0,0.497,0.001,0.999,0.995,0,0.979,0.011,1,0.359,0.927,1,0.971,0.976,0.586,0.089,0.323,0.776,0.735,0.408,0.392,0.996,0.841,0.011,0.591,0.764,0.234,0.356,0.727,0.947,0.959,0.796,0.846,0.991,0.974,0.968,0.213,0.74,0.559,0.768,0.963,0.738,0.402,0.427,0.025,0.309,0.975,0.074,0.835,0.746,0.957,0.098,0.979
0.998,0.011,0.954,0.34,0.873,0.719,0.999,0.715,0.642,0.969,0.997,0.01,0.002,0.951,0.056,0.911,0.84,0.995,1,0.955,0.086,0.072,0.029,0.027,0.985,0.265,0.196,0.005,0.996,0.009,0.879,0.295,0.994,0.009,1,0.002,0.49,0.877,0.794,0.012,0.038,0.763,0.999,0.999,0.009,0.446,0.685,0.997,0.738,0.995,1,0.999,0.997,0.998,0.825,0.751,0.89,0.978,0.069,0.007,0.981,0.025,0.997,0.992,0.869,0.966,0.002,0.824,0.318,0.487,0.982,0.782,0.997,0.017,0.035,0.993,0.56,1,0.976,1,0.109,0.877,0.012,0.951,0.169,0.016,0.995,0.01,0.022,0.994,0.323,0.991,0.9,0.9,0.695,0.962,0.633,0.994,0.005,0.942,0.972,0.386,0.996,0.997,0.08,0.008,0.04,0.984,0.973,0.048,0.005,1,0.286,0.964,0.998,0.535,1,0.02,0.995,0.766,0.144,0.092,0.339,0.916,0.006,0.118,0.172,0.74,1,0.972,0.019,0.917,0.001,0.419,0.864,0.934,0.092,0.981,0.083,0.65,0.502,0.99,0.996,0.796,0.978,0.581,0.117,0.872,1,0.632,0.981,0.919,0.919,0.996,0.004,0.027,0.001,0.999,0.842,0.534,0.032,0.993,0.994,0.523,0.05,0.66,0.983,0.997,0.912,0.99,0.88,0.779,0.014,0.962,0.451,0.806,0.324,0.033,0.951,1,0.008,0.325,0.937,0.919,0.881,0.02,0.007,0.994,0.851,0.575,0.947,0.993,0.859,0.997,0.059,0.007,0.958,0.997,0.757,0.855,0.101,0.643,0.078,0.624,0.886,0.955,0.074,0.028,0.377,0.999,0.027,0.631,0.01,0.997,0.915,0.104,0.944,0.54,0.053,0.612,0.954,1,0.971,0.962,0.002,0.756,0.017,0.904,0.076,0.991,0.996,0.973,0.009,0.991,0.977,0.662,0.815,0.883,0,0.97,0.7,1,0.442,0.256,0.71,0.833,0.181,0.832,0.016,0.997,0.854,0.389,0.969,0.999,0.442,0.023,0.887,0.324,0.434,1,0.268,0.002,0.887,0.842,0.868,0.861,0.956,0.039,0.118,0.273,0.033,0.422,0.974,0.249,0.802,0.697,0.038,0.086,0.977
0.259,0.98,0,0.446,0.991,0.617,1,0.799,0.623,1,0.02,0.04,0.013,0.948,1,0.036,0.011,0.941,0.345,0.975,0.808,0.065,0.89,0.992,0.537,0.895,0.995,0.994,0.998,0.013,0.898,0.742,0.014,0.987,1,0.016,0.281,0.097,0.868,0.977,0.011,0.101,1,1,0.02,0.737,0.676,0.999,0.238,0.995,0.091,0.061,0.999,0.014,0.576,0.619,0.149,0.978,0.633,0.006,0.99,0.999,0.998,0.954,0.959,0.976,0,0.995,0.983,0.769,0.412,0.475,0.038,0.997,0.005,0.997,0.597,0.995,0.998,0.041,0.007,0.869,0.013,0,0.999,0.992,0.995,0.998,0.838,0.996,0.999,0.99,0.006,0.255,1,0.053,0.101,0.325,0.018,0.921,0.969,0.428,0.93,0.008,0.012,0.091,1,0.94,0.003,0.067,0.993,1,0.751,0.947,0.998,0.567,0.927,0.882,0.125,0.786,0.316,0.087,0.514,0.852,0.014,0.055,0.094,0.524,0.199,0.268,0.997,0.765,0.932,0.5,0.495,0.079,0.094,0.919,0.918,0.693,0.605,0.059,0.007,0.877,0.001,0.795,1,0.758,0.034,0.98,0.974,0.002,0.926,0.028,0.934,0.999,0.961,0.997,0.408,0.755,0.015,0.988,0.273,0.955,0.881,0.965,0.779,0.873,0.926,0.973,0.655,0.048,0.071,0.862,0.999,0.777,0.643,0.131,1,0.043,0.005,0.927,0.006,0.927,0.525,0.935,0.009,0.921,0.751,0.641,0,0.023,0.216,0.208,0.972,0.993,0.036,0.347,0.623,0.836,0.973,0.864,0.997,0.63,0.989,0.002,0.071,0.792,0.994,0.84,0.861,0.99,0.993,0.674,0.016,0.172,0.359,0.951,0.03,0.752,0.998,0.629,0.829,0.999,0.7,0.393,0.749,0.103,0.004,0.013,0.193,0.414,0.996,0.874,0.252,0.352,0.754,0.511,0.975,0.96,0.56,1,0.798,0.847,0.654,0.985,0.967,0.951,0.967,0.995,0.919,0.736,1,0.984,0.527,0.44,0.972,0.319,0.49,0.778,0.906,0.001,0.641,0.415,0.693,0.576,0.98,0.044,0.932,0.444,0.168,0.196,0.968,0.999,0.934,0.595,0.097,0.999,0.002
0.217,0.996,0.949,0.935,0.908,0.636,0.999,0.179,0.525,0.171,0.016,0.009,0.785,0.489,0.058,0.828,0,0.995,0.987,0.247,0.797,0.066,0.953,0.451,0.846,0.931,0.568,0.011,0.995,0.988,0.831,0.962,0.011,0.958,0.951,0.105,0.48,0.023,0.138,0.022,0.021,0.745,1,0.997,0.021,0.985,0.658,1,0.76,0.997,0.922,0.999,0.116,0.75,0.648,0.447,0.997,0.968,0.786,0.007,0.187,0.021,0.856,0.888,0.938,0.003,0.973,0.132,0.657,0.903,0.093,0.675,0.951,0.995,0.994,0.798,0.927,0.984,0.997,0.999,0.725,0.915,0.614,0.061,0.873,0.991,0.068,0.472,0.528,0.285,0.966,0.088,0.035,0.05,1,0.992,0.905,0.992,0.006,0.95,0.97,0.001,0.991,0.611,0.828,0.988,0.025,0.992,0.963,1,0.01,0.99,0.967,0.965,0.998,0.505,0.997,0.396,0.982,0.06,0.388,0.122,0.621,0.461,0.996,0.849,0.466,1,0.998,0.467,0.322,0.045,0.926,0.438,0.773,0.922,0.819,0.017,0.814,0.852,0.63,0.005,0.994,0.267,0.97,0.006,0.979,0.046,1,0.022,0.978,0.009,0.232,0.016,0.003,1,0.001,0.237,0.254,0.668,0.999,0.011,0.991,0.774,0.961,0.093,0.99,0.138,0.15,0.996,0.004,0.971,0.948,0.121,0.922,0.878,0.682,0.027,0.917,0.18,0.991,0.321,0.033,0.938,0.997,0.942,0.987,0.793,0.956,0.713,0.126,0.463,0.766,0.907,0.978,0.994,0.04,0.913,0.996,0.089,0.977,0.452,0.882,0.984,0.996,0.962,0.799,0.652,0.072,0.782,0.177,0.109,0.995,0.012,0.981,0.065,0.764,0.906,0.411,0.746,0.992,0.015,0.195,1,0.77,0.599,0.106,0.019,0.945,0.953,0.996,0.965,0.998,0.997,0.229,0.573,0.617,1,0.001,0.963,0.415,1,0.927,0.84,0.567,0.945,0.735,0.936,0.968,0.941,0.73,0.261,0.492,0.995,0.481,0.004,0.009,1,0.068,1,0.963,0,0.017,0.174,0.645,0.836,0.214,1,0.022,0.389,0.336,0.972,0.973,1,0.971,0.552,0,1,0.003
0.009,0.998,0,0.714,0.992,0.863,0.558,0.021,0.638,0.992,0.034,0.027,0.126,0.933,0.047,0.983,0.882,0.996,0.846,0.966,0.829,0.067,0.956,0.233,0.319,0.952,0.191,0.987,0.012,0.007,0.887,0.758,0.996,0.997,0.328,0.978,0.829,0.014,0.985,0.959,0.997,0.371,0.125,0.941,0.016,0.808,0.697,0.12,0.423,0.998,0.152,0.996,0.067,0.995,0.673,0.39,0.991,0.979,0.596,0.043,0.084,0.999,0.998,0.043,0.031,0.967,0.974,0.924,0.897,0.334,0.065,0.617,0.994,0.012,0.994,0.997,0.31,0.968,0.874,0.994,0.764,0.708,0.931,0.94,0.996,0.982,0.993,0.03,0.978,0.018,0.049,0.961,0.987,0.802,0.999,0.998,0.013,0.961,0.013,0.034,0.001,0.378,0.992,0.99,0.312,0.996,0.033,0.995,0.965,0.176,0.008,0.852,0.405,0.949,0.956,0.603,1,0.997,0.99,0.018,0.143,0.106,0.767,0.867,0.468,0.295,0.493,0.704,0.215,0.971,0.997,0.182,0.93,0.413,0.165,0.453,0.824,0.855,0.931,0.803,0.599,0.992,0.009,0.255,0.979,0.136,1,0.066,0.04,0.27,0.962,0.95,0.905,0.012,0.94,0.03,0.953,0.994,0.374,0.325,0.011,0.774,0.884,0.8,0.064,0.415,0.995,0.973,0.928,0.996,0.895,0.062,0.001,0.028,0.929,0.748,0.351,1,0.999,0.038,0.99,0.173,0.94,0.213,1,0.927,0.992,1,0.527,0.97,0.942,0.993,0.869,0.705,0.986,0.995,0.039,0.095,0.106,1,0.927,0.435,0.99,0.241,1,0.43,0.993,0.466,0.997,0.014,0.06,0.35,0.992,0.537,0.003,0.462,0.94,0.69,0.969,0.975,0.091,0.948,0.999,0.993,0,0.399,0.778,0.073,0,0.009,0.048,0.137,0.993,0.204,0.288,0.62,0.937,0.994,0.971,0.972,0.492,0.09,0.376,0.087,0.652,0.515,0.19,0.12,0,0.997,0.725,0.688,0.209,0.716,0.66,0.891,0.477,0.748,0.171,0.167,0.39,0.978,0.085,0.999,0.824,0.99,0.01,0.049,0.975,0.543,0.022,0.339,0.969,0.978,0.567,0.272,0.004,1,0.02
0.995,0.3,0.941,0.627,0.063,0.647,0.457,0.999,0.595,0.822,0.996,0.994,0.117,0.345,0.044,0.599,0.887,0.977,0.959,0.004,0.788,1,0.374,0.01,0.444,0.924,1,0.011,0.996,0.869,0.446,0.185,0.996,0.995,1,0.002,0.736,0.965,0.337,0.028,0.999,0.08,0.699,0.988,0.021,0.67,0.24,0.986,0.292,0.022,0.457,0.521,0.041,0.993,0.999,0.743,0.997,0.967,0.044,0.997,0.987,1,0.149,0.012,0.992,0.978,0.969,0.146,1,0.894,0.937,0.686,0.997,0.006,0.995,0.998,0.855,0.998,0.997,0.938,0.958,0.805,0.922,0.18,0.128,0.996,0.994,0.997,0.995,0.996,0.171,0.013,0.006,0.737,0.141,0.988,0,0.994,0.999,0.041,0.01,0.966,0.396,0.993,0.992,0.013,0.032,0.005,0.957,1,0.01,1,0.928,0.358,0.998,0.47,1,0.026,0.092,0.027,0.994,0.105,0.485,0.087,0.095,0.048,0.54,0.997,0.995,0,0.998,0.844,0.025,0.508,0.889,0.162,0.269,0.448,0.938,0.939,0.742,0.058,0.009,0.435,0.971,0.443,0.935,0.944,0.399,0.85,0.883,0.008,0.94,0.374,0.006,1,0.971,0.127,0.386,0.899,0.009,0.01,0.005,0.998,0.913,0.301,0.069,0.991,0.313,0.988,0.975,0.906,0.286,0.956,1,0.736,0.148,0.995,0.084,0.978,0.005,0.271,0.967,0.781,0.998,0.074,0.847,0.794,0.035,0.708,0.907,0.05,0.732,0.999,0.014,0.022,0.824,0.079,0.017,0.63,0.977,0.515,0.407,0.638,0.997,0.802,0.999,0.007,0.299,0.083,0.028,1,0.994,0.996,0.281,0.99,0.016,0.02,0.516,0.664,1,0.997,0.993,0.968,0.748,0.737,0.773,0.85,0.024,0.999,0.996,0.004,0.003,0.992,0.821,0.638,0.811,1,0,0.975,0.744,0.076,0.269,0.913,0.657,0.879,0.927,0.3,0.865,0.983,0.063,0.27,0.948,0.47,0.693,0.857,0.807,0.424,0.111,1,0.659,0.016,0.676,0.646,0.678,0.776,0.992,0.05,0.383,0.755,0.039,0.661,0.722,0.998,0.295,0.132,0.937,0.076,0.582
0.997,0.994,0.946,1,0.515,0.477,0.986,0.05,0.578,0.999,0.997,0.989,0.233,0,0.05,0.923,0.709,0.994,1,0.002,0.841,0.065,0.029,0.041,0.89,0,0.212,0.008,0.006,0.996,0.182,0.449,0.011,0.991,1,0.362,0.322,0.158,0.769,0.972,0.996,1,0.052,0.949,0.009,0.916,0.667,0.029,0.362,0.009,1,0.994,1,0.996,0.663,0.875,0.871,0.967,0.044,0.99,0.984,0.999,0.023,0.843,0.207,0.949,0.971,0.149,0.055,0.002,0.987,0.641,0.463,0.015,0.994,0.011,0.268,1,0.998,1,0.976,0.254,0.911,0.947,0.727,0.004,0.98,0.011,0.996,0.996,0.988,0.825,0.938,0.386,0.027,0.019,0.896,1,0.012,0.936,0.971,0.012,0.995,0.691,0.852,0.006,0.04,0.997,0.945,0.113,0.004,0.059,0.008,0.952,0.998,0.585,0.982,0.968,0.993,0.722,0.256,0.991,0.364,0.895,0.996,1,0.916,0.998,1,0.818,0.992,0.008,0.799,0.55,0.343,0.186,0.999,0.01,0.096,0.876,0.668,0.996,0.008,0.997,0.519,0.005,0.282,0.918,0.999,0.034,0.9,0.208,0.911,0.995,0.681,1,0.973,0.055,0.853,0.711,0.999,0.007,0.957,0.873,0.036,0.199,0.222,0.942,0.925,0.307,0.932,0.065,0.893,0.923,0.444,0.59,0.113,0.257,0.082,0.417,0.001,0.433,0.013,0,0.998,0.245,0.986,1,0.835,0.693,0.019,0.991,0.73,0.767,0.969,0.996,0.324,0.989,0.011,1,0.992,0.528,0.587,0.434,0.204,0.088,0.99,0.716,0.998,0.045,0.902,0.994,0.998,0.975,0.981,0.995,0,0.757,0.856,0.945,0.966,0.021,0.91,0.483,0.812,0.913,0.626,0.736,0.971,0.991,0.995,0.001,0.008,0.984,0.993,0.488,0.393,0.364,0.002,0.964,0.571,0.993,0.167,0.999,0.654,0.643,0.161,0.642,0.001,0.999,0.995,0.644,0.188,0.3,0.905,0.01,0.855,0.992,0.512,1,0.385,0.013,0.823,0.974,0.779,0.578,0.992,1,0.983,0.309,0.028,0.299,0.001,0.368,0.248,0.732,0.029,0.073,0.003
0.995,0.997,0.944,0.994,1,0.466,0.939,0.999,0.583,0.967,0.997,0.993,0.883,0.024,0.964,0.016,0.881,0.027,0.691,0.875,0.186,0.092,0.027,0.011,0.36,0.944,1,0.994,0.02,0.988,0,0.2,0.645,0.898,0.734,0.935,0.743,0.018,0.255,0.96,0.019,0.984,0.013,0.389,0.009,0.051,0.643,0.999,0.423,0.996,0.715,0.998,0.053,0.095,0.309,0.49,0.995,0.842,0.399,0.916,0.991,0.025,0.996,0.996,0.32,0.001,0.002,0.993,0.999,0.124,0.09,0.921,0.985,0.991,0.937,0.998,0.599,0.346,0.011,0.061,0.947,0.999,0.226,0.841,0.713,0.988,0.013,0.998,0.014,0.993,1,0.995,0.596,0.683,0.048,0.986,0.913,0.839,0.998,0,0,0.968,0.99,0.134,0.984,0.008,1,0.968,0.941,1,0.007,0.865,0.006,0.95,0.967,0.582,1,0.976,1,0.991,1,0.796,0.685,0.054,0.995,0.585,0.418,0.891,0.994,0.13,0.847,0.892,0.132,0.633,0.887,1,0.088,0.113,0.059,0.783,0.724,0.993,0.998,0.235,0,0.74,0.155,0.932,0.99,0.024,0.896,0.99,0.897,0.015,0.438,0.999,0,0.48,0.573,0.427,0.012,0.991,0.01,0.825,0.918,0.994,0.983,0.866,0.001,0.169,0.733,0.99,0.95,0.332,0.504,0.229,0.186,0.893,0.607,0.903,0.975,0.849,0.952,0.929,0.999,0.108,0.133,0.95,0.017,0.71,0.942,0.108,0.8,0.745,0.975,0.994,1,0.971,0.061,0.473,0.983,0.634,0.066,0.901,0.999,0.967,1,0.768,0.99,0.022,0.179,1,0.863,0.605,0.338,0.068,0.881,0.223,0.619,0.975,1,0.028,0.487,0.528,0.117,0.779,0,0.231,0.972,0.013,0.996,0.971,0.993,0.015,0.393,0.619,0.9,0.772,0,0.97,0.545,0.169,0.13,0.092,0.803,0.634,0.941,0.885,0.007,0.999,0.849,0.206,0.192,0.952,0.512,0.014,0.854,0.304,0.998,1,0.592,0.672,0.852,0.093,0.854,0.749,0.006,1,0.223,0.966,0.995,0.849,0.979,1,0.957,0.232,0.001,1,0.002
0.989,0.997,0.002,0.931,0.056,0.759,0.995,1,0.732,0.208,0.997,0.977,0.064,0,1,0.734,0.896,0.008,0.329,0.178,0.84,0.999,0.284,0.891,0.244,0,0.229,0.013,0.007,0.992,0.355,0.969,0.995,0.993,0.999,0.925,0.197,0.886,0.393,0.581,0.021,0.184,0.996,0.691,0.011,0.334,0.673,0.995,0.845,0.997,0.997,1,1,0.996,0.31,0.348,0.169,0.004,0.219,0.091,0.984,0.191,0.999,0.945,0.814,0.025,0.979,0.203,0.996,0,0.042,0.983,0.857,0.023,0.962,0.016,0.916,0.203,0.34,1,0.158,0.989,0.804,0.952,0.344,0.997,0.014,0.999,0.028,0.067,0.055,0.27,0.096,0.483,0.994,0.014,0.471,0.015,0.004,0.881,0.96,0.967,0.995,0.963,0.997,0.009,0.767,0.999,0.189,0.064,0.007,0.046,0.983,0.967,1,0.517,0.264,0.995,0.85,0.969,0.999,0.093,0.433,0.655,0.993,0.999,0.856,0.326,0.068,0.553,0.996,0.87,0,0.481,0.824,0.81,0.155,0.197,0,0.683,0.976,0.458,0.992,0.293,0.966,0.284,0.989,0.351,0.04,0.987,0.948,0.006,0.144,0.015,0.981,0.997,0.001,0.626,0.011,0.503,0.01,0.004,0.948,0.887,0.996,0.949,0.987,0.896,0.58,0.945,0.956,0.998,0.006,0.962,0.952,0.191,0.366,0.796,1,0.876,0.993,0.817,0,0.662,0.027,0.053,0.015,0.977,0.941,0.595,0.27,0.971,0.875,0.97,0.185,0.012,0.04,0.092,0.997,0.095,0.995,0.427,0.995,0.286,0.2,0.006,0.082,0.079,0.994,0.011,0.018,0.999,0.994,0.279,0.979,0.222,0.917,0.22,0.806,0.373,0.998,0.998,0.193,1,0.785,0.643,0,0.88,0.001,0.012,0.017,0.979,0.01,0.009,0.25,0.564,0.793,1,0.967,0.966,0.44,0.118,0.615,0.108,0.669,0.77,0.498,0.172,0.968,0.115,0.846,0.136,0.198,0.998,0.649,0.844,0.135,0.844,0.998,0.165,0.556,0.978,0.216,0.083,0.577,0.819,0.008,1,0.668,0.645,0.072,0.348,0.001,1,0.969,0.07,0,0.104,0.003
0.885,0.998,0.64,0.72,0.979,0.432,0.173,0.998,0.572,0.995,0.998,0.07,0.081,0.949,0.05,0.793,0.862,0.008,0.94,0.018,0.842,0.971,0.824,0.098,0.958,0.945,1,0.005,0.071,0.989,0.873,0.95,0.999,0.007,1,0.991,0.704,0.032,0.801,0.971,0.998,1,0.198,1,0.995,0.99,0.685,0.999,0.395,0.016,0.93,0.995,0.986,0.958,0.558,0.497,0.137,0.966,0.792,0.059,0.004,0.811,0.994,0.261,0.543,0.002,0.976,0.989,0.992,0.011,0.938,1,0.986,0.071,0.007,0.995,0.874,0.682,0.908,1,0.018,0.625,0.477,0.501,0.679,0.995,0.007,0.053,0.016,0.084,0.753,0.654,0.99,0.841,0.034,0.01,0.901,0.997,0.995,0.874,0.97,0.002,0.008,0.463,0.01,0.989,1,0.083,0.003,0.959,0.994,0.969,0.945,0.955,0.014,0.542,1,0.496,0.689,0.995,0.944,0.104,0.819,0.089,0.993,0.168,0.858,0.559,0.998,0.968,1,0.86,0.927,0.549,0.871,0.187,0.75,0.993,0.009,0.642,0.51,0.011,0.998,0.787,0.944,0.771,0.985,0.054,0.985,0.999,0.002,0.008,0.93,0.993,0.978,1,0.968,0.937,0.906,0.605,0.054,0.007,0.969,0.609,0.999,1,0.995,0.996,0.947,0.643,0.365,0.795,0.947,0.966,0.992,0.179,0.333,0.071,1,1,0.993,0.474,0.759,0.571,0.663,0.879,0.99,0.988,0.629,0.598,0.009,0.889,0.463,0.257,0.965,0.998,0.582,0.1,0.994,0.841,0.998,0.463,0.992,0.868,0.992,0.951,0.08,0.671,0.998,0.997,0.999,0.071,0.01,0.015,0.983,0.132,0.95,0.949,0.074,0.499,0.097,0.995,0.198,0.981,0.764,0.917,0.774,0.515,0.971,0.993,0.996,0.974,0.996,0.011,0.998,0.46,0.874,0.883,0.737,0.873,0.377,0.781,0.509,0.899,0.691,0.396,0.689,0.124,0,0.013,0.837,0.809,1,0.999,0.513,0.101,0.272,0.524,0.045,0.155,0.749,0.877,0.02,0.116,0.568,0.631,0.004,1,0.989,0.832,0.037,0.175,0.978,1,0.416,0.537,0,1,0.983
0.995,0.998,0.937,0.359,0.549,0.257,1,0.022,0.518,0.251,0.062,0.011,0.305,0.944,0.065,0.865,0.902,0.993,0.653,0.941,0.523,0.435,0.026,0.01,0.265,0.001,0.22,0.006,0.992,0.993,0.124,0.173,0.027,0.008,1,0.233,0.914,0.948,0.252,0.947,0.017,0.924,0.963,0.804,0.357,0.214,0.135,0.482,0.446,0.048,0.865,0.024,1,0.995,0.675,0.396,0.607,0.113,0.955,0.994,0.01,0.194,0.965,0.996,0.026,0.205,0.454,0.148,0.921,0.901,0.992,0.998,0.358,0.993,0.354,0.998,0.605,0.3,0.017,0.066,0.761,0.274,0.935,0.959,0.776,0.003,0.99,0.999,0.974,0.017,1,0.989,0.971,0.505,0.038,0.005,0.007,0.993,0.875,0,0.966,0.974,0.991,0.585,0.01,0.68,0.049,0.996,0.959,1,0.008,0.346,0.502,0.007,0.998,0.418,0.11,0.7,0.092,0.998,0.385,0.094,0.983,0.698,0.895,0.159,0.321,1,0.997,0.964,0.9,0.354,0.919,0.521,0.567,0.351,0.255,0.9,0.938,0.718,0.877,0.993,0.998,0.425,0.974,0.363,0.906,0.076,0.997,0.027,0.974,0.98,0.01,0.013,0.967,1,0,0.26,0.838,0.773,0.011,0.002,0.17,0.632,0.918,1,0.003,0.997,0.914,0.994,0.433,0.113,0.011,0.918,0.999,0.344,0.425,0.879,0.891,0.897,0.986,0.273,0.953,0.907,1,0.523,0.009,0.998,0.948,0.765,0.954,0.008,0.861,0.09,0,0.014,0.037,1,0.993,0.433,0.03,0.823,0.893,0.83,0.238,0.948,0.069,0,0.051,0.025,0.962,0.947,0.996,0.998,0.036,0.073,0.918,0.921,0.976,0.861,1,0.02,0.957,1,0.785,0.754,0,0.003,0,0.012,0.018,0.956,0.995,0.03,0.42,0.594,0.789,0.21,0,0.968,0.622,0.998,0.625,0.69,0.64,0.824,0.25,0.131,0.962,0.921,0.855,0.325,0.193,0.583,0.445,0.843,0.865,0.999,0.066,1,0.705,0.003,0.538,0.443,0.74,0.66,0.992,1,0.971,0.5,0.256,0.2,0.979,0.25,0.47,0.744,0.957,0.999,0.799
0.505,0.996,0.948,1,0.056,0.553,0.783,1,0.606,0.403,0.322,0.007,0.483,0.946,0.057,0.697,0.605,0.992,0.408,0.001,0.033,0.068,0.965,0.986,0.818,0.695,0.992,0.008,0.531,0.154,0.894,0.89,0.994,0.989,0.309,0.044,0.756,0.934,0.682,0.115,0.012,0.169,0.019,0.973,0.995,0.445,0.033,0.022,0.412,0.998,0.842,0.951,0.823,0.017,0.303,0.485,0.996,0.004,0.724,0.784,0.003,0.997,0.998,0.998,0.965,0.975,0.961,0.145,0.036,0.896,0.034,0.882,0.012,0.999,0.996,0.998,0.578,0.982,0.996,0.12,0.939,0.491,0.193,0.082,0.695,0.158,0.99,0.018,0.91,0.992,0.886,0.051,0.108,0.701,0.038,0.987,0.916,0.011,0.459,0.891,0.719,0.918,0.006,0.966,0.988,0.992,1,0.012,0.135,1,0.518,0.981,0.966,0.031,0.999,0.591,0.996,0.067,0.995,0.917,0.813,0.1,0.975,0.474,0.016,0.96,0.011,0.522,0.592,0.93,0.044,0.909,0.002,0.594,0.793,0.382,0.962,0.906,0.224,0.638,0.804,0.007,0.997,0.394,0.003,0.747,0.429,0.032,0.048,0.054,0.976,0.004,0.118,0.995,0.972,0.035,0.979,0.918,0.017,0.413,0.01,0.993,0.984,0.775,0.082,0.936,0.03,0.823,0.085,0.931,0.867,0.796,0.936,0.96,0.442,0.112,0.73,0.035,0.988,0.995,0.008,0.237,0.001,0.001,0.357,0.681,0.36,0.913,0.116,0.735,0,0.995,0.675,0.303,0.975,0.421,0.199,0.891,0.992,0.075,0.99,0.696,0.011,0.656,0.99,0.954,1,0.187,0.015,0.928,0.998,0.993,0.016,0.995,0.333,0.994,0.016,0.007,0.26,0.45,0.672,0.013,0.183,0.944,0.791,0.198,0.317,0.115,0.007,0.112,0.997,0.276,0.017,0.015,1,0.469,0.797,1,0.974,0.945,0.538,1,0.277,0.097,0.623,0.499,0.993,0.842,0.001,0.724,0.429,0.946,0.205,0.979,0.572,0.641,0.661,0.883,0.878,1,0.439,0.977,0.869,0.774,0.587,0.526,0.004,1,0.293,0.256,0.955,0.813,0.002,0.136,0.429,0.768,0.953,0.081,0
0.997,0.013,0,0.162,0.275,0.342,0.169,1,0.693,1,0.245,0.009,0.131,0.031,0.055,0.962,0,0.007,0.353,0.963,0.278,0.077,0.968,0.292,0.34,0,0.971,0.995,0.99,0.989,0.879,0.294,0.071,0.006,0.575,0.953,0.925,0.979,0.232,0.005,0.999,0.999,0.994,0.965,0.041,0.278,0.452,0.037,0.576,0.949,0.949,0.02,0.438,0.006,0.81,0.391,0.014,0.888,0.181,0.007,0.995,0.026,0.998,0.256,0.729,0.01,0.667,0.121,0.838,0.902,0.893,0.961,0.996,0.014,0.994,0.998,0.615,1,0.009,1,0.816,0.993,0.936,0.961,0.419,0.988,0.312,0.014,0.145,0.925,1,0.499,0.165,0.629,1,0.009,0,0.995,0.007,0.934,0.971,0.939,0.995,0.017,0.991,0.997,1,0.015,0,0.146,0.141,0.025,0.017,0.449,1,0.444,0.976,0.065,0.997,0.235,0.603,0.09,0.409,0.912,0.991,0.934,0.871,0.959,0.737,0.974,0.949,0.073,0.054,0.705,0.529,0.233,0.899,0.974,0.945,0.782,0.794,0.994,0.007,0.989,0.969,0.938,0.898,0.817,0.045,0.976,0.983,0.994,0.136,0.993,0.005,0.991,0.976,0.987,0.848,0.947,0.805,0.01,0.031,0.45,0.996,0.065,0.945,0.077,0.922,0.99,0.915,0.888,0,0.975,0.934,0.91,0.533,0.704,0.925,0.974,0.005,0.666,0.963,0.939,0.957,0.898,0.382,0.492,0.032,0.897,0.942,0.956,0.674,0.057,0.03,0.012,0.08,0.766,0.019,0.985,0.994,0.584,0.295,0.314,1,0,1,0.322,0.997,0.288,0.997,0.419,0.993,0.998,0.981,1,0.93,0.994,0.715,0.279,0.09,0.015,0.728,0.99,0.01,0.146,0.679,0.057,0.973,0.034,0.093,0.975,0.013,0.981,1,0.649,0.831,0.998,0,0.965,0.67,0.118,0.277,0.627,0.976,0.61,0.268,0.161,0.937,0.998,0.917,0.102,0.995,0.205,0.365,0.882,0.194,0.562,0.368,1,0.567,0.972,0.851,1,0.641,0.599,0.126,1,0.967,0.238,0.674,0.146,0.968,0.996,0.892,0.717,0,0.121,0.693
0.877,0.01,0.923,0.92,0.409,0.374,1,0.031,0.556,0.962,0.758,0.994,0.56,0.945,0.933,0.977,0,0.996,0.946,0.954,0.767,1,0.953,0.988,0.991,0.938,0.943,0.996,0.994,0.021,0.887,0.953,0.993,0.998,0.989,0.267,0.634,0.971,0.996,0.977,0.981,0.957,0.971,0.432,0.99,0.408,0.667,0.033,0.566,0.998,0.694,0.96,1,0.997,0.535,0.547,0.013,0.972,0.969,0.992,0.005,0.178,0.015,0.672,1,0.979,0.96,0.146,0.965,0.187,1,0.928,0.103,0.003,0.007,0.998,0.701,0.997,0.999,0.728,0.973,0.329,0.939,0.944,0.818,0.874,0.994,0.015,0.16,0.984,0.999,0.89,0.006,0.915,0.055,0.007,0.909,0.161,0.197,0,0.967,0.005,0.994,0.125,0.974,0.019,1,0.011,0.025,1,0.004,0.999,0.972,0.965,0.387,0.51,0.212,0.995,0.099,0.017,0.947,0.098,0.971,0.128,0.995,1,0.118,0.129,0.106,0.966,0.037,0.887,0.881,0.55,0.753,1,0.66,0.981,0.074,0.723,0.747,0.007,0.999,0.766,0.124,0.926,0.985,0.047,0.999,0.037,0.852,0.003,0.928,0.119,0.003,0.033,0,0.018,0.9,0.232,0.997,0.011,0.875,0.33,0.015,0.528,0.584,0.008,0.926,0.011,0.969,0.755,0.948,0.017,1,0.517,0.793,0.025,0.225,0.999,0.991,0.853,0.009,0,0.493,0.082,0.995,0.967,0.27,0.772,0.924,0.831,0.856,0.76,0.965,0.01,0.88,0.393,0.985,0.069,0.56,0.537,0.071,0.543,0.271,0.951,1,0.137,0.185,0.011,0.052,1,0.987,0.778,0.804,0.073,0.957,0.079,0.305,0.332,1,0.016,0.77,0.849,0.777,0.835,0.774,0.938,0.904,0.998,0.086,0.97,0.995,0.013,0.261,0.51,0.392,1,0,0.002,0.583,0.992,0.138,0.109,0.835,0.737,0.263,0.997,0,0.996,0.071,0.124,0.203,0.05,0.274,0.115,0.986,0.999,0.919,0.164,0.55,0.975,0.882,0.512,0.962,0.939,0.96,1,0.928,0.823,1,0.793,0,0.06,0.478,0.664,0.953,0.999,0.984
0.016,0.996,0.316,0.969,0.106,0.243,0.953,0.999,0.55,0.969,0.993,0.767,0.703,0,0.048,0.923,0.874,0.042,0.996,0.413,0.835,1,0.914,0.061,0.429,0.937,0.199,0.043,0.998,0.994,0.891,0.447,0.014,0.992,0.295,0.003,0.788,0.98,0.915,0.972,0.876,0.996,0.997,0.943,0.87,0.022,0.658,1,0.32,0.992,0.903,0.972,0.051,0.506,0.431,0.586,0.998,0.955,0.729,0.988,0.987,0.442,1,0.019,0.021,0.983,0.965,0.149,0.683,0.015,0.863,0.379,0.998,0.251,0.959,0.008,0.337,1,0.997,0.532,0.854,1,0.004,0.955,0.992,0.991,0.761,0.999,0.018,0.007,0.056,0.036,0.007,0.615,0.998,0.007,0.144,0.605,0.993,0.512,0.977,0.961,0.97,0.013,0.284,0.988,0.036,0.997,0.052,0.998,0.006,0.999,0.784,0.96,0.013,0.488,0.099,0.318,0.477,0.878,0.154,1,0.911,0.239,0.007,0.368,0.014,0.993,0.976,0.001,0.997,0.92,0,0.409,0.36,0.218,1,0.99,0.928,0.721,0.734,0.994,0.007,0.253,0.978,0.935,0.132,0.949,0.039,0.743,0.002,0.021,0.039,0.016,0.974,0.999,0.973,0.998,0.905,0.299,0.345,0.991,0.549,0.861,0.994,0.936,0.367,0.976,0.929,0.011,0.26,0.189,0.947,0.969,0.871,0.346,0.37,0.926,0.781,1,0.987,0.332,0.88,0.927,0.022,0.917,0.009,0.893,0.936,0.675,0.07,0.999,0.605,0.985,0.001,0.997,0.991,1,0.144,0.092,0.989,0.755,0.007,0.223,0.993,0.006,1,0.073,0.01,0.032,0.272,0.485,0.009,0.016,0.653,0.106,0.002,0.814,0.586,0.868,0.093,0.008,0.186,0.401,0.28,0.82,0.622,0.077,0.963,0.012,0.999,0.001,0.992,0.03,0.99,0.477,0.696,0.716,0.965,0.782,0.359,0.974,0.647,0.118,0.575,0.36,0.442,0.183,0.959,0.072,0.96,0.803,0.226,0.995,0.599,0.005,0.241,0.911,0.999,1,0.824,0.931,0.894,0.97,0.804,0.71,0.998,0.992,0.967,0.458,1,0.739,0.978,1,0.72,0.063,0.014,0.997,0.989
0.997,0.992,0.96,0.133,1,0.624,0.23,0.506,0.598,0.163,0.884,0.019,0.962,0.938,0.883,0.039,0,0.01,0.988,0.973,0.217,1,0.002,0.439,0.502,0,0.999,0.038,0.01,0.993,0.001,0.33,0.996,0.997,0.933,0.985,0.69,0.182,0.341,0.086,0.9,1,0.121,0.97,0.466,0.989,0.122,0.935,0.634,0.631,1,0.039,1,0.998,0.245,0.463,0.993,0.968,0.584,0.989,0.838,0.999,0.725,0.009,0.049,0.976,0.007,0.149,0.38,0,0.036,0.954,0.02,0.009,0.931,0.994,0.324,1,0.463,0.994,0.197,0.829,0.338,0.021,0.2,0.968,0.008,0.994,0.861,0.995,0.995,0.962,0.952,0.833,0.294,0.11,0,0.991,0.042,0,0.122,0.283,0.991,0.993,0.495,0.992,1,0.991,0.936,0.994,0.994,0.255,0.978,0.953,0.074,0.425,0.999,0.973,0.961,0.043,0.934,0.314,0.813,0.105,0.996,0.075,0.448,0.92,0.935,0.867,0.998,0.005,0.809,0.481,0.276,0.876,0.935,0.938,0.94,0.99,0.68,0.006,0.991,0.333,0.99,0.237,0.728,0.928,1,1,0.971,0.932,0.078,0.032,0.938,0.04,0.944,0.744,0.89,0.366,0.013,0.012,0.984,0.272,0.012,0.901,0.995,0.011,0.092,0.993,0.953,0.069,0.941,0.957,0.879,0.422,0.668,0.995,1,0.825,0.997,0.897,0.556,0.929,0.655,0.928,0.619,0.973,0.025,0.695,0,0.991,0.702,0.056,0.002,0.997,0.133,0.984,0.006,0.144,0.958,0.441,0.007,0.221,0.996,0.017,0.998,0,0.996,0.931,0.932,0.074,0.011,0.955,0.926,1,0.822,0.994,0.935,0.872,0.111,1,0.209,1,0.727,0.828,0.772,0.744,0,0.124,0.029,0.001,0.082,0.008,0.944,0.445,0.193,1,0.002,0.972,0.308,1,0.208,0.113,0.645,0.601,0.18,0.119,0.96,0.994,0.102,0.995,0.199,0.584,0.553,0.039,0.684,0.735,0.917,1,0.984,0.001,0.237,0.067,0.669,0.551,0.01,0.181,0.979,0.745,0.039,0.826,0.979,0.09,0.176,0.724,0.94,0.092,0.576
0.999,0.362,0.949,0.416,0.876,0.339,0.544,1,0.642,0.327,0.993,0.982,0.068,0.957,0.999,0.744,0.025,0.012,1,0.022,0.672,1,0.612,0.008,0.69,0.951,0.991,0.993,0.032,0.996,0,0.402,0.996,0.068,0.336,0.936,0.96,0.996,0.908,0.474,0.99,0.101,0.995,0.995,0.007,0.503,0.691,1,0.676,0.009,0.962,0.41,1,0.709,0.537,0.61,0.964,0.952,0.642,0.018,0.005,0.989,0.998,0.54,0.042,0.279,0.081,0.202,0.928,0.915,0.912,0.829,0.996,0.015,0.015,0.998,0.473,0.18,0.156,1,0.952,0.802,0.935,0.935,0.802,0.005,0.994,0.019,0.824,0.349,0.881,0.921,0.008,0.115,0.995,0.007,0.908,0.008,0.005,0.953,0.93,0.971,0.008,0.327,0.464,0.994,0.997,0.876,0.361,0.615,0.99,0.883,0.445,0.641,0.998,0.562,1,0.019,0.987,0.029,0.195,1,0.999,0.451,0.996,0.053,0.923,0.825,0.743,0.964,0.215,0.821,0.082,0.39,0.86,0.239,0.097,0.844,0.002,0.691,0.809,0.011,0.994,0.636,0.008,0.01,0.988,0.908,0.048,0.472,0.218,0.076,0.929,0.011,0,1,0,0.02,0.321,0.438,0.445,0.986,0.492,0.505,0.995,0.639,0.058,0.114,0.845,0.008,0.973,0.051,0.938,0.964,0.677,0.455,0.16,0.973,0.088,0.973,0.005,0.395,0.105,0,0.028,0.82,0.006,0.876,0.104,0.695,0.057,0.01,0.779,0.056,0.97,0.999,0.998,0.1,0.163,0.982,0.022,0.481,0.083,0.482,0.623,0.95,0.064,0.685,0.013,0.989,0.021,0.426,0.026,0.996,0.349,0.079,0.867,0.981,0.663,0.339,1,0.022,0.654,0.971,0,0.392,0.761,0.597,0,0.996,0.321,0.908,0.996,0.011,0.753,0.533,0.925,0.994,0.966,0,0.398,0.321,0.443,0.727,0.776,0.429,0.935,0.884,0,0.996,0.797,0.733,0.349,0.054,0.672,0.723,0.969,0.344,0.942,1,0.368,0.002,0.764,0.386,0.62,0.768,0.013,0.997,0.975,0.598,0.98,0.34,0.391,0.726,0.524,0.666,0,0.704,0.001
0.778,0.009,0.951,0.138,0.98,0.594,0.172,0.152,0.558,1,0.999,0.96,0.761,0,1,0.292,0.042,0.02,0.405,0.951,0.022,1,0.876,0.994,0.928,0.934,1,0.006,0.99,0.989,0.894,0.864,0.996,0.992,0.326,0.24,0.281,0.918,0.144,0.761,0.344,0.998,0.998,0.997,0.997,0.997,0.457,0.106,0.262,0.996,0.867,0.893,0.826,0.996,0.629,0.532,0.458,0.976,0.308,0.99,0.218,0.022,0.998,0.841,0.03,0.765,0.973,0.146,0.042,0.916,0.968,0.588,0.998,0.01,0.996,0.996,0.797,0.979,0.995,0.085,0.061,1,0.831,0.801,0.879,0.944,0.012,0.024,0.227,0.977,0.536,0.997,0.816,0.359,0.931,0.015,0,0.92,0.983,0.948,0.867,0.064,0.008,0.212,0.012,0.005,1,0.008,0.887,0.572,0.006,0.571,0.007,0.959,0.02,0.717,0.095,0.991,0.998,0.019,0.973,0.121,0.828,0.003,0.991,0.066,0.318,0.8,0.993,0.972,1,0.017,0.035,0.534,0.889,0.143,0.085,0.973,0.917,0.788,0.709,0.008,0.006,0.569,0.581,0.12,0.262,0.221,1,0.982,0.803,0.005,0.932,0.983,0.594,0.156,0,0.446,0,0.614,0.017,0.996,0.022,0.995,0.998,1,0.986,0.92,0.91,0.008,0.973,0.038,0.944,0.266,0.995,0.089,0.925,0.528,1,0.079,0.005,0.875,0.966,0.007,0.351,0.89,0.08,0.436,0.364,0.797,0.113,0.005,0.108,0.285,0.971,0.013,0.166,0.345,0.07,0.977,0.98,0.521,0.142,0.821,0.552,0.003,0.492,0.6,0.999,0.986,0.025,0.999,0.985,0.402,0.984,0.998,0.949,0.996,0.052,0.263,1,0.191,0.996,0.963,0.757,0.48,0.762,0.486,0.002,0.016,0.015,0.966,0.997,0.011,0.482,0.677,0.091,0.181,0.671,0.972,0.407,1,0.8,0.628,0.586,0.264,0.52,0.745,0.059,0.023,0.062,0.181,0.962,0.318,0.954,0.981,0.969,0.99,0.996,0.192,0.517,0.957,0.007,0.625,0.78,0.768,0.027,0.998,0.725,0.877,0.943,0.425,0.977,0.592,0.125,0.767,0,0.086,0.072
0.445,0.996,0,0.997,0.843,0.469,0.986,0.998,0.669,0.251,0.995,0.011,0.785,0.955,0.051,0.021,0.897,0.996,0.604,0.072,0.091,0.066,0.928,0.475,0.227,0.945,1,0.202,0.994,0.992,0.045,0.606,0.999,0.997,0.999,0.831,0.999,0.123,0.305,0.972,0.999,0.345,0.998,1,0.979,0.034,0.652,1,0.268,0.022,0.289,0.677,1,0.011,0.492,0.604,0.099,0.94,0.757,0.993,0.992,0.988,0.829,0.997,0.999,0.979,0.971,0.877,0.512,0.883,1,0.421,0.032,0.562,0.008,0.007,0.691,0.139,0.928,1,0.009,0.601,0.424,0.948,0.208,0.973,0.006,0.998,0.959,0.999,1,0.969,0.99,0.456,0.036,0.968,0,0.992,0.008,0.73,0.327,0.97,0.21,0.791,0.011,0.994,1,0.01,0,1,0.964,0.972,0.013,0.951,0.999,0.585,0.168,0.996,1,0.963,0.985,1,0.539,0.005,0.131,0.208,0.127,0.428,0.129,0.948,0.066,0.127,0.016,0.509,0.021,0.134,1,0.507,0.93,0.505,0.619,0.997,0.994,0.708,0.482,0.523,0.134,0.116,0.993,0.826,0.973,0.991,0.082,0.997,0.918,1,0.976,0.957,0.121,0.215,0.976,0.968,0.986,0.229,0.015,0.378,0.952,0.941,0.122,0.057,0.9,0.113,0.835,0.876,0.901,0.659,0.384,1,0.437,0.913,0.986,0.673,0.184,0.843,0.428,0.423,0.984,0.474,0.506,0.717,0.435,0.196,0.198,0.61,0.004,0.014,0.928,0.882,0.876,1,0.951,0.391,0.988,0.542,0.92,0.954,0.962,0.118,0.993,0.399,0.971,0.786,0.008,0.654,0.928,1,0.264,0.224,0.97,0.888,0.79,0.996,0.91,1,0.798,0.314,0.749,0.793,0,0.997,1,0.97,0.996,0.085,0.998,0.6,0.89,0.996,0.633,0.113,0.568,0.559,0.376,0.784,0.698,0.884,0.549,0.693,0.962,0.265,1,0.439,0.199,0.147,0.667,0.044,0.012,0.656,0.041,1,0.998,0.969,0.659,0.967,0.751,0.823,0.99,0.858,0.033,0.807,0.654,0.622,0.001,1,0.379,0.59,0,0.07,0.983
0.061,0.996,0.008,0.775,0.062,0.655,0.937,0.297,0.768,0.502,0.024,0.991,0.483,0.935,0.973,0.706,0.138,0.99,0.353,0,0.766,0.078,0.259,0.994,0.204,0.001,0.206,0.006,0.993,0.009,0.87,0.786,0.01,0.127,0.657,0.803,0.238,0.995,1,0.768,0.998,0.77,0.998,0.814,0.996,0.024,0.616,1,0.648,0.231,0.823,0.963,1,0.01,0.858,0.582,0.442,0.109,0.439,0.992,0.945,0.997,0.998,0.09,0.069,0.914,0.941,0.989,0.999,0.902,1,0.486,0.999,0.999,0.014,0.998,0.641,1,0.99,1,0.088,0.942,0.747,0.957,0.085,0.003,0.967,0.023,0.096,0.834,0.077,0.117,0.802,0.323,0.998,0.932,0.001,0.995,0.995,0.132,0.955,0.976,0.015,0.009,0.012,0.993,0.999,0.994,0.953,0.997,0.996,0.759,0.932,0.005,0.999,0.597,1,0.996,0.104,0.373,0.146,1,0.864,0.312,0.803,1,0.778,0.841,1,0.969,0.699,0.829,0.031,0.485,0.084,0.427,0.983,0.999,0.936,0.88,0.686,0.937,0.997,0.735,0.895,0.009,0.978,0.292,1,0.025,0.603,0.123,0.887,0.998,0.764,1,0,0.138,0.002,0.446,0.993,0.995,0.763,0.822,0.995,0.9,0.94,0.019,0,0.954,0.369,0.05,0.032,0.879,0.354,0.981,0.628,0.048,0.992,0.463,0.991,0.926,0.973,0.866,0.997,0.088,0.876,0.691,0.003,0.709,0,0.995,0.871,0.135,0.003,0.995,0.247,0.868,0.61,0.767,0.114,0.729,0.995,0.72,0.745,0.042,0.275,0.177,0.01,0.991,0.077,0.068,0.122,0.02,0.966,0.066,0.296,0.884,0.771,0.443,1,0.012,0.995,0.928,0.212,0.931,0,0.71,0.003,0.864,0.97,0.974,0.998,0.995,0.635,0.675,0.923,1,0.967,0.962,0.504,0.787,0.572,0.793,0.734,0.96,0.922,0.18,0.001,0.85,0.742,0.111,0.212,0.058,0.998,0.729,0.03,0.912,0.193,1,0.473,0,0.132,0.067,0.979,0.518,0.993,0.999,0.024,0.706,0.997,0.874,0.971,0.092,0.621,0.595,0.939,0.09,0.984
0.014,0.009,0.004,0.179,0.073,0.565,0.981,1,0.599,0.992,0.997,0.991,0.023,0,0.053,0.943,0,0.014,0.874,0.001,0.825,1,0.97,0.712,0.916,0.936,1,0.992,0.012,0.997,0.881,0.451,0.993,0.992,1,0.98,0.362,0.044,0.744,0.027,0.031,0.991,0.997,0.868,0.997,0.994,0.025,0.715,0.612,0.015,0.124,0.998,0.048,0.997,0.732,0.579,0.994,0.713,0.164,0.609,0.007,1,0.999,0.984,0.374,0.975,0.91,0.529,0.914,0.003,0.535,0.943,0.026,0.996,0.579,0.994,0.656,1,0.996,0.889,0.108,0.686,0.882,0.018,0.986,0.266,0.997,0.999,0.947,0.006,1,0.012,0.924,0.913,1,0.945,0.922,0.014,0.992,0.947,0.206,0.044,0.012,0.011,0.125,0.007,0.041,0.129,0.706,0.052,0.995,0.98,0.002,0.603,0.017,0.487,0.105,0.996,0.094,0.209,0.159,0.999,0.572,0.911,0.997,0.068,0.654,0.924,0.84,0,0.441,0.798,0.039,0.522,0.872,0.436,0.861,0.925,0.005,0.674,0.537,0.01,0.011,0.441,0.98,0.011,0.137,0.939,1,0.027,0.189,0.894,0.682,0.047,0.982,0.923,0,0.84,0.899,0.674,0.992,0.997,0.965,0.96,0.997,0.993,0.012,0.005,0.899,0.204,0.938,0.85,0.953,0.939,0.736,0.189,0.668,0.1,0.489,0.032,0.004,0.36,0.965,0,0.945,0.943,0.723,0.868,0.853,0.75,0.941,0.118,0.741,0.079,0.976,0.995,0.068,0.955,0.992,0.183,0.989,0.514,0.992,0.71,0.333,0.057,1,0.622,0.994,0.996,0.522,0.49,0.013,1,0.983,1,0.158,0.683,0.223,0.374,0.936,0.052,0.269,0.353,0.793,0.577,0.756,0.001,0.978,0.979,0.932,0.002,0.757,0.284,0.573,0.829,0.153,0.986,0.001,0.311,0.346,0.836,0.605,0.12,0.74,0.425,1,1,0.015,0.997,0.859,0.725,0.998,0.829,0.798,0.232,0.114,0.864,0.083,0.975,0.514,0.033,0.876,0.998,0.7,0.844,0.99,1,0.959,0.724,0.907,0.293,0.951,1,0.776,0.023,0.791,0.078,0
0.019,0.999,0.949,0.197,0.937,0.652,0.987,0.997,0.811,0.277,0.987,0.015,0.228,0.001,0.05,0.927,0.845,0.011,1,0.028,0.024,0.435,0.536,0.981,1,0.933,0.66,0.01,0.995,0.986,0.883,0.804,0.011,0.751,0.314,0.13,0.458,0.934,0.518,0.067,0.102,0.092,0.992,0.999,0.052,0.853,0.68,1,0.821,0.996,0.446,0.969,1,0.997,0.869,0.654,0.996,0.952,0.492,0.07,0.007,0.329,0.998,0.358,0.078,0.534,0.001,0.174,0.422,0.918,0.67,0.882,0.197,0.012,0.156,0.995,0.78,0.142,0.017,1,0.008,0.313,0.865,0.055,0.152,0.008,0.021,0.067,0.087,0.992,0.061,0.288,0.008,0.131,0.027,0.827,0.088,0.027,0.548,0.941,0.33,0.936,0.009,0.983,0.277,0.992,1,0.666,0.857,0.999,0.011,0.974,0.057,0.961,0.013,0.463,0.969,0.013,0.942,0.951,0.135,1,0.802,0.823,0.009,0.058,0.838,0.232,0.082,0.956,0.998,0.904,0.071,0.479,0.841,0.23,0.541,0.22,0.579,0.647,0.527,0.992,0.997,0.24,0.986,0.614,1,0.641,1,0.95,0.983,0.983,0.916,0.999,0.005,1,0.968,0.998,0.869,0.61,0.012,0.415,0.984,0.317,0.651,0.145,0.99,0.973,0.92,0.008,0.255,0.93,0.001,0.109,0.346,0.785,0.574,0.857,0.262,1,0.003,0.557,0.263,0.804,0.185,0.877,0.007,0.932,0.933,0.566,0,0.99,0.286,0.097,0.001,0.123,1,0.929,0.14,0.087,0.926,0.394,0.927,0.955,0.814,0,0.996,0.595,0.998,0.12,0.229,0.993,0.011,0.06,0.054,1,0.642,0.009,0.631,0.781,1,0.991,0.976,0.435,0.641,0.496,0.056,0.507,0.97,0.995,0.984,0.513,0.007,0.996,0.959,0.462,0.899,0.313,0.006,0.971,0.895,1,0.638,0.351,0.758,0.47,0.479,0.353,0.964,0.997,0.944,0.143,0.218,1,0.776,0.931,0.902,0.961,0.089,1,0.935,0.967,0.315,1,0.792,0.956,0.972,0.999,0.101,0.978,1,0.681,0.965,1,0.529,0.185,0,1,0.254
0.995,0.982,0.948,0.164,0.987,0.155,0.198,0.95,0.605,0.991,0.019,0.006,0.522,0.926,0.682,0.982,0.232,0.011,0.894,0.973,0.634,0.22,0.112,0.41,0.997,0.93,0.999,0.969,0.994,0.996,0.228,0.796,0.978,0.938,0.997,0.502,0.707,0.996,0.103,0.973,0.955,0.324,0.201,1,0.996,0.204,0.567,1,0.364,0.968,0.88,0.998,1,0.019,0.687,0.61,0.991,0,0.818,0.993,0.918,0.041,0.997,0.354,0.999,0.013,0.001,0.183,0.062,0.872,0.044,0.893,1,0.996,0.995,0.016,0.308,0.844,0.986,0.997,0.907,0.58,0.954,0.913,0.194,0.104,0.008,0.998,0.016,0.988,0.998,0.995,0.978,0.929,1,0.97,0.895,0.991,0.102,0.098,0.162,0.023,0.996,0.963,0.989,0.009,0.994,0.999,0.046,1,0.009,0.686,0.913,0.957,0.996,0.515,0.095,0.048,1,0.134,0.971,0.673,0.842,0.928,0.326,0.745,0.043,0.883,0.097,0.959,0.272,0.023,0.002,0.728,0.878,0.849,0.849,0.962,0.939,0.76,0.707,0.009,0.007,0.927,0.973,0.788,0.846,0.952,0.999,0.722,0.168,0.987,0.009,0.996,0.248,1,0.98,0.942,0.896,0.518,0.991,0.995,0.958,0.978,0.018,1,0.008,0.995,0.924,0.995,0.152,0.064,0.952,0.942,1,0.076,0.177,0.91,0.135,0.97,0.003,0.939,0.103,0.938,0.912,0.591,0.007,0.879,0.908,0.936,0.019,0.077,0.411,0.691,0.001,0.995,0.164,0.874,1,0.093,0.988,0.523,0.074,0.283,0.964,0.934,0.983,0.683,0.013,0.016,0.941,0.755,0.004,0.143,0.94,0.148,0.009,0.998,0.013,0.718,1,0.015,1,0.377,0.776,0.167,0.285,0.02,0.965,0.999,0.997,0.969,0.997,0.228,0.277,0.329,0.759,0.46,0.941,0.002,0.521,0.997,0.794,0.109,0.904,0.689,0.849,0.873,0.962,0.038,1,0.179,0.999,0.784,0.347,0.99,0.995,0.666,0.998,0.163,0.632,0.055,0.886,1,0.635,0.94,0.002,0.05,0.921,0.25,0.999,0.67,0.974,1,0.144,0.376,0.955,0.081,0.011
0.03,0.994,0,0.892,0.907,0.342,1,0.996,0.842,0.925,0.018,0.01,0.217,0.909,0.056,0.909,0.903,0.995,0.645,0,0.38,1,0.978,0.944,1,0.014,1,0.994,0.012,0.996,0.413,0.817,0.999,0.992,0.747,0.005,0.246,0.992,0.419,0.851,0.997,1,0.998,0.391,0.01,0.864,0.661,0.998,0.257,0.01,0.085,1,1,0.133,0.792,0.79,0.994,0.233,0.581,0.061,0.86,0.838,0.999,0.764,0.98,0.001,0.976,0.156,0.407,0.516,0.038,0.849,0.226,0.009,0.164,0.714,0.708,0.489,0.345,1,0.811,0.941,0.956,0,0.956,0.081,0.006,0.084,0.99,0.989,1,0.995,0.947,0.2,0.048,0.005,0.752,0.994,0.996,0.94,0.036,0.936,0.01,0.974,0.503,0.995,1,0.997,0.138,1,0.962,0.735,0.962,0.96,0.908,0.555,1,0.998,0.113,0.823,1,0.145,0.998,0.881,0.012,1,0.845,0.515,0.504,0.976,0.999,0.003,0.056,0.804,0.827,0.618,0.466,0.016,0.948,0.974,0.518,0.997,0.995,0.442,0.905,0.023,0.965,0.388,0.529,0.999,0.968,0.664,0.056,0.011,0.98,0.043,0.968,0.949,0.004,0.818,0.008,0.993,0.93,0.995,0.995,1,0.007,0.014,0.934,0.129,0.296,0.157,0.246,0.013,0.615,0.527,0.607,0.865,0.314,0.468,0.975,0.924,0.341,0.317,0.982,0.809,0.995,0.999,0.244,0.663,0,0.988,0.833,0.209,0,0.007,0.037,0.998,0.013,0.987,0.258,0.481,0.989,0.421,0.505,0.022,0.72,0.677,0.992,0.04,0.029,0.835,0.009,0.017,0.917,0.901,0.003,0.781,0.887,0.5,0.087,0.016,1,0.74,0.446,0.907,0.763,0.39,0.958,0.011,0.71,0.983,0.385,0.218,1,0.865,0.853,0.196,0,0.107,0.652,0.458,0.632,0.761,0.75,0.681,0.412,0.124,0.963,0.631,0.732,0.882,0.195,0.055,0.563,0.656,0.146,0.564,0.883,1,0.423,0,0.616,0.954,0.65,0.947,0.021,0.101,0.973,0.927,0.999,0.207,0.016,0.997,0.192,0.258,0.946,0.08,0.984
0.985,0.999,0.944,0.927,0.874,0.614,0.843,0.027,0.563,1,0.044,0.054,0.957,0,0.055,0.384,0,0.989,0.656,0.985,0.191,0.68,0.934,0.994,0.981,0.927,0.22,0.996,0.996,0.266,0.814,0.448,0.098,0.037,1,0.993,0.441,0.996,0.734,0.015,0.999,0.109,0.787,0.493,0.997,0.212,0.687,0.999,0.628,0.997,0.221,0.034,0.927,0.995,0.977,0.515,0.009,0,0.872,0.992,0.045,0.995,0.998,0.983,0.966,0.982,0.007,0.534,1,0.901,0.831,0.867,0.998,0.997,0.991,0.051,0.587,0.115,0.627,1,0.138,1,0.615,0.957,0.882,0.991,0.995,0.031,0.089,0.995,0.035,0.313,0.068,0.589,0.998,0.007,0.27,0.992,0.996,0.957,0,0.971,0.996,0.625,0.01,0.994,1,0.407,0.956,0.047,0.004,0.993,0.001,0.945,0.999,0.455,1,0.996,0.089,0.898,0.133,0.085,0.827,0.781,0.017,0.913,0.897,0.9,0.973,0.033,0.023,0.902,0.008,0.531,0.108,0.843,0.987,0.991,0.874,0.608,0.736,0.019,0.009,0.995,0.27,0.058,0.57,0.266,1,0.999,0.979,0.991,0.653,0.995,0.267,1,0.002,0.085,0.038,0.245,0.448,0.994,0.121,0.466,0.098,0.999,0.92,0.256,0,0.054,0.01,0.998,0.96,0.029,1,0.138,0.31,0.92,0.908,1,0.979,0.896,0.964,0.009,0.999,0.92,0.221,0.838,0.905,0.59,0.938,0.995,0.496,0.058,0.972,0.012,0.829,0.167,0.983,0.999,0.99,0.546,0.857,0.422,0.999,0.101,0.073,0.007,0.039,0.122,0.026,0.954,0.008,0.044,0.966,0.957,0.939,0.087,0.802,0.255,1,0.997,0.302,0.706,0.601,0.504,0.746,0.835,0.001,0.009,0.391,0.973,0.007,0.991,0.709,0.629,0.485,1,0.001,0.972,0.456,0.997,0.166,0.198,0.556,0.458,0.495,0.171,0.967,0.995,0.879,1,1,0.067,0.993,0.005,0.84,0.348,0.351,0.908,0.703,0.35,0.904,0.985,0.913,0.936,0.092,0.483,0.949,0.624,1,0.587,0.001,0.96,0.901,0.389,0.272,0.088,0.974
0.68,0.346,0.947,0.876,0.706,0.651,0.999,0.992,0.602,0.288,0.996,0.991,0.92,0,0.948,0.034,0.886,0.996,1,0.981,0.566,0.066,0.429,0.008,0.905,0.94,0.219,0.006,0.994,0.003,0.827,0.146,0.997,0.009,0.997,0.015,0.897,0.998,0.919,0.97,0.993,0.117,0.999,1,0.046,0.079,0.684,1,0.256,0.009,0.992,0.143,0.127,0.013,0.615,0.404,0.995,0.013,0.973,0.005,0.991,1,0.997,0.378,0.333,0.256,0.878,0.948,0.989,0.898,0.964,0.614,0.014,0.009,0.453,0.996,0.596,1,0.996,1,0.699,0.413,0.016,0.947,0.392,0.008,0.991,0.998,0.017,0.015,0.897,0.017,0.019,0.112,0.059,0.987,0.902,1,0.993,0.034,0.963,0.224,0.99,0.222,0.119,0.006,0.44,0.965,0.902,1,0.01,0.974,0.218,0.963,0.015,0.535,0.121,0.932,1,0.722,0.925,1,0.99,0.001,0.992,0.922,0.782,1,0.923,0.973,0.1,0.001,0.943,0.438,0.9,0.86,0.979,0.913,0,0.653,0.805,0.993,0.028,0.278,0.974,0.867,0.955,0.941,0.045,1,0.973,0.988,0.471,0.989,0.975,0.03,0.979,0.945,0.09,0.918,0.994,0.123,0.987,0.714,0.016,1,0.883,0.016,0.005,0.449,0.974,0.265,0.943,0.049,0.986,0.81,0.69,1,0.262,0.999,0.857,0.698,0.939,0,0.534,0.274,0.029,0.73,0.084,0.638,0,0.985,0.8,0.999,0.981,0.991,0.815,0.101,0.992,0.987,0.963,0.668,0.007,0.491,0.203,0.959,1,0.722,0.031,0.01,0.982,1,0.086,0.996,0.575,1,0.014,0.012,0.024,0.641,1,0.999,0.259,0.344,0.002,0.146,0.761,0.736,0.002,0.031,0.999,0.968,0.018,0.993,1,0.476,0.105,0.587,0,0,0.794,0.92,0.104,0.798,0.658,0.435,0.269,0.142,0.958,0.012,0.137,0.119,0.214,0.821,0.598,0.994,0.058,0.906,0.873,1,0.763,0.974,0.882,0.886,0.684,0.817,0.009,0.087,0.983,0.546,0.25,0.362,0.976,0.461,0.466,0.164,0.954,0.814,0.977
0.995,0.996,0,0.387,1,0.257,0.973,1,0.603,0.977,0.99,0.938,0.53,0.944,0.089,0.861,0.879,0.34,0.815,0.972,0.037,1,0.9,0.957,0.149,0.342,0.265,0.035,0.997,0.148,0.82,0.969,0.009,0.989,0.419,0.004,0.739,0.681,0.982,0.977,0.995,1,0.017,0.572,0.005,0.996,0.038,0.018,0.393,0.998,0.12,0.225,0.681,0.282,0.668,0.521,0.246,0.975,0.224,0.993,0.027,0.111,0.999,0.105,0.98,0,0.979,0.169,0.161,0.892,0.959,1,0.016,0.995,0.993,0.998,0.393,1,0.823,1,0.036,0.196,0.211,0.961,0.97,0.002,0.981,0.193,0.964,0.088,0.969,0.996,0.174,0.921,1,0.982,0.904,0.99,0.995,0,0.972,0.949,0.999,0.997,0.311,0.996,0.03,0.105,0.963,0.063,0.004,1,0.149,0.961,0.998,0.421,0.659,0.012,0.809,0.902,0.187,1,0.948,0.933,0.07,0.225,0.601,0.982,0.929,0.963,0.997,0.235,0,0.68,0.8,0.988,0.105,0.847,0.95,0.764,0.837,0.007,0.976,0.449,0.981,0.157,1,0.125,0.998,0.029,0.977,0.037,0.136,0.234,0.003,0.052,0.961,0.983,0.847,0.227,0.021,0.015,0.85,0.532,0.997,0.966,0.608,0.137,0,0.997,0.022,0.885,0.95,0.919,0.978,0.982,0.84,0.725,0.343,0.838,0.007,0.476,0.965,0,0.941,0.917,0.224,0.995,0.793,0.675,0.951,0.976,0.877,0.235,0.978,0.008,0.236,0.698,0.429,0.085,0.885,0.642,0.006,0.184,0.844,0,0.453,0.721,0.017,0.018,0.924,0.069,0.976,0.997,0.779,1,0.299,0.117,0.971,0.49,0.606,0.997,0.975,0.804,0.169,0.256,0.26,0.741,0,0.996,0.041,0.976,0.996,0.996,0.457,0.676,0.493,1,0.972,0.915,0.624,0.105,0.614,0.746,0.565,0.486,0.883,1,0.001,0.995,0.309,0.325,0.984,0.062,0.54,0.848,0.569,0.364,0.823,1,0.546,0.973,0.82,0.211,0.747,0.641,0.065,0.045,0.958,0.585,0.019,0.235,0.287,0.059,0.242,0.213,0.2,0.08,0.01
0.993,0.994,0,0.995,0.214,0.767,0.401,0.037,0.688,0.147,0.997,0.752,0.004,0,0.056,0.906,0.711,0.01,0.896,0.002,0.842,0.065,0.849,0.985,0.77,0.684,0.214,0.99,0.01,0.013,0.001,0.321,0.996,0.054,1,0.967,0.546,0.757,0.991,0.974,0.021,0.951,0.997,1,0.009,0.828,0.29,0.025,0.552,0.872,0.986,0.546,0.145,0.992,0.993,0.519,0.89,0.033,0.089,0.996,0.069,1,0.009,0.986,0.025,0.978,0.001,0.151,0.098,0.811,0.084,0.959,0.998,0.01,0.006,0.996,0.89,0.621,0.045,0.822,0.032,0.481,0.947,0.947,0.72,0.979,0.006,0.01,0.437,0.012,0.999,0.222,0.981,0.482,0.989,0.994,0.02,0.996,0.008,0.93,0.002,0.006,0.01,0.948,0.979,0.99,0.046,0.978,0.187,0.065,0.988,0.979,0.533,0,0.847,0.564,0.093,0.016,0.155,0.518,0.829,1,0.694,0.061,0.008,0.132,0.368,0.822,0.132,0.968,0.993,0.89,0.756,0.476,0.441,0.73,0.89,0.995,0.923,0.706,0.782,0.009,0.033,0.68,0.981,0.942,0.258,0.036,0.078,0.027,0.012,0.07,0.749,0.01,0.971,0.033,0,0.202,0.89,0.508,0.995,0.999,0.987,0.73,0.986,0.975,0.992,0.994,0.903,0.011,0.957,0.039,0.93,0.959,0.682,0.399,0.906,0.186,1,0.973,0.974,0.653,0.002,0.215,0.035,0.164,0.004,0.766,0.855,0.788,0.01,0.974,0.664,0.868,0.001,0.38,0.823,0.271,0.083,0.083,0.011,0.682,0.134,0.8,0.403,0.972,0.386,0.819,0.995,0.063,1,0.324,0.989,0.918,0.156,0.069,0.956,0.01,0.586,0.957,1,0.999,0.656,0.419,0.028,0.835,0.763,0.054,0.001,0.818,0.958,0,0.011,0.969,0.999,0.615,0.778,0.353,0.089,0.971,0.693,0.995,0.566,0.434,0.582,0.432,0.995,0.228,0.028,0.017,0.1,0.999,0.782,0.137,0.346,0.775,0.778,0.848,0.836,1,0.62,0,0.586,0.645,0.729,0.612,0.008,0.229,0.816,0.64,0.996,0.47,0.001,1,0.155,0.08,0.008,1,0.001
0.941,0.994,0,0.94,0.905,0.361,1,0.998,0.615,0.136,0.998,0.997,0.482,0.948,0.046,0.976,0.863,0.011,1,0.06,0.701,0.061,0.972,0.995,0.215,0.93,0.2,0.006,0.995,0.012,0.886,0.83,0.973,0.989,0.295,0.982,0.776,0.411,0.985,0.982,0.025,0.998,0.995,0.971,0.012,0.998,0.337,0.05,0.881,0.997,0.066,0.956,0.044,0.999,0.73,0.404,0.998,0.963,0.754,0.007,0.007,0.058,1,0.993,0.992,0.001,0.003,0.83,0.916,0.924,0.7,0.491,0.138,0.006,0.99,0.01,0.933,1,0.023,0.798,0.964,0.299,0.81,0.682,0.891,0.009,0.974,0.29,0.132,0.01,0.205,0.015,0.985,0.193,0.902,0.017,0.559,0.01,0.993,0.201,0.969,0.962,0.995,0.971,0.905,0.982,0.999,0.838,0.023,0.15,0.008,0.999,0.979,0.957,0.996,0.575,0.094,0.986,1,0.26,0.163,1,0.921,0.154,0.007,0.922,0.655,0.607,0.999,0.965,0.829,0.068,0.006,0.53,0.522,0.121,1,0.986,0.001,0.827,0.855,0.006,0.996,0.936,0.971,0.063,0.273,0.267,0.038,0.034,0.003,0.063,0.915,0.995,0,1,0.971,0.712,0.898,0.413,0.007,0.01,0.007,0.52,0.996,0.999,0.008,0.015,0,0.26,0.051,0.944,0.95,0.633,0.653,0.255,0.345,0.624,0.948,1,0.006,0.771,0.127,0.925,0.989,0.927,0.993,0.743,0.906,0.623,0.002,0.1,0.529,0.485,0.972,0.998,0.818,0.308,0.01,0.079,0.994,0.693,0.966,0.219,0.586,0.968,0.996,0.004,0.992,0.625,0.998,0.926,0.448,0.518,0.922,0.993,0.949,0.994,0.908,0.849,0.103,0.067,0.695,0.829,0.257,0.772,0.766,0.886,0.964,0.017,0.99,0.982,0.009,0.005,0.27,0.479,0.882,0.926,0.007,0.977,0.426,1,0.594,0.108,0.547,0.368,0.931,0.205,0.022,0.996,0.242,0.121,0.213,0.999,0.359,0.955,0.014,0.947,0.517,0.17,0.775,0.215,0.896,0.787,0.788,0.581,0.023,0.871,0.963,0.287,0.996,0.175,0.976,1,0.793,0.42,0.544,1,0.98
0.996,0.006,0.936,0.15,0.581,0.906,0.734,1,0.645,0.159,0.998,0.025,0.811,0,0.056,0.431,0.895,0.006,0.565,0.968,0.008,1,0.913,0.967,0.477,0.941,0.971,0.424,0.006,0.997,0.865,0.734,0.04,0.988,1,0.406,0.295,0.903,0.69,0.979,0.998,0.227,0.406,0.725,0.983,0.922,0.001,0.999,0.341,0.017,1,0.026,0.264,0.995,0.51,0.433,0.995,0.232,0.051,0.991,0.005,0.016,0.016,0.923,0.096,0.977,0.029,0.202,0.977,0.035,0.842,0.816,0.553,0.006,0.009,0.996,0.476,1,0.999,0.983,0.875,1,0.936,0.947,0.746,0.988,0.437,0.984,0.015,0.997,0.975,0.999,0.993,0.72,0.985,0.976,0.903,0.01,0.99,0.006,0.975,0.975,0.498,0.258,0.006,0.014,0.039,0.996,0.873,1,0.998,0.995,0.975,0.96,0.995,0.41,1,0.71,0.922,0.019,0.136,0.999,0.83,0.02,0.995,0.94,0.132,0.913,0.158,0.002,0.998,0.074,0.011,0.46,0.881,0.562,1,0.332,0.929,0.94,0.517,0.015,0.994,0.694,0.975,0.813,0.121,0.713,0.999,0.07,0.972,0.122,0.011,0.998,0.959,0.999,0.97,0.999,0.348,0.361,0.016,0.041,0.98,0.806,0.995,0.955,0.994,0.039,0.004,0.024,0.929,0.321,0.947,0.884,1,0.703,0.152,0.34,0.157,0.058,0.056,0.599,0.025,0,0.997,0.071,0.006,0.385,0.121,0.617,0.932,0.011,0.502,0.079,0.008,0.065,0.985,0.504,0.995,0.087,0.796,0.627,0.964,0.467,0.29,0.265,1,0.636,0.996,0.011,0.641,0.96,0.994,0.368,0.48,0.972,0.044,0.587,0.081,0.467,0.104,0.018,0.765,0.737,0.778,0.417,0.754,0.657,0.938,0.011,0.012,0,0.995,0.994,0.955,0.519,0.143,0.174,0,0.969,0.468,1,0.569,0.945,0.737,0.588,0.753,0.996,0.046,0.463,0.475,0.232,0.982,0.271,0.374,0.99,0.993,1,0.064,0.626,0.673,0.009,0.013,0.457,0.72,0.813,0.992,0.042,0.936,0.68,0.981,0.6,0.091,0.066,0.861,0.053,0,0.081,0.084
0.014,0.122,0.947,0.31,0.306,0.402,0.27,0.999,0.635,0.428,0.985,0.26,0.016,0.576,0.956,0.936,0.732,0.011,0.954,0.972,0.778,0.069,0.017,0.894,0.543,0,0.84,0.993,0.005,0.906,0.874,0.969,0.013,0.991,0.988,0.002,0.62,0.859,0.601,0.843,0.997,0.976,0.995,0.513,0.024,0.022,0.012,1,0.437,0.995,0.17,0.983,0.063,0.016,0.835,0.474,0.013,0.973,0.96,0.996,0.014,0.999,0.018,0.919,0.974,0.973,0.794,0.745,0.088,0.514,0.739,0.967,0.998,0.999,0.009,0.015,0.592,0.774,0.995,0.329,0.3,0.301,0.867,0.955,0.135,0.002,0.994,0.166,0.81,0.992,1,0.998,0.457,0.749,1,0.993,0.903,0.614,0.01,0.91,0.966,0.835,0.991,0.967,0.745,0.992,0.998,0.998,0,0.078,0.004,0.046,0.026,0.941,0.997,0.42,0.162,0.911,0.099,0.313,0.976,1,0.475,0.859,0.025,0.289,0.387,0.934,0.067,0.205,0.968,0.826,0.078,0.594,0.895,0.525,0.538,0.065,0.109,0.752,0.483,0.006,0.008,0.534,0.447,0.935,0.186,0.053,0.04,0.018,0.968,0.505,0.874,0.119,0.943,0.033,0.023,0.029,0.415,0.652,0.613,0.006,0.958,0.999,0.164,0.155,0.021,0.02,0.941,0.03,0.083,0.274,0.935,0.818,0.609,0.996,0.662,0.038,0.888,1,0.496,0.627,0.055,0,0.829,0.473,0.749,0.859,0.948,0.581,0.932,0.9,0.513,0.123,0,0.997,0.608,0.2,1,1,0.003,0.612,0.014,0.944,0.466,0,0.854,0.001,0.7,0.941,0.999,0.076,0.01,0.999,0.974,0.075,0.084,0.202,0.79,0.821,0.086,0.016,0.36,0.993,0.761,0.582,0.765,0.338,0,0.996,0.984,0.98,0.998,0.989,0.913,0.628,0.936,0.204,0.965,0.971,0.758,0.949,0.512,0.987,0.718,0.374,0.803,0.134,0.186,0.022,0.308,0.228,0.224,0.988,0.66,0.043,0.273,0.525,0.777,1,0.883,0.002,0.053,1,0.986,0.643,0.973,1,0.915,0.676,0.976,0.156,0.002,0.066,0.978,0.094,0.951,0.085,0.973
0.997,0.011,0.001,0.143,0.707,0.318,0.177,1,0.531,0.944,0.995,0.011,0.003,0,0.054,0.713,0.903,0.196,1,0.96,0.826,0.061,0.866,0.989,1,0,0.871,0.007,0.004,0.997,0.12,0.907,0.995,0.996,1,0.049,0.828,0.99,0.118,0.356,0.038,0.132,0.995,0.973,0.959,0.026,0.677,0.999,0.318,0.01,1,0.212,0.918,0.996,0.367,0.587,0.987,0.965,0.091,0.984,0.734,0.287,0.996,0.999,0.034,0.014,0.98,0.923,0.058,0.001,0.101,0.982,0.974,0.018,0.942,0.01,0.681,1,0.998,1,0.004,0.999,0.859,0.947,0.419,0.006,0.032,0.956,0.097,0.007,0.995,0.999,0.99,0.171,0.05,0.994,0.002,0.268,0.01,0.296,0.882,0.963,0.993,0.94,0.164,0.998,0.033,0.012,0.025,1,0.171,0.197,0.181,0.967,0.999,0.556,0.994,0.115,1,0.957,0.273,0.934,0.393,0.911,0.165,0.639,0.82,0.475,0.178,0.172,0.997,0,0.943,0.485,0.885,0.95,0.984,0.96,0.003,0.6,0.611,0.979,0.997,0.967,0.076,0.037,1,0.35,0.057,0.035,0.978,0.985,0.215,0.995,0.827,1,0.978,0.014,0.903,0.83,0.014,0.012,0.965,0.382,0.954,0.484,0.019,0.995,0.932,0.99,0.939,0.743,0.591,0.278,0.802,0.781,0.533,0.044,0.988,0.045,0.008,0.437,0.97,0.046,0.013,0.81,0.914,0.98,0.022,0.716,0.924,0.008,0.486,0.172,0.961,0.99,0.96,0.553,0.012,0.97,0.681,0.446,0.242,0.996,0.827,0.088,0.986,0.267,0.976,0.046,0.061,0.668,0.994,0.99,0.176,0.961,0.932,0.996,0.882,0.23,0.393,0.997,0.42,0.999,0.507,0.861,0.053,0.004,0,0.343,0.997,0.695,0.998,0.998,0.339,0.394,0.211,1,0.001,0.399,0.548,1,0.738,0.316,0.707,0.664,0.779,0.123,0.871,0.997,0.758,0.098,1,0.176,0.911,0.173,0.985,0.445,0.933,1,0.485,0.97,0.855,0.952,0.745,0.69,0.006,0.047,0.381,0.506,0.996,0.365,0.936,0.995,0.68,0.457,0.005,0.935,0.977
0.849,0.958,0.832,0.145,0.27,0.586,0.599,0.298,0.624,0.996,0.256,0.18,0.991,0.031,0.048,0.901,0.137,0.004,0.926,0.962,0.829,0.06,0.978,0.006,0.375,0.94,0.211,0.992,0.008,0.994,0.761,0.793,0.993,0.368,1,0.003,0.866,0.896,0.511,0.31,0.998,0.502,0.996,0.664,0.176,0.994,0.673,0.484,0.714,0.772,0.393,0.993,1,0.977,0.846,0.708,0.996,0.004,0.594,0.997,0.36,0.968,0.028,0.986,0.692,0.974,0.167,1,0.436,0.885,0.999,0.86,0.015,0.962,0.996,0.48,0.384,0.682,0.991,1,0.59,0.837,0.027,0.114,0.493,0.01,0.004,0.998,0.119,0.009,0.989,0.016,0.047,0.737,0.223,0.926,0.889,0.004,0.011,0,0.544,0.588,0.007,0.011,0.98,0.789,0.038,0.996,0.966,0.997,0.995,0.967,0.045,0.957,0.999,0.412,0.132,0.996,0.086,0.766,0.998,0.113,0.9,0.002,0.047,0.507,0.9,0.887,0.104,0.971,0.997,0.772,0.341,0.516,0.655,0.794,0.116,0.034,0.944,0.584,0.566,0.996,0.009,0.704,0.969,0.164,0.14,0.031,0.046,0.999,0.983,0.167,0.888,0.898,0.398,0.856,0.001,0.025,0.749,0.63,0.011,0.996,0.966,0.775,0.996,0.991,0.009,0.821,0.839,0.996,0.013,0.11,0.004,0.96,0.977,0.734,0.25,0.989,0.749,0.043,0.005,0.336,0.977,0,0.998,0.928,0.989,0.724,0.771,0.882,0.25,0.946,0.415,0.716,0.029,0.992,1,0.17,0.998,0.956,0.99,0.607,0.061,0.786,1,0.95,1,0.096,0.012,0.023,0.239,0.999,0.998,0.976,0.386,0.976,0.952,0.011,0.247,0.201,0.301,0.996,0.775,0.631,0.781,0.832,0.028,0.273,0.652,0.994,0.84,0.978,0.996,0.959,1,0.817,0.28,1,0.973,0.97,0.454,1,0.37,0.975,0.673,0.608,0.885,0.139,0.965,0.013,0.106,0.24,0.997,0.064,0.759,0.007,0.45,0.936,1,1,0.741,0,0.385,0.913,0.766,0.677,0.026,1,0.932,0.211,0.022,0.358,0.982,1,0.638,0.589,0.005,0.221,0.003
0.991,0.991,0.031,0.784,0.074,0.977,1,0.597,0.666,0.162,0.996,0.486,0.147,0.957,0.978,0.051,0,0.031,0.983,0.944,0.82,0.077,0.938,0.991,0.78,0.939,1,0.993,0.993,0.652,0,0.257,0.012,0.814,0.858,0.943,0.504,0.707,0.944,0.78,0.027,1,0.998,0.619,0.011,0.458,0.452,0.022,0.654,0.994,0.791,0.022,0.191,0.995,0.308,0.481,0.008,0.088,0.406,0.85,0.978,0.996,0.595,0.992,0.835,0.98,0.961,0.416,0.071,0.902,0.862,0.471,0.997,0.996,0.989,0.012,0.443,1,0.977,0.209,0.003,0.725,0.315,0.949,0.286,0.988,0.173,0.247,0.05,0.995,0.998,0.494,0.148,0.926,0.049,0.02,0.891,0.943,0.991,0.009,0.965,0.962,0.006,0.021,0.177,0.055,0.035,0.062,0.001,1,0.988,0.976,0.354,0,0.996,0.674,0.832,0.03,0.106,0.017,0.359,1,0.94,0.019,0.997,0.917,0.603,0.999,0.977,0.001,0.418,0.13,0.864,0.573,0.136,0.822,0.985,0.245,0.691,0.812,0.755,0.007,0.01,0.871,0.129,0.218,0.661,0.624,1,0.14,0.034,0.73,0.873,0.106,0.978,0.042,0.97,0.975,0.132,0.387,0.011,0.991,0.983,0.915,0.996,0.933,0.006,0.944,0,0.008,0.433,0.172,0.897,0.904,0.954,0.729,0.253,0.084,0.099,0.157,0.004,0.863,0.912,0,0.017,0.61,0.007,0.475,0.909,0.629,0.936,0.996,0.166,0.73,0.849,0.996,0.039,0.243,0.985,0.998,0.01,0.379,0.989,0.891,0.961,0.951,0.525,0.001,0.99,0.936,0.968,0.98,0.137,0.442,0.888,0.259,0.91,0.951,0.826,0.426,1,0.758,0.224,1,0.006,0.912,0.077,0.651,0.979,0.996,0.999,0.001,0.011,0.011,0.978,0.351,0.354,1,0.971,0.967,0.395,0.944,0.543,0.095,0.623,0.55,0.551,0.231,0.977,0.605,1,0.116,0.222,0.391,0.436,0.005,0.011,1,0.813,0.541,0.999,0.976,0.878,0.037,0.746,0.887,0.313,0.999,0.919,0.435,0.035,0.156,0.976,1,0.686,0.763,0.003,1,0.982
0.016,0.994,0.941,0.161,0.114,0.714,0.97,0.874,0.53,0.146,0.995,0.011,0.953,0.006,0.984,0.062,0.265,0.996,0.961,0.974,0.267,0.061,0.085,0.99,0.821,0,0.252,0.994,0.031,0.008,0.883,0.931,0.024,0.675,0.907,0.925,0.69,0.42,0.261,0.968,0.999,0.98,0.014,0.642,0.995,0.695,0.676,0.996,0.711,0.993,0.21,0.984,1,0.994,0.26,0.5,0.982,0.969,0.336,0.041,0.005,1,0.999,0.994,0.021,0.002,0.967,0.84,0.14,0.88,0.987,1,0.595,0.995,0.011,0.997,0.44,0.99,0.013,0.049,0.42,0.968,0.158,0.945,0.692,0.005,0.989,0.141,0.036,0.035,0.037,0.058,0.005,0.759,1,0.004,0.901,0.893,0.989,0.929,0.268,0.929,0.006,0.996,0.996,0.008,1,0.01,0,0.998,0.005,0.037,0.971,0.952,0.998,0.53,0.15,0.998,0.13,0.954,0.118,1,0.682,0.883,0.993,0.149,0.693,0.139,1,0.981,0.996,0,0.042,0.418,0.894,0.996,0.207,0.66,0,0.575,0.627,0.996,0.011,0.329,0.002,0.911,0.133,0.953,0.409,0.982,0.005,0.038,0.087,0.998,0.003,0.044,0.963,0.312,0.791,0.366,0.009,0.994,0.293,0.452,0.015,0.999,0.966,0.014,0.939,0.994,0.972,0.96,0.384,0.062,0.945,0.94,0.67,0.359,0.417,0.713,0.01,0.806,0.959,0.927,0.714,0.04,0.004,0.99,0.946,0.61,0,0.007,0.865,0.794,0.02,0.012,0.048,0.991,0.975,0.992,0.324,0.483,0.609,0.775,0.924,0.003,1,0.052,0.997,0.993,0.45,0.125,0.993,0.079,0.973,0.451,0.323,0.998,0.722,0.979,0.15,0.999,0.75,0.959,0.002,0.255,0,0.808,0,0.018,0.988,0.981,0.106,0.015,1,0.4,0.376,0.962,0.001,0.97,0.468,1,0.27,0.868,0.595,0.792,0.753,1,0.973,0.999,0.686,0.901,0.213,0.178,0.976,0.006,0.013,0.34,0.993,1,0.715,0.976,0.016,0.904,0.644,0.787,0.015,0.256,0.446,0.912,0.995,0.794,0.976,1,0.148,0.595,0.15,1,0.934
0.42,0.995,0.013,0.986,0.934,0.444,1,1,0.749,1,0.863,0.787,0.603,0.947,0.049,0.561,0.873,0.014,0.999,0.014,0.815,0.999,0.749,0.888,0.769,0.929,0.222,0.009,0.997,0.009,0.878,0.923,0.369,0.986,1,0.983,0.788,0.849,0.122,0.933,0.201,0.581,0.999,0.962,0.986,0.984,0.647,0.022,0.654,0.013,0.08,0.769,1,0.996,0.415,0.599,0.014,0.682,0.893,0.341,0.008,0.467,0.997,0.994,0.811,0.98,0.001,0.134,0.599,0.899,0.809,0.554,0.997,0.889,0.994,0.998,0.448,0.305,0.023,1,0.605,0.88,0.916,0,0.93,0.976,0.01,0.997,0.997,0.991,1,0.392,0.009,0.904,1,0.004,0.9,0.997,0.01,0.908,0.458,0.944,0.032,0.791,0.169,0.007,1,0.01,0.902,0.063,0.987,0.936,0.976,0,0.999,0.569,0.331,0.998,0.998,0.986,0.833,1,0.943,0.53,0.37,0.876,0.108,1,0.845,0.923,0.973,0.908,0,0.545,0.595,0.985,0.25,0.224,0.008,0.929,0.905,0.992,0.997,0.505,0.98,0.147,0.439,0.88,1,0.984,0.526,0.04,0.914,0.349,0.975,0.046,0.039,0.969,0.014,0.588,0.995,0.005,0.009,0.313,0.016,0.889,0.685,0.027,0.25,0.996,0.023,0.224,0.947,0.736,0.999,0.721,0.238,0.513,0.095,0.047,0.009,0.593,0.005,0.921,0.677,0.161,0.987,0.403,0.03,0.616,0.933,0.992,0.3,0.314,0.978,0.996,0.041,0.199,0.984,0.074,0.006,0.407,0.992,0.489,0.994,0,1,0.005,0.997,0.929,0.777,0.949,0.03,0.995,0.589,1,0.431,0.262,0.455,0.854,1,0.996,0.924,0.982,0.174,0.177,0.741,0.718,0.962,0.666,0.848,0.977,0.99,0.994,0.999,0.605,0.94,0.868,0.976,0.576,0.577,0.999,0.545,0.28,0.946,0.341,0.986,0.117,0.972,0.956,0.699,0.091,0.2,0.096,0.905,0.004,0.021,0.992,0.979,1,0.741,0.965,0.002,1,0.615,0.999,0.997,0.04,0.976,0.661,0.194,0.165,0.04,0.081,0.884,0.649,0.954,1,0.968
0.976,0.018,0.96,0.219,0.8,0.668,0.995,0.998,0.688,0.994,0.997,0.096,0.982,0.002,0.752,0.024,0.893,0.997,0.347,0.04,0.368,1,0.7,0.991,0.681,0.877,0.203,0.995,0.005,0.93,0.831,0.709,0.999,0.276,0.514,0.003,0.423,0.199,0.652,0.679,0.022,1,0.009,0.941,0.993,0.136,0.055,0.999,0.434,0.988,0.943,0.826,1,0.995,0.637,0.563,0.014,0.973,0.921,0.615,0.961,0.031,0.983,0.226,0.019,0.521,0.973,0.773,0.927,0,0.999,0.673,0.024,0.999,0.013,0.996,0.786,0.125,0.016,0.997,0.161,0.848,0.269,0.001,0.219,0.989,0.03,0.998,0.03,0.03,0.057,0.012,0.957,0.843,0.053,0.974,0.901,0.992,0.992,0.926,0,0.49,0.01,0.051,0.985,0.013,1,0.96,0.96,1,0.036,0.066,0.944,0.967,0.086,0.597,1,0.192,1,0.478,0.152,0.23,0.334,0.918,0.99,0.116,0.19,0.214,0.772,0.947,0.996,0.311,0.929,0.566,0.17,0.704,1,0.989,0,0.571,0.507,0.997,0.994,0.673,0.937,0.107,0.129,0.81,0.785,0.018,0.978,0.095,0.87,0.011,0.31,0.039,0.001,0.014,0.074,0.795,0.937,0.008,0.007,0.951,0.285,0.662,0.976,0.013,0,0.537,0.969,0.836,0.942,0.026,0.997,0.823,0.495,1,0.976,1,0.991,0.607,0.974,0,0.991,0.903,0.991,1,0.887,0.867,0.031,0.993,0.703,0.841,0.559,0.014,0.5,0.1,0.057,0.833,0.919,0.442,0.009,0.227,1,0.959,0.999,0.579,0.029,0.996,0.52,0.952,0.983,0.029,0.952,1,0.952,0.644,0.217,0.712,0.971,0.827,0.885,1,0.735,0.881,0.733,0.766,0.965,0.995,0.018,0.974,0.995,0.99,0.869,0.528,0.768,0.974,0.418,0.01,0.318,1,0.155,0.266,0.626,0.483,0.951,0.843,0.945,0.996,0.297,0.833,0.203,1,0.81,0.113,0.105,0.418,1,0.99,0.833,0.003,0.832,0.09,0.902,0.64,0.147,0.104,0.965,0.633,0.333,0.167,0.002,0.976,0.606,0.759,0.947,0.087,0.987
0.197,0.679,0,0.842,0.996,0.414,0.957,1,0.657,0.937,0.019,0.994,0.234,0.932,0.999,0.053,0.903,0.992,0.434,0.973,0.011,1,0.016,0.573,0.519,0.935,0.863,0.016,0.804,0.012,0.828,0.087,0.51,0.009,0.993,0.872,0.247,0.018,0.725,0.971,0.999,0.103,0.503,0.438,0.007,0.045,0.69,1,0.638,0.996,0.118,0.679,0.935,0.725,0.59,0.463,0.012,0.97,0.575,0.985,0.99,0.999,0.999,0.992,0.973,0.043,0.24,0.818,0.064,0.649,0.991,0.998,0.953,0.012,0.996,0.383,0.529,0.707,0.996,0.998,0.006,0.957,0.875,0,0.349,0.986,0.809,0.604,0.862,0.151,0.993,0.016,0.824,0.841,0.998,0.018,0,0.999,0.996,0.022,0.966,0.979,0.323,0.005,0.012,0.995,0.043,0.993,0.218,1,0.018,0.05,0.173,0.952,0.998,0.513,1,0.031,0.107,0.934,0.352,1,0.864,0.002,0.991,0.064,0.903,0.99,0.548,0.586,0.985,0.354,0.791,0.515,0.831,0.488,0.974,0.163,0.918,0.678,0.709,0.005,0.008,0.549,0.659,0.19,0.394,0.953,0.999,0.997,0.985,0.941,0.015,0.04,0.004,0.035,0,0.019,0.058,0.436,0.983,0.005,0.028,0.432,0.998,0.366,0.313,0.943,0.915,0.062,0.475,0.398,0.956,0.712,0.286,0.839,0.129,0.038,0.126,1,0.988,0.725,0.31,0.922,0.984,0.057,0.959,0.981,0.029,0.675,0,0.994,0.647,0.622,0.959,0.991,0.95,0.666,0.994,0.81,0.009,0.608,0.016,0.221,0.834,0.962,1,0,0.996,0.051,0.961,0.878,0.996,0.007,0.955,0.067,0.689,0.989,0.556,0.555,0.074,0.997,0.3,0.624,0.381,0.695,0.029,0.818,0,0.986,0.99,0.975,0.011,0.995,1,0.489,0.131,0.187,0,0.972,0.455,1,0.148,0.155,0.715,0.349,0.149,0.142,0,0.975,1,0.428,0.214,0.066,0.516,0.002,0.013,0.968,0.946,0.996,0.773,0.973,0.023,0.968,0.596,0.677,0.962,0.051,0.282,0.369,0.028,0.982,0.974,0.066,0.985,0.577,0,0.093,0.674
0.997,0.01,0.952,0.941,0.051,0.619,0.951,0.035,0.576,1,0.313,0.994,0.773,0.959,0.051,0.018,0.875,0.995,0.991,0,0.825,0.07,0.815,0.005,0.843,0,1,0.996,0.008,0.99,0.106,0.663,0.659,0.989,0.996,0.441,0.336,0.694,0.408,0.98,0.205,0.227,0.999,1,0.782,0.046,0.691,0.999,0.226,0.992,0.164,0.978,0.974,0.994,0.356,0.475,0.997,0.051,0.02,0.011,0.982,0.518,0.999,0.982,0.058,0.001,0.967,0.42,0.807,0.915,0.152,0.702,0.969,0.01,0.991,0.996,0.331,0.981,0.999,0.059,0.164,0.301,0.661,0.946,0.399,0.011,0.006,0.996,0.021,0.997,1,0.992,0.008,0.45,0.047,0.005,0.911,0.445,0.006,0.949,0.891,0.972,0.008,0.98,0.61,0.986,0.157,0.968,0.844,0.156,0.989,1,0.971,0.955,0.998,0.67,0.494,0.998,0.293,0.969,0.162,0.096,0.37,0.914,0.997,0.055,0.026,0.399,0.383,0.003,0.019,0.623,0.884,0.669,0.862,0.751,0.672,0.007,0.949,0.628,0.625,0.995,0.007,0.675,0.968,0.023,0.227,0.912,0.049,0.997,0.984,0.971,0.843,0.989,0.969,0.037,0.002,0.383,0.903,0.572,0.031,0.007,0.984,0.328,0.011,0.549,0.011,0.658,0.42,0.091,0.597,0.935,0.94,0.167,0.593,1,0.601,0.246,0.956,0.047,0.005,0.506,0.303,0.91,0.372,0.937,0.898,1,0.285,0.799,0.927,0.003,0.312,0.185,0.001,0.009,0.108,1,0.996,0.105,0.074,0.648,0.987,0.679,0.318,0.061,0.11,0.702,0.98,0.707,0.984,0.879,0.007,0.356,0.988,0.225,0.01,0.991,0.424,0.781,0.204,0.898,0.156,0.339,0.072,0.895,0.743,0.05,0.029,0.011,0.013,0.941,0.664,0.995,0.63,0.389,0.935,0.196,0.976,0.967,0.599,0.085,0.125,0.994,0.976,0.971,0.199,0.157,0,0.998,0.461,0.955,0.22,0.873,0.732,0.009,0.993,0.859,0.981,1,0.876,0,0.819,0.983,0.728,0.799,0.914,0.978,0.976,0.669,0.999,0.642,0.977,0.992,0.426,0.759,0.736,0.097,0.984
0.999,0.998,0.954,0.993,0.859,0.185,0.94,1,0.58,0.336,0.012,0.023,0.011,0.962,0.045,0.137,0.891,0.012,1,0.004,0.018,1,0.91,0.987,0.79,0,0.201,0.992,0.326,0.994,0.882,0.788,0.195,0.993,0.304,0.978,0.5,0.733,0.258,0.376,0.998,0.271,0.998,0.975,0.052,0.996,0.682,0.892,0.641,0.009,0.075,0.998,1,0.02,0.327,0.684,0.985,0.981,0.573,0.006,0.826,0.989,0.995,0.998,0.977,0.976,0.096,0.968,0.957,0.81,0.634,0.92,0.017,0.997,0.015,0.996,0.625,0.128,0.999,0.958,0.002,0.45,0.062,0.956,0.487,0.006,0.03,0.998,0.588,0.006,0.368,0.997,0.068,0.367,0.028,0.205,0.907,0.629,0.003,0.04,0.958,0.518,0.996,0.998,0.991,0.982,0.999,0.957,0,1,0.01,0.468,0.004,0,0.997,0.578,0.98,0.029,0.108,0.982,1,1,0.987,0.026,0.128,0.999,0.422,0.261,0.143,0.977,0.995,0.868,0,0.531,0.795,0.899,0.991,0.992,0.95,0.634,0.776,0.99,0.008,0.626,0.975,0.747,0.919,0.856,0.039,0.017,0.013,0.044,0.217,0.985,0.091,1,0.964,0.997,0.738,0.58,0.161,0.245,0.961,0.795,0.345,0.107,0.02,0.511,0.931,0.009,0.127,0.925,0.945,0.96,0.706,0.838,0.123,0.111,0.077,0.042,0.01,0.911,0.187,0.304,0.413,0.942,0.124,0.543,0.37,0.682,0.93,0.995,0.323,0.059,0.964,0.015,0.785,0.253,0.108,0.99,0.013,0.805,0.939,0.389,0.753,0,0.064,0.721,0.995,0.595,0.997,1,0.013,0.535,0.5,0.078,0.408,0.973,0.905,0.839,0.403,0.997,0.931,1,0.083,0.19,0.767,0.845,0.009,0.585,0.08,0.005,0.996,0.99,0.996,0.6,0.146,0.991,0.961,0.962,0.411,0.991,0.609,0.826,0.728,0.527,0.772,0.148,0.945,0.998,0.074,0.298,0.966,0.977,0.388,0.003,0.902,0.997,0.971,0.312,0.715,0,0.359,0.411,0.746,0.681,0.99,0.999,0.044,0.648,0.999,0.162,0.971,1,0.336,0.265,0,1,0.986
0.983,0.011,0.948,0.839,0.861,0.48,0.92,0.029,0.573,0.136,0.488,0.007,0.004,0,0.99,0.973,0.892,0.015,0.752,0.973,0.286,0.058,0.582,0.006,0.548,0.941,0.999,0.988,0.996,0.994,0.887,0.461,0.291,0.991,1,0.989,0.976,0.33,0.442,0.048,0.997,0.116,0.018,1,0.992,0.584,0.284,0.937,0.639,0.008,0.071,0.999,0.998,0.998,0.783,0.458,0.019,0.963,0.528,0.988,0.6,0.979,0.187,0.014,0.76,0.971,0.973,0.867,0.929,0.897,0.967,0.872,0.996,0.124,0.963,0.997,0.748,0.666,0.992,0.052,0.004,0.522,0.509,0.951,0.811,0.002,0.849,0.056,0.836,0.054,0.998,0.996,0.003,0.899,1,0.033,0.116,0.758,0.993,0.001,0.975,0.968,0.01,0.01,0.053,0.995,0.038,0.968,0.008,0.073,0.984,0.792,0.928,0.957,0.01,0.408,0.159,0.993,0.13,0.027,0.265,0.11,0.47,0.9,0.292,0.991,0.52,0.956,1,0.008,0.98,0.766,0.919,0.422,0.718,1,0.99,0.083,0.125,0.547,0.545,0.011,0.008,0.832,0.927,0.915,0.297,0.851,0.035,0.999,0.98,0.008,0.033,0.996,0.968,1,0.973,0.951,0.743,0.623,0.012,0.007,0.557,0.714,0.027,0.742,0.991,0.128,0.932,0.153,0.966,0.962,0.943,0.971,0.984,0.747,0.383,0.031,1,0.046,0.984,0.701,0.959,0,0.42,0.885,0.004,0.423,0.494,0.724,0,0.994,0.866,0.882,0.001,0.005,0.046,0.171,0.995,0.391,0.485,0.574,0.889,0.762,0.646,0.959,1,0.839,0.996,0.973,0.063,0.922,0.011,0.997,0.012,0.068,0.909,0.013,0.56,0.724,1,0.032,0.689,0.491,0.132,0.476,0.757,0.858,0.278,0.101,0.012,0.974,0.015,0.268,0.98,0.651,0.932,1,0.027,0.301,0.46,0.991,0.615,0.627,0.845,0.741,0.792,0.135,0.969,0.998,0.366,0.898,0.203,0.463,0.384,0.988,0.989,0.732,0.648,0.942,0.651,0,0.051,0.928,0.793,0.531,0.034,1,0.965,0.436,0.988,0.493,0.981,1,0.248,0.698,0.924,0.968,0.981
0.997,0.996,0.94,1,0.057,0.331,0.983,0.994,0.691,0.918,0.155,0.966,0.755,0.001,0.255,0.981,0.853,0.01,0.931,0.961,0.544,1,0.063,0.986,0.941,0,0.223,0.009,0.012,0.011,0.002,0.775,0.994,0.264,0.586,0.98,0.995,0.815,0.75,0.239,0.959,0.99,0.924,0.778,0.006,0.379,0.066,0.379,0.593,0.995,0.243,0.788,1,0.724,0.655,0.86,0.998,0.31,0.004,0.991,0.734,0.98,0.998,0.987,0.03,0.001,0.505,0.88,0.846,0.896,0.975,0.86,0.998,0.999,0.048,0.991,0.502,0.506,0.991,0.429,0.707,0.968,0.928,0.949,0.646,0.004,0.032,0.379,0.131,0.992,0.992,0.998,0.279,0.104,0.046,0.985,0.919,0.981,0.051,0.002,0.002,0.015,0.013,0.459,0.966,0.994,1,0.955,0.014,0.056,0.997,1,0.89,0,0.019,0.693,0.589,0.996,0.103,0.996,0.314,1,0.815,0.922,0.995,0.98,0.775,0.16,0.972,0.015,0.999,0.366,0,0.419,0.405,0.435,0.855,0.994,0.308,0.529,0.974,0.995,0.998,0.501,0.965,0.912,1,0.589,0.045,0.012,0.009,0.029,0.928,0.998,0.92,1,0,0.997,0.041,0.166,0.018,0.014,0.41,0.647,0.993,0.884,0.994,0.141,0.024,0.998,0.055,0.257,0.935,0.313,0.951,0.792,0.515,0.246,0.834,0.102,0.99,0.493,0.973,0.931,0.98,0.959,0.894,0.934,0.235,0.581,0,0.005,0.872,0.765,0.001,0.997,0.883,0.127,0.031,0.574,0.011,0.898,0.892,0.478,0.909,0.001,0.842,0.394,0.009,0.984,1,0.999,0.012,0.018,0.992,0.999,0.596,0.009,0.588,0.856,0.112,0.014,0.867,0.352,0.734,0.85,0.771,0.435,0.034,0.995,0.015,0.969,0.996,0.015,0.922,0.426,0.222,0.191,0.97,0.001,0.386,0.997,0.546,0.823,0.615,0.256,0.999,0.273,0,0.999,0.16,0.297,0.205,0.995,0.75,0.938,0.015,0.853,1,0.998,0.841,0.001,0.047,0.206,0.59,0.554,0.012,1,0.072,0.567,0.313,0.379,0.381,0.944,0.212,0.334,0.938,0.088,0.986
0.988,0.011,0,0.367,0.931,0.192,0.562,0.999,0.576,0.91,0.575,0.961,0.701,0.957,0.953,0.536,0.89,0.011,0.46,0.009,0.003,1,0.617,0.894,0.821,0,0.987,0.995,0.995,0.995,0.104,0.512,0.998,0.011,0.997,0.988,0.626,0.945,0.74,0.982,0.782,0.805,0.997,0.867,0.992,0.974,0.69,0.299,0.809,0.998,0.282,0.998,0.999,0.995,0.76,0.421,0.992,0.973,0.537,0.323,0.007,0.056,0.015,0.205,0.999,0.968,0.979,0.926,1,0.569,0.897,0.692,0.01,0.014,0.046,0.993,0.541,0.138,0.974,0.891,0.267,0.5,0.309,0,1,0.004,0.331,0.964,0.793,0.016,0.999,0.994,0.988,0.679,0.038,0.017,0,0.992,0.992,0.951,0.973,0.786,0.008,0.673,0.157,0.998,1,0.478,0.933,0.418,0.995,0.061,0.965,0.945,0.575,0.487,0.107,0.992,1,0.5,0.826,1,0.472,0.882,0.999,0.894,0.908,0.26,0.25,0.98,0.999,0.024,0.93,0.43,0.43,0.849,0.83,0.008,0.945,0.525,0.742,0.994,0.425,0.527,0.212,0.241,1,0.893,1,0.999,0.972,0.98,0.94,0.408,0.201,0.031,0.002,0.998,0.801,0.309,0.994,0.009,0.667,0.669,0.075,0.574,0.006,0.997,0.929,0.042,0.971,0.325,0.535,0.612,0.585,0.116,0.128,0.962,0.192,0.037,0.004,0.26,0.906,0.686,0.993,0.572,0.881,0.391,0.944,0.796,0.945,0.008,0.646,0.6,0.065,0.994,0.999,1,0.052,0.997,0.993,0.976,0.007,0.385,0.352,0.96,0.453,0.797,0.995,0.461,0.98,0.074,0.86,0.876,0.641,0.212,0.94,0.412,0.239,0.718,1,0.999,0.295,0.847,0.632,0.264,0.715,0.875,0.969,0.01,0.876,0.968,0.01,0.993,0.509,0.427,0.209,0.986,0.958,0.965,0.624,1,0.152,0.984,0.849,0.258,0.685,0.273,0.001,0.999,0.122,0.833,0.913,0.077,0.636,0.991,0.65,0.977,0.992,0.268,0.949,0.976,0.345,1,0.744,0.774,0.992,0.042,0.159,0.968,0.957,0.772,0.219,0.999,0.17,0.315,0.947,1,0.803
