0.997,0.48,0.462,0.963,0.92,0.78,1,0.999,1,0.992,0.175,0.231,0.992,0.012,0.485,0.771,0.532,0.218,0.61,1,1,0.061,0.961,0.795,0.217,0.018,0.753,1,0.956,0.276,0.722,0.623,0.987,0.98,0.864,0.006,0.942,1,0.192,0.429,1,0.006,0.01,0.748,0.001,1,1,1,0.75,0.888,0.053,0.987,0.998,0.53,0.694,0.71,0.469,1,1,0.397,0.999,0.503,0.994,0.69,0.127,0.612,0.954,0.249,0.804,0.775,0.873,0.634,0.892,0.01,0.962,0.967,1,0.956,1,0.916,0.602,0.327,0.641,0.19,0.627,0.815,0.962,1,0.91,0.175,1,0.827,0.931,0.612,1,0.257,0.719,0.047,1,0.323,1,0.958,0.273,0.507,1,0,1,0.978,0.004,0.482,0.291,0.342,0.871,0.02,1,0.363,0.999,0.406,0.895,0.814,0.019,0.935,0.089,0.041,0.32,0.494,0.987,0.914,1,0.986,0.55,0.506,0.246,0.624,0.973,0.054,0.767,0.794,0.257,0.494,0.793,0.899,0.995,0.155,0.809,0.001,0.986,0.563,0.645,0.955,0.169,0.954,0.669,0.005,1,0.995,0,1,0.535,0.324,0.7,1,0.066,0.795,0.039,0.047,0.979,0.865,0.847,0.468,1,0.852,0.292,0.83,1,0.233,0.932,0.044,0.834,0.104,0.691,0.999,0.098,0.947,0.993,0.67,0.993,1,0.964,0.506,0.999,0.923,1,0.959,0.877,0.307,0.001,0.988,0.059,0.924,1,0.617,0.194,0.021,1,0.639,1,0.459,1,0.005,0.995,0.996,0.293,1,0.002,1,0.678,0.013,0.186,0.919,0.997,0.868,0.999,0.927,0.998,0.415,0.166,0.983,0.088,0.999,0.502,0.582,0.895,0.159,0.667,0.445,0.919,0.932,0.006,1,0.268,0.872,0.245,0.504,1,0.542,0.969,0.555,0.954,1,0.494,0.666,0.539,0.925,1,0.906,0.614,0.98,0.238,1,0.714,0.331,1,0.638,1,0.986,0,0.499,0.98,0.529,1,0,1,1,0.998,0.348,0.787,0.998,0.546
1,0.436,0.357,1,0.11,0.828,1,0.073,0.675,0.363,0.615,0.702,0.132,0.412,0.311,0.99,0.487,1,0.546,1,0.602,0.315,0.996,0.054,1,0.991,0.429,0.005,0.758,0.173,0.992,0.293,0.899,0.92,0.74,1,0.97,0.166,0.129,0.989,0.993,1,1,0.429,0.999,0.595,1,1,0.304,0.748,0.987,0.995,1,1,0.594,0.934,0.56,0.283,0.409,1,0,0.153,0.026,1,0.572,0.157,0.691,0.493,0.181,0.972,0.755,0.599,0.596,0.86,0.855,0.125,0.349,1,0.005,0.906,0.569,0.963,0.997,0.999,0.751,0.45,0.15,0.021,0.025,0.001,1,0.957,0.989,0.414,1,0.057,0.932,1,0.517,0.994,0.015,0.992,0.019,1,0.398,1,0.945,0.327,1,0.023,0.795,0.785,1,0.56,0.903,0.471,0.865,0.823,0,0.596,0.995,0.444,0.242,0.92,1,0.886,0.065,0.9,1,0.947,0.975,0.504,0.278,0.421,0.938,0.262,1,0.476,0,0.737,1,0.991,0,0.61,0.275,0.999,0,1,0.599,0.171,0.94,1,0.968,0.79,1,1,0.956,0,0.832,0.063,0.24,0.86,1,0.928,1,0.037,0.795,1,0.14,0.876,0.758,0.345,0.951,1,1,0.993,0.467,0.581,0.343,0.694,0.787,0.759,1,0.854,0.124,0.821,0.526,0.859,1,0.31,1,0.911,0.989,1,0.001,1,0.682,0.44,0.837,0.215,0.742,0.436,0.653,0.991,1,0.905,0.799,0.775,1,0.937,0.873,0.001,0.003,1,1,0.025,1,0.952,0.957,0.729,1,0.937,0.373,0.987,0.865,0.829,1,0.723,0.606,0.897,0.713,0.994,0.195,1,0.562,0.532,0.362,0.663,0,1,0.733,1,0.105,0.018,0.021,0.998,0.4,0.349,0.001,0.281,0.877,0.579,0.499,0.487,0.984,0.975,0.876,0.408,0.893,1,1,0.999,0.302,0.725,0.92,0.622,0,1,1,0.376,0.239,0.999,0.125,0.889,0.984,0.452,0.982,0.631,0.999
0.488,0.998,0.479,0.944,1,0.082,0.466,0.154,0.519,0.994,0.613,0.066,0.593,0,0.462,0.102,0.999,0.493,0.87,0.036,0.99,0.878,0.506,0.995,0.671,1,0.653,1,1,0.783,0.986,0.886,0.986,0.975,0.978,0.583,0.94,0.978,0.184,0.689,1,0.9,1,0.997,0.818,0.953,1,1,0.187,0.944,1,0.442,0.002,1,0.528,0.312,0.999,0.067,0.55,0.895,0.509,1,1,1,0.659,0.935,0.912,0.001,0.23,0.875,0.006,0.485,1,0.005,1,1,0.715,0.954,0.048,0.986,0.799,0.733,0.882,0.993,0.784,0,0.425,0.633,0.982,0.949,0.927,1,0.54,0.536,1,0.998,0.951,0.999,0.282,0,0.639,1,0.305,0.964,0.147,0.948,0.37,0.919,0.637,1,0.445,0.857,0.734,0.902,1,0.37,0.912,0.528,0.9,0.955,0.027,0.287,0.943,1,0.985,0.2,0.201,1,0.651,0.074,0.89,0.505,0.444,1,0.702,0.334,0.964,0.5,1,0.992,0.515,0.039,0,0.65,0.542,0.001,1,0.995,0.998,0.767,0.928,0.002,0.633,0.528,0.961,0.482,0.001,1,0.893,0.076,0.631,1,1,1,1,0.09,0.773,0.998,1,0.015,0.999,0.721,1,0.841,1,0.798,0.472,0.89,0.278,0.26,0.411,0.998,0.241,0.067,0.026,0.932,0.344,1,0.965,0.667,0.076,0.753,0.176,0.715,0.995,0.995,1,0.11,1,0.576,1,0.421,0.027,1,0.036,0.327,0.605,0.422,1,0.831,0.572,0.982,0.941,0.978,1,0.801,0.691,0.875,0.369,0.363,1,0.934,0.231,0.757,0.79,1,0.999,0.777,0.991,1,0.273,1,0.999,0.716,0.76,0.78,0.973,0.207,0.86,1,0.608,0.975,0.3,0.185,0.935,0.925,0.802,0.297,0.814,1,0.491,0.831,0.298,0.805,0.679,0.795,0.088,0.436,0.735,0.019,0.86,0.009,0.973,0.59,0.788,0.687,0.955,0.992,1,0.104,0.971,0.451,0.999,1,0.985,0.49,0.248,0.056,0.77
0.142,1,0.592,0.004,1,0.012,0.661,1,0.693,0.543,0.96,0.007,0.534,1,0.59,0.996,0.784,1,0.533,0.997,0.772,1,0.96,0.024,0.854,1,0.044,0.835,0,1,0.878,0.992,1,1,0.039,0.194,0.188,0.102,0.72,1,1,0.993,0.953,0.775,1,0.991,0.279,1,0.48,0.716,0.969,1,0.999,0.022,0.468,1,0.99,0.842,0.098,0.732,0.679,1,0,0.002,0.555,0.969,1,0.33,0.78,0.619,0.969,0.99,0.81,0.823,0.999,1,0.998,0.749,0.148,0.41,0.155,0.852,0.68,1,0.79,1,0.892,0.037,0.104,0.996,1,0.192,0.146,0.448,0,1,0.348,0.371,0.77,0.001,0.929,0.455,0.975,0.837,0.007,0.948,0.283,0.955,0.989,0.997,1,0.112,0.089,1,1,0.551,0.538,0.568,0.985,0.157,0.087,0.92,0.902,0.692,0.997,0.479,0.287,0.198,1,0.047,0.961,0.955,0.359,0.961,1,0.999,0.285,0.712,1,0.707,0.938,1,0.139,0.572,0.938,1,0.024,0.364,0.791,0.28,0.855,0.234,0.418,1,1,0.95,0.11,0.234,0.58,0.877,0.382,0,0.993,0.61,0.077,0.84,0.668,0,0.921,0.925,0.993,0.865,0.092,0.967,0.82,0.436,0.246,0.448,0.481,0.127,0.928,0.939,0.738,0.105,0.233,0.713,0.002,0.932,0.555,0.814,0.957,0.974,0.865,0.908,0.128,1,0.82,0.283,0.282,0.608,0.998,0.544,0.371,0,0.067,0.287,0.807,0.516,0.191,0.003,0.436,0.016,1,1,1,0.871,0.505,0.864,0.547,0.314,0.895,0.009,0.074,1,1,0.556,0.911,0.554,0.224,0.213,0.917,0.03,0.005,0.974,0.446,0.178,0.664,0.971,0.003,1,0.458,0.614,0.121,0.074,0.196,0.676,0.494,0.539,0.039,0,0.027,0.101,0.282,0.221,0.931,0.984,0.182,0.951,1,1,0.687,0.512,1,0.473,0.682,0.802,0.906,0.989,0.983,0.085,0.027,0,0.54,1,1,0.858,0.679,0.015,0.605
0.533,0.819,0.542,0.47,0.993,0.606,0.788,0.963,0.362,0.25,0.956,0.757,0.228,1,0.379,0.877,0.383,0.955,0.417,0.918,0.908,0.808,0.176,0.897,0.702,0.108,0.538,0.71,0.998,0.322,0.419,0.172,0.036,0.252,0.885,0.02,0.922,0.426,0.637,0.793,1,0.282,0.995,0.936,1,0.8,0.998,0,0.55,0.981,0.631,0.657,0.079,0.217,0.358,0.522,0.939,0.619,0.749,0.878,0,0.91,0.988,0.866,0.139,0.985,0.601,0.061,0.96,0.593,0.57,0.69,0.788,1,0.183,1,0.66,0.129,0.575,1,0.588,1,0.545,0.014,0.548,0.414,0.94,0.989,0.641,0.979,1,0.029,0.001,0.88,0.996,0.406,1,0.007,0.646,0.918,1,1,0.054,0.914,0.238,0.957,0.741,0.085,0.999,0.003,1,0.877,0.978,0.12,0.071,0.371,0.859,0.973,1,0.041,0.104,1,0.995,0.987,1,0.519,1,0.983,0.173,1,0.995,0.148,0.494,0.92,0.835,0.598,0.818,0.246,1,0.668,0.854,0.812,0,0.373,0.818,0.191,0.248,0.954,0.651,0.678,0.996,0.14,0.918,0.393,0.726,0.525,0.185,1,0.335,0.522,0.694,0.612,0.671,0.751,0.957,0.996,0.768,0.989,0.983,0.78,0.008,0.098,1,0.436,0.575,0.602,0.698,0.133,0.996,0.019,0.079,0.993,0.062,0.077,0.901,0.993,0.83,1,0.843,0.766,0.104,0.99,0.676,0.999,0.995,0.138,1,0.282,0.459,0.359,0.917,0.407,0.041,0.865,0.999,0.989,0.797,0.353,1,0.744,0.609,1,0.38,0.977,1,0.949,0.757,1,0.18,0.349,0.003,0.994,0.909,0.049,0.02,0.756,0.064,0.755,0.114,0.987,0.708,0.983,0.995,1,0.336,0.559,1,0.994,0.716,0.997,0.502,0.759,0.401,0.927,0.964,0.817,0.88,0.149,0.999,0.996,0.74,0.58,0.423,0.093,0.506,0.872,0.371,0.863,0.742,1,0.609,0.978,0.687,0.551,0.724,0.3,0.349,0.988,1,0.612,1,0.006,0.88,0.42,0.314,0.752,0.375,0.094,0.868
0.819,0.094,0.546,1,0.903,0.98,0.191,0.483,0.915,0.956,1,0.86,0.679,0.168,0.173,0.449,0.341,0.01,0.61,0.954,0.999,0.858,1,0.214,0.919,0.001,0.419,0.999,0,0.752,0.691,0.826,0.674,1,0.979,0.035,0.02,0.077,0.41,0.323,1,1,0.537,0.653,0.014,0.478,1,1,0.39,0.531,0.156,0.011,1,1,0.535,0.241,0.935,0.127,0.102,1,1,0.819,0.231,0.876,0.902,0.683,0.998,0.532,0.899,0.537,0.99,0.324,0.632,0.148,0.098,0.866,0.143,0.945,0.994,0.769,0.555,0.967,0.48,0.644,0.989,0.055,0.706,0.983,0.696,0.497,0.959,1,0,0.499,1,1,0.02,1,0.21,0.11,0.179,0.999,0,0.443,0.897,0.478,0.007,0.047,0.705,0.951,0.001,0.489,0.042,0.609,1,0.358,0.775,0.456,0.002,0.727,0.921,0.042,0.992,0.986,0.991,1,0.491,0.216,0.576,0.051,0.228,0.764,0.644,0.666,1,1,0.387,0.994,1,0.637,0.349,0.867,1,0.408,1,0.829,1,0.917,0.578,1,1,0,0.995,0.961,0.052,0.004,1,0.999,1,0.814,0.428,0.264,0.984,0.943,0.011,0.902,0.999,0.925,0.853,1,0.642,0.541,0.322,0.929,0.962,1,0.833,0.374,0.046,0.664,0.529,0.682,0.714,0.092,0.802,0.349,0.832,0.999,1,0.744,0.155,1,0.869,0.032,0.319,0.06,0.209,0.902,0.907,0.427,1,0.546,0.731,1,0.932,0.383,0.329,0.114,0.224,1,0.674,1,1,0.532,0,0.959,0.855,0.018,0.965,0.991,1,0.683,0.242,0.999,0.033,0.714,0.121,0.743,0.823,0.927,1,0.999,1,1,0.205,0.224,0.904,0.05,0,1,0.498,1,0.635,0.834,0.276,0.664,0.828,0.092,0.844,0.944,0.542,0.878,0.483,0.99,0.679,0.866,0.983,0.762,1,1,0.925,1,0.855,0.403,1,0.963,0.001,1,1,1,0.924,0.793,0.018,0.003,1,0.358,0.881,0.895,0.988
0.996,0.935,0.709,0.95,0.907,0.364,0.777,0.993,0.944,0.922,0.786,0.407,0.189,0.198,0.225,1,0.988,0.101,0.584,0.818,0.979,0.142,1,0.226,0.794,0.044,0.772,0.976,0.003,0.509,0.998,1,0.716,0.059,0.955,0.458,0.967,0.832,0.322,0.567,1,0.969,0.017,0.8,0.003,0.999,0.004,0,0.56,0.995,0.002,0.937,0.73,0,0.657,1,0.096,0.997,0.736,1,0.669,0.847,1,0.978,0.444,1,0.775,0.999,0.127,0.999,0.964,0.462,1,1,0.308,0.995,0.961,0.624,0.002,1,0.909,0.779,0.499,0.009,0.537,0.445,0.269,1,0.122,1,0.535,1,1,0.473,1,0.998,0.01,0.819,0.781,1,0.993,0.891,0,0.083,0.985,0.008,1,0.97,0.013,0.78,0.055,1,0.48,0.07,1,0.552,0.192,0.983,0.003,0.771,0.625,0.474,0.973,0.547,0.049,0.717,0.948,0.825,0.404,1,0.614,0.707,0.796,0.997,0.921,0.987,0.714,0.767,0.002,0.337,0.098,1,1,0.964,0.894,0.001,0,0.314,0.61,0.022,0.996,0.683,0.291,0.367,0.059,0.88,0.991,1,0.964,0.513,0.353,0.192,0.007,0.849,0.93,1,0.266,0.07,0.09,0.579,0.83,0.996,0.271,0.181,0.558,0.834,0.587,0.484,0.723,0.99,0.598,1,0.168,0.998,0.995,1,0.604,0.189,0.263,0.358,1,0.999,0.322,0.677,0.993,0.933,0.365,1,0.015,0.788,0,0.859,0.998,1,0.962,0.939,1,0.645,0.999,0.971,0.436,0.037,0.996,0.816,1,0.998,0.388,0.844,0.584,0.748,1,0.561,1,0.831,0.047,0.923,0.48,0.816,0.592,0.996,0.335,0.998,0.615,0.405,0.59,0.404,0.678,0.999,0.028,0.963,0.326,0.557,0.514,0.976,1,0.344,0.084,0.634,0.988,0.628,0.99,0.167,0.368,0.871,0.578,1,0.081,0.56,0.858,0.979,0.919,0,1,0.639,1,1,0.005,0.489,0.979,0.651,0.987,0,0.023,1,1,0.837,0.341,0.007,0.321
0.986,0.999,0.62,0.999,0.837,0.067,1,0.811,1,0.763,1,0.972,0.267,0.999,0.391,0.555,0.269,0,0.614,0.005,1,0.106,1,0.007,0.94,0.4,0.824,0.431,0.997,0.838,0.111,0.997,0.997,0.845,1,0.014,0.619,0.973,0.521,0.986,0.117,0.568,0.002,1,0.008,0.854,1,0.999,0.388,0.995,0.999,0.418,0.995,1,0.706,0.681,0.781,0.408,0.881,0.341,0.065,0.083,0.981,1,0.157,0.79,0.991,0.004,0.615,0.45,0.819,0.578,0.922,0.648,0.961,1,0.925,0.735,0.983,1,0.729,0.597,0.865,1,0.056,0.237,0.044,0.072,0.781,0.064,0.283,1,0.913,0.513,1,0.018,0,1,0.733,0,0.987,1,1,0.07,0,0.751,0.917,0.774,0.225,0.896,0,0.926,0.952,0.136,1,0.511,0.28,1,0.193,0.763,0.75,0.996,0.204,0.718,1,0.069,0.686,1,0.964,0.46,1,0.615,0.588,1,1,0.482,0.252,0.573,0.892,0.249,0.202,0.273,0.616,0.849,0.47,0.645,0.004,0.517,0.611,0.698,0.304,0.001,0.591,0.779,0.749,0.982,1,0.053,0.825,0.952,0.566,1,0.993,0.713,0.834,0.945,0.455,1,1,0.918,0.932,0.18,0.994,0.991,0.932,0.103,0.664,0.084,0.923,0.825,0.745,0.601,0.487,0.181,0.01,0.695,0.173,0.801,0.018,0.169,1,0.225,0.722,0.626,0.011,0.957,0.999,0.824,0.939,0.427,0.651,0.669,0.029,0.005,1,0.096,0.195,0.106,0,0.005,0.27,0.063,0.999,0.998,1,0.07,0.435,0.068,0.785,0.355,0.996,0.854,0.733,0.883,1,0.6,0.732,0.059,0.953,0.961,0.711,0.016,1,0.405,0.999,0.469,0.641,0.824,0.635,0.947,0.477,0.598,0.589,0.05,1,0.627,0.809,0.411,1,1,0.295,0.066,0.31,0.059,0.688,0.999,0.952,0.745,0.679,1,0.474,0.982,0.999,0.677,0.965,0.203,0,0.974,0.966,0.184,1,0.585,0.771,1,1,0.503,0.993,0.239,0.406
0.688,0.007,0.446,0.51,1,0.798,0.805,0.921,0.865,0.693,0.712,0.775,0.802,1,0.389,0.609,1,0.996,0.919,0.403,1,0.682,0.232,0.03,0.284,0.857,1,0.944,1,0.098,0.936,0.794,0.877,0.112,0.995,0.274,0.504,0.345,0.545,0.932,0.006,1,1,0.761,0.191,0.907,0.992,1,0.532,0.646,0.041,1,0.735,1,0.578,0.916,0.149,0.043,0.439,0.995,1,0.974,1,1,0.491,0.981,0.58,0.031,0.797,0.759,0.892,0.544,1,0.949,0.34,0.607,0.562,0.552,0.877,0.47,0.548,0.956,0.96,1,0.433,0,0.74,0.908,0.024,0.004,0.114,0.034,1,0.374,0,0.624,0.043,0.99,0.898,0.727,0.327,0.941,0.921,0.939,0.576,0.021,0.014,0.452,0.705,0.697,0.982,0.667,1,0.787,1,0.401,0.272,0.998,0.694,0.037,0.238,0.9,0.169,0.011,0.298,0.318,1,0.698,0.889,0.58,1,0.61,0.195,0.955,0.891,0.943,0.266,0.358,1,0.731,0.31,1,1,0.695,0.974,0.001,0.999,1,0.802,0.654,0.055,0.147,0.37,1,0.359,0.956,0.175,0,0.218,1,0.278,0.997,0.955,0.686,1,1,0.669,0.95,0.668,0.058,0.444,0.631,0.498,0.105,0.887,0.5,0.958,0.977,1,0.531,0.145,0.545,0.999,0.787,0.01,0.553,0.718,0.989,0.948,0.998,0.006,0.329,0.999,0.244,1,0.165,0.002,0.049,1,0.702,1,0.622,0.585,0.131,1,0.432,0.887,0.507,1,0.831,0.939,0.957,0.99,0.991,1,1,0.496,0.937,0.792,0.282,0.791,1,0.278,0.966,0.618,0.536,0.291,0.137,0.996,0.97,0.049,0.083,0.891,0.016,0.673,0.381,0.584,0.999,0.998,0.994,0.28,1,0.595,0.985,0.599,0.899,0.856,0.098,0.982,0.036,0.112,0.143,0.47,1,0.605,0.112,0.509,0.556,0.996,0.006,0.243,0.057,0.534,0.885,0.714,0.341,0,0.966,0.669,0.689,0.994,0.009,1,0.022,0.99,0.999,1,1,1
1,0.982,0.396,0.758,0,0.31,0.629,1,1,1,1,1,0.181,0.992,0.319,0.621,0.529,0.997,0.509,0.231,0.033,0.9,1,0.985,0.589,0.857,0.68,0.915,0,1,0.212,0.205,1,0.41,1,0.103,1,1,0.596,1,0.003,0.726,1,0.894,0.187,0.514,0.002,1,0.29,0.717,0.551,1,0.576,0.926,0.679,0.358,1,0.072,0.426,0.024,0.972,0.993,1,1,0.828,0.623,0.999,0.463,0.991,0.983,1,0.698,0.971,0.216,0.6,0.864,0.575,1,1,0.789,0.246,0.815,0.997,0.353,0.179,0.975,0.998,0.996,0.825,0.878,0.999,0.988,0.035,0.433,0,0.36,0.767,1,0.463,0.852,1,0.793,1,0.277,0.998,0.224,0.328,0.978,0.632,0.998,0.876,1,0.806,0.778,0.925,0.592,0.736,0.595,0.005,0.96,0.971,0.992,0.503,0.358,0.002,0.03,0.074,0.992,0.052,0.907,0.861,0.728,0.516,0.879,1,0.714,0.431,0.999,0,0.509,0.971,0.083,1,0.383,0.2,1,0,0.466,0.647,0.004,0.182,0.06,0.999,0.009,0.037,0.883,0.276,0.194,0.702,0.906,0.614,0.756,1,0.975,0.81,1,0.065,0.001,0.994,0.778,0.14,0.707,0.637,0.906,0.702,1,0.615,0.869,0.019,0.996,0.55,1,1,0.648,0.667,0.815,0.259,0.697,0.349,0.574,0.988,0.723,0.999,0.005,0.943,1,0.039,1,0.868,0.266,0.644,0.622,0.881,0.968,1,0.985,0.572,0.128,0.726,0.795,0.334,1,0.056,0.585,0.876,0.787,0.496,0.974,0.749,0.716,1,1,0.407,0.914,0.008,0.781,0.136,0.876,0.669,0.894,0.644,1,0.28,0.498,0.931,0.627,0.796,0.286,0.347,1,0.146,0.646,0.079,0.658,1,0.317,1,0.599,0.987,0.722,0.017,0.62,0.271,0.259,0.348,0.016,0.245,0.352,0.994,1,0.998,0.147,0.63,0.481,0.991,1,0.987,1,0.999,0.841,0.569,0.997,0.308,1,0.93,0.233,0.018,0.032,0.972
0.902,0.76,0.559,0.01,0,0.99,0.919,1,0.271,0.757,0.613,0.984,0.788,0.971,0.481,0.327,0.647,1,0.645,0.967,0.122,0.617,0.526,0.186,0.732,0.439,0.988,0.984,0,0.999,1,0.533,0.662,0.988,0.973,0.999,0.121,0.156,0.997,1,0.785,0.55,1,0.922,0.839,0.896,1,1,0.355,0.367,0.842,0.642,0.996,1,0.986,0.996,0.778,0.951,0.556,0.144,0.366,0.984,1,1,0.185,0.746,1,0.311,0.153,0.816,0.797,0.58,0.997,0.888,0.594,0.887,0.38,1,0.923,0.809,0.295,0.896,0.777,0.837,0.916,0.865,0.063,0.866,0.941,1,0.985,0.088,0.712,0.722,0.982,0.17,0.979,0.908,0.9,0.13,0.897,0.627,0,0.789,1,0.04,0.983,0.421,0.01,0.414,0,0.97,0.137,0.99,0.992,0.538,1,1,1,0.146,0.892,1,0.818,0.134,0.888,0.589,0.545,0.308,0.496,0.981,0.489,0.37,0.352,0.218,0.927,0.977,0.852,0.564,0.63,0.661,0.973,0.533,0.964,0.773,0.728,0,1,0.988,0.956,0.018,0.27,1,0.876,0.896,0.983,0.838,0.425,0,0.694,0.041,0.984,0.366,0.756,1,0.214,1,0.964,0.951,0.896,1,0.975,0.425,0.68,0.996,0.304,0.752,0.951,0.998,0.828,0.207,0.211,0.267,0.04,0.971,0.848,0.796,0.97,0.279,0.986,0.504,0.972,0.274,0.326,0.992,1,0.259,0.006,0.745,1,0.976,1,0.647,0.949,0.749,0.036,0.707,0.97,0.466,0,0.964,0.351,0.994,0,0.274,0.3,0.225,1,0.323,0.948,0.248,1,0.583,0.092,0.153,0.798,0.884,0.451,0.082,0.192,0.799,0.589,1,0.065,0.545,0.287,0.343,0.72,1,0.999,1,0.322,0.971,0.129,0.744,0.593,0.822,0.825,0.437,0.031,0.001,0.278,0.365,0.455,0.195,0.893,0.612,0.886,0.458,0.879,1,0.562,0.762,0.995,0.418,0.931,0.983,1,0.412,0.086,0.938,0.998,0.987,0.958,0.996,1,0.614,0.226,0.364,0.989
0.794,0.708,0.543,0.006,1,0.012,1,0.113,0.429,0.014,0.589,0.023,0.616,1,0.567,0.981,0.75,1,0.759,1,0.987,0.935,0.017,0.297,0.869,0.1,0.961,0,0.002,0.035,0.531,1,0.99,0.999,0.903,0.977,1,0.711,0.904,0.932,0,1,0.996,1,0.83,0.076,1,1,0.474,1,0.999,0.87,1,0.997,0.924,0.962,0.073,0.847,0.115,0.975,0.089,0.997,0.016,0.975,0.98,0.788,0.36,0.46,0.503,0.929,0.064,0.589,0.99,0.048,0.466,0.051,1,0.598,0.017,0.994,0.21,0.998,0.452,0,0.68,0.449,0.007,0.791,0.895,0.586,1,0.969,0.111,0.379,0,0.999,0.048,0.77,0.799,1,0.972,0.04,0.027,0.426,0.109,0.282,1,0.712,0.993,0.914,0.007,0.907,0.739,0.99,0.997,0.448,0.556,0.823,1,0.871,0.998,0.342,0.974,0.792,0.587,0.731,0.81,0.999,1,0.985,0.998,0.605,0.467,0.863,0.989,0.975,0.849,0.365,0.271,0.954,0.283,0.122,1,0.912,0.888,0,0,0.807,0.79,1,0.196,0,0.166,0.604,0.018,0.01,1,0.983,0.671,0.043,0.267,0.046,1,0.091,1,0.564,0.745,0.074,0.915,0.001,1,0.83,0.24,1,0.906,0.58,0.893,0.924,1,0.394,0.034,0.97,0.965,0.008,0.963,0.665,0.687,0.912,0.155,0.85,0.963,0.998,0.997,0.02,0.95,1,0.261,0.228,0.049,0.741,1,0.774,1,0.983,0.999,1,0.753,0.515,0.222,0.383,0.534,0.704,0.862,0.468,0.991,1,0.899,0.001,0.982,0.566,1,0.543,0.489,0.223,0.976,0.966,0.773,0.092,0.164,1,0.335,0.992,0.003,0.002,0.467,0.495,0.196,0.901,0.932,0.627,0.305,1,0.501,0.985,0.768,0.737,0.951,0.113,0.29,1,0.096,0.407,0.357,0.876,0.543,0.623,0.649,0.595,0.152,1,0.175,0.244,0.884,0.614,0.806,0.672,0.997,1,0.06,0.227,0.214,0,1,0.027,0,0.458,0.822,0.198,0.013
0.013,1,0.744,0.044,0.999,0.453,0.995,1,0.999,0.431,0.995,0.558,0.259,0.27,0.394,0.893,0.718,0.163,0.563,0.794,0.024,0.692,0.253,0.001,0.957,0.91,0.786,0.828,0.972,0.932,0.566,0.658,0.88,0.827,1,0.857,1,0.985,0.242,0.568,1,1,1,0.74,0.497,0.569,0.002,0.938,0.346,0.705,0.847,0.67,0.983,0.15,0.524,0.934,0.897,0.965,0.171,1,0.745,0.47,0.938,0.991,0.771,0.372,1,0.09,0.483,0.875,0.675,0.4,0.16,1,0.808,0.84,0.479,0.872,0.964,0.263,0.979,0.608,0.414,1,0.995,0.017,0.01,0.998,0.015,1,0.071,1,1,0.594,0,0.738,0.991,0.157,0.467,0.067,0.772,0.996,0.852,0.584,0.137,0.48,0.066,0.507,0.367,0.021,0.966,1,0.998,0.155,0.003,0.382,0.956,0.905,0,0.183,1,0.821,0.94,0.69,1,0.536,0.856,0.886,1,0.952,0.971,0.372,0.939,0.997,0.039,0.914,0.535,1,0.003,0.316,0.479,1,0.997,0.662,0.716,0.041,1,0.742,0.959,0.423,0.998,0.359,0.258,0.616,0.009,0.387,1,0.921,0.617,0.983,0.54,0.002,1,0.392,0.718,0.062,0.127,1,0.847,0.007,0.973,0.645,0.975,1,1,0.12,0.208,0.795,0.414,0.674,0.112,0.918,0.805,0.002,0.114,0.314,0.011,0.666,0.665,0.594,0.006,0.274,0.238,0.732,1,0.003,0,0.254,0.799,0.556,0,0.661,0.096,0.165,0.643,0.497,1,0.481,1,0.001,0.663,1,0.801,1,0.035,0.984,0.028,1,0.962,0.575,1,0.996,0.866,1,1,0.342,0.553,0.995,0.016,0.342,0.996,0.931,0.77,0.643,0.674,0.194,0.516,0.848,1,0.972,0.797,0.913,0.262,0.686,0.951,0.603,0.557,0.1,0.006,1,0.081,0.231,0.417,0.728,0.775,0.976,0.763,0.506,0.701,0.999,0.956,1,0.756,0.995,0.294,0.533,0.019,1,0.879,0.634,0.007,0,1,1,0.983,0.441,0.609,0.781,0.341
1,0.777,0.911,0.898,0.395,0.499,0.399,1,0.829,0.109,0.805,0.001,0.242,0,0.44,0.578,0.873,0.862,0.689,0.843,1,0.116,1,0.699,0.846,1,0.595,1,1,0.998,0.374,0.798,0.026,0.981,0.818,0.107,0.01,0.773,0.434,0.861,0.999,0.98,0.988,0.919,0.982,0.991,1,0.01,0.423,0.999,0.042,0.81,1,1,0.788,0.319,0.502,0.946,0.483,0.267,0.031,0.217,1,0.911,0.645,0.284,0.462,0.073,0.91,1,0.204,0.778,0.19,0.85,0.917,0.951,0.985,0.927,0.748,0.844,0.603,0.122,0.182,0.322,0.845,0,1,0.22,0.01,0.004,0.253,1,0.008,0.562,0,0.884,0.983,0.506,0.67,0.653,1,0.912,1,0.713,1,0.964,0.475,0.041,0.446,0.04,1,0.931,1,0.827,1,0.401,0.355,0.1,0,0.335,0.995,0.812,0.088,0.998,0.003,0.91,0.211,0.965,0.413,0.907,1,0.466,0.682,0.793,0.572,0.236,0.963,0.737,1,0.801,0.403,0.003,0.006,0.441,0.739,1,0.959,0.038,0.558,0.786,1,0.529,1,1,1,1,0.494,0.987,0.741,0.911,0.886,0.994,0.996,0.86,0.928,0.09,0.028,0.004,1,0.998,0.994,0.71,0.828,0.879,0.921,0.998,0.195,0.181,0.87,1,0.566,0.458,0.129,1,0.313,0.632,0.432,0.975,1,0.727,0.991,0.155,1,0.125,0.161,1,0.051,0.056,0.851,0.603,0.997,0.337,0.495,0.293,0.924,0.377,0.842,0.375,1,0.038,0.305,0.999,0,0.397,0.006,1,0.771,0.038,0.811,0.463,0,0.016,0.99,0.847,0.354,0.939,0.349,0.068,0.601,0.125,0.999,1,1,0.535,0.413,0.496,0.836,1,0.002,1,0.787,0.269,0.879,1,0.008,0.328,0.919,0.117,0.857,0.978,0.23,0.292,0.257,0.02,0.475,0.011,0.999,0.773,0.796,0,0.237,0.359,0.993,0.964,0.54,0.87,1,1,0.995,0.303,1,0.03,1,1,1,0.985,0.489,0.019,0.613
0.873,0.926,0.493,0.979,1,0.469,0.958,0.67,0.222,0.393,1,0.137,0.589,0.993,0.311,0.688,0.427,0,0.589,0.949,0.996,0.37,0.303,0.517,0.126,0.015,0.11,0,0.781,0.013,1,0.845,0.758,0.082,0.89,0.851,0.2,0.907,0.967,0.841,1,0.99,1,0.357,0.239,0.781,0.893,1,0.497,0.589,0,0.073,0.131,1,0.356,0.892,1,0.999,0.703,0.005,0.664,0.967,0.993,0.999,0.886,0.953,0.089,0.472,1,1,0.638,0.811,0.213,0.003,0.978,0.915,0.439,0.572,1,0.312,0.349,0.754,0.544,1,0.296,0,0.338,0.726,0.404,0.987,0.997,1,1,0.54,1,0.999,0.483,1,0.394,0.547,0.002,1,1,0.64,0.939,1,1,0.01,0.126,0.974,0.942,0.999,0.062,1,0.03,0.489,0.397,0.445,0.015,0.416,0.962,0.04,0.933,0.04,0.973,0.871,0.006,0.553,0.924,1,0.994,0.608,0.427,0.736,0.955,0.792,0.895,0.855,1,0.629,0.397,0.006,0.001,0.286,0.919,1,1,1,0.393,0.375,0.841,0.833,0.009,0.047,0.044,1,0.986,1,0.684,0.147,0.206,0.999,1,0.982,0.662,0.47,0.094,0.348,0.97,0.63,0.925,0.538,0.986,0.976,0.258,0.164,0.146,0.144,0.267,0.989,0.568,0.968,0.774,0.052,0.72,0.38,0.209,0.908,0.169,0.443,0.868,0.254,0.099,0.35,0.996,0.648,0.998,0.221,0.927,0.426,1,0.57,0.196,0.003,0.009,0.2,0.287,0.755,0.999,0,0.459,0.237,0.016,1,1,0.002,1,0.014,0.082,0.384,1,0.866,0.627,0.461,0.236,1,1,0.319,1,0.071,0.285,0.513,1,0.019,0.721,0.951,0.958,0.791,0.018,0.001,0.132,0.936,0.115,0.024,0.032,1,0.984,0.497,1,1,0.644,0.974,0.366,0.063,1,0.411,0.572,0.66,0.928,1,0.954,0.99,0.719,0.615,0.531,0.414,0.093,0.996,0.136,0.669,0.007,0.898,1,0.981,0.1,0.871,0.298,0.152,0.376
0.938,0.54,0.697,1,0.994,0.471,1,0.998,0.997,0.678,0.991,0.993,0.183,0.074,0.21,0.013,0.796,0.784,0.662,0.1,0.639,0.27,0.939,0.477,1,0,0.247,0.988,1,0.99,0.171,0.694,0.031,0.166,0.932,0.125,0.703,0.638,0.476,0.41,0.652,0.987,0.991,0.999,1,0.661,0.877,0.999,0.195,0.714,1,0.401,1,0.877,0.547,0.563,0.595,0.246,0.452,1,0,0.233,0.814,0.005,0.075,0.297,0.885,0.056,0.966,0.53,0.618,0.822,0.999,1,0.043,1,0.905,0.695,1,0.827,0.16,0.743,0.93,0.975,0.917,0.034,1,0.944,0.035,0.29,0.998,0.379,0.958,0.6,1,0,0.643,1,0.292,0.174,0.278,0.994,0.001,0.711,0.998,0.994,0.039,0.408,0.305,0.761,1,1,0.963,1,0.799,0.554,0.112,0.838,1,0.129,0.086,0.484,0.998,0.577,0.047,0.536,0.815,0.523,0.987,1,0.933,0.25,0.205,1,0.915,0.945,0.148,0.586,0.994,0.911,0.674,0.787,1,0.573,0.818,0.724,0.603,0.998,0.13,0.5,0.981,0,1,0.102,0.007,1,0.815,0.001,0.777,0.998,0.57,0.609,0.676,0.986,0.979,1,0.993,0.978,0.946,0.955,0.925,0.304,0.789,0.849,0.533,0.344,0.281,0.997,0.66,0.985,0.535,0.921,0.914,0.953,0.895,0.335,0.361,0.309,1,0.772,1,0.755,0.913,0.005,0,1,0,0.019,0.998,0.151,0.116,0.645,0.987,0.122,0.996,0.141,0.908,0.561,0.993,0.076,0.579,0.262,0.833,0.129,0.996,0.509,0.898,0.006,0.055,0.381,0.002,1,0.716,1,0.248,0.229,1,0.471,0.058,0.998,0.219,1,0.941,0.986,0.687,0.456,0.87,0.789,1,0.04,0.404,1,0.133,0.544,1,0.584,0.433,0.695,0.749,1,0.172,0.999,0.515,0.836,0.662,0.277,0.605,0.585,0.624,0.654,0.451,0.306,1,0.465,0.806,0.878,0.008,0.907,0.086,0.988,0.906,1,0.733,0.923,0.946,0.686,0.03,0,0.032
0.997,1,0.485,0.009,0.001,0.352,0.048,0.985,0.977,0.716,0.807,0.676,0.065,0.029,0.17,0.965,0.893,0.998,0.489,0.131,0.46,0.992,0.925,1,0.764,0.943,0.264,0,1,0.846,0.655,0.793,0.969,1,0.704,0.491,0.332,0.051,0.64,0.999,0.235,0.953,1,0.948,0.684,0.017,0.999,1,0.493,0.406,0.002,0.135,1,1,0.489,0.252,0.732,1,0.248,0.993,0.001,0.881,0.999,0.91,0.999,0.739,0.864,0.001,0.966,0.669,0.383,0.55,0.043,0.997,0.675,0.823,0.503,0.81,1,0.879,0.134,1,0.274,0.04,1,0.005,1,0.034,0.089,0.999,0.645,0.537,0.905,0.499,0,0.095,1,0.98,0.768,0.835,0.934,1,0.47,0.402,0.414,0.628,0.9,0.082,0.168,1,0.993,0.673,0.218,0.776,0.96,0.459,0.978,1,0.01,0.015,0.881,0.562,0.977,0.246,1,0.032,0.381,0.085,1,0.961,0.688,0.344,0.431,0.23,0.878,0.598,0.628,0.53,0.903,0.44,0.961,0.958,0,0.799,0.663,0.769,0.468,0.384,0.482,1,0.309,0.014,0.857,0.846,0.985,0.142,0.998,0.689,0.568,0.658,0.496,0.899,0.998,0.475,0.941,1,0.827,1,0.36,1,0.992,0.414,1,0.78,0.985,0.631,0.346,0.671,0.243,0.871,0.983,1,0.99,1,0.929,0.593,0.025,0.261,1,0.619,0.837,0.375,0.288,0.001,0.994,0.001,0.668,0.685,0.964,0.506,0.068,0.248,0.848,0.94,0.002,0.218,1,0.207,0,1,0.445,1,0.77,0.02,0.999,0.943,0.127,0.796,0.156,0.896,0.999,0.815,0.598,0.408,0.999,0.762,0.595,1,0.044,0.26,0.722,0.993,0.012,0.737,0.639,0.446,0.999,0.592,0.002,0.304,0.232,0.813,0.33,0.566,0.89,0.574,0.826,0.982,1,1,0.174,0.808,0.488,0.507,0.469,0.854,0.81,0.559,0.844,1,0.838,0.425,0.013,0.416,0.746,0.996,1,0.955,1,0.695,0.574,0.111,0.996,0.004,1,0.599,0.968,0.993,1
0.31,0.997,0.678,0.99,1,0.004,0.027,0.93,0.97,0.589,0.837,0.621,0.179,0.996,0.469,1,0.765,1,0.979,0,0.944,0.475,0.993,0.947,0.996,0.12,0.915,0.002,0,0.734,0.047,1,0.007,0.041,0.995,1,0.849,1,0.861,0.83,0.888,0.939,0.429,0.78,0.063,0.052,0.072,1,0.404,0.453,0.29,0.605,0.961,0.988,0.701,0.996,0.796,0.806,0.273,1,0,0.123,1,1,0.384,0.822,0.505,0.196,1,0.963,0.974,0.887,0.631,0.015,0.413,0.991,0.948,0.945,0.011,0.598,0.373,0.983,0.607,0.977,1,0.365,0.114,0.837,0.999,1,0.602,0.572,0.954,0.897,0.001,0.053,0.358,1,1,0.016,1,0.986,0.202,0.432,0.084,0.575,1,0.658,0.235,0.974,0.998,0.899,0.999,1,1,0.548,0.873,0.804,0.986,0.424,0.485,0.993,0.157,0.206,0.639,0.864,0.254,1,0.999,0.092,0.141,0.561,0.472,0.134,0.995,0.928,0.962,0.862,0.893,0.596,1,0.352,0.064,0.985,0.906,0.999,1,0.126,0.588,0.24,0.709,0.399,0.523,0.999,0.016,0.082,0.653,0.035,0.711,1,0.9,0,0.983,1,0.427,0.99,0.508,0,0.986,0.269,0.612,0.845,0.855,0.563,0.361,0.67,0.69,0.032,1,0.801,0.429,0.716,0.959,0.712,0.027,0.685,0.223,1,0.98,0.892,0,0.542,0.832,0.093,0.617,0.978,0.015,0.672,0.978,0.519,1,0.23,0.02,0.892,0.998,0.611,0.853,0.382,0.852,0.948,1,1,0.998,0.041,0.989,0.887,0.038,1,0.232,0.652,0.723,0.014,0.946,1,0.192,0.782,0.866,0.63,0.955,0.455,0.95,0.991,0.002,0.015,0.379,0.349,0.722,0.885,0.004,1,0.626,0.666,0.394,0.064,0.984,0.536,0.343,0.88,0.954,0.956,0.961,0.847,0.522,0.455,0.883,0.872,0.599,0.538,0.041,1,0.558,1,0.853,0.969,0.972,0.667,0.132,0.122,0.999,0.99,1,0.005,0.054,0.005,0.874,0.796,0.829,0.139,0.972
0.542,0.984,0.707,1,0.054,0.566,0.491,0.804,0.205,0.893,0.918,0.999,0.859,0,0.338,0.935,0.96,0,0.617,0.987,0.998,0.153,0.151,0.777,0.619,0.848,1,1,1,0.021,0.281,0.804,0.021,1,0.687,0.911,0.881,0.209,0.258,0.965,0.958,0.88,1,0.323,0.147,0.676,1,0.981,0.674,0.818,0.001,1,0.705,1,0.649,0.999,0.992,0.021,0.629,0.264,0.086,0.82,0.93,1,0.991,1,0.966,0.142,0.355,0.139,0.993,0.961,1,0.994,0.136,1,0.935,0.484,0.921,0.258,0.998,0.925,0.592,1,0.821,0.082,1,0.535,0.827,0,0.013,0.967,0,0.641,0.997,0,0.499,0.979,0.436,0.914,0.123,0.972,0.063,0.038,0.296,0.504,0.93,0.856,0.164,0.334,0.018,0.487,0.94,1,0.958,0.795,0.179,0.692,0,0.899,0.997,0.289,1,0.952,0.291,0.996,0.25,0.046,0.41,1,0.957,0.735,0.512,0.61,1,0.531,0.243,0.056,0.999,0.468,0.788,0.692,0.998,0.576,0.548,0.999,0.039,0.178,0.261,0.008,0.847,1,1,0.846,0.337,0.007,0.001,1,0.976,0.055,0.572,1,0.005,0.576,0.469,0.921,0.263,0.995,1,1,0.998,0.053,0.73,0.869,0.287,0.964,0.256,0.327,0.472,0.602,0.084,0.984,0.745,0.188,0.581,0.886,0.935,0.989,1,0.734,1,0.678,0.976,0.104,0,0.996,0.07,0.435,0.015,0.258,0.999,0.49,1,0.899,0.646,0.868,0.794,0.744,0.977,0.357,0.999,1,0.001,0.927,1,0.012,0.69,0.332,1,0.979,1,0.889,0.984,0.993,0.01,0.999,0.988,0.464,0.767,0.761,0.685,1,1,0.005,0.982,0.246,0.293,0.732,0.993,0.999,0.923,0.952,0.531,0.515,0.62,0.629,1,0.309,0.976,1,0.741,0.523,0.591,0.467,0.563,0.08,0.36,0.616,0.831,1,1,0.769,0.498,0.572,0.923,0.751,0.814,0.001,0.917,0.104,0.974,0.31,0.99,1,0.472,0.618,0.356,0.977,0.186
0.137,1,0.968,0.232,0,0.002,0.999,0.125,0.077,1,0.851,0.009,0.271,0.999,0.191,0,0.264,0,0.757,0.867,0.991,0.267,0.921,0.662,0.791,0.035,0.544,0.98,0,0.944,0.135,0.929,0.999,0.946,1,0.518,1,0.457,0.461,0.945,0.003,1,0.8,0.967,0.77,0.675,1,0.001,0.281,0.577,0.927,0.084,0.004,0.92,0.354,0.975,0.329,0.448,0.586,0.474,0.996,0.51,0.993,0.993,0.579,0.601,0.626,0.877,0.513,0.583,0.874,0.615,0.982,0.903,1,0.05,0.306,0.644,0.921,0.877,0.381,0.828,0.828,0.026,0.96,0.585,0.819,0.564,0.997,0.456,1,0,0.001,0.666,1,0,0.982,1,0.975,1,0.979,0.95,0.99,0.313,0.648,0.756,0.225,0.953,0.776,0.992,1,0.208,0.933,0.044,1,0.543,0.116,0.56,0.997,0.851,0.983,0.28,1,0.857,0.628,0.852,0.03,0.658,0.168,1,1,0.473,0.341,0.582,0.668,0.184,0.961,0.261,0.003,0.859,0.999,0.116,0.007,0.586,0.439,0.913,0.643,0.531,0.559,0.726,0.522,1,0.446,0.956,0.918,0.961,0.942,1,0.857,0.828,0.407,0.995,0.933,1,0.101,0.869,0.767,0,0.007,0.154,0.073,0.293,0.961,0.033,0.998,0.53,0.921,0.749,0.163,0.178,0.525,0.899,0.513,0.453,0.176,0.24,0.217,0.898,0.472,0.931,1,0.98,0.506,0.996,1,0.003,0.01,0.601,0.989,0.58,0.087,0.499,0.342,0.468,0.632,0.786,0.96,0.35,0,0.045,0.939,0.983,0.975,0.984,1,0.398,0.996,0.652,0.941,0.695,0.005,0.097,0.282,0.717,0.954,0.986,0.037,0.614,0.96,0.312,0.075,1,0.507,0.832,0.434,0.345,0.444,0.562,1,0.76,0.3,0.981,0.288,0.984,0.82,0.683,0.642,0.211,0.056,1,0.327,0.368,0.291,0.456,0.663,0.072,0.668,0.564,0.528,1,0.759,0.004,0.588,0.851,1,0.755,1,0.759,0.947,0.656,0.533,0,0.196,1,0.019,0.721,0.903,0.412,0.041
0.072,0.248,0.512,0.916,0.013,0.59,1,0.191,0.869,0.701,0.912,0.124,0.804,0.974,0.447,0.475,0.84,1,0.708,0.851,1,0.152,0.811,0.848,1,0.986,0.332,0.983,1,0.157,0.895,0.06,0.763,0.997,0.993,0.963,0.153,0.449,0.509,0.892,1,0.841,0.048,0.893,0.92,0.958,1,0,0.797,0.471,0.993,0.952,0.964,1,0.184,0.799,0.693,0.287,0.174,0.881,0.022,0.831,1,1,0.462,0.096,0.999,0.075,0.16,0.433,0.077,0.617,0.057,0.006,1,1,0.787,0.997,0.993,0.652,0.466,0.989,0.998,0.898,0.867,0.014,0.049,0.696,0.252,0.806,1,1,0.101,0.551,0.996,0,0.984,1,0.957,0.988,0.851,0.266,1,0.146,0.041,0.023,0.979,0.912,0.031,1,0,0.999,1,0.988,1,0.51,0.274,0.446,1,0.478,0.908,0.961,0.404,0.894,1,0.691,1,0.921,0.042,0.893,1,0.093,0.548,1,0.229,0.993,0.996,0.497,0,0.962,0.926,0,1,0.679,0.391,0.064,0.117,0.982,0.258,0.006,0.942,0.677,0.477,0.629,0.998,0.924,0.002,0.107,0.899,0.479,0.245,1,1,0.792,1,0.737,0.913,0.117,0.098,0.997,1,0.879,0.584,0.945,0.476,0.427,0.486,0.282,0.745,0.993,0.318,0.758,0.156,0.923,0.008,0.537,0.624,0.94,0.739,0.681,1,0.711,0.779,0.815,0.676,0.001,0,0.674,0.759,0.645,1,0.249,0.973,0.21,0.298,0.564,0.767,0.212,0,0.007,0.999,0.001,0.195,0.999,0.951,1,0.948,1,0.478,0.888,1,0.993,0.999,0.301,0.962,0.641,1,0.672,0.664,0.003,0.866,0.235,0.808,0.401,0.429,0.477,0.542,0.907,0.554,0.036,0.633,1,0.457,0.185,0.078,0.274,0.165,0.295,0.864,0.92,0.452,0.752,0.689,0.727,0.701,0.055,0.261,0.678,1,0.996,0.998,0.995,0.827,0.861,0.871,0.773,0.888,0.03,0.109,0.34,0.181,0.848,0.973,0.005,0.718,0.996,0.321,0.052,0.108
0.663,0.104,0.627,0.999,1,0.97,0.953,1,0.812,0.997,0.909,0.95,0.548,0.896,0.202,0.989,0.537,0,0.785,1,0.317,0.748,0.043,0.26,0.886,0.241,0.676,0,0,0.882,0.989,1,0.303,0.35,0.899,0.285,0.999,0.101,0.129,0.868,1,0.231,0.725,0.951,0.473,0.131,0.001,0.998,0.655,0.944,0.164,0.995,0.936,1,0.41,1,0.781,0.265,0.202,0.983,0.753,0.124,0.989,0.075,0.247,0.997,0.813,0.006,0.759,0.98,0.947,0.464,0.027,0.001,0.401,0.771,0.25,0.101,0.996,1,0.46,0.872,0.423,0.048,0.863,0.37,0.011,0.075,0.71,0.16,0.472,1,0,0.8,1,0,1,0.999,0.961,0.712,0.039,1,0.841,0.359,0.749,1,0.002,0.83,0.428,0.991,0,0.984,0.871,0.476,0.998,0.764,0.498,0.543,0,0.954,0.598,0.976,0.697,0.92,0.951,0.859,0.005,0.142,0.966,0.408,0.998,0.073,0.39,0.976,0.791,0.645,0.458,0.637,0.995,0.352,0.718,0.034,0.505,0.511,0.624,0.005,0.984,0.01,0.185,0.998,0.74,0.999,0.991,0.998,0.452,0.889,1,1,0.251,0.128,0.536,1,0.902,0.84,0.624,0.938,0.531,1,0.263,0.99,0.766,0.681,1,0.913,0.789,0.51,0.755,0.106,0.115,0.767,0.6,0.977,1,0.047,0.127,0.999,0.045,1,0.186,0.679,0,0.992,1,0.79,0.084,0,1,0.447,1,0.522,0.999,0.483,0.126,0.005,0.994,0.076,0.346,0.56,1,0.325,0.923,0.009,0.001,1,1,0.002,1,1,0.11,0.619,1,0.976,0.891,1,1,0.531,0.925,1,0.007,1,0.227,1,0.898,0.596,0.619,0.488,0.514,0.998,1,0.997,0.591,0.936,0.495,0.247,0.223,0.454,0.798,0.772,0.007,1,0.9,0.645,0.356,0.075,0.888,0,1,0.822,0.172,0.687,0.951,0.873,0.303,1,0.984,0.606,0.999,0.85,1,0.727,0.975,1,0.004,1,1,0.337,0.012,1,0.813
1,0.927,0.457,0,1,0.173,1,0.771,0.999,0.779,0.23,1,0.539,0.13,0.501,0.01,0.204,0.953,0.461,0.668,0.507,0.739,0.004,0.671,0.832,0.484,1,0.958,0,0.698,0.424,0.605,0.217,0.985,0.989,0.223,0.074,0.995,0.686,0.361,0.979,0.996,0.968,1,1,1,1,0.963,0.249,0.542,0.187,0.775,0.999,0.999,0.998,0.432,0.963,1,0.525,1,0.895,0.565,0.993,1,0.621,0.998,0.589,0.56,0.151,0.921,0.563,0.426,0.983,0.924,0.998,1,0.874,0.901,1,0.579,0.097,0.56,0.523,1,0.697,0.007,0.86,0.829,0.317,1,0.891,0.997,0.993,0.569,0.198,0.016,1,0.459,0.198,0.982,1,0.35,1,0.487,1,0.333,0.995,0.412,0.938,0.932,1,0.884,0.795,1,0.885,0.441,0.913,0.783,0.332,0.358,0.849,0.716,0.945,0.992,0.45,0.936,0.59,0.999,0.719,0.012,0.216,0.454,0.524,0.995,0.899,0.573,0.323,0.421,0.003,0.393,0.1,0,0,0.747,0.497,0,0.196,0.948,0.205,0.032,0.614,1,0.962,0.965,0.057,0.804,0.002,1,0.801,0.285,0.469,0.001,1,0.991,0.813,1,0.122,0.002,1,0.165,1,0.603,0.841,0.196,0.38,0.337,0.336,0.968,0.654,0.424,0.288,0.053,0.976,0.999,0.987,0.459,0.014,1,0.436,0.997,1,0.181,0.942,0.64,0.008,0.988,0.665,1,0.564,0.563,1,0.478,0.038,0.006,0.001,0.745,0.135,0.526,0.015,0,0.536,1,0.07,0.278,0.002,0.917,0.874,1,0.206,0.816,0.1,0.98,0.527,1,1,0.865,0.011,0.097,0.871,0.492,1,0.106,0,0.225,0.866,0.292,0.426,0.149,0.97,1,0.895,0.548,0.135,0.985,0.999,0.623,0.872,0.544,0.247,1,0.861,0.706,0.41,0.767,0.328,0.863,0.961,0.618,0.204,1,1,0.296,0.944,0.373,0.468,0.941,0.297,1,0.997,0.916,0.998,0.671,1,0,1,0.79,0.175,0.228,0.347
1,0.647,0.713,0.94,0.225,0.627,0.999,0.19,0.867,0.919,0.975,0.942,0.83,0.038,0.475,0.493,0.999,0.926,0.496,0.414,1,0.593,0.609,0.048,0.953,1,0.202,0.71,0.982,0.781,0.942,0.996,1,0.889,0.982,1,0.255,0.975,0.536,0.903,1,0.013,0.988,0.966,0.978,0.104,1,0.021,0.24,0.138,1,0.991,1,1,0.24,0.974,0.736,0.694,0.764,1,0.967,0.974,0.998,0.016,0.391,0.521,0.763,0.572,1,0.843,0.703,0.926,0.997,0.986,1,0.043,0.73,0.981,0.204,0.53,0.303,0.927,0.991,0.953,0.364,0.791,0.15,0.672,0.18,1,0.738,0.699,0.885,0.673,0.779,0,0.031,0.996,0.128,0.047,0.278,0.999,0.999,0.784,0.626,0.195,0.824,0.993,0.014,0.755,0.172,0.525,0.287,1,1,0.504,0.582,0.929,0,0.852,0.831,0.945,0.629,0.846,0.981,0.124,0.077,0.997,0.887,0.781,0.691,0.807,0.293,0.789,1,0.532,0.732,0.319,0.987,0.38,0.237,0.024,0.075,0.507,0.91,1,1,0.873,0.523,1,0.844,0.98,0.064,0.222,0.825,1,0.001,0.975,0.986,0.448,0.205,0.017,1,0.978,0.96,0.518,0.492,0.945,0.925,0.206,0.892,0.987,0.673,1,0.257,0.752,0.351,0.32,0.671,0.96,0.509,0.236,0.791,0.419,0.977,0.751,0.016,0.866,0.393,0.299,1,1,0.596,0.376,0.989,1,0.913,1,0.722,0.394,1,0.317,0.264,0.996,0.985,0.346,0.351,0.784,0.001,1,0.791,0.947,0.001,1,0.001,0.001,0.787,0.961,0.566,0.976,1,1,0.461,0.668,0.559,1,0.782,0.284,0.437,0.972,0.662,1,0.015,0.855,0.579,0.77,0.468,1,0.996,1,0.217,1,0.522,0.413,0.316,0.703,0.997,0.77,1,1,0.897,0.212,0.375,0.54,0.836,0.068,0.402,0.516,0.366,0.996,0.294,0,0.466,0.625,0.857,0.988,0.08,0.03,0.652,0.14,1,0.697,0.85,0.482,0.577,0.431,0.947,0.103,0.073
0.819,0.54,0.763,0.109,0.157,0.226,0.974,1,0.988,1,1,1,0.393,0.943,0.305,0.81,0.97,0.973,0.68,0.003,0.996,0.118,1,0.578,0.503,1,1,1,1,0.974,0.992,0.859,0.124,0.032,0.91,0.756,0.049,1,0.94,1,0.003,0.908,0.938,0.996,1,0.98,0.019,1,0.777,0.108,1,0.998,1,1,0.243,1,0.204,0.826,0.942,1,0.074,0.705,1,0.996,0.582,1,0.2,0.984,0.998,0.994,0.991,0.452,1,1,0.891,0.44,1,1,0.928,0.182,0.063,0.434,0.935,0.967,0.152,0.001,0.19,1,0.074,0.014,0.982,1,0.932,0.427,0,1,0.958,0.494,0.944,0.266,0.986,0.896,0,0.474,0.384,0.412,0.275,0.586,0.947,0.799,0.943,0.994,0.483,0.162,1,0.468,0.853,0.222,1,0.951,0.282,0.328,0.05,0.549,0.997,0.247,0.316,0.852,1,0.898,0.98,0.689,0.378,0.607,1,0.701,0.309,0.749,0.087,0.316,1,0.879,0.982,0.856,0.294,0,0.969,0.858,0.348,0.96,0.991,0.999,0.997,0.007,0.824,0.398,0.081,0,0.995,0.971,0.181,0.097,0.94,0.707,0.982,1,0.945,0,0.635,0.641,0.866,0.707,0.995,0.755,1,0.537,0.652,0.943,0.475,0.609,0.012,0.165,1,0.984,0.438,0.71,0.099,0.999,0.957,0.708,0.699,0.91,1,0.868,0.922,0.966,0.244,0.721,0.031,0.603,0.999,0.582,0.4,0,1,0.402,0.267,0.209,1,0.828,0.731,0.001,0.003,0.01,0.806,1,0.271,0.747,0.77,0.589,1,0.975,0.92,0.854,1,0.912,0.861,0.015,0.956,0.541,0.177,0.822,1,0.991,0.675,0.604,0.644,0.559,0.852,0,0.708,0.996,0.208,0.273,0.895,0.888,0.96,0.794,0.881,1,0.762,0.169,0.369,0.803,0.886,0.773,0.338,0.486,0.459,1,1,1,0.956,0.473,0.5,0.84,0.923,0.996,0.011,0.993,0.039,0.828,0.928,1,0.057,0.587,0.177,0.007,0.983
0.646,0.999,0.528,1,0.412,0.589,0.985,1,0.646,0.979,0.889,0.441,0.147,0.972,0.728,0.007,0.661,0.93,0.423,0.481,0.122,0.367,0.95,0.007,0.304,0.998,0.952,0.078,0.001,0.998,0.656,0.943,0.799,1,1,0.883,0.999,0.955,0.786,0.988,0.059,0.983,1,0.274,0.985,0.811,1,0,0.391,0.984,0.815,0.818,0.878,1,0.339,0.976,0.776,0.294,0.569,0.982,0.017,0.994,1,0.005,0.596,0.92,0.786,0.124,0.472,0.757,0.969,0.422,0.465,0.798,0.818,0.047,0.706,0.844,1,0.785,0.122,0.471,0.3,0.929,0.513,0.994,0.807,0.999,0.002,0.917,1,0.803,0.477,0.44,0,0.889,0.603,1,0.997,0.21,0.931,0.989,0,0.026,0.462,0.093,0.993,1,0.621,0.651,0.979,0.891,0.11,0.814,0,0.443,0.614,0.723,1,0.132,0.97,0.756,1,0.884,1,0.051,1,0.858,0.004,0.929,1,0.365,0.416,0.281,0.132,0.656,0.499,1,1,0.988,0.998,1,1,0.893,1,0.207,0.547,0.88,1,0.713,0.49,0.944,0.999,0.697,0.902,0.909,0,1,0.154,0.988,0.548,0.008,0.295,0.897,0.371,0.035,0.102,0,0.207,0.73,0.029,0.453,0.882,0.998,0.98,0.143,0.306,0.832,0.18,0.127,0.498,0.53,0.041,0.897,0.107,0.898,0.165,0.992,0.764,0.261,0.995,1,0.878,0.154,1,0.748,1,0.83,0.019,0.818,1,0.764,0.994,0.271,1,0.093,0.759,0.935,1,0.847,0.726,0.995,0.029,0.997,1,1,0.144,0.796,0.113,0.851,1,0.993,0.532,0.971,0,0.641,0.911,0.024,1,0.846,0.798,0.19,0.978,0.991,0.359,0.497,0.984,0.387,0,0.771,0.586,0.972,0.588,0.656,0.406,0.37,0.326,0.142,1,1,0.869,0.163,0.47,0.721,0.622,0.001,0.172,0.832,0.996,0.946,0.991,0.925,0.915,0.784,0.089,1,1,0.057,0.303,0.69,0.526,0.006,1,1,1,0.555,0.607,0.096,0.157
0.177,0.561,0.336,0.008,0.599,0.211,0.589,0.94,0.212,0.424,0.948,0.152,0.908,0.995,0.391,0.699,0.408,0.995,0.771,0.749,0.413,0.998,0.204,1,0.569,0.998,0.999,0.998,1,0.848,0.508,0.28,0.958,0.999,0.338,0.912,0.898,0.013,0.829,0.999,1,0.927,0.533,0.999,0.118,0.973,1,1,0.212,0.309,0.975,1,0.948,0.894,0.947,0.96,0.968,1,0.507,1,0,0.585,0.776,0.928,0.303,0.135,0.986,1,0.867,0.453,0.999,0.7,0.446,0.259,0.782,0.998,0.86,0.278,0.604,0.976,0.819,0.819,0.448,0.447,0.405,0.954,0.998,0.906,0.973,1,0.147,0.007,0.215,0.541,1,0.003,0.92,1,0.708,0.983,1,0.025,0.001,1,0.014,0.013,0.036,0.088,1,1,0.997,0.972,0.841,0.914,0.669,0.386,0.454,0.125,1,0.019,0.947,0.778,0.949,1,0,0.562,1,1,0.064,1,0.317,0.363,0.958,0.281,1,0.548,0.459,0.297,0.997,0.707,0.026,0.977,0.998,0.435,0.542,0,0,0.115,0.915,0.696,0.721,0.42,0.687,0.923,0.041,0.224,0,0.524,0.571,0.421,0.32,0.869,0.029,0.539,0.989,0.206,0.977,1,1,1,0.732,0.618,0.909,0.799,0.607,0.547,0.874,0.23,0.836,0.928,0.849,0.991,0.967,1,0.998,0.782,0.474,1,0.025,0.962,0.008,0.653,0.997,0.634,0,1,0,0.205,0.996,0.472,0.098,0.536,0.099,1,1,0.932,0.989,0.092,1,0.99,0.276,1,0.721,0.998,0.997,0.131,0.094,0.651,0.525,0.998,1,0.057,0.523,0.927,0.007,1,0.999,1,0.635,0.872,0.393,0.985,0.94,0.07,0.57,0.538,0.357,0.168,1,1,0.572,0.316,0.506,0.82,0.478,0.897,0.995,0.922,0.066,1,0.996,0.997,0.295,0.679,0.994,0.259,0.687,0.506,0.277,0.006,0.984,0.008,0.998,0.507,0.334,0.312,1,0.016,0.725,0.38,0.432,0.014,0.009,1,0.992,0.927,0.968,0.663,1
1,0.038,0.524,1,0,0.046,1,1,0.995,1,0.33,0.843,0.719,0.001,0.413,1,0.798,0.437,0.624,0.004,0.784,0.466,0.816,0.513,0.421,1,0.805,0.07,0.104,0.157,0.423,1,0.577,0.155,0.995,0.064,0.966,0.939,0.933,0.923,0.156,0.005,0.999,0.969,0,0.664,0.96,1,0.216,0.449,0,0.651,0.284,0.972,0.342,0.769,0.226,0.848,0.741,0.993,0.577,0.792,0.962,0.977,0.571,0.863,1,0.658,0.503,0.773,0.617,0.529,0.911,0.962,0.41,0.583,0.468,0.212,0.852,0.993,0.228,0.696,0.66,1,1,0,0.972,0.237,0.92,0.933,0.93,0.998,1,0.653,1,0,0.995,1,0.832,0.016,1,1,0.933,0.99,0.053,0.994,0.88,0.844,0.014,0.841,1,0.971,1,0.177,1,0.447,0.93,0.812,0,0.025,0.989,0.19,0.089,0.298,1,0.731,0.845,0.245,0.995,0.212,0.588,0.953,0.164,0.988,0.978,0.736,0.91,0.929,1,0.656,0.747,0.116,0,0.257,0.734,1,0.983,0.069,0.742,0.07,0.985,0,0.071,1,0.981,0.186,0.577,1,0.817,0.206,0.821,0.002,0.986,1,0.884,0.996,0.056,0.119,0.841,0.02,0.512,0.631,0.885,0.136,0.85,0.517,0.533,1,0.617,0.896,0.122,0.364,0.984,0,0.829,0.936,0.852,0.808,1,0.488,0.999,0.313,0.79,0.866,1,0,0.824,0.958,1,0.465,1,0.352,0.984,0.962,0.999,0.644,0.738,0.46,1,0.041,0.807,0.613,0.122,1,1,0,0.06,0.488,0.935,0.522,1,1,0.861,0.565,1,0.993,0.359,0.563,0.275,0.054,0.922,1,0.942,0.164,0.956,0.605,0.426,0.29,0.808,0.022,0.537,0.148,0.524,0.735,0.977,0.99,0.648,0.977,0.8,0.819,0.149,0.959,0.377,0.409,0.271,0.03,0.025,0.74,0.596,1,0.535,0.196,1,0.678,0.592,0.996,0.925,1,1,0.985,0.991,0.747,0.782,0.999,0.01,0.537,1,0.678,0.88
1,0.969,0.482,0.138,1,0.193,0.569,0.012,0.976,0.57,0.458,0.162,0.543,0.904,0.508,0.573,0.684,1,0.596,1,1,0.554,1,0.788,0.996,0.001,0.968,0.012,0.982,0.252,0.456,0.626,0.931,0.306,0.644,0.73,0.763,0.915,0.625,0.582,0,1,1,0.116,0.002,0.993,0,0.131,0.28,0.747,1,0.882,0.033,0.001,0.416,0.597,0.837,0.08,0.991,0.003,0.005,0.861,1,1,0.903,0.948,0.818,0.399,0.897,0.144,0.397,0.534,0.897,0.027,0.923,0.979,0.561,0.983,0.475,0.688,0.724,0.509,0.719,0.626,0.999,0.08,0.516,0.17,0.001,0.981,0.942,0.843,1,0.749,0,0,0.839,0.737,0.059,0.913,0.724,0.156,0.904,0.892,0.997,0.007,0.939,0.368,0.998,0.501,0.323,0.013,0.714,0.702,0.004,0.487,0.456,0.999,0,0.075,0.931,1,0.923,0.548,1,0.4,0.819,0.949,0.981,0.483,0.966,0.603,0.434,0.696,0.605,0.589,0.452,0.956,0,0.564,0.953,0.986,1,0.623,0.278,1,0,1,0.987,0.112,1,0.955,0.011,0,0.447,0.598,1,0,0.635,0.342,0.398,0.002,0.916,0.904,0.212,0.69,0.405,1,1,0.069,0.739,0.437,0.999,1,0.828,0.525,0.702,0.865,0.78,0.29,0.173,0.915,0.189,0.074,0.374,0.618,0.801,0.531,0.992,0.431,0.281,0.642,1,0.993,0.473,0,1,0.588,0.717,0.806,0.973,0.246,1,0.018,0.983,0.12,0.383,0.208,1,1,0.642,0.239,0.991,0.21,0.918,0,0.981,0.949,0.654,0.83,1,0.998,0.984,1,0.49,0.992,0.951,0.567,0.673,0.004,0.486,0.86,0.145,0.285,0.505,0.182,0.575,0.541,0.929,1,0.289,0.745,0.766,0.563,0.032,0.254,0.714,0.547,0.796,1,0.755,0.18,0.284,0.097,0.793,0.97,0.068,0.756,0.98,0.996,0.762,1,1,0.966,0.992,0.988,0.835,0.936,0.785,0.952,1,0.493,0.029,0.646,0.037,0.871,0.563,0.639,0.144
0.95,0.112,0.974,0.029,0.993,0.249,1,1,1,0.77,0.136,0.095,0.398,1,0.653,0.392,0.587,1,0.981,0.96,0.557,0.211,0.99,0.725,0.691,1,0.02,0,1,1,0.798,0.271,0.1,0.446,0.96,0.123,0.999,0.971,0.996,0.794,0.931,0.208,0.006,0.853,0.999,0.697,1,0.999,0.687,0.67,0,0.929,1,0,0.581,0.997,1,0.661,0.857,0.155,0.107,0.704,1,1,0.38,0.997,1,0.081,0.158,0.964,0.894,0.47,0.944,0.982,1,0.999,0.688,0.177,0.012,0.961,0.058,0.321,0.765,0.999,1,0.869,1,0.014,0.91,0.856,0.935,0.633,1,0.609,0,0.958,0.069,1,0.838,0.993,0.948,0.036,0.915,0.547,0.143,0.706,1,0.003,0.673,0.436,0.962,0.096,0.862,1,0.991,0.569,1,0.996,1,0.377,0.504,1,0.537,0.78,0.628,0.39,0.877,0.783,1,0.988,0.577,0.166,0.61,0.91,0.132,0.682,0.842,0.732,0.025,0.474,0.622,0.86,0.737,0.523,0.363,0.995,0.96,0.995,0.218,0.128,0.322,0.851,0.744,1,1,1,0.017,0,0.69,0.939,0.295,0.824,1,0.988,0.999,0.806,0.362,0,0.86,0.479,0.104,0.122,0.983,0.493,0.833,0.647,0.537,0.69,0.095,0.883,0.123,0.994,0.731,1,1,0.466,0.629,0.583,1,0.582,1,0.648,0.931,0.594,1,0.557,0,0.828,0.998,0.871,1,0.442,0.292,1,0.976,0.531,0.054,0.431,1,0.995,0.494,1,1,0.431,0.287,1,0.371,0.616,0.953,0.623,0.553,0.862,0.859,0.832,0.021,0.231,0.675,0.533,0.997,0.891,0.665,0.965,0.983,0.724,0.551,0.569,1,0.893,0,0.971,0.181,1,0.194,0.008,0.935,0.402,0.384,0.326,0.884,0.095,0.041,0.542,0.302,0.891,0.328,0.8,0.782,0.661,1,1,0.307,0.81,0.137,0.801,1,1,0.771,0.4,0.858,0.036,0.789,1,0.998,0.961,0.925,0.578,0.041,0.006,0.842
0.913,0.215,0.621,1,0.982,0.406,0.931,0.916,1,0.925,0.999,0.922,0.711,0.739,0.494,0.996,0.623,0.027,0.617,0.998,0.344,0.984,0.064,0.946,0.272,0.63,0.977,0.03,1,1,0.029,0.963,1,0.93,1,0.845,0.409,0.387,0.664,0.291,1,0.682,0.982,0.813,0.987,0.765,0.817,1,0.449,0.071,0,0.937,0.987,1,0.28,0.884,0.823,0.569,0.959,1,1,0.983,1,1,0.671,0.192,0.977,0.038,0.526,0.902,0.184,0.745,0.129,0.341,0.174,0.956,0.789,0.894,0.985,0.678,0.999,0.927,0.726,1,0.695,0,0.319,0.039,0,0.003,0.915,0.59,0.867,0.432,0.997,0.99,0.964,0.893,1,1,1,0.08,0,0.603,1,0.019,0.881,0.67,0.037,0.823,0.034,0.999,0.659,0.521,0.246,0.44,0.968,0.983,0,1,0.919,0.036,0.985,0.251,0.998,0.758,0.783,1,0.998,0.998,0.868,0.232,0.519,0.981,1,0.911,0.261,0.999,0.971,0.878,0.515,0.979,1,0.574,0.481,0.02,1,0.267,0.752,0.932,0.772,0.844,0.864,0.013,0.992,0.027,0.971,1,0.994,0.775,0.725,0.261,0.999,0.025,0.897,1,0.997,0.823,0.39,0.014,0.603,0.376,0.806,0.999,0.946,0.625,0.749,0.028,0.974,0.627,0.077,1,0.885,0.869,1,0.925,0.356,0.641,0.08,0.621,0.993,0.853,0.978,0.998,0.55,1,0,0.74,0.995,0.672,0,0.977,0.232,0.969,1,0.749,1,0.233,0.245,0.858,0.144,1,0.953,0.995,0.857,0.078,0.818,1,1,0.979,1,0.999,0.846,0.616,0.999,0.979,0.049,0.879,0.635,0.684,0.999,0.061,0.999,0.86,0.309,0.241,0.953,0.633,0.001,0.099,0.82,0.031,0.421,0.99,0.874,0.555,0.175,0.111,1,1,0.799,0.311,0.431,0.924,0.385,0.942,0.237,0.514,0.932,1,0.287,0.033,1,0.995,1,0.654,0.431,0.007,0.966,0.131,0.997,0.001,0.932,0.998,0.004,0.851,0.725,0.01,0.692
0.985,0.916,0.566,0.91,0.893,0.993,0.951,0.971,0.942,0.28,0.977,0.662,0.67,0,0.341,0.938,0.766,0.076,0.505,0.996,0.054,0.951,0.999,0.635,0.308,0.988,0.249,0.429,1,0.022,0.946,0.988,1,1,0.131,0.724,0.323,0.173,0.729,0.903,0.854,1,0,0.314,0.996,0.104,1,1,0.624,1,1,0.836,1,1,0.938,0.611,0.865,0.843,0.233,1,0.69,1,0.065,1,0.997,0.235,0.983,0.857,0.305,1,0.99,0.728,0.991,0,0.303,1,0.635,0.845,0.901,1,0.723,0.324,0.728,0.359,0.999,0,0.005,1,0.999,0.392,0.167,1,0.416,0.952,0.992,1,0.755,0.231,0.081,0.76,0.981,0.651,0.957,0.734,0.955,1,0.89,0.991,0.81,0.885,0.001,0.138,0.051,0.268,1,0.502,0.167,0.205,0.971,0.366,1,0.063,1,0.023,0.999,0.709,0.946,0.677,1,1,1,0.149,0.886,0.853,0.928,0.502,0.848,0.231,0.934,0.675,0.054,0.989,1,0.982,0.984,0.992,0.996,0.977,0.687,0.991,1,0.043,0.029,0.995,0.779,1,0.824,0.993,0.77,0.666,0.15,0.127,1,0.667,0.72,1,0.776,0.494,0.997,0.319,0.492,0.273,0.871,0.58,0.934,0.902,0.312,0.386,0.986,0.904,0.618,0.96,0.674,1,0.971,0.542,0.699,0.551,1,0.477,0.925,0.076,0.603,0.011,1,0.998,0.736,0.994,0.474,0.565,1,0.485,0.004,0.863,0.057,0.118,0.876,0.107,1,0.001,0.517,1,0.009,0.632,0.692,1,0.954,0.766,0.557,0.373,1,0.926,1,0.998,0.896,0.947,0.896,0.163,0.099,0.828,0.553,0.733,1,0.088,0.768,0.704,0.765,0.999,0.106,1,0.264,1,0.503,0.199,0.995,0.517,0.991,0.406,0.986,1,0.193,0.703,0.397,0.425,0.537,0,0.359,0.98,0.29,1,0.497,0.904,0.427,0.925,0.938,0.454,0.997,0.301,0.52,0.921,0.37,0.019,0.69,0.573,0.024,1,0.999,0.842,0.992
0.98,1,0.389,0.397,1,0.562,0.991,0.862,0.845,0.928,0.986,0.997,0.675,0.999,0.458,0.983,0.967,0.625,0.821,0.248,0.689,0.3,0.996,0.415,0.737,0.159,0.85,1,0,0.057,1,0.782,0.684,0.006,1,0.707,0.521,0.053,0.274,0.539,0,0,0.045,0.796,1,1,1,1,0.541,0.826,0.852,0.107,1,1,0.726,0.234,0.27,0.981,0.739,0.744,0.003,0.205,0.958,0.455,0.11,0.787,0.997,0.012,0.993,0.409,0.886,0.973,0.915,0.461,0.928,1,0.981,0.616,0.823,1,0.052,0.879,0.515,0.681,0.659,0.11,0.978,0.899,0.986,0.988,0.989,0.675,1,0.414,1,0.36,0.504,1,0.588,1,0.284,1,1,0.339,0.926,0.999,0.796,0.781,0.919,0.484,0.843,1,0.999,0.871,0.554,0.547,0.998,1,0.764,0.254,0.557,0.112,0.988,0.879,0.963,0.975,0.973,0.989,1,0.955,0.886,0.392,0.229,0.414,0.97,0.522,0.913,0.925,1,0.871,0.955,1,1,0.512,0.215,0.419,1,0.04,0.757,0.885,0.926,0,0.224,0.979,1,0.63,0,0.005,0.526,0.501,0.219,0.756,0.72,0.277,0.678,0.954,0.247,1,0.033,0.128,0.085,0.883,0.756,0.947,1,0.916,0.528,0.413,1,0.999,0.226,0.997,0.911,0.951,0.799,0.614,0.958,0.41,0.041,0.404,0.04,0.394,0.553,0.064,0.978,0.377,0.013,1,0.902,0.662,0,0.511,0.016,0.014,0.83,0.056,0.582,0.748,0.001,0,0.994,0.993,0.762,1,0.259,0.607,0.291,0.783,0.151,0.402,0.989,0.293,0.503,0.909,0.989,0.634,0.943,0.745,0.995,0.003,0.909,0.988,0.963,0.999,0.773,0.207,0.829,0.876,0.057,1,0.524,0.195,0.263,0.021,0.092,0.511,1,0.254,0.389,0.885,0.563,0.918,0.443,0.981,0.499,0.709,0.619,0.615,0.875,0.947,0.87,0.359,0.497,0.705,0.196,0.502,0.398,1,1,0.302,0.004,0.002,1,1,1,0.686,0.233,1,0.652
0.469,0.659,0.477,0.892,0.006,0.914,1,0.03,0.925,0.056,0.108,0.693,0.729,0.01,0.38,0.992,0.9,0.092,0.499,0.449,0.074,0.577,0.988,0.025,0.936,0.508,0.464,1,1,0.869,0.233,0.913,0.866,0.366,0.167,0.637,0.8,0.808,0.977,0.961,1,0.999,0.478,1,0.967,0.852,1,1,0.521,0.428,0.284,0.4,1,1,0.769,1,0.233,0.875,0.324,1,1,1,1,0.657,0.325,0.704,0.809,0.719,0.982,0.059,1,0.997,0.977,0.998,0.89,0.994,0.992,0.908,0.236,0.34,0.32,0.504,0.579,0.551,0.384,0.694,0.016,0.999,0.761,0.997,1,0.016,0.319,0.497,0.999,0.904,0.04,0.996,0.186,0.017,0.32,0.78,0.996,0.385,0.472,0.386,0.788,0.684,0.015,0.343,0.001,0.969,0.27,0.624,1,0.507,0.161,0.989,0.778,0.569,0.963,0.501,0.562,0.374,0.032,0.126,0.943,0.961,0.485,0.745,0.182,0.223,0.631,0.781,0.996,0.998,0.387,0.724,1,0.499,0.467,0.049,0.992,0.753,0.848,0.002,0.318,0.05,0.375,0.723,1,0.041,0.999,1,0.554,0.001,1,1,0.322,0.015,0.608,0.016,0.221,0.61,0.946,1,0.379,0,0.561,0.852,0.986,0.576,1,0.259,0.999,0.687,0.464,0.972,0.08,0.765,0.925,0.866,0.826,0.995,0.515,0.629,0.127,0.928,0.017,0.712,0.918,0.65,0.684,0.159,0.94,0.993,0.985,0.812,0.072,0.503,0.987,0.556,0.194,1,0.613,1,0.979,0.507,0.035,0.867,0.809,0.546,0.934,0.982,0.987,1,0.827,0.991,0.811,0.303,0.371,0.426,0.628,0.906,0.801,0.778,0.037,0.277,0.758,0.572,0.748,0.999,0.979,0.314,0.478,0.577,0.753,0.971,0,1,0.167,0.998,0.3,0.943,0.015,0.234,0.449,0.533,0.067,1,0.016,0.607,0.431,0.673,0.144,1,0.78,0.894,0.639,1,0.45,1,0.935,0.536,1,0.243,0,1,0.995,0.46,1,0.389,0.439,0.976,1,0.582,0.88,0.007,0.496
0.868,0.957,0.489,0.958,0.001,0.416,0.012,0.466,0.793,0.189,0.995,0.018,0.864,1,0.251,0.999,0.459,0.032,0.611,0.007,0.711,0.359,0.007,1,0.739,0.01,0.693,0.578,1,0.817,0.86,0.999,0.059,0.889,0.929,0.473,0.993,1,0.685,1,1,0.002,0.996,0.235,0.834,0.986,1,1,0.849,0.727,0.844,1,1,1,0.607,0.984,0.175,0.941,0.605,0.954,0.63,0.656,1,1,0.963,0.994,0.193,0.008,0.777,0.61,1,0.746,1,0.855,0.519,1,0.711,0.765,0.012,0.995,0.92,0.978,0.69,0.912,0.938,1,0.913,0.28,0.169,0.002,0.939,1,0.904,0.694,0.012,0.016,0.989,1,0.074,0.002,0.984,0.951,0.939,0.827,0.572,0.245,0.039,0.881,0.627,0.312,0.032,1,0.825,0.997,1,0.493,0.534,1,0.64,0.381,0.557,0.67,0.999,0.945,0.999,0.993,0.882,0.173,0.06,0.996,0.994,0.929,0.753,0.449,0.973,0.948,0.998,0.993,1,0.375,0.151,0.607,0,0.318,0.216,0.995,0.815,0.144,0.936,0.356,0.256,0.001,0.807,0.935,0.63,0.137,0.995,0.128,0.876,0.998,0.54,0.081,1,1,0.631,0.998,0.994,0,0.997,0.99,0.038,0.448,0.811,0.21,0.962,0.947,0.724,0.986,0.052,0.845,0.099,1,0.073,0.001,0.022,0.399,0.931,0.349,1,0.67,0.95,0.653,0.833,0.578,0.001,1,0.974,0.007,0.353,0.718,1,0.886,0.769,0.238,0.03,0.801,0.986,0.063,0,0.998,0.187,0.998,0.883,0.988,1,0.001,0.967,0.712,0.861,0.37,1,1,0.697,0.696,0.183,0.225,0.996,0.01,0.586,1,1,1,1,0.128,0.841,0.91,0.796,0.22,0.387,1,0.501,0.444,0.806,0.319,1,0.685,0.163,0.182,0.506,0.912,0.483,0.511,0.454,0.09,0.949,0.999,0.174,0.625,0.745,1,0.267,0.78,0.597,0.7,0.288,0.59,0.89,0.986,1,0.904,0.99,0.567,0.955,1,0.899,0.309,0.748,0.996,0.981
0.76,0.23,0.842,0.95,0.959,0.873,1,0.967,0.379,0.303,0.988,0.008,0.836,1,0.226,0.837,0.925,0.006,0.614,0.766,0.998,0.21,0.019,0.095,1,0.002,0.41,1,0.004,0.187,0.871,0.871,0.836,0.959,0.383,0.07,1,0.499,0.886,1,0.956,0.586,1,0.852,0.942,0.709,1,1,0.214,0.993,0.001,0.177,0.999,1,0.681,0.946,1,1,0.94,0.003,0.024,0.721,0.099,0.012,0.992,0.169,0.845,0.098,0.844,0.999,0.582,0.88,0.996,1,0.13,0.002,0.941,0.154,0.479,0.076,0.973,0.748,0.64,0.105,0.51,0.999,1,0.932,0.002,0,0.792,0.335,0.999,0.794,1,1,0.787,0.977,0.736,1,0.956,1,1,0.989,0.999,0.949,1,0.011,0.229,0.974,1,0.606,1,1,0,0.441,1,0.127,0,0.919,0.875,0.109,0.817,0.949,1,0.162,0.973,1,1,0.999,0.692,0.981,0.475,1,0.321,0.914,0.713,0.17,1,0.387,0.457,0.942,0,0.997,1,0.103,0.921,1,0.464,0.001,0.985,0,0.609,0.963,0.087,0.757,0.072,1,0.427,0.238,0.717,0.969,1,1,0.006,0.99,0.118,0.002,0.056,0.986,1,0.666,0.975,0.775,1,0.726,0.386,0.999,0.978,0.999,0.116,1,0.165,0.596,1,0.81,0.808,0.995,0.063,0.257,0,0.757,0.907,0.954,1,1,0.981,0.214,0.687,0.619,0.838,0.587,0.638,0.884,0.979,0.413,0.279,0.422,1,0.102,0.412,0.958,0.19,0.083,1,0.006,0.59,0.703,0.99,0.285,0.98,0.231,0.826,0.47,0.496,0.763,0.995,0.461,0.021,1,0.306,1,0.994,0.004,0.45,0.555,0.478,1,0.794,1,0.511,0.995,0.592,0.14,1,0.669,0.111,0.243,0.301,1,0.022,0.116,0.307,0.529,0.818,0.001,0.061,0.442,0.67,0.931,0.899,0.061,0.116,0.774,0.985,0.749,1,0.007,0.999,0.203,0.198,0.199,0.994,0.999,0.086,0.369,0.675,0.961,0.573
0.706,1,0.889,0.993,1,0.051,0.15,0.883,1,0.137,1,0.007,0.996,0.004,0.47,1,1,0.996,0.884,0.34,0.035,0.394,0.96,0.952,0.995,0.313,0.61,0.083,0.922,0.27,0.485,0.396,0.563,0.666,0.652,0.997,1,0.859,0.438,0.981,1,0.925,1,0.987,0.895,0.686,1,1,0.565,0.885,0.23,0.972,0.05,0.197,0.314,0.795,0.834,1,0.265,0.952,0.047,0.421,0.629,0.986,0.783,0.863,0.266,0.111,0.995,0.782,0.485,0.598,0.816,0.999,0.065,0.39,1,0.995,1,0.809,0.508,0.965,0.658,0.55,0.861,0.003,0.925,0.906,0.291,1,1,1,0.792,0.584,1,0.039,0.993,0.998,0.912,0.699,0.613,0.092,0.444,0.982,0.011,1,0.992,0.757,0.517,1,0,0.093,0.089,0.99,0.005,0.524,0.713,0.503,1,0.255,0.041,0.97,0.559,1,0.997,0.973,0.978,0.976,0.939,0.999,1,0.762,0.317,0.243,0.844,0.522,0.39,0.255,0.981,0.69,1,1,1,0.253,0.965,0.97,0.001,1,0.226,1,0.8,0.999,0.995,0.187,0.758,0.849,1,0.627,0.156,1,0.976,0.972,0.005,0.42,0.988,0.317,0.187,0.771,0.447,0.143,0.297,0.11,0.802,0.797,0.949,0.219,0.554,0.836,0.998,0.958,0.609,0.191,0.415,0.275,0.494,0.57,0.578,0.632,0.999,0.684,0,0.664,0.98,1,0.043,1,0.541,0.029,0.365,0.604,0.329,0.478,1,1,1,0.088,0.832,0.65,1,0.081,0.884,1,0.895,0.97,1,0.506,0.938,0.053,0.995,0.889,1,0.984,0.325,0.998,1,0.528,0.976,0.728,0.406,0.128,0.95,0.988,1,0.135,0.724,0.392,0.541,0.995,0.031,0.992,0.603,0.639,0.173,0.953,0.996,0.949,0.069,0.445,1,1,0.09,0.634,0.544,0.892,0.996,0.339,0.764,0.431,0.925,1,0.963,0.993,0.852,0.51,0.804,0.886,0.919,1,0.956,0.844,1,0.401,1,0.385,0.299,0.413,0.082,0.414,0.639
0.838,1,0.327,1,0.971,1,0.437,0.998,0.982,0.051,0.088,0.014,0.176,1,0.45,0.035,0.99,1,0.656,0.704,1,0.695,0.024,0.068,0.852,0.306,0.887,1,0,1,0.971,0.546,0.999,0.591,0.999,0.798,0.869,0.413,0.883,0.103,0.998,0.995,1,0.387,0.907,0.559,0.004,1,0.508,0.372,0,0.999,1,1,0.719,0.994,0.913,0.963,0.643,0.007,0,0.406,0.054,0.436,0.797,0.781,0.961,0.082,0.65,0.981,0.316,0.683,0.756,0.984,0.059,0.183,0.964,1,1,0.551,0.093,0.258,0.916,0.891,0.292,0.045,0.007,0.996,0.049,0.981,0.961,0.996,0.159,0.562,0.001,0.894,0.638,0.992,0.998,0.092,0.007,1,0.001,0.354,0.747,0.487,0.256,0.087,0.937,0.875,0.004,1,0.89,0.99,0.85,0.668,0.031,0.946,0.224,0.175,0.221,0.436,1,0.423,1,0.818,0.017,0.242,1,1,0.411,0.172,0.569,0.557,0.411,0.072,0.078,0.904,1,0.962,0.173,0.999,0.977,0.821,0.225,1,1,0.954,0.725,0.007,0.553,0.971,0.891,0.947,1,0.981,1,0.995,0.817,0.875,0.361,1,0.907,0.261,0.485,1,0.147,0,1,0.958,0.98,0.563,0.805,1,0.968,0.829,0.536,0.852,0.981,0.135,0.013,0.905,0.701,0.001,0.827,0.984,0.871,0.881,0.589,0.439,0,0.936,0.641,0.272,0.443,1,0.996,0.937,1,0.651,0.001,0.3,0.737,0.081,1,0.992,0.976,0.594,1,0.044,0.722,0.726,0,1,1,1,0.246,0.852,0.862,0.288,1,0.95,0.884,0.618,0.968,0.604,0.975,0.028,0.002,0.822,0.068,0.625,0.075,0.808,0.649,0.179,0.995,0.82,0.202,0.984,0.227,0.992,0.62,1,0.77,0.788,0.297,0.479,0.696,0.997,0.921,0.12,0.316,0.874,0.599,0.086,0.983,0.648,0.992,1,0.843,0.834,0.863,0.568,0.928,0.999,0.934,0.018,0.669,0.072,0.915,0.991,0.988,1,0.99,0.658,0.274,0.967,1
0.996,0.987,0.337,0.967,0.904,0.456,0.99,0.641,0.969,0.057,0.931,0.043,0.589,0.184,0.349,1,0.719,0.896,0.529,0.984,0.969,0.889,0.003,0.441,0.511,0.898,0.157,0.1,0,0.041,0.999,0.188,0.888,1,1,0.999,0.999,0.968,0.174,0.241,0.997,1,0.996,0.862,0.974,0.878,1,0.996,0.491,0.199,1,0.23,0.104,0,0.555,0.582,1,0.226,0.849,0.024,0.011,0.379,1,1,0.373,0.783,0.839,0.012,0.188,0.148,0.035,0.59,0.938,1,0.992,0.617,0.752,0.638,0.118,0.639,0.052,1,0.378,1,0.955,0,0.649,0.378,0.911,0.026,0.967,0.983,0,0.427,0.02,0.926,1,0,0.111,0.007,0.986,0.707,0,0.805,0.006,0.198,1,0.97,0.453,0.794,1,0.27,0.816,0.479,1,0.863,0.53,0.137,1,0.116,0.574,0.03,0.055,0.951,0,0.717,0.088,1,0.921,0.925,0.912,0.959,0.236,0.963,0.169,0.568,0.543,0.864,0,0.612,0.928,0.022,1,0.605,0.191,0.941,1,0.411,0.506,0.981,0.353,0.827,0.917,1,0.29,0.989,0.089,1,0.791,0.998,0.422,0.504,1,0.917,0.836,0.956,0.689,0.963,0.982,1,0.261,0.853,0.59,0.978,0.871,0.972,0.434,0.707,0.929,0.985,0.998,0.972,0.117,0.995,0.642,0.603,0.742,0.98,0.678,0.386,1,0.778,0.908,0.647,0.709,0.979,0.859,0.339,0.317,0.497,0.997,0.346,0.824,0.158,0.247,0.887,0.681,0.59,0.822,0.996,0.33,0.846,1,0.975,0.858,0.682,0.044,0.985,0.139,0.163,0.879,0.215,0.132,0.948,0.805,0.53,0.034,0.867,0.013,0.015,0.409,1,0.002,0.475,0.983,0.243,0.506,0.963,0.968,1,0.775,0.174,0.662,0.851,0.023,0.44,0.748,0.331,0.858,1,0.916,0.596,0.544,0.612,0.377,0.159,0.595,0.611,0.167,1,0.712,0.973,0.868,0.771,0.396,0.893,0.619,0.996,1,0.094,0.029,0,0.893,1,0.997,0.449,0.19,0.817,0.952
0.365,1,0.391,0.999,0.97,0.658,0.001,0.213,0.282,0.113,0.58,0.287,0.317,0.951,0.529,0.898,0.875,1,0.531,0.226,0.995,0.378,0.56,0.999,0.368,0.002,0.064,0,1,0.935,0.997,0.812,0.666,0.987,1,0.041,0.875,0.995,0.245,0.361,0.049,0.858,0.031,0.349,0.993,0.765,0.508,1,0.528,0.251,0.903,0.641,0.462,0,0.823,0.345,0.088,0.419,0.417,0.772,0.979,0.035,0.051,0,0.966,0.454,0.089,0.825,0.422,0.593,0.249,0.544,1,0.195,0.992,0.801,0.396,0.298,0.724,0.77,0.588,0.999,0.842,0.776,0.077,0.001,1,0.319,1,0.932,1,0.303,0.017,0.45,1,0.029,0.857,1,0.644,0.808,0.65,1,1,0.116,0.668,0.506,0.941,0.036,0.938,0.996,0.979,0.913,0.967,0.342,1,0.404,0.086,0.991,0,0.267,0.992,0.997,0.919,0.133,0.575,0.202,0.712,0.823,0.769,0.91,1,0.908,0.346,0.997,1,0.984,0.195,0.829,1,0.451,0.278,0,1,0.712,0.392,0.962,0.005,0.999,0.843,1,0.983,1,1,0.757,0.982,0.358,0.997,1,0.707,0.958,0.761,0.95,0.001,1,0.954,0.991,0.064,0.336,0.032,0.748,0.947,0.545,0.996,0.636,0.89,0.98,0.556,0.227,1,0.15,0.729,1,0.52,0.809,0.87,0.532,0.964,0.789,0.022,0.58,0.88,0.196,0.939,0.001,0.966,0.999,0.823,0.114,0.11,0.565,0.99,0.397,0.235,1,0.863,0.165,0.997,0.448,1,0.972,0.876,1,1,0.592,0.781,0.001,0.226,0.295,0.88,0.597,0.896,0.022,0.695,1,0.853,0.371,0.948,0.372,0.013,0.788,0.176,1,1,0,0.915,0.458,0.829,0.753,0.215,1,0.889,0.119,0.814,0.264,0.575,0.732,0.707,0.283,0.316,1,0.962,0.666,0.28,0.934,1,1,0.052,0.589,0.48,0,0.532,1,0.997,0.362,0.976,0.915,0.775,0.996,0.982,1,0.095,0.16,0.001,1,0.941,0.784,0.023,0.489,0.983
1,0.027,0.619,0.598,0.483,0.986,0.901,0.125,0.578,0.199,0.378,0.249,0.265,0.875,0.239,0.88,0.786,0.863,0.444,0.063,0.548,0.114,0.987,0.421,0.587,0.225,0.049,1,0.004,0.86,1,0.975,0.864,0.039,0.224,0.836,0.003,0.807,0.142,0.766,0.969,1,0.969,0.753,0.998,0.745,0.998,1,0.323,0.848,0.947,0.818,0.988,0,0.523,0.722,0.085,1,0.833,0.987,0.907,0.398,1,0.903,0.109,0.715,0.879,0.673,0.964,1,0.316,0.998,0.494,0.275,0.924,1,0.749,0.759,1,0.928,0.784,0.779,0.765,0.712,0.042,0,0.959,0.13,0.217,0.253,0.776,0.927,0.924,0.892,0.974,0,0.819,1,0.605,1,0.004,1,0.005,0.017,0.687,0.825,0.018,0.357,0.202,0.051,1,0.968,0.419,0.872,1,0.349,0.995,0.325,0,0.075,0.448,0.878,0.989,0.944,0.968,1,1,0.997,0.834,0.084,1,0.951,0.439,0.869,0.895,0.732,0.73,0.394,1,0.595,0.746,0,0.254,0.424,0.978,0.972,1,0.935,0.457,0.993,0.567,1,0.502,0.004,0.865,0.019,0.205,0.95,0.999,0.753,0.617,0.888,0.013,0.854,0.998,0.992,0.996,0.97,0.76,1,1,0.111,1,0.953,1,0.836,0.483,0.121,0.564,0.229,0.851,0.172,0.996,0.914,0.992,0.38,0.141,0.683,0.343,0.938,0.008,0.693,0.837,0.751,0.122,1,0.071,0.042,0.31,0.548,1,0.519,0.999,0.99,0.668,0.481,1,0.219,0.122,1,0.85,1,0.142,0.097,1,1,0.49,1,0.895,0.649,1,0.309,0.262,0.989,0.537,0.52,0.337,0.388,0.052,0.999,0.071,1,0.999,0.978,0.366,0.37,0.629,0.215,0,0.204,0.351,1,0.854,0.663,0.895,0.909,0.521,0.504,0.194,0.998,0.969,0.453,0.474,0.78,0.801,0.016,0.737,0.598,0.587,0.992,0.562,1,0.903,0.644,0.81,0.766,0.001,0.5,0.641,0.665,0.711,0.999,0.001,1,0.999,0.947,0.666,0.184,0.996
0.964,0.896,0.292,0.563,1,0.916,0.999,0.968,0.745,1,1,0.999,0.522,0.957,0.518,0.399,0.06,0.968,0.443,0.101,0.902,0.478,1,1,1,0.003,1,1,0,0.481,0.847,1,0.954,0.084,0.251,0.932,0.032,0.699,0.627,0.886,0.001,0.403,0.99,0.987,0.066,0.715,1,1,0.554,0.213,0.981,0.596,1,1,0.602,0.935,0.9,0.752,0.89,0.002,0.706,0.731,0.997,1,0.625,0.43,0.118,0.002,0.875,0.575,1,0.414,0.977,0.817,0.575,0.867,0.889,0.507,0.884,0.226,1,0.78,0.647,0.01,0.999,0,0.579,0.878,0.08,0.471,0.999,0.999,0.009,0.747,0,0.009,1,1,0.902,0.772,0.04,0.001,0.997,0.71,0.906,0.851,0.996,0.47,0.997,0.998,1,0.968,0.575,0.978,1,0.47,0.825,0.913,1,1,0.069,1,0.995,1,1,0.76,0.598,0.997,0.991,1,0.928,0.503,0.565,0.734,0.731,0.524,0.745,0.519,0.767,0.54,0.64,1,0.019,0.698,0.546,0.253,1,0.966,0.422,0.996,0.792,0,0.703,1,0.879,0.26,1,0.036,0.353,0.277,0.352,0.985,0.211,0.999,0.886,0.983,0.613,1,0.435,0.233,0.917,0.769,1,0.831,0.822,0.424,0.121,0.006,1,0.999,0.015,0.863,0.435,0.919,0.853,0.522,0.409,0.08,0.983,0.487,0.946,0.569,0.313,0.374,0.994,0.959,0.935,0.009,0.976,0.224,1,0.568,0.853,0.598,0.997,0.499,0.969,0.604,1,0.192,0.542,0.002,1,0.075,1,0.157,0.967,0.579,0.219,0.253,1,0.37,0.28,0.82,1,0.958,0.83,0.389,0.029,0.925,0.355,1,0.289,0.741,0.616,0.559,0.766,0.906,0.386,1,0.55,1,0.274,0.465,0.991,0.161,1,0.537,0.165,1,0.979,0.303,0.4,0.157,0.331,0,0.984,0.858,0.123,0.931,0.69,0.929,0.85,0.607,0.993,1,0.028,1,1,0.785,1,0,1,1,1,0.998,0.121,0.644,1
1,0.946,0.37,0.483,0.478,0.847,0.997,0.999,1,0.86,0.245,0.998,0.372,0.507,0.218,0.997,0.924,0.039,0.724,0.818,1,0.839,0,0.753,0.899,0.791,0.295,0.158,0.217,0.929,0.871,1,0.46,0.493,0.945,0.462,0.976,0.537,0.988,0.995,0,0.323,0.592,0.571,0.449,0.984,1,1,0.359,0.472,1,0.256,0.72,0.999,0.887,0.839,0.191,0.954,0.785,0.985,0,0.154,1,0.989,0.842,0.037,0.865,0.405,0.398,0.572,0.893,0.641,0.317,0,0.921,0.838,0.331,0.871,1,0.957,0.059,0.622,0.295,0.994,0.833,0.023,0.872,0.028,1,0.996,0.999,0.678,0.999,0.688,0.049,0.995,0.962,1,0.161,0.079,1,1,1,0.686,0.977,0.044,0.803,0.147,0.702,0.04,0.105,0.068,0.989,0.973,1,0.405,0.99,0.084,0.001,0.529,0.922,0.068,0.908,0.707,0.899,0.804,0.013,0.282,0.926,0.577,0.987,0.554,0.392,1,1,0.178,0.481,0.76,0.997,0.747,0.622,0,0,0.844,0.915,0.992,0.998,0.772,0.818,0.004,0.855,1,0.035,0.032,0.996,0.966,0.056,1,0.232,0.712,0.499,1,0.339,0.965,0.865,0.765,0.252,1,0.187,0.494,0.999,0.175,0.527,0.947,0.093,1,0.751,0.73,0.726,0.955,0.021,0.829,0.576,0.758,1,0.401,0.001,0.626,1,0.39,0.104,0.367,0.89,1,1,1,0.04,0.16,0.999,0.903,0.013,0.348,0.628,0.999,0.997,0.743,0.901,0.62,1,0,0.784,1,1,1,0.741,0.245,0.974,0.258,0.479,0.762,0.266,0.726,0.961,0.966,0.215,0.803,0.817,0.998,0.002,0.005,0.996,0.76,0,1,0.605,0.353,1,1,1,0.013,0.869,0.923,0.491,0.086,0.861,0.32,0.159,0.122,0.999,0.018,0.903,0.617,0.478,0.443,0.773,0.821,0.628,0.518,0.764,0.813,1,0.01,0.937,0.606,0.351,0.905,0.035,0.999,1,0.39,0.008,0.032,0.971,0.011,0.316,0.299,0.252,0.871,0.058
1,0.889,0.609,0.302,0.104,0.013,0.947,1,0.796,0.861,1,0.493,0.536,1,0.484,0.081,0.172,0.601,0.437,0.025,0.162,0.608,0.681,0.622,0.984,0.841,0.903,0.141,1,0.286,0.171,0.915,0.998,0.81,0.226,0.003,0.994,0.959,0.495,0.766,0.018,0.013,1,1,1,0.765,1,0.809,0.425,0.238,0.083,0.954,0.009,0.028,0.321,0.724,0.69,0.876,0.525,1,0.621,0.615,0.636,1,0.168,0.432,0.68,0.758,0.8,0.821,0.59,0.541,0.999,0.003,0.997,0.937,0.589,0.219,0.04,0.476,0.229,0.314,0.698,0.014,0.976,0.98,0.99,1,0.93,0.063,0.681,0.009,0.872,0.475,0.004,0.755,1,0.044,0.804,0.426,1,0.785,1,0.122,0.93,1,0.143,0.979,0.729,0.034,0.002,0.921,0.423,0.947,0.999,0.361,0.479,1,0.952,0.772,0.965,0.751,0.975,0.21,0.949,0.322,0.501,1,0.989,0.87,0.441,0.854,0.631,0.88,0.595,0.365,0.282,0.945,1,0.559,0.062,0.002,1,0.254,0.658,0.603,0.988,1,0.271,0.004,0.999,0.247,0.626,1,0.921,1,0.902,0.993,0.887,0.884,0.683,0.002,0.104,0.839,0.602,1,0.54,0.06,0.024,0.999,0.8,0.989,0.774,0.201,0.987,0.996,0.539,0.924,0.84,0.909,0.462,0.884,0.325,0.011,0.889,0.96,0.7,0.982,0.001,0.765,1,0.509,1,0.002,1,0.883,0,0.999,0.036,0.298,0.12,0.53,0.826,0.998,0.064,0.393,0.97,0.851,1,0.028,0.273,0.23,0.089,0.164,0.694,0.991,0.77,0.953,0.127,0.778,1,1,0.237,0.876,0.002,0.835,0.758,0.574,0.107,0.718,0.815,1,1,0.606,0.608,0.529,0.746,0.586,0.935,1,0.425,0.905,0.472,0.024,0.837,0.996,0.38,0.187,0.771,1,1,0.359,0.541,0.077,1,0.665,0.997,0.535,0.338,1,0.997,0.003,0.971,0.248,0.757,0.78,0.999,0.33,0.003,0.324,0.001,0,1,0.923,0.892,0.937,0.045,0.262,0.086
0.274,0.871,0.454,1,1,0.998,0.896,0.147,0.751,0.992,0.997,0.038,0.627,0.825,0.444,0.101,0.143,0,0.458,0.007,0.922,0.703,0.992,0.872,0.983,1,0.063,1,0,1,0.571,0.396,0.115,0.835,0.999,0.996,0.992,0.548,0.439,0.708,0.982,0.008,1,1,0.093,0.266,0.999,1,0.402,0.605,0,1,0.976,1,0.71,1,0.548,0.893,0.679,0,0.778,0.881,1,0.993,0.445,0.678,0.278,0.172,0.073,0.159,0.158,0.962,0.999,0.584,0.918,0.054,0.883,0.84,1,0.918,0.045,0.939,0.703,1,0.014,0.659,0.595,0.282,0.973,0.146,0.616,1,1,0.969,1,1,0.017,0.948,0.589,0.805,0.996,1,0.98,0.369,0.995,0.74,1,0.917,0.905,0.244,0,0.608,1,0.967,1,0.539,0.629,0.444,0.001,0.538,0.245,1,0.574,0.997,1,0.603,0.066,0.983,1,0.267,0.894,0.207,0.208,0.731,0.995,0.814,0.792,0.571,1,0.542,0.973,0.001,0.422,0.998,0.499,0.006,0.007,0.83,0.605,0.26,0.997,0.87,0.999,0.995,0.725,1,0.878,1,0.359,0.622,0.643,0.106,0.985,0.74,0.033,1,0.977,1,0.284,0.004,0.327,0.257,0.756,1,0.715,1,0.584,0.049,0.997,0.954,0.01,0.664,0.808,0.88,0.969,0.657,0.358,0.814,1,0.312,0.457,0.926,0.717,0.065,0.205,1,0.342,0.542,0.947,0.313,0,0.553,0.942,0.886,1,0.713,0.794,0.945,1,1,0.733,1,0.621,1,1,0.985,0.986,0.423,0.36,0.93,1,0.031,0.912,1,0.886,0.72,0.277,0.449,0.689,0.024,0.366,1,0.198,0.011,0.875,0.153,0.729,0.705,0.91,1,0.396,0.302,0.174,0.972,0.949,0.985,0.991,0.519,0.358,0,0.214,0.998,0.393,0.275,0.308,0.148,0.74,0.427,0.801,1,0.809,0.688,1,0.988,0.989,0.721,0.913,0.1,0.988,0.061,0.699,1,0.963,1,1,0.459,0.053,0.56,0.803
0.459,0.953,0.79,0.939,1,0.388,0.022,0.643,0.991,0.358,0.431,0.984,0.562,1,0.218,0.746,0.992,1,0.559,0.009,0.956,0.343,0.468,0.835,0.72,0.006,0.829,0.995,1,0.315,0.889,0.971,0.987,0.994,0.989,0.848,1,0.998,0.987,0.772,1,0.999,1,0.494,0.939,0.858,1,0.011,0.357,1,0.396,0.963,1,1,0.422,0.862,0.906,1,0.841,0.231,0.828,1,1,1,0.998,1,0.111,0.001,0.984,0.996,1,0.641,0.605,0.062,0.01,0.473,1,0.997,1,0.57,0.936,0.319,0.809,0.046,0.887,0.209,1,0.77,0.999,0.775,0.938,0.986,0.005,0.568,1,0.966,0.075,0.024,0.523,0.961,1,0.346,1,0.672,1,1,1,1,0.48,0.109,0.013,0.243,0.981,0.474,1,0.382,0.654,0.073,1,0.593,0.021,0.881,1,0.984,0.988,0.904,1,0.876,0.993,0.992,0.957,0.552,0.578,0.499,0.731,0.7,0.653,0.113,0.99,0.754,0.991,0.999,0.995,0.296,0.111,0.332,1,0.899,0.913,0.885,0.758,0.003,0.999,0.184,0.086,0.994,0.023,0.997,0.472,0.408,0.719,0.159,1,1,0.15,1,0.6,0.276,0.65,0.78,1,0.09,0.652,0.283,0.951,0.81,0.594,0.057,0.469,0.939,0.882,0.606,0.305,0.505,0.044,0.361,0.732,0.999,1,0.822,1,0.913,0.993,0.715,1,0.063,1,0.992,0.034,0.55,0,0.566,0.339,0.911,1,0.587,0.894,0.161,1,0.02,0.862,1,0.417,0.996,1,0.846,0.995,0.934,0.421,0.963,1,1,0.501,1,0.274,0.984,0.066,0.667,0.426,0.983,0.744,0.094,0.005,0.867,0.933,0.485,0.942,1,0.871,1,0.438,0.968,0.924,0.49,1,0.73,0.449,0.321,1,1,0.432,0.831,0.495,0.305,0.494,0.577,0.731,0.923,0.873,1,0.081,0.986,1,0.369,0.899,0.791,0.997,0.751,0.983,0.64,0.015,0.001,1,1,0.999,0.557,0.445,0.954,0.555
1,1,0.571,0.14,0,0.048,1,0.191,0.313,0.624,0.432,0.593,0.96,0.013,0.189,0.875,1,1,0.506,0.925,1,0.681,0.896,0.402,0.798,0.991,0.82,0.241,0.023,0.999,0.84,0.26,1,0.998,0.193,0.71,0.787,0.755,0.421,1,0.97,0.026,0.992,0.688,0.366,0.956,0.983,1,0.757,0.627,0.995,0.999,0.973,1,0.559,0.99,0.074,0.667,0.391,0.908,0.819,0.764,1,0.766,0.618,1,0.947,0.752,0.909,0.995,0.889,0.857,1,1,0.723,1,0.807,0.975,0.094,0.995,0.263,0.989,0.914,0.927,0.116,0.383,0.233,0.682,0.676,1,0.998,1,0.959,0.557,0.942,0.834,1,1,0.995,0.998,0.963,1,0.058,0.103,0.908,0.88,0.01,0.651,0.872,0.928,1,0.765,0.134,0.912,1,0.702,1,0.026,1,0.819,0.999,0.9,0.659,0.117,1,0.988,0.973,1,1,1,0.949,0.413,0.553,0.749,0.627,0.874,0.59,0.808,0.793,0.919,0.91,1,1,0.484,0.995,0.016,0,0.773,0.76,0.118,1,1,1,0.968,1,0.002,1,0,0.169,1,0.215,1,0.753,0.473,0.865,0.448,0.559,0.979,1,0.95,0.108,0.132,0.489,0.455,1,0.046,0.649,0.577,0.931,0.664,0.721,0.839,0.777,0.978,0.956,0.998,0.134,0.259,0.989,0.805,1,0.99,0.908,0.981,1,1,0.001,0.986,0.034,0.903,1,0.379,0.451,0,0.372,0.779,0.767,0.634,1,1,0.767,1,0.99,0.378,0.001,0.528,0.154,0.841,0.985,0.811,0,1,0.649,0.978,0.956,0.754,1,0.307,0.999,0.397,0.988,1,1,0.968,0.343,0.358,0.596,0.93,0.97,0.824,0.529,0.899,0.349,0.648,0.077,0.733,0.029,0.556,0.701,0.004,0.81,0.384,0.451,0.994,0.976,0.967,0.357,0.704,0.773,1,0.739,0.999,0.003,0.802,0.248,0.994,1,1,0.431,0.954,0.863,0,0.375,0.706,0.998,0.241,0.587,0.124,0.199
0.978,0.053,0.569,0.309,0.901,0.214,0.997,1,0.807,0.774,0.345,0.005,1,0.005,0.497,0.835,0.513,1,0.764,0.019,1,0.658,0.765,0.689,0.868,1,0.323,0.099,1,0.985,0.999,0.608,0.439,0.382,0.94,0.483,0.992,0.06,0.852,0.611,0.998,0.003,1,1,0.039,0.315,0.992,1,0.842,0.148,0.016,0.368,0.578,0,0.236,0.999,0.304,0.863,0.661,0.049,0,1,0.836,0.741,0.968,0.181,1,0.908,1,0.953,0.821,0.447,0.005,1,0.904,1,0.801,0.896,0.977,0.256,0.651,0.198,0.299,0.996,0.97,0,0.848,0.265,0.535,0.936,0.061,0.998,0.985,0.528,0.488,1,0.936,0.987,0.639,0.398,0.622,0.77,1,0.976,1,0.65,0.645,0.79,0.075,0.177,0.001,0.985,0.998,0.997,1,0.524,0.33,0.326,0.701,0.709,0.518,0.994,0.921,0.068,0.138,0.626,0.883,0.585,0.062,0.939,0.176,0.638,0.31,0.83,0.992,0.635,0.998,0.208,0.113,0.572,0.836,1,0.989,0.486,0.265,0,0.036,0.583,0.198,1,0.902,0.083,0.585,0.426,0.829,0.047,0.009,0.782,0.953,0.648,0.619,0.92,0.99,0.997,0.018,0.905,0.344,1,0.999,0.002,0.913,0.814,0.309,0.994,0.763,0.419,0.857,0.029,0.725,0.788,0.821,1,0.602,0,0.939,0.743,0.156,1,0.971,0.676,0.998,0.965,0.799,1,0.28,0,0.934,0.956,1,0.459,0.001,0.557,0.889,0.121,0.631,1,0.406,0.253,1,0.78,0.999,0.77,0.059,1,1,0.957,0.644,0.799,0.279,0.18,1,0.015,0.801,0.204,0.9,1,0.685,0.676,0.237,0.007,0.366,0.975,0,0.984,0.336,0.593,0.802,0.255,0.165,1,0.155,0.795,0.28,0.057,0.321,0.444,0.977,0.605,0.014,0.993,0.806,0.762,0.467,0.252,0.99,0.852,0.967,0.605,0.793,1,0.236,0.001,1,0.355,0.78,0.089,1,1,0.991,0.783,0.718,0,0.983,0.048,0.689,0.597,1,0.807,0.373
0.828,1,0.352,1,0.012,0.818,0.057,0.995,0.533,0.938,0.887,0.722,0.08,0.684,0.354,1,1,0.405,0.575,0.006,0.834,0.996,0.879,0.124,0.21,1,0.071,0,0.403,0.005,0.99,0.186,0.588,0.839,0.896,0.094,0.001,0.999,0.26,1,0.747,1,0.001,0.889,0.009,0.983,0.829,0.991,0.466,0.812,1,0.83,0.999,1,0.497,0.397,0.719,0.999,0.572,0.699,0.784,0.281,1,1,0.953,0.649,0.98,0.006,0.496,0.465,0.935,0.791,0.035,0.12,0.995,0.988,0.806,0.043,1,0.999,0.527,0.551,0.684,1,0.037,0,0.621,0.997,0.915,1,1,0.02,0.947,0.604,0,0.969,0.942,0.998,0.092,0.001,1,0.012,0.994,0.694,1,0.77,0.235,0.306,0.073,0.012,1,0.946,0.357,0.958,0.999,0.507,0.228,0.948,0.024,0.846,0.78,0.044,0.778,0.1,0.006,0.91,0.916,0.934,0.994,0.284,0.022,0.55,0.711,1,0.634,0.675,0.627,0.535,0.088,0.653,0.849,0.001,0.956,0.234,0.693,0.946,0.999,0.965,0.731,0.26,0.545,0.243,0.845,1,1,0.009,0.901,0.98,0.384,0.11,0.756,0.079,0.032,0.274,1,0.993,0.847,0.999,0.126,0.369,0.939,0.908,0.535,0.638,0.311,0.553,0.208,0.927,0.058,0.703,0.7,0.279,1,0.002,0.796,0.636,0.646,0.837,0.339,0.942,0.204,1,0.264,0.005,0.984,0.09,1,0.668,0.547,0.801,1,0.291,0.803,0.002,0.362,0.691,0.168,0.245,1,0.993,0.387,0.651,0,0.807,1,0.998,0.789,1,0.642,0.502,0.024,0.938,0.676,0.954,1,0.125,0.325,1,0.98,0.24,0.15,0.999,1,0.947,0.438,0.551,0.301,1,0.648,1,0.743,0.233,0.317,0.186,1,0.715,0.953,0.507,0.733,1,0.845,0.13,0.408,0.805,0.675,0.002,0.741,0.536,0.718,1,0.998,1,0.517,0.794,0.584,1,1,0.998,1,0.275,0,0.653,0.028,1,0.6,0.477,0.555,0.839,0.999
0.193,1,0.578,0.544,0.147,0.486,0.992,0.999,0.977,0.991,0.208,0.223,0.474,0.001,0.358,1,0.255,0.991,0.562,0.039,0.003,0.141,0.99,0.048,0.208,0.978,1,0.161,0.978,0.081,0.981,0.934,0.175,1,1,0.723,0.834,0.891,0.637,0.21,1,1,0.745,0.795,1,0.609,1,0.467,0.383,0.328,0.439,0.06,0.938,0.986,0.325,0.523,0.37,0.002,0.43,1,0.004,0.218,0.168,0.038,0.863,0.995,0.021,0.989,0.549,0.785,0.086,0.614,0.969,0.877,0.406,0.141,0.576,0.873,0.902,0.164,0.53,0.767,0.997,0.03,1,0.015,0.205,0.998,0.008,0.004,1,0.442,0,0.499,0.326,0.952,0.121,0.994,0.593,1,0.626,0.898,0.924,0.543,0.977,1,1,0.684,0.181,0.026,0,0.844,0.576,0.639,1,0.445,0.688,0.739,1,0.616,0.518,0.171,0.725,0.997,0.825,0.544,0.923,0.244,0.999,0.361,0.722,0.361,0.52,0.848,0.994,0.964,0.385,0.203,0.781,0.611,0.152,1,1,0.794,0.847,1,1,0.441,0.44,0.996,0.776,0.999,1,0.073,0.498,0.998,0.866,1,0.812,0.688,0.556,0.944,1,0.211,0.016,0.999,0.538,0.889,0.8,0,0.97,0.571,1,0.561,0.694,0.71,0.715,0.997,0.396,0.914,0.013,0.653,1,0.002,0.833,0.735,0.59,1,0.884,0.696,0.515,0.969,1,0.006,0.892,0.977,0.933,0.037,0.723,0.359,1,0.329,0.968,0.437,0.064,0.925,0.902,0.418,1,0.158,0.64,1,1,0.945,0,0.018,0.712,0.999,0.847,0.517,0.997,0.136,0.556,0.281,0.04,0.917,0.308,0.521,0.892,1,0.684,0,0.359,0.85,0.405,0.393,0.681,0.473,0.255,1,0.584,0.861,0.266,0.997,0.416,0.609,0.114,0.264,1,0.012,0.817,0.457,0.408,0.949,0.645,0.003,0.051,0.696,0.379,1,0.91,0.864,0.861,0.998,0.85,0.926,0.192,0.648,1,0.833,0.993,0,1,1,0.924,0.222,0.064,0.65,0.664
0.991,0.048,0.909,0.267,0,0.324,1,0.97,0.606,0.038,0.178,0.004,0.281,0.925,0.224,0.761,0.463,0.919,0.981,0.732,0.999,0.955,1,0.366,0.793,0.84,0.839,0.03,1,0.011,0.988,0.839,0.999,0.925,1,0.886,0.005,0.914,0.61,0.619,0.993,1,0.738,0.603,1,0.974,1,0.906,0.521,0.849,0.039,1,0.997,0.824,0.974,0.861,0.071,0.123,0.745,0.013,1,0.734,1,0.138,0.425,1,0.105,0.102,0.726,0.776,0.816,0.809,1,0.999,0.545,1,0.641,0.995,0.992,0.955,0.247,0.813,0.622,1,0.997,0.002,0.998,0.111,0.514,0.962,0.572,0.669,1,0.597,0,1,0.327,0.982,0.966,0.002,0.014,0.067,0.019,0.082,0.664,0.955,0.785,0.914,0.28,0.883,0.75,1,0.972,0.957,0.999,0.394,0.635,0.998,1,0.015,0.003,0.641,0.299,0.882,0.011,0.112,0.998,0.502,0.767,0.646,1,0.535,0.746,0.95,0.381,0.238,0.937,0.998,0.336,0.728,0.502,0.875,0,0.557,0.63,0.081,1,1,0.358,0.977,0.597,0.002,0.836,0.99,0.309,0.012,1,1,0.539,0.765,0.951,0.867,0.673,0.124,0.239,1,0.648,0.124,0.743,1,0.967,0.346,0.39,0.686,0.995,0.821,0.36,0.967,0.986,0.271,0.302,1,0.987,1,0.055,0.722,0.987,0.707,0.539,0.34,0,0.661,0.99,0.004,0.015,0.997,1,0.832,0.348,0.375,0.46,0.556,0.02,0.809,0.93,0.189,0.14,0.423,1,0,0.573,0.913,0.143,1,0.538,0.995,1,0.187,0.153,0.365,1,0.857,0.666,0.585,0.006,0.784,1,0.344,0.003,0.174,0.084,0.794,1,0.783,0.957,0.57,0.68,0.841,0.568,0.505,0.95,0.985,0.317,0.749,0.995,0.238,0.722,0.119,0.01,1,0.192,0.948,0.272,0.502,0.716,0.123,0.683,0.562,0.294,0,0.753,0.024,0.04,0.697,0.853,0.389,1,0.632,1,0.738,0.137,0.782,0.999,1,0.755,0.257,0.055,0.401,0.819
0.915,0.977,0.67,0.429,0.081,0.626,0.979,0.991,0.631,0.673,0.039,0.099,0.702,1,0.667,0.755,0.885,0,0.52,1,0.883,0.655,0.726,0.446,0.992,0.92,0.707,0,0,0.008,0.871,0.504,1,0.845,0.999,1,0.88,0.974,0.77,0.832,0.999,0.998,1,0.807,0.004,0.067,1,1,0.521,0.789,0,0.985,1,1,0.808,0.093,0.741,0.071,0.735,0.819,0,0.945,0.889,1,0.522,0.872,0.533,0.415,0.997,0.31,0.181,0.661,0.988,0.922,1,0.975,0.916,1,0.996,0.852,0.412,1,0.348,0.918,0.938,0.724,0.537,0.649,0.407,1,0.654,1,0.935,0.66,1,0,0.949,0.438,0.316,0.561,0.077,0.579,0.701,0.999,0.992,0.512,1,0.921,0.16,1,0.509,0.478,0.276,0.998,1,0.342,0.356,0.7,0.821,0.524,0.999,0.776,0.999,0.74,1,0.979,0.927,0.949,0.944,1,0.857,0.785,0.502,0.885,0.84,0.993,0.719,0.162,0.158,0.983,0.831,0.061,0.004,0.907,0.521,1,1,0.804,0.835,0.69,0.928,0.002,0.033,0.968,1,0.992,0.95,0.99,0.961,0.986,0.205,0.471,1,1,0.996,0.002,0.851,1,1,0.718,0.789,0.205,0.91,1,0.829,0.176,0.153,0.177,0.326,0.918,0.899,0.995,0.014,1,0.917,0.94,0.951,0.942,0.711,0.58,0.355,0.461,0.984,0.055,0.976,0.001,0,0.085,0.923,0.42,1,0.663,0.312,1,0.929,0.997,0.209,0.236,1,0,0.767,0,1,0.76,0.01,0.17,0.292,0.046,0.428,0.574,0,0.002,1,0.749,0.903,0.466,0.842,0.105,1,0.996,0.111,0.915,0.001,0.058,0.767,0.185,0.716,0.969,0.991,0.998,0.83,0.892,0.151,0.565,0.999,0.347,0.985,0.729,1,1,0.959,0.371,0.382,0.872,0.532,0.054,0.43,0.709,0.173,1,1,0.021,0.992,0.577,1,0.941,0.424,0.999,0.046,0.404,1,0.968,0.817,0.825,1,0.685,0.953,0.79,0.477
0.966,0.123,0.47,0.567,0.963,0.641,1,0.835,1,1,1,0.982,0.786,0.501,0.447,1,0.455,1,0.588,1,0.903,0.399,0.886,0.989,0.418,0.954,0.725,0.981,0.142,0.696,0.12,0.89,0.602,1,1,0.281,0.175,0.318,0.742,0.684,0.992,0.998,1,0.539,0.002,0.676,0.999,1,0.196,0.691,0.866,0.873,1,1,0.302,0.8,0.794,0.998,0.201,0.948,0.496,0.136,1,0.995,0.907,0.742,1,0.745,0.547,0.36,0.229,0.664,0.341,0.043,0.033,0.526,0.8,0.3,1,1,0.078,1,0.622,0.965,0.064,0.006,0.209,0.154,0.726,0.988,0.07,0.023,0.694,0.499,0.975,1,0.993,1,0.371,0.072,0.912,0.735,0.003,0.325,0.016,0.065,0.611,0.041,0.644,0.989,0.336,0.549,0.071,1,1,0.572,0.979,0.827,0,0.05,0.083,0.678,0.676,0.311,0.973,0.978,0.277,0.489,0.997,0.165,1,0.936,0.241,0.999,0.532,0.568,0.81,0.993,1,0.622,0.631,0,0.995,0.238,0.998,0.865,0.995,1,0.322,0.042,0.899,0.914,0.049,1,0.335,0.494,0.815,0.012,0.367,0.038,0.326,0.993,0.362,0.936,1,1,0.903,0.018,0.987,0.999,0.005,0.294,0.399,0.861,1,0.859,0.336,0.049,0.049,0.151,0.986,1,0.806,1,1,0.451,0.99,0.848,0.753,0.939,0.519,0.223,0.495,0.025,0.012,0.586,1,0.019,1,0.264,0,0.506,1,0.991,0.51,0.988,1,0.28,0,0.731,0.995,1,0.7,0.01,0,0.951,0.574,1,0.567,0.834,1,0.062,0.736,0.244,0.693,0.983,0.937,0.742,0.196,0.023,0.995,1,0.571,0.981,0.951,0.471,0.875,0.514,0.002,1,0.667,1,0.241,0.261,0.919,0.479,0.999,0.797,0.186,0.014,0.863,0.514,0.419,0.274,0.605,0.004,0.282,0.465,0.973,0.097,0.979,1,0.069,0.692,0.952,0.836,1,0.857,1,0.982,0.993,0.009,0.72,1,0.033,0.696,0.894,0.612,0.912
0.108,0.922,0.617,0.166,0.125,0.023,0.078,0.588,0.913,0.497,0.403,0.539,0.659,0.998,0.545,0.946,0.627,1,0.644,0.999,0.932,0.632,1,0.163,0.312,0.861,0.582,0.87,0.999,0.741,0.97,0.63,0.382,0.73,0.503,0.1,0.445,1,0.974,0.824,0.631,0.164,0,0.596,0,0.822,1,0.026,0.46,0.979,0.951,0.999,0.373,0.948,0.861,0.914,0.998,0.995,0.909,0.302,0,0.858,0.992,0.213,0.174,0.554,0.204,0.959,0.725,1,0.114,0.923,0.964,0.343,0.04,0.975,0.711,0.128,0.139,0.982,0.499,0.579,0.274,0.954,0.497,0.908,0.024,0.002,0.015,1,0.953,1,0,0.505,0.001,0,0.352,0.989,0.085,0.001,0.297,0.74,0.139,0.842,0.961,1,0.84,0.943,0.014,0.388,0.001,0.835,0.239,1,0.008,0.369,0.624,0.587,0.002,0.583,0.808,0.993,0.697,0.357,0.994,0.975,0.038,0.873,0.94,0.305,0.118,0.447,0.954,0.181,1,0.233,1,0.545,0.577,0.522,0.065,0.004,0.722,0.91,1,0,1,0.75,0.987,0.822,0.963,0.048,0.818,0.798,0.956,0.032,0.995,0.362,0.748,0.86,0.284,0.965,0.996,0.96,0.051,1,0.499,0.839,0.708,0.059,0.528,0.75,0.941,0.112,0.862,0.642,0.534,1,0.171,0.962,0.02,0.942,0.604,0.816,0.502,0.384,0.809,0.916,0.989,0.926,0.332,0.812,0.665,0.031,0.002,1,0,0.376,0.029,0.695,0,0.288,0.019,0.937,1,0.707,0.609,0.664,0.459,0.077,0.662,0.735,0.832,0.998,0.985,0.977,0.856,0.352,0.69,0.488,0.887,1,0.922,0.799,1,0.999,0.793,0.591,0.003,0,0.594,1,0.244,0.029,0.773,0.712,0.303,1,0.043,1,0.468,0.81,0.23,0.117,0.898,0.706,1,0.077,0.405,1,0.757,0.25,0.518,0.641,0.771,1,0.35,0.977,0.999,1,0.921,0.976,0.031,0.827,0.995,0.737,0.004,0.004,0.477,0.513,0.715,0.002,0.491,1,0.547,0.841,0.834,1,1
0.926,1,0.598,0.885,1,0.317,1,0.987,0.998,0.083,0.872,1,0.163,0.912,0.472,0.997,0.531,1,0.839,0.002,0.97,0.822,1,0.986,1,0.058,0.633,0,0,0.969,1,0.518,0.776,0.019,0.835,0.012,1,0.043,0.128,0.25,1,0.955,0.995,0.598,0.091,0.225,1,0.503,0.429,0.955,0.952,0.863,1,0,0.277,0.808,0.514,0.935,0.669,0.006,0.142,0.715,0.995,1,0.651,0.256,0.963,0.01,1,0.222,0.722,0.533,0.058,0.146,0.744,0.625,0.281,1,0.982,0.993,0.039,0.487,0.976,0.994,0.045,0.993,0.998,0.607,0.699,0,0.395,0.003,0.978,0.64,0,1,0.021,0.951,0.348,0.003,0.768,0.927,0.81,0.997,0.848,0.967,0.535,0.917,1,1,0.02,1,0.982,0.92,0.999,0.517,0.841,0.82,0.947,1,0.9,0.94,0.49,0.134,1,0.231,0.449,0.679,0.872,0.89,0.999,0.178,0.228,0.257,0.262,0.786,0.904,0.864,0.009,0.693,0.168,0.393,1,0.542,0.596,1,0.994,1,0.401,0.331,0.933,0.935,0.975,0.031,0.418,0.133,0.011,0.913,0.691,0.09,0.444,1,0.696,0.642,0.376,0.993,0.178,0.007,1,0.884,0.989,0.213,0.289,0.118,0.995,0.691,0.841,0.213,0.992,0.614,0.006,0.996,0.334,0.669,0.998,0.773,0.749,0.935,0.005,0.367,1,0.981,0.413,0.287,0.099,0,0.014,0.028,0.764,0.275,0,0.448,0.986,0.001,0.999,0.303,0.672,0.343,1,0.58,0.232,0.149,0.546,0.978,1,0.996,1,0.276,0.017,0.336,1,1,0.531,0.996,0.004,0.463,0.097,0.645,0.129,0.013,0.133,0.018,0.122,0.119,0.446,0.82,0.657,0.743,1,0.004,0.597,0.913,0.154,0.619,0.374,0.814,0.631,0.569,0.976,1,0.008,0.432,0.686,0.844,0.689,0,0.352,0.461,0.977,1,0.193,0.999,0.331,0.643,0.606,0.632,0,0.835,1,0.998,1,0.046,0.04,0.982,0.429,0.823,0.032,0.652,0.205
0.107,0.97,0.974,0.904,0.019,0.198,0.011,0.988,0.932,0.291,0.855,0.006,0.361,0.616,0.38,1,0.368,0,0.473,0.179,0.21,0.494,0.846,0.383,0.476,0.997,0.048,1,1,0.985,0.118,0.97,0.991,0.561,1,0.766,0.009,1,0.401,0.993,1,1,0.954,0.476,1,0.91,1,1,0.269,0.499,0.018,0.481,0.974,0,0.206,0.829,1,0.739,0.793,1,0.188,0.884,0.997,0.002,0.572,0.609,0.417,0.628,0.76,0.243,1,0.648,0.238,0.994,0.568,0.999,0.998,0.64,0.558,0.861,0.945,0.941,0.281,0.226,0.151,0.3,1,0.002,0.006,0.028,1,0.959,0.999,0.604,0.328,1,0.796,0.001,1,0.001,0,0.999,0.471,0.929,0.363,1,0.987,0.436,0.993,0.096,0.857,0.983,1,0.999,0.999,0.472,0.548,1,1,0.923,0.098,0.779,0.999,0.016,0.988,0.476,0.846,0.836,0.117,1,0.808,0.125,0.577,1,0.602,0.068,0.186,0.836,1,0.999,0.998,0.932,1,0.36,0.658,0.844,0,0.117,0.318,1,0.99,0.978,0.175,1,0.66,1,0.984,0.001,0.455,0.11,0.509,0.009,0.667,0.049,0.713,0.995,0.858,0.012,0.689,0.014,0.576,0.986,0.571,1,0.691,0.065,0.335,1,1,0.445,0.25,0.752,0.782,0.007,0.002,0.896,0.64,0.48,1,0.403,0.935,0.389,0.828,0.595,0,0,0.011,0.998,0.277,0.274,1,0.374,0.058,1,0.934,0.607,0.771,0.43,0,0.79,0.926,0.966,0.069,0.975,1,0.251,0.345,0.997,0.849,0.472,1,0.669,0.558,0.985,0.937,0.899,0.031,0.96,0.723,0.044,0.031,0.998,0.926,0.997,0.903,0.818,0.371,0.941,0.761,0.675,0.266,1,0.539,1,0.998,0.733,0.484,0.758,0.594,1,0.829,0.633,0.31,0.279,0.774,1,0.073,0.444,0.959,1,0.398,0.949,0.976,0.324,1,1,0.005,0.621,0.96,0.739,0.981,0.992,0.49,0.228,0.981,0.776,0.853,0.015,0.045
0.908,0.993,0.395,0.584,0.992,1,0.109,0.598,0.884,0.778,0.999,0.838,0.669,0.462,0.467,1,0.872,0.924,0.717,0.159,1,0.512,0.91,0.01,0.593,1,0.239,0.971,1,0.008,0.61,0.998,0.066,0.578,0.76,0.972,0.002,0.889,0.653,0.631,1,0.052,0.26,0.58,0,0.494,0.58,0.994,0.402,0.697,0.005,0.18,1,1,0.485,1,0.999,0.464,0.837,1,0.941,0.704,1,1,0.148,0.327,0.907,0.455,0.34,0.914,0.087,0.543,0.629,0.503,0.797,0.632,0.993,0.195,1,0.837,0.027,0.58,0.967,0.989,0.073,0,0,0.414,0.498,0.998,0.174,0.996,0,0.559,0.131,0,0.817,0.005,0.121,0.942,0.999,0.21,0.978,0.989,0.986,0.823,0.034,0.898,0.726,0.998,0.194,1,0.011,0.899,1,0.554,0.958,0.158,0.956,0.847,0.908,0.347,0.015,0.632,0.018,0.993,0.001,0.827,0.878,0.999,0.998,0.504,0.189,0.989,0.277,0.282,0.286,0.738,0.989,0.515,0.727,0,0.037,0.794,0.841,0.047,0,0.906,0.999,0.015,0.247,0.071,0.991,0.013,0.917,1,0.995,1,0.832,0.711,0.267,0.843,0.992,0.432,1,0.998,0.301,0.656,0.999,0.995,0.415,0.109,0.976,0.663,0.573,0.968,0.563,0.527,0.841,0.997,0.033,0.282,0.922,0.98,0.548,0.88,0.627,0.98,0.965,0.839,0.009,0.624,1,0.942,0.824,1,0,1,0.818,0.81,0.21,0.737,0.597,1,1,0.862,0.367,0.322,1,0.001,0.292,0.991,0.864,0.994,0.809,0.008,0.132,0.94,0.37,0.864,1,0.247,0.713,1,1,0.318,0.976,0.567,0.198,1,0.811,1,0.994,0.012,0.896,0.249,0.993,0.985,0.667,0.988,0.377,0.997,0.283,0.072,0.999,1,0.893,0.268,0.908,1,0.318,0.297,0.48,0.804,0.968,0,0.099,0.639,1,0.287,0.81,0.976,1,0.652,1,0.513,0.083,0.914,1,0.958,0.99,0.005,0.903,0.544,0.991,0.173,0.58,1,0.87
0.626,0.998,0.825,0.001,1,0.076,0.714,0.742,0.615,0.078,0.99,0.27,0.052,1,0.259,0.222,0.996,0.001,0.937,1,0.964,0.734,0.01,0.506,0.569,0.782,0.036,1,0.039,0.329,0.967,0.504,0.393,0.764,0.607,0.542,0.029,0.758,0.186,0.994,0.995,0.135,0.998,0.978,0,1,0.008,0.913,0.72,0.172,1,0.992,0.719,0.999,0.482,0.765,0.898,0.02,0.205,0.999,0.958,0.989,1,0.003,0.956,0.675,0.466,0.093,0.719,0.819,0.279,0.724,0.752,0.914,0.995,0.115,1,0.986,0.953,0.954,0.842,0.997,0.327,0.998,0.989,0.304,0.814,0.956,0.172,0.107,0.999,0.998,0.003,0.572,0.756,0,0.998,1,0.694,0.198,0.983,0.024,0.024,0.108,0.576,0.998,0.544,0.962,0.028,0.08,0.949,0.119,0.726,0.056,1,0.588,0.651,0.987,0.168,0.586,0.533,0.012,1,0.102,0.016,0.746,0.355,0.998,0.885,0.993,0.819,0.153,0.394,0.73,1,0.414,0.486,0.948,0,0.942,1,0,0,0.382,0.771,1,1,0.876,0.447,0.265,1,0.99,0.156,0.254,0.802,0.85,1,1,0.908,0.999,0.201,1,1,0.998,0.973,1,0.159,0.045,0.034,0,1,0.135,0.998,1,0.607,0.028,0.499,0.237,0.624,0.139,0.014,0.991,0.522,0.081,0.879,0.595,0.852,0.313,0.91,0.548,0.06,0.54,0.963,0.15,1,0.014,0.981,0.736,0.001,0.694,0,0.556,0.661,0.557,0.282,0.836,0.305,0.384,0,0.984,0.987,0.002,0.007,1,0.833,0.343,0.078,0.022,0.997,0.722,1,0.002,0.962,1,0.991,0.276,0.723,0.622,0.926,0.149,1,1,1,0.971,0.67,0.917,0.924,0.804,1,0.802,0.943,0.976,0.403,0.048,0.098,0.164,0.21,0.988,0.055,1,0.049,0.114,0.467,0.969,1,0.573,0.801,0.805,0.929,0.012,0.611,1,0.071,0.928,0.516,0.328,0.297,0.999,0.763,0.564,1,0,1,0.996,0.668,0.975,1,0.012,0.928
0.089,0.993,0.542,0.903,1,0.04,0.999,0.999,0.818,0.696,0.95,0.842,0.427,0.943,0.589,0.69,0.661,0.006,0.878,0.962,0.943,0.596,0.57,0.942,0.498,1,0.1,0.28,1,0.446,0.758,0.862,0.459,1,0.541,0.898,1,0.49,0.097,0.963,1,0.429,0.939,0.557,0.558,0.277,0.717,1,0.355,0.143,0,0.819,1,0.986,0.299,0.509,0.948,0.427,0.797,1,0.985,0.544,0.805,0.704,0.352,0.657,1,0.001,0.813,0.302,0.158,0.732,0.978,1,0.997,0.962,0.964,1,0.685,0.682,0.74,0.772,0.191,1,1,0.999,0.991,0.683,0.999,0.08,0.847,0.994,1,0.486,1,0.797,0.202,0.013,0.017,0.866,0.86,0.964,0.094,0.676,0.3,0.012,0.027,0.982,0.731,1,1,0.671,0.372,0.957,0,0.444,0.649,0.987,0.304,0.816,0.231,0.819,0.697,0.999,1,0.705,0.703,0.566,0.016,0.693,0.101,0.615,0.677,0.871,0.96,0.992,0.594,0.731,0.572,0.738,0.791,0.744,0.03,0.343,0.996,0.431,0.055,0.062,0.606,0.737,0.984,0.773,0.99,0.289,0.084,0.004,0.945,0,0.773,0.984,0.829,0.001,1,0.203,0.627,0.143,0.086,0.994,1,0,0.856,0.14,0.859,0.438,0.988,0.367,0.428,0.414,0.795,0.785,0.013,0.814,0.914,0.994,0.918,0.612,0.028,0.792,0.939,0.284,0,0.713,0.968,0.003,0.854,1,0.998,0.851,1,0.191,0.984,0.625,0.655,0.579,0.999,0.398,0.651,0.262,1,0.974,0.665,0.997,0.715,0.002,1,1,0.704,0.511,0.651,0.582,0.008,0.998,0.555,0.932,0.878,0.899,0.524,0.878,0.01,0.989,0.945,0.576,1,0.942,0.4,0.37,0.293,0.311,0.936,0.003,0.567,0.981,0.653,0.023,0.042,0.758,0.714,0.621,0.012,1,0.825,0.61,0.354,0.841,0.868,0.895,0.996,0.575,0.89,1,0.827,0.185,0.988,0.364,0.849,0.568,0,0.62,0.028,0.833,1,0.002,0.798,1,1,0.624,0.611,0.047,0.989
1,0.997,0.484,0.322,0.027,0.853,1,1,0.926,0.042,0.971,0.716,0.791,1,0.272,0.004,0.258,0.198,0.328,0.853,0.073,0.999,1,0.012,0.944,0,0.965,0,0.992,0.013,0.878,0.973,1,0.884,0.514,0.99,0.003,0.54,0.822,1,0.767,0.037,1,0.67,0.826,0.204,1,1,0.532,0.133,1,0.112,0.025,0.737,0.458,0.998,0.027,0.745,0.508,0.67,1,0.526,0.437,1,0.864,0.786,0.995,0.012,0.797,0.14,0.936,0.51,0.037,0.247,0.11,0.24,0.574,0.943,0.768,0.944,0.682,0.709,0.248,0.993,0.709,0.061,0.005,1,0.582,1,0.981,0.995,0.307,0.775,0,0.046,0.236,0.011,0.998,1,0,0.386,0,0.552,0.026,0.875,0.5,0.951,0.044,0.389,0.693,0.943,0.665,1,0.999,0.477,0.645,0.879,0,0.011,0.971,0.091,0.957,0.131,0.012,0.791,0.815,0.649,0.536,0.071,0.997,0.463,0.727,0.057,0.986,0.998,0.765,0.769,1,0.863,0.697,0.994,0,0.657,0.779,0.988,0,0.62,0.663,0.357,0.532,0.744,1,0.032,0.457,0.769,1,0.001,0.697,0.889,0.906,0.998,0.998,0.088,0.115,0.567,0.418,0,0.647,0.001,0.963,0.418,0.916,0.42,0.192,0.1,0.511,0.505,0.912,0.053,0.133,1,0.345,0.002,0.997,0.99,0.634,0.998,0.983,0.515,1,0.544,0.581,0.341,0.998,1,0.946,0.927,0.934,0.49,0.04,0.949,0.87,1,1,0.377,0.998,0.241,0.395,0.003,0.817,0,0,0.626,1,1,0.708,0.055,0.752,0.605,0,0.904,0.701,0.361,0.94,1,1,0.927,0.84,0.776,0.795,0.947,0.993,0.909,0.588,0.37,0.986,0.911,0.941,0.917,0.685,0.995,0.513,0.752,0.89,0.743,0.582,0.595,0.011,0.972,0.485,0.975,0.447,0.875,0.766,0.961,0.559,0.527,0.708,0.004,0.725,0.92,0.027,0.903,0.252,0.959,0.817,1,0.974,1,0.929,0.001,0.95,0.993,0.003,0.532,0.675,0.742,0.527
