0.949,0.355,0.12,0.91,0.951,0.952,0.992,0.988,1,1,0.063,0.382,1,0,0.506,0.565,0.416,0.122,0.674,1,1,0.103,0.903,0.723,0.067,0.01,0.702,1,0.879,0.663,0.648,0.505,1,0.885,0.918,0,0.893,1,0.292,0.401,1,0.002,0.243,0.767,0,1,1,1,1,0.89,0.517,0.895,0.646,0.698,0.841,0.68,0.768,0.976,1,0.417,0.985,0.229,1,0.687,0.008,0.721,0.969,0.933,0.561,0.645,0.752,0.858,0.889,0,1,0.996,1,0.873,0.996,0.951,0.748,0.389,0.582,0.312,0.602,0.683,0.811,0.999,0.991,0.393,1,0.811,0.784,0.716,0.97,0.441,0.756,0.318,1,0.37,0.999,0.777,0.061,0.459,1,0,1,0.919,0.097,0.84,0.374,0.198,0.736,0.138,1,0.27,1,0.442,0.926,0.707,0.063,0.983,0.001,0.242,0.288,0.474,0.808,0.629,0.852,1,0.607,0.786,0.185,0.572,0.954,0.024,0.927,0.885,0.181,0.522,0.844,0.96,0.981,0.102,0.916,0.032,0.73,0.439,0.752,0.905,0.006,0.878,0.849,0.05,1,1,0,0.999,0.565,0.454,0.774,1,0.225,0.641,0.034,0.056,0.996,0.925,0.93,0.515,1,0.704,0.315,0.65,1,0.236,0.967,0.142,0.863,0.13,0.904,1,0.119,0.999,0.998,0.744,1,1,0.98,0.535,0.986,0.976,1,0.79,0.812,0.35,0.022,0.95,0.523,1,0.999,0.63,0.377,0.051,1,0.752,0.997,0.482,1,0.009,1,0.998,0.772,0.81,0.059,0.999,0.839,0.01,0.021,0.961,0.916,0.965,0.999,0.872,0.929,0.316,0.303,0.993,0.441,1,0.508,0.5,0.954,0.075,0.844,0.501,0.997,0.915,0,1,0.439,0.551,0.462,1,1,0.474,1,0.599,0.973,1,0.529,0.894,0.774,0.961,1,0.997,0.728,0.831,0.25,0.999,0.604,0.343,1,0.58,1,0.945,0.071,0.576,0.861,0.564,0.971,0.005,1,0.949,0.988,0.335,0.868,1,0.383
1,0.288,0.005,1,0.349,0.992,1,0.178,0.977,0.707,0.725,0.6,0.005,0.368,0.421,0.959,0.374,0.997,0.611,1,0.343,0.338,0.996,0.036,1,1,0.379,0.026,0.67,0.439,0.995,0.159,0.979,0.754,0.639,1,0.941,0.093,0.19,0.962,0.823,0.999,0.997,0.196,1,0.482,1,1,0.212,0.755,0.862,0.901,1,1,0.691,0.907,0.752,0.209,0.567,0.997,0,0.01,0,0.992,0.436,0.016,0.462,0.848,0.158,0.857,0.668,0.778,0.531,0.979,0.992,0.02,0.355,0.998,0.09,0.953,0.747,0.828,0.968,1,0.709,0.447,0.349,0.018,0.199,0.043,0.987,0.997,0.918,0.274,0.978,0.313,0.877,0.986,0.273,0.989,0.099,0.899,0.008,1,0.362,1,1,0.243,1,0.022,0.583,0.88,0.996,0.537,0.895,0.495,0.96,0.816,0,0.727,0.977,0.675,0.008,0.594,1,0.997,0.177,0.642,0.826,0.973,0.998,0.69,0.417,0.326,0.89,0.222,1,0.58,0,0.724,1,0.997,0.001,0.499,0.075,0.999,0.012,1,0.738,0.269,0.998,1,0.983,0.526,1,1,0.995,0.005,0.88,0.111,0.188,0.93,1,0.961,1,0.036,0.723,1,0.182,0.927,0.654,0.513,0.811,0.988,0.996,0.998,0.204,0.686,0.386,0.626,0.926,0.8,0.997,0.998,0.363,0.953,0.74,0.878,1,0.316,1,0.989,0.999,0.994,0.005,1,0.662,0.525,0.828,0.15,0.523,0.513,0.675,0.981,0.973,0.982,0.728,1,0.999,0.985,0.949,0,0.012,0.983,0.999,0.374,1,0.99,0.979,0.764,1,0.93,0.389,0.98,0.687,0.763,1,0.719,0.864,0.919,0.848,0.966,0.31,1,0.37,0.557,0.01,0.649,0,0.796,0.809,0.998,0.201,0.002,0.007,0.986,0.556,0.406,0.002,0.264,0.833,0.749,0.522,0.417,0.923,0.879,0.957,0.313,0.743,1,0.975,1,0.083,0.655,0.877,0.582,0.019,1,1,0.512,0.291,0.999,0.13,0.74,0.935,0.415,0.995,0.692,0.996
0.357,1,0.423,0.982,0.985,0.134,0.241,0.232,0.548,1,0.736,0.266,0.983,0,0.552,0.208,0.998,0.384,0.977,0.181,0.825,0.771,0.42,1,0.46,1,0.646,0.915,1,0.729,0.997,0.87,0.998,0.779,0.957,0.777,0.919,1,0.325,0.659,0.999,0.72,0.919,0.889,0.951,0.861,1,0.992,0.08,0.959,1,0.436,0.004,1,0.559,0.264,1,0.076,0.745,0.686,0.226,1,1,1,0.796,0.994,0.954,0.152,0.277,0.754,0.09,0.48,1,0,1,1,0.674,0.845,0.205,1,0.98,0.643,0.785,0.999,0.743,0,0.444,0.516,1,0.857,0.81,1,0.375,0.614,1,0.962,0.81,0.854,0.001,0.002,0.595,0.93,0.125,1,0.147,0.916,0.43,0.969,0.769,1,0.348,0.945,0.603,0.749,1,0.306,0.971,0.533,0.995,0.971,0.075,0.626,0.965,0.973,0.935,0.201,0.334,0.94,0.559,0.005,0.987,0.569,0.557,1,0.663,0.245,1,0.536,0.995,0.98,0.512,0.026,0.002,0.619,0.563,0.011,1,0.991,1,0.713,0.932,0.059,0.789,0.485,0.997,0.816,0.001,1,0.919,0.14,0.647,1,0.989,1,1,0.131,0.779,0.999,1,0.004,0.959,0.665,0.992,0.691,1,0.873,0.122,0.851,0.319,0.276,0.433,1,0.219,0.078,0.058,0.995,0.296,1,0.974,0.843,0.252,0.905,0.076,0.554,0.989,0.98,1,0.339,1,0.667,1,0.479,0.194,1,0.079,0.254,0.597,0.568,0.911,0.915,0.574,0.993,0.998,0.668,0.992,0.861,0.846,0.815,0.353,0.181,0.98,0.946,0.311,0.694,0.653,1,1,0.844,1,1,0.174,1,0.998,0.461,0.38,0.847,1,0.24,0.93,0.966,0.814,0.93,0.506,0.732,0.945,0.852,0.993,0.405,0.843,1,0.496,0.985,0.382,0.878,0.609,0.762,0.078,0.33,0.609,0.027,0.702,0.001,0.969,0.55,0.768,0.585,0.917,0.993,1,0.213,0.822,0.585,0.997,1,0.926,0.395,0.326,0.069,0.73
0.162,1,0.799,0.003,0.997,0.032,0.486,1,0.94,0.883,0.998,0.079,0.815,1,0.76,0.959,0.718,1,0.541,0.999,0.496,0.984,0.938,0.028,0.769,1,0.037,0.628,0,0.986,0.942,0.997,1,0.995,0.003,0.115,0.239,0.024,0.954,1,0.992,0.922,0.746,0.701,1,0.974,0.166,1,0.649,0.726,0.848,0.915,0.974,0.074,0.508,1,0.993,0.422,0.031,0.384,0.585,1,0,0.012,0.643,0.997,1,0.855,0.381,0.561,0.895,1,0.717,0.979,1,1,0.992,0.678,0.292,0.46,0.075,0.743,0.558,1,0.735,0.999,0.681,0.053,0.455,0.964,0.911,0.004,0.203,0.311,0.01,1,0.546,0.442,0.998,0.02,0.848,0.448,0.986,0.94,0.037,0.911,0.192,0.998,0.998,1,0.995,0.029,0.203,1,1,0.565,0.486,0.539,0.985,0.329,0.145,0.949,0.986,0.528,0.929,0.914,0.435,0.299,0.999,0,0.995,0.985,0.451,0.976,1,1,0.132,0.822,1,0.691,0.983,1,0.488,0.588,0.948,1,0.095,0.249,0.943,0.379,0.848,0.367,0.465,0.999,1,0.999,0.035,0.641,0.579,0.895,0.345,0,0.953,0.458,0.097,0.672,0.647,0.014,0.959,0.932,0.964,0.744,0.155,0.912,0.837,0.433,0.012,0.483,0.506,0.198,0.993,0.953,0.672,0.212,0.812,0.903,0,0.939,0.576,0.992,0.963,0.997,0.824,0.688,0.168,1,0.701,0.451,0.503,0.752,0.971,0.627,0.546,0.007,0.155,0.205,0.756,0.894,0.053,0.003,0.156,0.009,1,0.916,1,0.84,0.496,0.776,0.712,0.117,0.706,0.03,0.108,1,0.965,0.528,0.996,0.584,0.511,0.278,0.984,0.068,0.021,0.994,0.232,0.212,0.645,0.966,0,0.764,0.54,0.448,0.169,0.009,0.157,0.579,0.662,0.614,0.096,0,0.049,0.086,0.351,0.11,0.84,0.893,0.154,0.748,0.999,1,0.544,0.574,1,0.479,0.602,0.703,0.835,0.992,0.843,0.146,0.145,0,0.559,1,1,0.649,0.754,0.028,0.57
0.447,0.797,0.609,0.607,0.967,0.717,0.454,0.925,0.045,0.557,1,0.621,0.071,1,0.497,0.607,0.245,0.881,0.347,0.929,0.727,0.658,0.146,0.829,0.593,0.53,0.495,0.497,0.995,0.582,0.644,0.065,0,0.204,0.922,0.001,0.878,0.616,0.893,0.74,1,0.124,0.875,0.969,1,0.735,1,0.051,0.841,0.986,0.648,0.53,0.04,0.362,0.371,0.512,0.998,0.339,0.82,0.85,0,0.978,1,0.791,0.012,1,0.544,0.943,0.643,0.541,0.615,0.887,0.71,1,0.239,1,0.652,0.225,0.529,1,0.839,0.991,0.499,0.02,0.535,0.395,0.754,0.962,0.794,0.847,1,0,0.018,0.999,0.866,0.475,0.998,0.24,0.843,0.869,1,0.999,0.006,0.991,0.2,0.953,0.996,0.015,1,0,0.997,0.964,0.91,0.303,0.05,0.324,0.867,0.972,1,0.158,0.158,1,0.995,0.813,1,0.878,1,0.673,0.403,1,1,0.087,0.959,0.948,0.821,0.534,0.957,0.291,1,0.724,0.926,0.869,0.001,0.25,0.872,0.411,0.235,0.943,0.792,0.695,1,0.283,0.959,0.358,0.9,0.626,0.091,0.991,0.347,0.682,0.762,0.727,0.642,0.772,0.949,0.985,0.79,0.998,0.998,0.87,0.185,0.415,0.98,0.272,0.55,0.621,0.677,0.265,0.995,0.044,0.094,1,0.067,0.123,0.928,1,1,1,0.851,0.846,0.306,1,0.463,0.947,0.969,0.211,1,0.565,0.704,0.288,0.514,0.526,0.262,0.807,0.96,1,0.762,0.397,0.594,0.827,0.569,1,0.558,0.606,1,0.901,0.9,1,0.141,0.046,0.122,0.999,0.908,0.067,0.23,0.69,0.051,0.795,0.171,0.982,0.823,0.934,0.993,1,0.196,0.627,1,0.986,0.701,0.354,0.639,0.445,0.763,1,0.936,0.688,1,0.305,0.995,0.998,0.721,0.747,0.497,0.043,0.417,0.979,0.408,0.6,0.625,1,0.531,0.997,0.614,0.501,0.607,0.3,0.564,0.991,1,0.638,0.956,0.034,0.913,0.413,0.408,0.582,0.616,0.122,0.875
0.734,0.016,0.666,0.998,0.815,0.981,0.069,0.511,1,0.999,1,0.71,0.81,0.046,0.245,0.481,0.183,0.008,0.686,0.992,0.988,0.717,1,0.463,0.683,0.016,0.298,0.893,0,0.794,0.693,0.779,0.714,1,0.994,0.001,0.034,0.007,0.614,0.353,1,0.995,0.516,0.477,0,0.065,1,1,0.744,0.543,0.798,0.116,0.971,1,0.557,0.221,0.978,0.15,0.026,0.996,1,0.823,0.065,0.833,0.967,0.871,0.999,0.875,0.654,0.522,0.904,0.128,0.638,0.052,0.05,0.926,0.181,0.858,0.941,0.823,0.713,0.874,0.478,0.748,0.983,0.037,0.576,0.85,0.786,0.504,0.916,1,0.012,0.497,0.963,1,0.356,0.99,0,0.204,0.394,0.938,0,0.389,0.704,0.328,0,0.008,0.87,0.997,0.01,0.403,0.17,0.502,1,0.292,0.86,0.453,0.15,0.647,0.825,0.115,0.999,0.842,0.958,1,0.589,0.301,0.552,0.002,0.114,0.964,0.995,0.617,1,1,0.432,1,1,0.614,0.279,0.92,1,0.366,1,0.949,0.975,0.917,0.656,1,1,0.016,1,0.614,0.406,0.002,1,0.988,1,0.842,0.455,0.272,0.936,0.818,0.009,0.795,1,0.96,0.913,1,0.519,0.524,0.369,0.858,0.981,1,0.867,0.449,0.047,0.55,0.578,0.681,0.564,0.338,0.954,0.307,0.901,0.998,1,0.896,0.347,1,0.896,0.239,0.332,0.114,0.399,0.819,0.87,0.635,1,0.537,0.722,1,0.63,0.28,0.253,0.052,0.009,1,0.66,1,1,0.426,0.023,0.958,1,0.005,0.89,0.999,0.995,0.813,0.282,0.995,0.291,0.725,0.059,0.808,0.984,0.937,1,0.979,1,1,0.064,0.238,0.999,0.077,0,0.999,0.551,1,1,1,0.125,0.591,1,0.212,0.86,0.917,0.536,0.997,0.522,1,0.617,0.88,1,0.582,1,1,0.702,1,0.822,0.417,0.998,0.919,0.012,1,1,1,0.725,0.89,0.022,0.052,0.999,0.34,0.961,0.93,0.997
0.944,0.952,0.914,0.94,0.84,0.405,0.241,0.982,1,1,0.913,0.472,0.001,0.132,0.281,0.997,0.998,0.079,0.633,0.877,0.906,0.162,1,0.594,0.713,0.967,0.754,0.77,0.003,0.54,0.998,1,0.755,0.091,0.984,0.473,0.944,0.995,0.506,0.521,0.994,0.788,0.216,0.719,0,0.999,0.002,0.069,0.848,0.991,0.237,0.751,0.35,0.033,0.755,1,0.071,0.702,0.763,1,0.633,0.878,1,0.957,0.196,1,0.764,1,0.163,0.974,0.907,0.328,1,1,0.35,1,0.911,0.571,0.041,1,0.996,0.642,0.446,0.004,0.501,0.457,0.412,0.939,0.275,0.997,0.193,1,1,0.497,0.993,0.947,0.304,0.642,1,1,0.973,0.621,0,0.014,0.966,0.003,1,0.979,0.223,0.974,0.137,1,0.48,0.252,1,0.655,0.004,0.986,0.132,0.754,0.84,0.82,0.999,0.477,0.077,1,0.831,0.538,0.504,1,0.724,0.828,1,1,0.886,1,0.918,0.873,0,0.32,0.036,1,1,0.968,0.851,0.012,0.006,0.191,0.78,0.11,0.985,0.687,0.42,0.344,0.504,0.995,0.996,1,0.96,0.582,0.37,0.19,0.074,0.922,0.936,1,0.097,0.498,0.134,0.5,0.619,0.943,0.303,0.093,0.512,0.919,0.085,0.553,0.737,1,0.675,1,0.162,0.999,1,1,0.505,0.193,0.208,0.419,0.995,0.999,0.157,0.545,0.991,0.849,0.488,0.995,0.189,0.935,0,0.737,0.98,1,0.78,0.984,1,0.998,0.802,1,0.198,0.02,1,0.516,0.996,0.99,0.235,0.743,0.457,0.84,1,0.738,1,0.792,0.246,0.924,0.757,0.865,0.816,0.998,0.277,0.985,0.731,0.282,0.663,0.431,0.831,0.987,0.002,0.588,0.469,0.328,0.634,1,1,0.393,0.001,0.701,0.976,0.604,0.957,0.223,0.442,0.939,0.516,0.998,0.053,0.401,0.758,0.969,0.779,0,1,0.585,1,1,0.069,0.511,0.867,0.612,0.918,0,0.034,0.95,0.999,0.633,0.479,0.005,0.289
0.907,0.999,0.911,1,0.815,0.113,1,0.793,1,0.985,1,0.841,0.015,1,0.473,0.574,0.105,0,0.642,0.02,1,0.141,0.996,0.059,0.85,0.997,0.784,0.344,0.985,0.802,0.197,1,1,0.658,1,0.002,0.61,1,0.749,0.985,0.052,0.431,0.128,0.952,0,0.788,1,0.972,0.527,0.997,0.988,0.437,0.948,0.997,0.778,0.61,0.912,0.269,0.986,0.216,0.028,0.003,1,1,0.004,0.955,0.994,0.098,0.437,0.519,0.721,0.71,0.912,0.857,1,1,0.892,0.601,0.914,1,0.929,0.595,0.738,1,0.064,0.301,0.21,0.11,0.972,0.223,0.03,1,0.807,0.665,0.966,0.145,0.193,0.999,0.97,0.012,0.991,0.973,1,0.006,0.007,0.681,1,0.905,0.683,0.986,0.003,0.941,0.857,0.341,1,0.561,0.004,1,0.417,0.817,0.845,0.999,0.011,0.595,1,0.091,0.61,0.996,0.825,0.299,1,0.706,0.995,1,0.998,0.465,0.156,0.679,0.734,0.217,0.098,0.295,0.854,0.874,0.259,0.835,0.036,0.238,0.764,0.799,0.071,0.03,0.674,0.496,0.885,1,1,0.481,0.796,0.948,0.552,1,0.975,0.805,0.859,0.884,0.366,1,1,0.897,0.733,0.437,0.917,0.946,0.925,0.095,0.597,0.163,0.931,0.938,0.845,0.555,0.428,0.519,0.037,0.806,0,0.768,0.013,0.112,1,0.096,0.713,0.534,0.006,0.886,0.976,0.703,0.905,0.476,0.359,0.554,0.165,0.009,1,0.017,0.147,0.03,0,0.004,0.058,0.065,1,0.748,1,0.368,0.232,0.082,0.684,0.156,0.918,0.922,0.791,0.867,0.998,0.561,0.921,0.064,0.998,0.961,0.86,0.075,0.999,0.365,0.995,0.511,0.562,0.778,0.571,0.543,0.525,0.347,0.839,0.007,1,0.599,0.995,0.518,1,1,0.284,0.037,0.423,0.015,0.597,0.991,0.993,0.572,0.562,1,0.408,1,1,0.617,0.958,0.267,0.042,0.978,0.84,0.256,1,0.688,0.559,1,1,0.512,0.999,0.235,0.365
0.584,0.001,0.101,0.391,1,0.945,0.223,0.835,1,0.918,0.858,0.641,0.929,1,0.438,0.511,1,0.976,0.98,0.593,0.998,0.623,0.278,0.129,0.107,1,1,0.676,1,0.377,0.963,0.768,0.978,0.176,0.998,0.133,0.554,0.336,0.725,0.906,0.05,0.998,1,0.798,0.064,0.812,0.989,0.998,0.679,0.657,0.54,0.974,0.355,1,0.611,0.888,0.246,0.065,0.332,0.991,0.999,0.988,1,1,0.25,0.998,0.348,0.185,0.443,0.671,0.785,0.654,1,0.999,0.464,0.456,0.544,0.532,0.734,0.44,0.774,0.896,0.926,1,0.371,0,0.577,0.814,0.083,0.059,0.001,0,1,0.148,0.044,0.668,0.386,0.797,1,0.693,0.416,0.724,0.91,0.967,0.434,0.015,0,0.089,0.784,0.921,0.856,0.678,0.999,0.633,1,0.413,0.005,0.999,0.806,0.195,0.402,0.954,0.021,0.206,0.28,0.816,0.988,0.424,0.605,0.577,1,0.912,0.093,0.973,0.882,0.955,0.161,0.376,1,0.689,0.229,1,1,0.651,0.98,0.021,0.768,1,0.975,0.699,0.001,0.342,0.536,0.998,0.633,0.997,0.132,0.218,0.155,1,0.293,1,0.967,0.815,0.999,1,0.53,0.981,0.72,0.012,0.465,0.599,0.423,0.067,0.865,0.59,0.996,0.987,1,0.451,0.224,0.568,0.998,0.946,0.04,0.608,0.724,0.997,0.968,0.999,0.051,0.23,1,0.37,1,0.269,0.046,0.206,0.998,0.864,1,0.54,0.66,0.153,1,0.355,0.852,0.918,1,0.939,0.998,0.97,1,0.765,1,1,0.353,0.801,0.781,0.07,0.665,1,0.385,0.948,0.596,0.536,0.376,0.196,1,0.97,0.008,0.146,0.897,0.003,0.849,0.387,0.36,0.998,1,0.741,0.426,1,0.765,1,0.438,0.795,0.995,0.228,0.987,0.043,0.129,0.142,0.535,1,0.537,0.498,0.564,0.451,0.942,0.002,0.315,0.03,0.317,0.733,0.649,0.353,0.011,0.979,0.577,0.644,0.977,0.028,1,0.148,0.916,0.955,1,1,1
1,0.994,0.006,0.516,0.026,0.544,0.3,1,1,1,1,1,0.002,1,0.346,0.569,0.442,0.932,0.484,0.44,0.043,0.689,1,1,0.238,1,0.551,0.666,0,1,0.247,0.102,1,0.336,1,0.012,1,1,0.788,0.999,0.015,0.361,0.995,0.627,0.035,0.223,0,0.995,0.74,0.732,0.705,1,0.278,0.943,0.689,0.351,1,0.089,0.405,0.057,0.991,0.999,1,1,0.912,0.802,1,0.836,0.657,0.886,1,0.875,0.979,0.097,0.919,0.93,0.522,1,0.991,0.819,0.201,0.652,0.99,0.463,0.148,0.846,0.928,0.905,0.906,0.724,0.999,1,0.147,0.241,0.015,0.432,0.687,0.944,0.068,0.786,1,0.582,1,0.121,0.993,0.188,0.36,0.996,0.811,1,0.663,1,0.694,0.601,0.907,0.764,0.674,0.616,0.246,0.91,0.87,1,0.154,0.426,0.006,0.015,0.256,0.727,0.302,0.924,0.961,0.753,0.796,0.917,1,0.7,0.441,0.999,0.001,0.539,0.99,0.103,1,0.284,0.03,1,0.015,0.354,0.829,0.021,0.009,0.201,0.999,0.054,0.18,0.988,0.359,0.641,0.754,0.897,0.662,0.816,0.998,0.989,0.8,1,0,0.017,0.998,0.882,0.245,0.587,0.551,0.706,0.674,1,0.316,0.896,0.024,1,0.892,1,1,0.986,0.712,0.947,0.004,0.699,0.383,0.741,0.932,0.896,1,0.124,0.897,1,0.246,1,0.88,0.18,0.185,0.594,0.863,0.952,1,1,0.574,0.035,0.139,0.909,0.138,1,0.087,0.517,0.825,0.787,0.391,0.992,0.436,0.721,1,1,0.45,0.878,0.156,0.751,0.147,0.937,0.904,0.909,0.777,0.999,0.372,0.506,1,0.693,0.915,0.32,0.307,0.986,0.319,0.558,0.091,1,1,0.352,1,0.606,0.993,0.728,0.042,0.88,0.347,0.088,0.351,0.402,0.272,0.285,0.975,1,0.921,0.08,0.612,0.471,0.989,1,0.958,1,0.943,0.809,0.521,1,0.221,1,0.839,0.262,0.057,0.023,0.961
0.669,0.754,0.467,0.006,0.003,1,0.259,0.997,0.004,0.935,0.724,0.873,0.984,1,0.532,0.454,0.675,1,0.745,0.981,0.063,0.566,0.528,0.52,0.377,1,0.976,0.772,0,0.997,1,0.323,0.668,0.905,0.983,1,0.201,0.011,1,0.999,0.161,0.292,0.937,0.59,0.922,0.912,1,0.969,0.359,0.259,0.713,0.538,0.767,1,0.992,0.993,0.766,0.587,0.918,0.167,0.328,0.983,1,1,0.009,0.925,1,0.988,0.179,0.691,0.715,0.642,0.997,0.991,0.96,0.945,0.377,0.991,0.819,0.844,0.245,0.751,0.737,0.927,0.774,0.826,0.272,0.793,0.979,1,0.943,0.002,0.582,0.946,0.805,0.415,0.945,0.683,1,0.213,0.854,0.53,0,0.911,0.988,0.022,1,0.569,0.157,0.511,0,0.993,0.265,0.811,0.989,0.655,1,0.999,1,0.29,0.712,1,0.858,0.322,0.723,0.605,0.495,0.334,0.498,0.993,0.347,0.372,0.368,0.137,0.892,0.989,0.98,0.615,0.427,0.66,0.989,0.658,0.979,0.731,0.827,0.002,0.98,0.994,0.998,0.091,0.048,0.999,0.92,0.674,0.997,0.966,0.584,0.051,0.74,0.063,1,0.421,0.757,1,0.223,1,0.988,0.963,0.922,1,0.812,0.539,0.516,0.967,0.318,0.808,0.978,0.998,0.865,0.338,0.277,0.236,0.066,0.997,0.966,0.925,1,0.242,0.996,0.865,0.919,0.126,0.155,0.823,1,0.401,0.064,0.599,1,0.999,0.947,0.629,0.916,0.722,0.06,0.814,0.977,0.687,0,1,0.214,0.998,0,0.426,0.527,0.747,1,0.576,0.977,0.022,0.975,0.634,0.103,0.174,0.661,0.883,0.627,0.11,0.396,0.838,0.72,1,0.14,0.72,0.085,0.28,0.882,1,1,0.777,0.538,0.804,0.215,1,0.662,0.731,0.998,0.521,0.101,0.001,0.29,0.448,0.506,0.081,0.769,0.769,0.929,0.342,0.772,1,0.521,0.943,1,0.449,0.84,0.968,0.999,0.423,0.228,0.874,0.999,0.991,0.879,0.943,0.989,0.475,0.308,0.525,0.985
0.677,0.734,0.329,0.002,0.989,0.04,0.981,0.183,0.19,0.027,0.687,0.177,1,1,0.635,0.882,0.813,1,0.914,1,0.901,0.802,0.032,0.487,0.759,0.437,0.925,0.028,0.002,0.24,0.627,1,1,0.974,0.937,1,1,0.991,0.991,0.922,0.006,1,0.767,0.954,0.926,0.015,1,0.972,0.614,1,0.978,0.692,1,0.988,0.966,0.95,0.016,0.513,0.05,0.843,0.012,1,0,0.927,1,0.942,0.093,0.773,0.392,0.795,0.181,0.706,0.99,0.001,0.689,0.001,1,0.572,0.108,0.999,0.142,0.937,0.475,0,0.573,0.427,0.118,0.72,0.939,0.624,1,1,0.157,0.205,0.01,0.991,0.436,0.576,0.96,1,0.974,0.174,0.003,0.561,0.179,0.212,1,0.846,0.995,0.981,0.099,0.989,0.652,0.851,0.997,0.426,0.185,0.838,1,0.901,1,0.433,0.999,0.568,0.473,0.924,0.702,0.812,0.91,0.996,1,0.685,0.97,0.851,0.987,0.985,0.963,0.401,0.152,0.891,0.241,0.171,1,0.911,0.953,0,0.004,0.821,0.939,0.999,0.02,0.011,0.272,0.464,0.138,0.004,1,0.946,0.708,0.072,0.218,0.032,1,0.009,1,0.477,0.685,0.241,0.929,0,0.999,0.693,0.268,1,0.9,0.603,0.938,0.926,1,0.619,0.066,0.978,0.899,0.022,1,0.829,0.992,0.915,0.143,1,0.889,1,0.999,0.145,0.933,1,0.491,0.311,0.271,0.906,0.999,0.773,1,0.962,0.939,1,0.766,0.937,0.038,0.368,0.521,0.775,0.985,0.485,0.981,1,1,0,0.999,0.601,1,0.701,0.518,0.202,0.802,0.966,0.965,0.159,0.278,1,0.27,0.956,0.004,0,0.205,0.52,0.001,0.847,0.791,0.368,0.379,1,0.818,1,0.867,0.668,1,0.229,0.47,1,0.128,0.572,0.428,0.963,0.512,0.678,0.68,0.465,0.231,1,0.268,0.186,0.984,0.551,0.762,0.597,0.992,1,0.169,0.267,0.289,0.001,1,0.175,0.024,0.412,0.926,0.227,0.007
0.052,1,0.962,0.033,0.988,0.595,0.89,1,1,0.827,1,0.602,0.893,0.16,0.423,0.749,0.758,0.067,0.603,0.83,0.032,0.587,0.287,0.006,0.813,1,0.77,0.632,0.943,0.864,0.698,0.644,0.968,0.677,1,0.901,1,1,0.374,0.566,0.986,1,1,0.505,0.425,0.324,0.001,0.677,0.324,0.779,0.685,0.539,0.841,0.297,0.542,0.892,0.992,0.704,0.074,0.95,0.632,0.289,0.991,0.938,0.829,0.277,1,0.791,0.335,0.754,0.626,0.234,0.212,1,0.995,0.916,0.497,0.762,0.856,0.282,1,0.546,0.384,1,0.934,0.098,0.131,0.998,0.031,1,0.002,1,1,0.658,0.074,0.69,0.961,0.409,0.044,0.103,0.725,0.875,0.799,0.809,0.224,0.381,0,0.767,0.593,0.017,0.723,1,0.968,0.298,0.002,0.279,0.997,0.916,0.008,0.356,1,0.831,0.933,0.505,0.993,0.982,0.566,0.567,0.977,0.975,0.998,0.349,1,0.996,0.062,0.94,0.604,1,0.009,0.265,0.489,1,0.993,0.605,0.78,0.165,0.933,0.638,0.999,0.711,1,0.467,0.317,0.395,0.111,0.676,1,0.954,0.691,0.976,0.528,0.001,1,0.239,0.785,0.092,0.001,1,0.879,0,0.861,0.581,0.843,1,1,0.094,0.019,0.845,0.443,0.852,0.166,0.931,0.734,0.002,0.273,0.264,0,0.633,0.733,0.861,0.054,0.146,0.097,0.581,1,0.016,0.007,0.357,0.926,0.671,0.001,0.621,0.263,0.192,0.482,0.381,0.997,0.637,1,0,0.803,1,0.976,0.956,0.21,0.936,0,1,0.975,0.604,0.961,0.999,0.858,1,0.999,0.274,0.859,0.998,0.013,0.479,1,0.816,0.84,0.923,0.483,0.231,0.203,0.805,1,0.442,0.837,0.865,0.497,1,0.941,0.591,0.686,0.207,0.022,0.999,0.134,0.338,0.502,0.78,0.701,0.854,0.764,0.46,0.622,1,0.779,1,0.892,0.972,0.242,0.514,0.29,1,0.687,0.619,0.052,0,1,0.995,0.929,0.409,0.867,0.872,0.241
0.997,0.687,1,0.72,0.609,0.938,0.259,0.995,0.998,0.429,0.947,0.054,0.211,0,0.446,0.461,0.934,0.746,0.773,0.875,0.997,0.16,1,0.605,0.639,1,0.493,0.997,0.996,0.994,0.394,0.802,0.003,0.867,0.83,0.011,0.009,0.973,0.669,0.838,0.932,0.888,0.809,0.964,0.998,0.979,1,0.155,0.533,0.999,0.499,0.635,1,1,0.934,0.301,0.723,0.522,0.48,0.369,0.037,0.02,1,0.755,0.536,0.07,0.216,0.548,0.587,0.993,0.346,0.965,0.275,0.969,1,0.983,0.976,0.82,0.756,0.882,0.78,0.25,0.184,0.366,0.805,0,0.996,0.207,0.051,0.064,0.01,1,0.083,0.674,0.041,0.726,0.898,0.552,0.968,0.485,1,0.745,1,0.996,1,0.958,0.787,0.023,0.976,0.053,1,0.979,1,0.608,1,0.377,0.05,0.102,0,0.522,0.994,0.908,0.005,0.768,0.007,0.929,0.395,0.713,0.513,0.923,1,0.492,0.999,0.789,0.555,0.168,0.996,0.811,0.998,0.812,0.286,0.002,0.084,0.372,0.868,1,0.643,0.009,0.706,0.814,1,0.598,1,0.98,0.999,1,0.518,0.927,0.793,0.937,0.889,0.997,0.981,0.881,0.897,0.067,0,0.056,1,0.995,0.845,0.65,0.64,0.786,0.914,1,0.018,0.306,0.881,1,0.711,0.448,0.121,1,0.73,0.701,0.516,0.969,1,0.833,0.966,0.059,1,0.315,0.142,1,0.223,0.268,0.903,0.668,0.805,0.472,0.599,0.307,0.805,0.2,0.843,0.637,1,0.037,0.144,0.999,0.001,0.413,0.072,1,0.755,0.045,0.658,0.135,0.047,0.064,0.977,0.809,0.469,0.938,0.479,0.082,0.938,0.228,1,1,1,0.711,0.369,0.528,0.99,1,0,1,0.949,0.068,1,1,0,0.395,1,0.296,0.907,0.981,0.316,0.392,0.3,0.002,0.421,0.025,1,0.562,0.69,0,0.277,0.512,0.994,0.888,0.456,0.782,0.999,1,0.931,0.399,0.998,0.172,0.989,1,1,0.876,0.516,0.021,0.41
0.72,0.952,0.175,0.984,1,0.681,0.753,0.592,0.001,0.798,1,0.315,1,1,0.376,0.632,0.33,0.001,0.604,0.967,0.933,0.295,0.24,0.377,0.035,0.317,0.077,0.019,0.614,0.163,1,0.874,0.84,0.14,0.94,0.807,0.241,0.997,0.998,0.807,1,0.915,0.998,0.211,0.089,0.641,0.881,1,0.503,0.519,0.131,0.183,0.057,1,0.39,0.873,1,0.699,0.995,0.011,0.633,0.974,1,0.978,0.978,0.999,0.012,0.738,0.992,0.999,0.609,0.977,0.317,0,1,0.973,0.462,0.507,1,0.318,0.504,0.614,0.507,1,0.29,0,0.424,0.391,0.479,0.897,0.993,1,1,0.6,0.989,0.96,0.676,1,0.006,0.561,0.032,0.968,1,0.94,0.817,1,1,0.005,0.652,0.997,0.751,1,0.137,0.903,0.024,0.559,0.12,0.423,0.43,0.489,0.861,0.117,0.977,0.288,0.88,1,0.084,0.441,0.679,1,1,0.658,0.753,0.717,0.934,0.814,0.997,0.961,1,0.648,0.305,0.004,0.086,0.2,0.953,1,0.829,1,0.431,0.469,0.599,0.789,0.009,0.083,0.257,1,0.999,1,0.723,0.158,0.128,1,1,0.997,0.574,0.346,0.01,0.516,0.993,0.755,0.718,0.539,0.907,0.927,0.213,0.194,0.007,0.272,0.312,0.998,0.693,0.975,0.698,0.097,0.828,0.404,0.074,0.881,0.125,0.533,0.796,0.119,0.013,0.455,0.98,0.57,0.986,0.374,0.979,0.577,0.99,0.591,0.369,0.007,0.038,0.083,0.268,0.999,0.975,0,0.395,0.274,0.06,1,0.999,0.106,1,0.007,0.019,0.084,0.999,0.923,0.673,0.454,0.399,1,1,0.332,1,0.168,0.221,0.415,1,0.003,0.866,0.964,1,0.744,0.001,0.088,0.202,0.844,0.121,0.009,0.006,0.973,1,0.549,1,1,0.58,1,0.501,0.01,0.985,0.94,0.674,0.497,0.802,1,0.777,0.999,0.841,0.537,0.407,0.397,0.405,0.996,0.235,0.721,0.071,0.968,0.999,0.859,0.187,0.639,0.44,0.196,0.242
0.816,0.284,0.964,1,0.935,0.707,0.999,0.979,1,0.871,1,0.897,0.091,0.009,0.221,0.171,0.805,0.267,0.765,0.256,0.503,0.252,0.922,0.34,1,0.004,0.155,0.823,1,0.955,0.24,0.644,0,0.196,0.939,0.01,0.631,0.926,0.554,0.416,0.422,0.954,0.828,0.991,1,0.578,0.884,0.906,0.083,0.764,1,0.374,0.967,0.876,0.635,0.534,0.699,0.144,0.651,0.98,0.001,0.045,0.93,0.038,0.001,0.236,0.87,0.402,0.713,0.524,0.595,0.978,0.985,1,0.009,1,0.87,0.591,0.996,0.901,0.192,0.622,0.843,0.994,0.835,0.108,1,0.752,0.099,0.452,0.989,0.036,0.884,0.693,1,0.004,0.643,1,0.001,0.298,0.547,0.895,0,1,0.995,1,0,0.428,0.636,0.994,0.904,1,0.85,0.998,0.749,0.612,0,0.814,1,0.328,0.118,0.574,1,0.505,0.038,0.936,0.658,0.419,0.914,1,0.995,0.16,0.088,1,0.893,0.982,0.044,0.625,0.976,0.826,0.752,0.835,1,0.549,0.778,0.791,0.153,0.999,0.042,0.832,0.855,0.029,1,0.152,0.026,1,0.911,0.183,0.799,0.995,0.546,0.653,0.68,0.999,0.972,1,0.999,0.988,0.957,0.987,0.733,0.534,0.66,0.751,0.517,0.423,0.067,0.984,0.699,0.998,0.625,0.941,0.861,1,0.994,0.313,0.374,0.297,1,0.973,0.995,0.858,0.957,0.089,0.001,1,0.009,0.169,0.999,0.085,0.147,0.84,0.959,0.146,0.98,0.047,0.937,0.765,0.813,0.096,0.642,0.319,0.984,0.289,0.981,0.598,1,0.008,0.011,0.113,0.132,1,0.744,1,0.36,0.166,1,0.546,0.038,0.998,0.142,1,0.95,1,0.785,0.493,0.991,0.78,1,0.192,0.457,1,0.222,1,1,0.552,0.375,0.673,0.675,1,0.216,1,0.563,0.803,0.57,0.856,0.677,0.525,0.537,0.66,0.394,0.359,1,0.472,0.739,0.784,0.152,0.949,0.235,0.99,0.755,1,0.52,0.77,0.777,0.546,0.073,0.001,0.024
0.982,1,0.155,0.002,0.06,0.531,0.046,0.92,1,0.973,0.941,0.586,0.005,0.002,0.19,0.876,0.825,0.991,0.478,0.309,0.322,0.957,0.931,0.998,0.684,1,0.221,0.009,1,0.734,0.714,0.814,0.996,1,0.688,0.159,0.36,0.001,0.9,0.996,0.238,0.809,0.958,0.917,0.753,0.004,0.998,1,0.509,0.202,0.205,0.264,1,1,0.539,0.251,0.894,0.929,0.287,0.8,0.001,0.896,1,0.756,1,0.915,0.89,0.087,0.493,0.589,0.464,0.564,0.066,1,0.937,0.785,0.523,0.676,0.983,0.924,0.114,0.999,0.272,0.044,1,0.024,0.983,0.025,0.244,0.991,0.414,0.268,0.717,0.456,0.07,0.306,1,0.773,0.995,0.847,0.927,1,0.377,0.423,0.367,0.816,0.999,0.005,0.494,1,0.902,0.768,0.308,0.543,0.941,0.461,1,1,0.261,0.136,0.743,0.718,1,0.419,0.993,0.047,0.464,0.224,1,0.995,0.797,0.47,0.694,0.166,0.861,0.584,0.817,0.669,0.848,0.4,0.988,0.98,0.002,0.796,0.597,0.85,0.383,0.166,0.575,1,0.069,0.104,0.924,0.615,0.996,0.127,0.998,0.818,0.594,0.578,0.456,0.928,0.999,0.245,0.919,0.999,0.948,1,0.377,1,0.885,0.513,1,0.692,0.991,0.78,0.051,0.704,0.287,0.806,1,1,0.986,1,0.998,0.625,0,0.265,1,0.777,0.815,0.365,0.11,0.092,0.979,0.008,0.692,0.612,0.954,0.644,0.121,0.48,0.809,0.919,0.031,0.093,1,0.097,0.002,1,0.409,1,0.953,0.252,1,0.938,0.02,0.916,0.035,0.966,0.918,0.857,0.622,0.395,0.845,0.694,0.853,1,0.079,0.392,0.879,0.923,0.029,0.997,0.73,0.506,1,0.569,0,0.188,0.328,0.589,0.598,0.999,0.871,0.526,1,0.966,1,1,0.234,0.976,0.56,0.367,0.405,0.956,0.981,0.533,0.687,1,0.696,0.568,0,0.426,0.667,0.975,1,0.985,1,0.784,0.643,0.348,0.944,0.067,0.949,0.485,0.996,1,1
0.323,0.998,0.904,0.953,0.998,0.048,0.022,0.872,1,0.935,0.974,0.529,0.002,1,0.498,0.997,0.776,0.998,0.995,0.005,0.78,0.407,0.985,0.989,0.996,0.839,0.883,0.042,0,0.726,0.112,1,0,0.079,0.993,1,0.793,1,1,0.797,0.69,0.625,0.507,0.792,0.002,0.005,0.037,0.996,0.813,0.305,0.698,0.497,0.417,0.961,0.885,0.997,0.996,0.303,0.141,0.995,0,0.005,1,1,0.075,0.947,0.293,0.744,0.894,0.885,0.91,0.995,0.498,0.001,0.537,1,0.92,0.862,0.098,0.611,0.421,0.908,0.536,0.993,0.997,0.339,0.268,0.761,1,1,0.069,0.258,0.827,0.996,0.306,0.276,0.506,0.941,1,0.096,1,0.84,0.08,0.33,0.075,0.954,1,0.122,0.569,1,0.889,0.97,0.974,0.987,1,0.573,0.987,0.813,0.992,0.513,0.397,0.993,0.002,0.378,0.481,1,0.413,0.946,0.863,0.004,0.024,0.651,0.869,0.091,0.988,0.976,1,0.982,0.868,0.538,1,0.412,0.607,0.98,0.849,1,0.994,0.065,0.741,0.373,0.802,0.544,0.7,0.818,0.095,0.246,0.947,0.432,0.781,1,0.943,0,0.996,0.999,0.391,0.968,0.439,0,0.999,0.31,0.54,0.768,0.7,0.41,0.352,0.684,0.66,0.118,1,0.737,0.68,0.755,0.904,0.898,0.043,0.806,0.004,0.997,0.992,0.953,0.014,0.539,0.913,0.305,0.443,0.93,0.143,0.749,0.934,0.639,1,0.447,0.164,0.828,0.951,0.718,0.805,0.453,0.491,0.99,1,1,1,0.262,0.991,0.832,0,1,0.073,0.691,0.694,0.041,0.939,0.995,0.341,0.722,0.991,0.678,1,0.493,0.995,0.953,0.004,0.012,0.291,0.418,0.897,0.887,0,0.847,0.716,0.44,0.504,0.949,0.976,0.541,0.258,0.893,0.97,0.942,0.92,0.993,0.624,0.386,0.824,0.948,0.751,0.426,0.109,1,0.5,1,0.985,0.861,0.955,0.603,0.464,0.141,0.989,0.979,0.949,0.047,0.071,0.076,0.498,0.587,0.913,0.149,0.901
0.426,0.985,0.921,1,0.443,0.758,0.264,0.751,0.003,0.988,0.989,0.958,0.909,0,0.423,0.929,0.979,0,0.712,0.998,0.952,0.134,0.233,0.751,0.42,1,1,0.999,1,0.317,0.444,0.853,0.001,0.989,0.534,0.994,0.832,0.194,0.594,0.943,0.43,0.711,0.916,0.141,0.05,0.472,1,0.757,0.954,0.852,0.274,0.995,0.308,1,0.759,1,0.999,0.033,0.745,0.098,0.09,0.802,0.997,1,1,1,0.97,0.819,0.329,0.298,0.962,1,1,1,0.041,1,0.883,0.453,0.806,0.234,1,0.727,0.533,1,0.781,0.165,0.967,0.5,0.933,0.031,0,0.995,0.001,0.826,0.865,0.002,0.596,0.774,0.029,0.874,0.262,0.835,0.021,0.011,0.278,0.729,1,0.562,0.835,0.825,0.123,0.491,0.818,0.967,0.955,0.932,0.003,0.687,0.038,0.807,1,0.515,1,0.648,0.273,1,0.424,0.194,0.431,1,0.994,0.873,0.805,0.584,0.999,0.467,0.126,0.03,0.996,0.458,0.823,0.775,0.998,0.538,0.46,1,0.14,0.05,0.18,0.071,0.861,0.984,1,0.582,0.76,0.005,0,0.999,0.986,0.093,0.591,1,0.048,0.567,0.401,0.839,0.076,0.998,1,1,0.933,0.356,0.617,0.785,0.264,0.997,0.013,0.445,0.558,0.595,0.201,0.994,0.635,0.381,0.715,0.983,1,0.986,1,0.811,1,0.811,0.991,0.289,0.003,0.981,0.231,0.576,0.236,0.248,0.954,0.537,0.999,0.863,0.48,0.957,0.763,0.988,0.413,0.685,1,1,0.003,0.504,1,0.251,0.925,0.473,1,0.999,1,0.958,0.991,0.992,0.146,0.998,1,0.496,0.967,0.755,0.77,0.998,0.999,0,0.972,0.286,0.01,0.712,0.999,0.758,0.995,0.744,0.833,0.999,0.579,0.609,1,0.39,0.978,1,0.701,0.831,0.708,0.354,0.467,0.435,0.506,0.522,0.635,1,0.997,0.964,0.204,0.496,0.885,0.693,0.916,0.002,0.721,0.166,0.861,0.493,0.947,1,0.504,0.536,0.557,0.987,0.085
0.148,1,1,0.075,0.055,0.009,0.954,0.248,0,1,0.975,0.116,0.009,1,0.264,0.072,0.144,0,0.886,0.919,0.877,0.24,0.951,0.634,0.687,0.783,0.475,0.816,0,0.936,0.322,0.946,1,0.814,1,0.574,1,0.733,0.932,0.918,0.019,1,0.599,0.915,0.877,0.612,1,0.082,0.274,0.4,0.798,0.202,0.011,0.849,0.375,0.968,0.343,0.242,0.858,0.351,0.973,0.191,1,0.923,0.668,0.614,0.472,1,0.368,0.562,0.765,0.732,0.956,0.995,1,0,0.331,0.587,0.841,0.916,0.429,0.706,0.755,0.009,0.91,0.544,0.646,0.521,1,0.537,1,0,0.012,0.845,1,0.009,0.844,0.941,1,0.998,0.913,0.739,0.967,0.226,0.594,0.993,0.499,0.927,0.902,1,0.991,0.098,0.766,0.153,1,0.608,0.001,0.575,0.999,0.723,0.989,0.43,1,0.552,0.57,1,0.204,0.431,0.384,1,1,0.431,0.619,0.56,0.63,0.136,0.999,0.248,0.002,0.844,1,0.129,0.098,0.581,0.21,0.925,0.317,0.411,0.689,0.766,0.164,1,0.578,0.718,0.95,1,0.985,1,0.879,0.806,0.418,0.998,0.905,1,0.096,0.799,0.738,0.001,0.002,0.141,0.251,0.509,0.836,0.027,0.999,0.632,1,0.762,0.189,0.218,0.662,0.907,0.488,0.565,0.257,0.148,0.022,0.895,0.445,0.979,0.999,0.999,0.285,0.863,1,0.014,0.144,0.625,0.983,0.746,0.131,0.588,0.492,0.465,0.52,0.888,0.986,0.281,0,0.042,0.987,0.993,1,0.626,1,0.647,1,0.79,0.99,0.809,0.161,0.231,0.291,0.685,0.733,0.987,0.013,0.654,0.998,0.409,0.031,1,0.72,0.938,0.323,0.38,0.052,0.552,1,0.497,0.396,0.948,0.469,1,0.847,0.58,0.981,0.329,0.136,1,0.344,0.549,0.362,0.341,0.485,0.381,0.91,0.398,0.457,1,0.651,0.001,0.582,0.755,0.999,0.721,1,0.925,0.778,0.652,0.566,0,0.243,1,0.128,0.643,0.962,0.472,0.032
0.102,0.055,0.134,0.832,0.136,0.727,1,0.313,1,0.958,0.989,0.292,0.942,0.999,0.498,0.632,0.882,1,0.768,0.898,1,0.148,0.968,0.768,1,1,0.268,0.814,0.999,0.433,0.953,0.016,0.867,0.899,0.996,1,0.169,0.76,0.741,0.841,1,0.462,0.256,0.903,0.988,0.888,1,0.08,0.959,0.312,0.92,0.814,0.782,1,0.109,0.808,0.77,0.117,0.164,0.488,0.028,0.828,1,0.987,0.307,0.004,1,0.828,0.154,0.478,0.269,0.795,0.058,0,1,1,0.758,0.982,0.929,0.715,0.459,0.958,0.991,0.947,0.834,0.059,0.198,0.608,0.468,0.715,0.999,1,0.204,0.68,0.86,0.02,0.889,0.999,1,0.961,0.783,0.234,1,0.054,0.057,0.006,1,0.462,0.296,1,0.025,1,1,0.736,1,0.517,0.015,0.48,1,0.495,0.918,0.986,0.039,0.626,0.999,0.893,1,0.619,0.298,0.938,1,0.021,0.876,1,0.248,0.999,1,0.59,0.002,0.939,0.969,0,1,0.629,0.121,0.228,0.179,0.986,0.164,0.048,0.899,0.631,0.69,0.405,1,0.997,0.001,0.498,0.911,0.525,0.238,1,1,0.922,1,0.654,0.955,0.575,0.127,0.999,0.999,0.783,0.536,0.876,0.424,0.503,0.405,0.429,0.83,0.983,0.412,0.782,0.154,0.993,0.023,0.593,0.867,0.943,0.783,0.757,0.999,0.813,0.719,0.63,0.594,0,0.005,0.646,0.87,0.788,1,0.442,0.956,0.261,0.319,0.6,0.814,0.083,0,0.002,0.999,0,0.51,0.785,0.971,1,0.994,1,0.23,0.878,1,0.996,0.997,0.314,0.713,0.568,1,0.783,0.924,0.022,0.955,0.241,0.874,0.422,0.263,0.57,0.503,0.886,0.616,0.215,0.643,0.996,0.6,0.705,0.046,0.348,0.021,0.401,0.891,0.89,0.493,0.947,0.811,0.758,0.643,0.304,0.348,0.551,0.995,0.996,0.96,1,0.936,0.763,0.768,0.717,0.821,0.037,0.211,0.384,0.328,0.932,0.957,0.093,0.599,0.889,0.614,0.043,0.054
0.527,0.024,0.901,1,0.996,0.998,0.791,0.971,0.998,1,0.986,0.775,0.26,0.992,0.221,0.793,0.481,0.001,0.86,0.999,0.195,0.625,0.074,0.22,0.798,1,0.631,0.009,0,0.828,0.967,1,0.134,0.314,0.943,0.18,0.994,0.017,0.282,0.842,0.996,0.037,0.607,0.94,0.436,0.022,0,0.834,0.89,0.954,0.538,0.903,0.7,1,0.438,1,0.85,0.204,0.117,0.958,0.639,0.015,1,0.207,0.033,1,0.799,0.219,0.503,0.882,0.832,0.339,0.049,0,0.693,0.876,0.278,0.194,0.943,1,0.668,0.787,0.42,0.04,0.83,0.431,0.102,0.072,0.86,0.39,0.173,1,0.012,0.987,0.994,0.025,0.995,0.933,1,0.689,0.148,0.907,0.711,0.246,0.741,1,0,0.891,0.713,1,0.006,0.998,0.812,0.363,0.997,0.883,0.208,0.521,0.005,0.961,0.528,0.989,0.507,0.617,0.851,0.996,0.068,0.284,0.675,0.106,1,0.018,0.559,0.976,0.782,0.765,0.637,0.708,0.973,0.338,0.779,0.022,0.781,0.403,0.566,0.057,0.587,0.001,0.14,0.988,0.66,0.991,0.994,0.899,0.662,1,1,0.996,0.229,0.191,0.616,1,0.845,0.952,0.618,0.879,0.404,1,0.306,1,0.512,0.641,0.999,0.801,0.788,0.649,0.816,0.218,0.144,0.678,0.815,0.992,1,0.083,0.197,1,0,1,0.163,0.74,0.036,1,1,0.604,0.043,0.001,1,0.524,0.996,0.6,0.964,0.473,0.363,0.009,0.866,0.008,0.366,0.925,0.937,0.44,0.919,0.002,0,0.801,1,0.154,1,0.999,0.017,0.662,0.956,0.992,0.875,1,0.977,0.492,0.99,1,0.005,1,0.115,1,0.898,0.939,0.573,0.535,0.252,0.996,1,0.787,0.743,0.878,0.768,0.997,0.196,0.493,0.999,0.796,0.019,1,0.87,0.852,0.397,0.011,0.787,0.021,1,0.658,0.22,0.728,0.793,0.976,0.425,0.983,0.982,0.539,0.998,0.881,0.979,0.757,0.765,1,0.026,1,1,0.376,0.017,0.999,0.735
1,0.949,0.097,0,1,0.264,0.996,0.721,1,0.941,0.124,0.985,0.493,0.036,0.676,0.185,0.069,0.877,0.408,0.814,0.215,0.575,0.018,0.762,0.618,0.865,0.996,0.738,0,0.756,0.514,0.563,0.057,0.862,0.996,0.086,0.133,1,0.864,0.34,0.884,0.976,0.774,1,1,1,1,0.723,0.42,0.446,0.652,0.624,0.936,0.998,1,0.366,0.97,0.993,0.5,0.993,0.786,0.245,1,1,0.716,1,0.404,0.845,0.146,0.778,0.528,0.375,0.984,0.994,1,1,0.828,0.783,0.99,0.64,0.043,0.547,0.528,1,0.649,0.037,0.652,0.692,0.592,0.979,0.901,1,0.96,0.527,0.457,0.127,1,0.494,0,0.95,1,0.399,1,0.547,1,0.159,1,0.357,0.931,0.996,1,0.955,0.779,1,0.871,0.448,0.986,0.792,0.834,0.434,0.645,0.809,0.986,0.731,0.392,0.962,0.565,0.842,0.504,0,0.082,0.646,0.988,0.994,0.875,0.67,0.298,0.399,0.003,0.356,0.027,0,0,0.736,0.394,0.003,0.105,0.947,0.131,0.102,0.703,1,0.992,0.666,0.286,0.943,0,0.963,0.867,0.383,0.477,0,1,0.992,0.815,0.999,0.004,0.072,1,0.126,0.999,0.587,0.679,0.173,0.319,0.334,0.026,0.975,0.686,0.51,0.471,0.033,0.936,1,0.987,0.467,0,1,0.409,1,0.997,0.051,0.966,0.553,0.003,0.967,0.597,1,0.631,0.66,0.999,0.505,0.212,0.02,0.017,0.822,0.138,0.725,0.001,0,0.531,1,0.527,0.344,0.057,0.852,1,0.997,0.095,0.908,0.388,0.99,0.557,1,1,0.834,0.001,0.073,0.993,0.662,1,0.173,0,0.144,0.995,0.346,0.023,0.184,0.97,0.841,0.983,0.204,0.434,1,0.999,0.581,1,0.557,0.375,1,0.811,0.946,0.54,0.821,0.312,0.86,0.99,0.53,0.23,1,0.979,0.218,0.944,0.425,0.352,0.865,0.55,1,0.935,0.884,0.95,0.726,1,0.012,0.998,0.624,0.335,0.243,0.215
0.983,0.617,0.886,0.932,0.366,0.835,0.993,0.303,1,0.998,0.999,0.802,0.99,0,0.492,0.621,1,0.782,0.511,0.64,1,0.364,0.551,0.042,0.893,1,0.163,0.414,0.971,0.697,0.973,1,1,0.723,0.975,1,0.301,1,0.73,0.882,1,0.004,0.798,0.814,1,0.028,1,0.186,0.363,0.036,0.998,0.876,0.992,1,0.196,0.96,0.79,0.344,0.814,0.999,0.961,0.967,1,0.045,0.123,0.517,0.659,0.772,0.967,0.694,0.709,0.999,0.994,1,1,0,0.711,0.946,0.303,0.567,0.359,0.801,0.97,0.99,0.385,0.696,0.321,0.521,0.352,1,0.307,0.782,0.848,0.894,0.648,0.051,0.343,0.829,0,0.244,0.401,0.952,0.999,0.981,0.633,0.092,0.999,1,0.162,0.957,0.509,0.52,0.407,0.938,1,0.506,0.714,0.935,0.007,0.725,0.863,0.988,0.572,0.585,0.941,0.331,0.23,0.826,0.603,0.679,0.845,0.891,0.457,0.741,0.994,0.615,0.933,0.292,0.965,0.368,0.126,0.016,0.376,0.487,0.953,1,0.878,0.869,0.67,0.998,0.587,0.944,0.095,0.233,0.869,1,0,0.867,0.994,0.54,0.147,0.007,0.989,0.989,0.982,0.464,0.163,0.995,0.957,0.175,0.779,0.943,0.531,1,0.248,0.828,0.028,0.465,0.738,0.995,0.633,0.205,0.699,0.586,0.999,0.864,0,0.871,0.333,0.297,1,1,0.583,0.487,0.944,1,0.779,0.993,0.787,0.447,0.983,0.476,0.466,0.995,0.886,0.207,0.326,1,0,1,0.92,0.977,0,0.954,0.075,0.027,0.997,0.981,0.282,0.988,0.979,1,0.467,0.672,0.584,1,0.952,0.513,0.842,0.987,0.781,0.998,0.062,0.984,0.732,0.829,0.045,1,1,0.827,0.288,1,0.862,1,0.363,0.666,1,0.73,1,1,0.864,0.205,0.505,0.577,0.75,0.313,0.23,0.454,0.329,0.998,0.317,0,0.305,0.556,0.816,0.94,0.328,0.017,0.49,0.255,0.982,0.716,0.822,0.504,0.486,0.361,0.985,0.103,0.031
0.679,0.414,0.994,0.056,0.301,0.377,0.906,1,1,1,1,0.999,0.173,0.999,0.335,0.674,0.981,0.894,0.818,0.014,0.976,0.137,1,0.867,0.31,1,1,1,1,0.951,1,0.886,0.016,0.056,0.834,0.857,0.07,1,1,1,0.031,0.329,0.715,0.787,1,0.936,0.011,0.928,0.996,0.036,1,0.954,1,1,0.223,1,0.164,0.6,0.983,0.997,0.032,0.528,1,0.983,0.622,1,0.054,1,0.789,0.957,0.967,0.31,0.998,1,0.993,0.2,0.998,1,0.876,0.152,0.03,0.436,0.841,0.986,0.158,0.007,0.32,0.947,0.153,0.129,0.866,1,0.915,0.322,0.163,1,0.753,0.489,1,0.448,0.947,0.673,0,0.664,0.357,0.397,0.224,0.576,0.97,0.986,0.828,0.998,0.518,0.301,1,0.451,0.999,0.218,1,0.92,0.372,0.429,0.001,0.481,0.991,0.659,0.425,0.637,0.986,0.962,0.999,0.791,0.394,0.514,1,0.774,0.233,0.841,0.078,0.293,0.999,0.915,0.961,0.833,0.119,0.004,0.746,0.77,0.34,0.914,0.739,0.985,0.999,0.062,0.845,0.664,0.024,0.095,0.994,0.95,0.156,0.079,0.933,0.623,0.998,1,0.733,0,0.673,0.622,0.864,0.58,0.905,0.686,1,0.713,0.646,0.924,0.497,0.667,0.013,0.12,1,0.998,0.467,0.806,0,1,0.972,0.863,0.717,0.991,1,0.668,0.852,0.928,0.338,0.658,0.238,0.707,0.976,0.589,0.662,0.002,1,0.282,0.352,0.058,0.998,0.866,0.775,0,0.003,0.224,0.899,1,0.064,0.871,0.632,0.658,0.999,0.973,0.889,0.843,0.996,0.895,0.977,0.019,1,0.793,0.079,0.694,1,1,0.852,0.613,0.784,0.587,0.838,0.042,0.727,0.993,0.346,0.992,0.963,0.814,1,0.734,0.859,1,0.698,0.198,0.482,0.969,0.784,0.793,0.194,0.343,0.422,1,0.998,1,0.983,0.467,0.377,0.765,0.859,0.997,0.075,0.994,0.097,0.798,0.921,1,0.15,0.532,0.26,0.008,0.978
0.506,1,0.555,1,0.462,0.883,0.854,1,0.917,1,0.991,0.466,0,1,0.852,0.141,0.696,0.821,0.306,0.696,0.114,0.368,0.914,0.012,0.162,1,0.967,0.114,0.003,0.974,0.808,0.97,0.921,1,1,0.974,0.996,1,0.986,0.962,0.176,0.898,1,0.04,1,0.326,1,0.005,0.644,0.995,0.702,0.632,0.543,1,0.349,0.97,0.963,0.187,0.438,0.954,0.014,0.99,1,0.072,0.78,0.994,0.776,0.476,0.245,0.618,0.916,0.265,0.427,0.962,0.982,0.001,0.687,0.748,1,0.832,0.063,0.477,0.326,0.97,0.513,0.926,0.623,0.994,0.025,0.87,1,0.982,0.487,0.334,0.065,0.801,0.564,0.905,1,0.362,0.85,0.839,0,0.009,0.451,0.06,1,1,0.677,0.903,0.871,0.958,0.224,0.471,0,0.401,0.891,0.695,1,0.271,0.999,0.801,1,0.602,1,0.075,0.956,0.559,0.19,0.974,1,0.371,0.948,0.228,0.136,0.716,0.589,1,1,0.982,1,1,1,0.864,1,0.502,0.375,0.907,1,0.693,0.074,0.87,1,0.476,0.903,0.993,0,1,0.126,0.95,0.588,0.002,0.67,0.93,0.307,0.053,0.003,0.001,0.218,0.741,0.255,0.547,0.752,0.986,0.972,0.202,0.033,0.873,0.174,0.271,0.591,0.517,0.069,0.982,0.152,0.983,0.003,0.99,0.768,0.243,0.978,1,0.938,0.317,1,0.719,1,0.698,0.203,0.944,1,0.663,0.96,0.295,1,0.008,0.664,1,1,0.845,0.69,0.999,0.245,0.741,1,1,0,0.905,0.024,0.947,1,0.997,0.537,0.96,0.072,0.596,0.991,0.041,1,0.962,0.892,0.234,0.97,1,0.202,0.546,1,0.392,0,0.405,0.654,0.904,0.783,1,0.259,0.434,0.717,0.276,1,1,0.851,0.179,0.493,0.691,0.552,0.015,0.069,0.691,0.981,0.937,0.928,0.988,0.938,0.736,0.078,1,0.999,0.047,0.348,0.695,0.478,0.038,1,0.958,0.999,0.426,0.774,0.098,0.076
0.233,0.447,0.002,0.005,0.585,0.384,0.236,0.834,0,0.931,0.995,0.325,0.994,1,0.444,0.573,0.208,0.974,0.892,0.777,0.224,0.982,0.154,0.996,0.361,1,0.991,0.825,1,0.865,0.535,0.125,0.996,0.964,0.196,0.982,0.833,0,0.942,0.998,1,0.754,0.529,0.847,0.02,0.905,1,0.916,0.197,0.14,0.968,1,0.565,0.878,0.996,0.95,0.992,0.937,0.351,0.999,0,0.281,0.88,0.885,0.035,0.011,0.977,1,0.591,0.445,0.994,0.876,0.488,0.166,0.946,1,0.825,0.332,0.577,0.989,0.983,0.661,0.424,0.557,0.383,0.846,0.896,0.554,1,1,0.02,0,0.288,0.526,1,0.084,0.745,0.978,0.976,0.946,1,0.102,0,1,0.027,0.005,0.001,0.076,1,1,0.943,0.999,0.72,0.708,0.654,0.339,0.073,0.092,0.999,0.169,0.844,0.843,0.958,0.885,0.009,0.981,0.985,0.98,0.304,1,0.231,0.373,1,0.179,1,0.523,0.479,0.282,0.982,0.708,0.006,0.992,0.989,0.377,0.486,0,0.035,0.034,0.993,0.728,0.882,0.511,0.735,0.689,0.152,0.406,0,0.578,0.615,0.503,0.324,0.934,0.142,0.409,0.99,0.176,0.993,1,1,1,0.555,0.605,0.769,0.531,0.631,0.62,0.87,0.458,0.864,0.891,0.971,0.994,0.949,1,0.999,0.926,0.042,0.998,0.007,1,0.083,0.759,1,0.517,0.003,0.991,0,0.407,0.996,0.544,0.115,0.642,0.319,1,0.926,0.993,0.991,0.031,0.986,0.998,0.122,1,0.947,0.725,0.978,0.633,0.007,0.824,0.131,0.999,0.995,0.122,0.53,0.898,0.153,1,1,0.999,0.859,0.881,0.346,0.929,0.948,0.056,0.59,0.535,0.016,0.171,1,0.978,0.74,0.095,0.624,1,0.389,0.761,1,0.898,0.176,1,0.981,1,0.37,0.752,0.965,0.83,0.746,0.418,0.289,0.013,0.881,0.001,0.997,0.476,0.261,0.35,1,0.021,0.585,0.457,0.286,0.095,0.039,0.965,0.858,0.75,0.989,0.738,0.998
0.997,0.004,0.219,1,0.014,0.144,0.992,1,1,1,0.36,0.66,0.902,0,0.485,0.995,0.822,0.2,0.684,0.025,0.529,0.345,0.758,0.671,0.25,1,0.787,0.183,0.056,0.522,0.502,1,0.565,0.176,0.998,0.013,0.91,1,0.995,0.899,0.211,0.004,0.931,0.751,0,0.592,0.972,0.965,0.271,0.361,0.165,0.541,0.079,0.964,0.392,0.748,0.281,0.614,0.783,0.949,0.413,0.694,0.999,0.931,0.278,0.981,1,0.973,0.303,0.669,0.596,0.503,0.889,0.998,0.455,0.498,0.478,0.303,0.751,1,0.129,0.558,0.588,1,1,0.002,0.807,0.157,0.979,0.803,0.959,1,0.997,0.86,1,0.024,0.939,0.974,1,0.083,1,1,0.941,1,0.068,0.988,0.96,0.92,0.192,0.986,1,0.998,0.997,0.272,1,0.42,0.963,0.814,0,0.175,0.995,0.332,0.005,0.382,1,1,0.837,0.335,0.774,0.04,0.672,0.999,0.018,0.992,0.956,0.796,0.998,0.975,0.998,0.62,0.793,0.167,0.003,0.157,0.732,1,0.783,0.014,0.865,0.178,0.986,0.002,0.073,1,0.995,0.276,0.817,1,0.814,0.3,0.927,0,0.956,1,0.943,0.991,0.004,0.728,0.84,0.005,0.481,0.631,0.728,0.082,0.826,0.559,0.185,0.998,0.65,0.952,0.158,0.332,0.976,0,0.991,0.998,0.998,0.829,1,0.708,0.997,0.258,0.711,0.664,1,0.001,0.73,0.863,1,0.521,1,0.489,0.941,0.932,0.979,0.724,0.79,0.821,0.997,0.033,0.959,0.668,0.379,0.886,1,0.078,0.001,0.41,0.786,0.569,0.991,1,0.828,0.545,1,0.995,0.523,0.638,0.707,0.081,0.982,1,0.942,0.31,0.977,0.631,0.019,0.275,0.769,0.163,0.572,0.042,0.603,1,0.986,0.959,0.967,0.962,0.838,0.837,0.187,1,0.451,0.383,0.262,0.178,0.014,0.568,0.484,1,0.47,0.222,1,0.614,0.556,0.969,0.874,1,0.999,0.971,0.895,0.85,0.509,0.968,0.042,0.449,1,0.767,0.797
1,0.976,0.084,0.138,0.974,0.361,0.35,0.033,1,0.874,0.52,0.323,0.463,0.99,0.541,0.464,0.656,1,0.673,1,0.996,0.539,1,0.914,0.972,0,0.969,0.055,0.966,0.455,0.57,0.457,0.99,0.263,0.607,0.916,0.725,0.999,0.749,0.598,0.012,0.996,0.966,0.01,0,0.994,0,0.283,0.449,0.802,0.998,0.748,0.03,0.016,0.447,0.572,0.92,0.114,1,0.027,0.007,0.664,1,1,0.985,0.99,0.819,0.557,0.539,0.307,0.471,0.595,0.865,0.001,0.998,1,0.548,0.96,0.537,0.755,0.891,0.519,0.654,0.701,0.982,0.104,0.489,0.142,0.017,0.932,0.918,0.995,1,0.958,0.194,0.007,0.821,0.592,0,0.829,0.642,0.268,0.585,0.919,0.991,0.009,1,0.53,0.997,0.628,0.574,0.001,0.657,0.501,0.001,0.505,0.146,1,0.003,0.296,0.886,1,0.948,0.471,1,0.921,0.718,0.657,0.74,0.327,0.999,0.686,0.624,0.709,0.614,0.75,0.512,0.984,0,0.567,0.975,0.994,1,0.62,0.12,1,0.001,1,1,0.45,0.993,0.918,0.018,0.017,0.843,0.934,1,0.042,0.669,0.378,0.411,0.003,0.887,0.928,0.26,0.635,0.138,1,1,0.026,0.604,0.49,0.958,1,0.804,0.709,0.603,0.824,0.781,0.296,0.194,0.944,0.228,0.163,0.502,0.763,0.998,0.538,0.992,0.507,0.437,0.781,1,0.852,0.322,0.001,0.997,0.57,0.839,0.957,0.876,0.457,0.994,0.033,0.865,0.019,0.42,0.608,1,1,0.747,0.314,1,0.348,0.95,0.116,1,0.867,0.359,0.965,1,1,0.976,0.999,0.491,0.983,0.997,0.667,0.982,0.013,0.575,0.706,0.339,0.953,0.579,0.207,0.347,0.538,0.803,0.985,0.386,0.523,0.886,0.999,0.015,0.321,0.988,0.542,0.752,1,0.68,0.324,0.349,0.025,0.65,0.809,0.046,0.548,0.887,0.994,0.588,1,1,0.865,0.985,0.931,0.889,0.964,0.638,0.952,0.999,0.594,0.096,0.778,0.11,0.703,0.631,0.741,0.092
0.796,0.024,1,0.015,0.932,0.548,0.948,0.999,1,0.961,0.048,0.289,0.165,1,0.68,0.388,0.614,1,0.994,0.973,0.226,0.189,0.998,0.844,0.631,1,0.008,0.002,1,1,0.799,0.113,0.017,0.358,0.962,0.053,0.996,1,1,0.742,0.692,0.091,0.19,0.391,1,0.691,1,0.912,0.978,0.699,0.149,0.76,0.959,0.03,0.637,0.994,1,0.415,0.909,0.31,0.078,0.63,1,1,0.11,1,1,0.686,0.159,0.871,0.793,0.42,0.881,1,1,1,0.666,0.243,0.094,0.979,0.014,0.414,0.694,1,0.987,0.711,0.997,0.012,0.992,0.706,0.866,0.871,1,0.81,0.219,0.896,0.461,1,0.998,0.923,0.887,0.169,0.882,0.366,0.189,0.643,1,0.001,0.716,0.885,0.88,0.012,0.796,0.971,0.993,0.649,1,0.994,1,0.549,0.446,0.998,0.157,0.58,0.48,0.803,0.878,0.488,0.876,0.996,0.703,0.085,0.933,0.909,0.159,0.797,0.979,0.815,0.025,0.454,0.603,0.938,0.898,0.453,0.156,0.994,0.73,0.996,0.116,0.32,0.065,0.739,0.732,1,1,1,0.009,0.029,0.706,0.935,0.302,0.889,1,0.997,1,0.7,0.063,0.008,0.894,0.398,0.3,0.415,0.886,0.382,0.843,0.772,0.165,0.683,0.103,0.958,0.121,0.996,0.722,1,1,0.52,0.635,0.597,1,0.801,1,0.747,0.952,0.518,0.996,0.641,0.034,0.718,1,0.975,1,0.681,0.452,1,0.841,0.514,0.054,0.851,0.986,1,0.506,1,1,0.449,0.605,1,0.382,0.426,0.897,0.78,0.495,0.827,0.834,0.775,0.188,0.151,0.882,0.567,1,0.917,0.83,0.89,0.982,0.997,0.637,0.559,1,0.86,0,0.485,0.303,1,0.216,0,0.963,0.458,0.862,0.415,0.82,0.12,0.082,0.734,0.371,0.991,0.301,0.494,0.921,0.518,1,1,0.342,0.966,0.045,0.704,1,0.998,0.761,0.704,0.664,0.088,0.725,1,0.995,0.862,0.546,0.565,0.092,0.007,0.729
0.807,0.072,0.882,0.999,0.957,0.614,0.647,0.826,1,1,1,0.736,0.693,0.934,0.574,0.804,0.592,0.032,0.688,0.999,0.147,0.868,0.064,0.912,0.1,1,0.971,0.095,0.996,0.997,0.069,0.985,1,0.723,1,0.935,0.436,0.527,0.848,0.325,0.966,0.131,0.807,0.848,0.999,0.484,0.797,0.991,0.583,0.018,0.059,0.781,0.874,1,0.294,0.877,0.982,0.426,0.994,1,1,0.996,1,0.995,0.761,0.035,0.984,0.451,0.469,0.723,0.337,0.961,0.183,0.362,0.193,0.998,0.759,0.773,0.926,0.751,1,0.797,0.645,1,0.672,0.015,0.4,0.04,0.003,0.079,0.918,0.426,0.7,0.264,0.919,0.915,0.801,0.653,1,1,1,0.19,0,0.531,0.99,0.012,1,0.341,0.53,0.989,0.159,1,0.553,0.468,0.201,0.4,0.995,0.982,0,0.999,0.748,0.164,0.852,0.384,0.981,0.777,0.56,0.999,0.795,0.999,0.966,0.222,0.83,0.989,1,0.898,0.187,1,0.94,0.917,0.436,0.995,1,0.494,0.294,0.133,0.981,0.109,0.942,0.863,0.961,0.753,0.94,0.056,0.995,0.039,1,0.992,1,0.801,0.761,0.288,0.988,0.001,0.848,1,1,0.907,0.497,0.001,0.477,0.534,0.675,0.981,0.948,0.662,0.738,0.092,0.977,0.594,0.083,1,0.816,0.968,1,0.99,0,0.587,0.057,0.674,0.976,0.972,0.993,0.904,0.508,1,0.02,0.713,0.987,0.944,0,0.887,0.504,0.962,1,0.824,1,0.523,0.044,0.931,0.01,1,0.999,0.677,0.726,0.55,0.998,1,1,0.997,0.993,0.999,0.814,0.623,0.932,0.982,0.013,0.913,0.973,0.771,1,0.105,1,0.971,0.157,0.239,1,0.612,0,0.255,0.894,0.002,0.561,1,0.842,0.513,0.024,0.242,1,1,0.713,0.424,0.57,0.941,0.372,0.997,0.303,0.361,0.758,1,0.35,0.01,1,0.919,0.999,0.589,0.525,0.008,0.822,0.185,0.719,0.021,0.728,0.947,0.073,0.646,0.837,0.005,0.524
0.91,0.898,0.776,0.923,0.841,0.999,0.815,0.926,1,0.585,0.998,0.592,0.851,0,0.382,0.792,0.81,0.021,0.539,0.999,0.042,0.807,0.999,0.834,0.107,1,0.204,0.358,1,0.257,0.909,0.995,1,0.995,0.043,0.882,0.332,0.051,0.902,0.86,0.365,1,0.059,0.052,1,0.014,1,1,0.92,1,0.983,0.651,1,0.992,0.989,0.6,0.915,0.546,0.138,1,0.773,1,0.004,0.999,1,0.118,0.993,0.999,0.201,1,0.952,0.939,0.983,0,0.62,1,0.651,0.734,0.804,1,0.971,0.404,0.663,0.519,0.984,0.001,0.105,0.997,1,0.515,0.024,1,0.425,1,0.841,1,0.683,0.455,0,0.757,0.964,0.494,0.956,0.758,0.941,1,0.999,1,0.905,0.999,0.027,0.058,0.16,0.36,1,0.473,0.003,0.192,0.968,0.582,1,0.221,1,0.265,0.994,1,0.862,0.485,0.938,1,1,0.075,1,0.862,0.902,0.545,0.986,0.184,0.799,0.619,0.012,0.995,1,0.979,0.999,0.997,0.687,0.987,0.823,0.99,1,0.194,0.071,0.826,0.907,1,0.934,0.954,0.819,0.642,0.107,0.141,0.997,0.378,0.75,1,0.812,0.86,1,0.294,0.467,0.496,0.749,0.444,0.943,0.91,0.139,0.544,0.991,0.94,0.753,0.959,0.643,1,1,0.633,0.013,0.54,1,0.589,0.822,0.011,0.506,0.142,1,0.985,0.658,0.964,0.574,0.721,0.985,0.514,0.079,0.823,0.084,0.026,0.845,0.037,1,0.004,0.563,1,0.01,0.49,0.679,0.991,1,0.698,0.499,0.198,0.97,0.941,0.999,0.993,0.646,0.926,0.992,0.155,0.155,0.865,0.575,0.669,1,0.023,0.922,0.75,0.727,1,0.003,0.864,0.426,1,0.881,0.691,0.993,0.509,1,0.461,0.992,1,0.227,0.934,0.486,0.396,0.477,0.079,0.467,0.846,0.284,1,0.486,0.986,0.282,0.808,0.937,0.432,0.974,0.327,0.495,0.913,0.309,0.113,0.568,0.573,0.104,0.938,0.999,0.879,0.989
0.881,1,0.011,0.577,1,0.541,0.881,0.789,1,0.994,1,0.933,0.929,1,0.491,0.851,0.979,0.343,0.926,0.461,0.413,0.276,0.992,0.635,0.63,0.869,0.749,0.989,0,0.287,1,0.768,0.717,0.027,1,0.904,0.505,0.001,0.305,0.535,0.003,0.001,0.294,0.599,1,0.999,0.999,0.99,0.749,0.866,0.867,0.207,0.914,1,0.839,0.199,0.138,0.74,0.996,0.781,0.009,0.028,0.999,0.597,0.01,0.966,0.996,0.401,0.791,0.447,0.783,0.999,0.89,0.541,0.999,1,0.945,0.58,0.73,1,0.018,0.733,0.474,0.81,0.673,0.223,0.782,0.71,0.999,0.914,0.898,0.767,1,0.274,0.987,0.529,0.622,0.997,0.3,1,0.413,0.999,1,0.079,0.94,0.999,0.972,0.792,0.981,0.932,0.659,1,0.976,0.646,0.495,0.644,1,0.998,0.842,0.455,0.547,0.336,0.994,0.584,0.902,1,0.952,0.799,0.956,0.993,0.976,0.515,0.134,0.339,0.948,0.523,1,0.982,1,0.838,0.988,1,1,0.456,0.039,0.699,1,0.004,0.932,0.906,0.935,0.016,0.377,0.832,1,0.911,0,0.428,0.561,0.445,0.191,0.811,0.928,0.048,0.695,0.939,0.071,1,0.026,0.062,0.224,0.765,0.665,0.897,1,0.93,1,0.54,1,1,0.342,1,0.82,0.999,0.927,0.723,1,0.423,0.031,0.508,0.202,0.336,0.488,0.261,0.914,0.363,0.13,0.985,0.915,0.821,0.001,0.514,0.147,0.047,0.626,0.005,0.517,1,0,0,1,0.998,0.946,0.855,0.442,0.771,0.119,0.741,0.055,0.251,0.823,0.423,0.486,0.865,0.787,0.498,0.997,0.728,1,0.022,0.985,0.915,0.96,1,0.732,0.242,0.986,0.83,0.002,0.871,0.591,0.053,0.338,0.001,0.045,0.481,1,0.369,0.342,0.879,0.53,0.997,0.53,1,0.448,0.769,0.79,0.462,0.659,0.941,0.699,0.438,0.427,0.634,0.169,0.478,0.616,1,0.956,0.382,0.043,0.02,1,1,1,0.544,0.347,1,0.642
0.403,0.502,0.181,0.941,0.087,0.96,0.999,0.117,1,0.228,0.018,0.595,0.989,0,0.459,0.922,0.919,0.059,0.504,0.546,0.046,0.5,0.999,0.06,0.87,1,0.342,0.944,1,0.88,0.271,0.949,0.969,0.262,0.048,0.939,0.775,0.975,1,0.951,0.974,0.953,0.525,0.901,0.998,0.853,1,0.995,0.675,0.354,0.565,0.45,0.983,1,0.85,1,0.089,0.643,0.307,1,1,1,1,0.647,0.129,0.855,0.716,0.948,0.781,0.204,0.997,1,0.939,1,1,0.999,0.976,0.804,0.382,0.334,0.625,0.493,0.495,0.683,0.441,0.612,0.132,0.914,0.74,0.952,1,0,0.359,0.443,0.905,0.826,0.37,0.775,0,0.058,0.43,0.555,0.989,0.214,0.539,0.414,0.967,0.683,0.196,0.665,0.06,0.993,0.356,0.46,1,0.532,0.002,0.986,0.857,0.711,0.995,0.754,0.107,0.404,0.054,0.196,0.881,0.701,0.53,0.785,0.052,0.151,0.956,0.809,0.997,1,0.406,0.808,1,0.433,0.364,0.069,0.974,0.751,0.894,0.023,0.386,0.015,0.34,0.763,1,0.191,0.999,0.958,0.6,0.001,1,1,0.281,0.014,0.578,0.019,0.487,0.424,0.981,1,0.191,0,0.56,0.926,0.843,0.559,0.994,0.123,0.999,0.685,0.543,0.942,0.09,0.82,0.992,0.876,0.759,1,0.623,0.755,0.001,0.913,0.013,0.983,0.888,0.795,0.64,0.346,0.894,0.955,0.933,0.753,0.548,0.531,0.859,0.558,0.429,1,0.532,1,0.974,0.541,0.015,0.961,0.842,0.555,0.996,0.67,0.985,0.997,0.972,0.958,0.935,0.129,0.477,0.514,0.612,0.837,0.569,0.707,0.016,0.314,0.919,0.714,0.87,0.989,0.979,0.205,0.426,0.599,0.966,0.965,0,1,0.29,0.989,0.35,1,0.006,0.359,0.78,0.578,0.096,0.999,0.033,0.808,0.514,0.812,0.2,0.999,0.973,0.664,0.522,1,0.463,1,0.984,0.494,1,0.306,0.012,1,0.929,0.473,1,0.537,0.353,0.907,0.999,0.529,0.957,0.006,0.604
0.73,0.911,0.045,0.914,0.024,0.401,0.017,0.535,1,0.616,1,0.16,1,1,0.293,0.992,0.251,0.011,0.677,0.028,0.435,0.315,0.008,1,0.475,0.135,0.659,0.378,0.998,0.742,0.829,1,0.002,0.74,0.967,0.699,0.982,1,0.749,1,0.993,0.002,0.874,0.022,0.942,0.947,1,1,0.976,0.724,0.747,1,1,1,0.694,0.985,0.134,0.58,0.546,0.918,0.752,0.492,1,1,0.996,1,0.018,0.272,0.541,0.555,1,0.954,1,0.97,0.626,1,0.698,0.674,0.131,0.997,0.994,0.874,0.622,0.976,0.921,1,0.67,0.249,0.359,0.053,0.935,1,0.761,0.879,0.369,0.114,0.884,1,0,0.017,0.939,0.694,0.927,0.891,0.525,0.178,0,0.602,0.657,0.525,0.226,1,0.721,0.855,1,0.511,0.054,1,0.915,0.51,0.519,0.853,1,0.658,0.966,0.999,0.753,0.284,0.354,1,1,0.988,1,0.428,0.967,0.937,1,1,0.991,0.315,0.037,0.78,0,0.21,0.031,0.996,0.382,0.036,0.997,0.482,0.045,0.025,0.862,0.763,0.837,0.112,0.971,0.744,0.929,0.954,0.558,0.096,1,1,0.53,0.991,1,0.002,1,0.999,0.207,0.531,0.709,0.117,0.961,0.962,0.459,0.988,0.071,0.791,0.188,1,0.088,0,0.03,0.459,0.99,0.372,1,0.761,0.878,0.806,0.879,0.515,0.002,1,0.88,0.083,0.733,0.94,1,0.804,0.719,0.267,0.078,0.92,0.946,0.014,0,1,0.024,0.997,0.998,0.654,0.996,0.071,1,0.62,0.979,0.196,1,1,0.72,0.62,0.396,0.201,1,0.014,0.846,1,1,1,1,0.051,0.98,0.943,0.945,0.247,0.16,0.869,0.573,0.167,1,0.937,1,0.589,0.024,0.346,0.562,0.934,0.477,0.889,0.514,0.013,0.842,1,0.273,0.515,0.566,1,0.308,0.986,0.694,0.625,0.236,0.553,0.824,0.995,1,0.883,0.837,0.857,0.913,1,0.75,0.312,0.878,1,0.998
0.615,0.071,1,0.904,0.906,0.922,1,0.857,0.037,0.68,1,0.117,1,1,0.3,0.587,0.927,0.01,0.596,0.88,0.939,0.256,0.025,0.055,1,0.001,0.362,1,0.005,0.403,0.867,0.903,0.966,0.825,0.257,0.028,1,0.595,0.96,1,0.347,0.256,0.99,0.89,0.995,0.567,1,0.967,0.143,1,0.418,0.27,0.973,1,0.775,0.929,1,0.901,1,0.015,0.016,0.739,0.011,0.061,1,0.069,0.867,0.518,0.531,0.988,0.589,0.994,0.994,1,0.099,0,0.937,0.268,0.532,0.054,0.999,0.643,0.576,0.137,0.549,0.998,0.98,0.888,0.033,0.038,0.518,0.061,0.992,0.98,0.995,0.999,0.659,0.751,0.989,0.991,0.899,0.991,1,1,0.999,0.956,1,0.001,0.522,1,0.982,0.617,0.992,0.952,0,0.438,1,0.147,0,0.884,0.73,0.232,0.476,0.735,0.997,0.077,0.87,0.868,0.997,1,0.824,0.999,0.892,1,0.308,0.984,0.901,0.137,1,0.291,0.381,0.983,0,0.994,1,0.313,0.635,1,0.502,0.008,0.996,0.012,0.728,0.829,0.341,0.919,0.061,0.997,0.424,0.173,0.739,0.984,1,1,0.004,0.954,0.013,0.005,0.103,0.992,0.99,0.596,0.88,0.573,1,0.776,0.137,0.996,0.978,1,0.142,1,0.152,0.868,1,0.929,0.813,0.992,0.045,0.331,0.002,0.891,0.919,0.738,1,1,0.937,0.396,0.775,0.743,0.624,0.578,0.643,0.863,0.866,0.293,0.302,0.809,1,0.131,0.28,0.963,0.689,0.342,1,0.19,0.677,0.672,0.961,0.038,0.875,0.463,0.828,0.452,0.537,0.731,1,0.496,0.034,1,0.239,1,0.999,0,0.404,0.566,0.08,1,0.901,0.794,0.615,0.99,0.726,0.999,1,0.622,0.009,0.402,0.375,1,0.042,0.118,0.396,0.492,0.707,0.02,0.108,0.394,0.465,0.928,0.746,0.021,0.018,0.681,0.968,0.648,1,0.006,0.944,0.302,0.313,0.292,0.99,0.974,0.237,0.314,0.752,0.993,0.655
0.529,1,0.998,0.986,1,0.216,0.105,0.81,1,0.203,1,0.124,1,0,0.51,1,1,0.966,0.946,0.757,0.031,0.365,0.904,0.966,0.978,0.993,0.581,0.199,0.893,0.524,0.459,0.228,0.522,0.485,0.644,1,1,0.996,0.587,0.957,0.919,0.78,0.997,0.988,0.978,0.556,1,1,0.693,0.963,0.63,0.823,0.065,0.385,0.228,0.785,0.837,0.92,0.151,0.801,0.04,0.306,0.729,0.949,0.918,0.967,0.067,0.788,0.813,0.679,0.493,0.758,0.8,1,0.017,0.084,1,0.977,1,0.878,0.539,0.805,0.621,0.758,0.874,0.021,0.717,0.893,0.655,0.995,1,1,0.907,0.693,1,0.245,0.958,0.903,1,0.7,0.82,0.208,0.334,1,0.022,1,1,0.789,0.669,1,0.005,0.017,0.207,0.86,0.01,0.55,0.442,0.528,1,0.384,0.132,0.993,0.327,0.964,0.958,1,0.743,0.724,0.721,0.999,1,0.884,0.705,0.202,0.82,0.583,0.404,0.178,0.966,0.684,1,1,1,0.176,0.975,0.957,0.012,1,0.166,1,0.729,0.992,0.995,0.236,0.899,0.956,1,0.898,0.117,1,0.986,0.987,0.073,0.361,0.978,0.276,0.03,0.875,0.553,0.071,0.393,0.393,0.69,0.708,0.935,0.181,0.964,0.82,0.999,0.947,0.86,0.17,0.385,0.56,0.565,0.596,0.389,0.624,1,0.995,0.013,0.766,0.994,0.995,0.03,0.995,0.576,0.164,0.659,0.71,0.198,0.524,1,1,0.999,0.028,0.882,0.991,1,0.074,0.907,1,0.991,0.627,1,0.759,1,0.044,1,0.985,0.968,0.99,0.371,0.996,0.955,0.429,0.999,0.759,0.949,0.315,0.999,0.927,1,0.088,0.721,0.402,0.28,0.976,0.003,0.722,0.666,0.352,0.252,1,1,0.84,0,0.449,1,1,0.127,0.958,0.684,0.951,0.979,0.402,0.886,0.312,0.82,0.999,0.874,1,0.794,0.463,0.808,0.83,0.926,1,0.785,0.804,0.998,0.842,1,0.552,0.411,0.342,0.122,0.525,0.727
0.638,1,0.003,1,0.913,1,0.236,0.991,1,0.135,0.026,0.164,0.018,1,0.516,0.223,0.99,0.995,0.804,0.779,1,0.613,0.033,0.049,0.597,0.982,0.831,0.944,0,1,0.931,0.477,1,0.456,1,0.85,0.826,0.452,0.988,0.101,0.856,0.772,1,0.264,0.987,0.445,0.004,1,0.818,0.422,0.134,0.982,0.996,1,0.785,0.991,0.859,0.751,0.712,0.02,0.002,0.145,0.003,0.466,0.884,0.857,0.983,0.625,0.511,0.894,0.422,0.899,0.729,1,0.014,0.014,0.944,0.996,0.997,0.628,0.036,0.378,0.838,0.937,0.283,0.111,0.13,0.962,0.365,0.865,0.957,1,0.396,0.596,0.311,0.797,0.685,0.808,1,0.161,0.079,0.95,0,0.196,0.742,0.547,0.118,0.03,0.994,0.985,0.04,1,0.762,0.837,0.826,0.757,0,0.942,0.626,0.329,0.596,0.651,1,0.46,1,0.999,0.127,0.317,1,1,0.33,0.134,0.97,0.492,0.42,0.052,0.005,0.972,1,0.972,0.059,1,0.948,0.793,0.061,1,1,0.978,0.914,0.038,0.089,0.915,0.932,0.71,1,1,1,0.927,0.823,0.937,0.351,1,0.894,0.156,0.402,1,0.009,0.002,1,0.983,0.85,0.608,0.686,0.999,0.956,0.903,0.915,0.868,0.974,0.164,0.028,0.934,0.649,0.004,0.918,0.999,0.924,0.88,0.605,0.52,0.011,0.994,0.632,0.37,0.29,1,0.971,0.858,1,0.768,0.004,0.477,0.688,0.102,1,1,0.991,0.766,1,0.056,0.88,0.727,0.001,0.996,1,0.999,0.039,0.944,0.848,0.061,1,0.933,0.88,0.578,0.8,0.512,1,0.041,0,0.847,0.012,0.512,0.169,0.958,0.677,0.196,1,0.8,0.036,0.693,0.302,0.979,0.719,1,0.918,0.711,0.158,0.505,0.674,1,0.865,0.125,0.467,0.948,0.593,0.172,1,0.514,0.945,1,0.657,0.954,0.909,0.542,0.874,0.995,0.97,0.041,0.552,0.145,0.806,0.99,0.926,0.992,0.928,0.555,0.403,0.977,1
0.965,0.995,0.001,0.924,0.821,0.476,0.9,0.723,1,0.176,0.993,0.23,0.981,0.124,0.376,0.997,0.774,0.581,0.52,0.993,0.832,0.723,0.011,0.345,0.204,1,0.114,0.219,0,0.276,1,0.067,0.961,0.998,1,1,0.998,1,0.223,0.257,0.941,1,0.861,0.925,0.998,0.843,1,0.847,0.666,0.072,0.979,0.32,0.047,0.007,0.661,0.584,1,0.225,0.961,0.061,0.021,0.124,1,0.993,0.105,0.974,0.861,0.498,0.177,0.286,0.17,0.727,0.906,1,1,0.485,0.713,0.557,0.274,0.696,0.012,0.998,0.371,1,0.898,0.004,0.553,0.462,0.968,0.175,0.952,1,0.004,0.234,0.413,0.846,0.992,0.064,0,0.029,0.991,0.561,0,0.894,0.019,0.13,1,0.804,0.593,0.957,0.98,0.143,0.713,0.466,1,0.967,0.211,0.119,1,0.253,0.658,0.089,0.002,0.695,0.001,0.971,0.204,0.927,0.742,0.982,0.99,0.996,0.228,0.971,0.226,0.541,0.706,0.971,0.002,0.518,0.945,0.023,1,0.578,0.043,0.933,0.999,0.276,0.53,0.945,0.007,0.749,0.945,0.971,0.482,1,0.041,0.982,0.88,0.995,0.437,0.668,1,0.988,0.768,0.896,0.71,0.988,0.998,1,0.348,0.684,0.512,0.93,0.864,0.998,0.457,0.761,0.961,0.967,1,0.984,0.103,0.998,0.772,0.707,0.746,0.978,0.722,0.616,1,0.902,0.941,0.553,0.659,0.95,0.831,0.487,0.684,0.539,0.87,0.435,0.738,0.236,0.292,0.971,0.814,0.706,0.323,0.998,0.17,0.807,1,0.613,0.946,0.797,0,0.982,0.028,0.004,0.678,0.265,0.172,0.925,0.678,0.543,0.013,0.905,0.011,0.059,0.42,0.984,0.008,0.811,0.905,0.301,0.228,0.962,0.977,0.957,0.809,0.059,0.788,1,0.013,0.485,0.989,0.435,0.786,1,0.878,0.689,0.594,0.622,0.362,0.222,0.686,0.521,0.201,1,0.6,0.998,0.913,0.657,0.291,0.801,0.74,0.998,1,0.159,0.097,0.004,0.85,0.999,0.944,0.454,0.405,0.91,0.882
0.311,1,0.029,1,0.909,0.684,0.006,0.303,0.011,0.481,0.712,0.441,0.29,0.997,0.573,0.86,0.917,1,0.548,0.474,0.972,0.273,0.425,1,0.147,0.001,0.034,0.017,0.999,0.841,0.995,0.85,0.707,0.928,1,0.003,0.8,1,0.42,0.393,0.083,0.52,0.274,0.163,1,0.76,0.378,1,0.668,0.117,0.836,0.498,0.105,0,0.927,0.291,0.056,0.335,0.421,0.757,0.864,0.003,0.001,0.001,0.996,0.387,0.007,0.987,0.208,0.579,0.381,0.523,1,0.096,1,0.756,0.423,0.338,0.603,0.815,0.743,0.985,0.763,0.908,0.07,0.005,0.997,0.243,1,0.816,1,0.14,0.129,0.395,0.938,0.277,0.748,0.969,0.925,0.73,0.794,1,1,0.024,0.707,0.485,1,0.011,0.968,1,0.722,0.98,0.865,0.415,1,0.352,0.002,0.983,0,0.379,0.943,1,0.946,0.306,0.517,0.147,0.674,0.572,0.766,0.965,1,0.947,0.404,0.999,1,0.996,0.069,0.916,0.999,0.415,0.177,0,0.997,0.701,0.196,0.978,0.03,1,0.978,1,0.66,1,1,0.564,0.989,0.693,1,0.998,0.756,0.981,0.821,0.977,0.004,1,0.944,0.961,0.006,0.814,0.027,0.801,0.703,0.613,0.929,0.493,0.862,0.998,0.33,0.311,1,0.162,0.816,1,0.46,0.925,0.943,0.562,1,0.811,0.005,0.916,0.836,0.071,0.963,0.062,0.948,0.996,0.683,0.368,0.632,0.696,0.851,0.507,0.4,0.99,0.732,0.057,1,0.412,0.99,0.998,0.964,1,1,0.446,0.991,0.135,0.158,0.453,0.71,0.587,0.757,0.051,0.685,1,0.659,0.331,0.998,0.826,0.024,0.798,0.075,1,1,0,0.834,0.498,0.949,0.768,0.109,0.945,0.952,0.015,0.909,0.997,0.527,0.676,0.97,0.381,0.296,1,0.953,0.924,0.41,0.979,1,1,0.033,0.509,0.367,0.001,0.465,1,1,0.406,0.926,0.852,0.771,0.999,0.814,1,0.163,0.594,0.02,1,0.792,0.61,0.076,0.615,0.95
0.995,0.003,0.785,0.523,0.506,0.999,0.528,0.265,0.812,0.751,0.367,0.406,0.304,0.993,0.27,0.937,0.83,0.585,0.306,0.285,0.323,0.126,0.954,0.247,0.382,0.945,0.021,0.97,0.003,0.774,1,0.982,0.962,0.097,0.074,0.916,0.023,0.988,0.223,0.676,0.897,1,0.719,0.667,1,0.653,0.998,0.939,0.381,0.878,0.834,0.621,0.884,0.003,0.573,0.701,0.025,0.953,0.892,0.945,0.888,0.073,1,0.85,0.006,0.846,0.92,0.92,0.677,1,0.431,1,0.513,0.353,1,1,0.729,0.629,0.999,0.954,0.947,0.666,0.666,0.812,0.035,0.002,0.784,0.122,0.298,0.436,0.316,0.998,0.796,0.997,0.791,0.014,0.701,0.999,0.683,1,0.059,1,0,0.005,0.753,0.843,0,0.504,0.484,0.139,0.976,0.997,0.462,0.64,1,0.291,1,0.336,0,0.21,0.297,0.957,0.999,0.605,0.886,1,0.998,0.79,0.707,0.011,1,0.988,0.774,0.917,0.875,0.785,0.886,0.403,0.998,0.553,0.823,0,0.627,0.382,1,0.972,1,0.947,0.471,0.98,0.054,1,0.7,0.032,0.876,0.017,0.114,0.853,0.999,0.784,0.615,0.931,0.155,0.913,0.996,0.964,1,0.981,0.844,1,0.999,0.405,1,0.819,1,0.864,0.245,0.216,0.59,0.227,0.863,0.15,0.969,0.977,1,0.394,0.144,0.733,0.355,0.986,0.096,0.757,0.87,0.614,0.111,1,0.212,0.213,0.578,0.667,1,0.534,0.994,0.975,0.41,0.468,1,0.074,0.041,1,0.969,1,0.337,0.299,1,1,0.573,1,0.99,0.735,1,0.326,0.33,0.985,0.543,0.432,0.674,0.487,0.202,0.994,0.013,1,0.996,1,0.335,0.41,0.27,0.234,0,0.273,0.471,1,0.949,1,0.861,0.777,0.791,0.515,0.267,1,0.959,0.542,0.52,0.826,0.715,0.242,0.886,0.408,0.51,0.995,0.51,1,0.955,0.602,0.744,0.693,0.022,0.549,0.521,0.686,0.493,1,0.001,1,0.97,0.799,0.793,0.273,0.987
0.819,0.917,0,0.373,0.999,0.987,0.964,0.883,0.998,1,1,0.991,0.912,0.998,0.571,0.562,0.01,0.926,0.385,0.242,0.671,0.464,1,0.997,1,0.002,1,0.957,0,0.633,0.829,1,0.992,0.112,0.082,0.988,0.056,0.944,0.919,0.846,0.013,0.058,0.84,0.86,0.012,0.198,1,0.999,0.984,0.1,0.939,0.525,1,1,0.643,0.905,0.941,0.283,0.97,0.03,0.738,0.401,1,0.989,0.803,0.344,0.015,0.13,0.43,0.529,1,0.246,0.969,0.986,0.871,0.949,0.827,0.504,0.782,0.207,1,0.649,0.603,0.006,0.994,0.012,0.517,0.827,0.158,0.541,0.985,1,0.051,0.983,0.017,0.161,0.999,1,1,0.653,0.133,0.039,1,0.754,0.803,0.917,1,0.559,1,1,0.992,0.989,0.523,0.797,1,0.564,0.914,0.916,1,0.998,0.092,1,1,0.948,1,0.983,0.623,0.816,0.719,1,0.998,0.817,0.897,0.711,0.69,0.579,0.919,0.559,0.599,0.527,0.632,1,0.129,0.594,0.446,0.743,0.967,0.964,0.374,0.985,0.943,0.014,0.823,1,0.989,0.485,1,0.468,0.353,0.36,0.385,0.996,0.388,1,0.896,0.934,0.625,1,0.446,0.267,0.689,0.648,0.999,0.744,0.816,0.422,0.007,0.038,1,1,0.013,0.904,0.363,0.974,0.894,0.513,0.718,0.084,0.984,0.701,0.878,0.652,0.187,0.477,0.995,0.881,0.769,0.142,0.996,0.103,1,0.588,0.805,0.569,0.923,0.499,0.962,0.963,0.931,0.244,0.66,0.006,1,0.293,1,0.492,1,0.606,0.21,0.023,1,0.717,0.32,0.766,0.992,0.943,0.967,0.445,0.118,0.934,0.284,0.991,0.466,0.889,0.696,0.596,0.94,0.849,0.304,1,0.593,0.998,0.503,0.899,0.994,0.276,1,0.577,0.258,1,0.969,0.596,0.464,0.058,0.352,0.006,0.999,0.665,0.175,0.909,0.566,0.996,0.602,0.574,0.985,0.995,0.196,1,1,0.831,1,0,1,1,0.993,0.932,0.169,0.727,1
1,0.938,0.007,0.257,0.567,0.882,0.894,0.993,1,0.986,0.17,0.951,0.506,0.609,0.269,0.822,0.907,0.027,0.867,0.868,0.999,0.641,0.002,0.794,0.822,0.999,0.215,0.137,0.147,0.889,0.893,1,0.318,0.384,0.942,0.391,0.938,0.822,1,0.994,0.009,0.132,0.557,0.477,0.308,0.93,1,1,0.392,0.284,1,0.341,0.333,0.996,0.955,0.788,0.132,0.494,0.854,0.773,0,0.008,1,0.952,0.961,0,0.744,0.63,0.33,0.524,0.773,0.815,0.377,0,0.996,0.784,0.364,0.776,0.999,0.979,0.026,0.545,0.34,0.999,0.755,0.066,0.656,0.058,1,0.962,0.717,0.607,0.997,0.904,0.488,0.934,0.941,0.891,0,0.138,0.994,0.985,1,0.769,0.943,0.033,0.992,0.114,0.924,0.077,0.299,0.013,0.927,0.781,1,0.336,1,0.067,0.051,0.623,0.971,0.22,0.986,0.555,0.702,1,0.087,0.296,0.685,0.438,0.999,0.612,0.865,1,1,0.156,0.541,0.852,0.985,0.765,0.651,0,0.006,0.831,0.951,0.992,0.725,0.773,0.975,0.045,0.828,1,0.037,0.106,1,0.999,0.001,1,0.222,0.749,0.491,1,0.494,0.99,0.866,0.652,0.061,1,0.153,0.486,0.934,0.452,0.454,0.833,0.063,1,0.989,0.668,0.768,0.957,0.026,0.861,0.445,0.911,1,0.339,0,0.577,1,0.614,0.29,0.245,0.916,0.935,0.998,1,0.229,0.438,0.996,0.983,0.048,0.462,0.627,1,0.959,0.866,0.928,0.832,1,0,0.941,1,1,0.996,0.921,0.598,1,0.286,0.66,0.875,0.494,0.829,0.952,0.958,0.46,0.777,0.994,0.999,0.009,0.011,1,0.624,0.002,1,0.56,0.374,1,0.992,1,0.122,0.989,0.9,0.727,0.707,0.781,0.398,0.011,0.224,0.996,0.018,0.876,0.831,0.613,0.351,0.665,0.671,0.648,0.467,0.696,0.834,0.999,0.002,0.97,0.552,0.282,0.826,0.248,1,0.999,0.451,0.051,0.348,0.918,0.126,0.265,0.295,0.504,0.912,0.022
0.989,0.926,0.742,0.241,0.219,0.069,0.707,1,1,0.983,1,0.506,0.231,1,0.588,0.282,0.054,0.345,0.297,0.077,0.102,0.486,0.559,0.675,0.963,0.998,0.902,0.222,1,0.694,0.267,0.952,1,0.56,0.117,0,0.974,1,0.581,0.76,0.028,0.002,1,0.975,1,0.672,1,0.592,0.566,0.145,0.458,0.772,0.008,0.179,0.296,0.68,0.931,0.582,0.6,0.995,0.554,0.36,0.706,1,0.009,0.356,0.595,0.993,0.547,0.713,0.606,0.64,0.999,0,1,0.98,0.584,0.253,0.156,0.555,0.182,0.406,0.64,0.003,0.916,0.855,0.859,1,0.949,0.274,0.062,0,0.844,0.464,0.477,0.689,1,0.328,0.992,0.417,1,0.622,1,0.025,0.836,1,0.065,0.907,0.826,0.043,0.115,0.987,0.464,0.758,1,0.314,0.352,1,0.95,0.84,0.797,0.929,0.914,0.354,0.76,0.598,0.535,0.968,0.849,0.848,0.392,0.959,0.986,0.904,0.614,0.338,0.158,0.997,1,0.545,0.025,0,1,0.177,0.654,0.872,0.655,1,0.222,0.041,0.982,0.411,0.731,0.996,0.963,1,0.983,0.943,0.955,0.891,0.719,0.004,0.275,0.913,0.553,1,0.216,0.364,0.014,1,0.558,0.904,0.614,0.116,0.981,0.999,0.303,0.919,0.858,0.91,0.576,0.929,0.299,0.009,0.962,0.994,0.672,0.977,0.001,1,1,0.479,1,0.112,1,0.779,0.011,0.989,0.353,0.276,0.067,0.568,0.767,0.989,0.106,0.289,0.974,1,1,0.018,0.06,0.22,0.227,0.285,0.841,0.964,0.937,0.924,0.105,0.739,0.98,1,0.27,0.841,0.151,0.814,0.934,0.561,0.206,0.767,0.926,0.985,1,0.794,0.53,0.55,0.861,0.596,0.973,0.997,0.473,0.842,0.75,0.003,0.825,0.983,0.33,0.314,0.774,1,1,0.474,0.669,0.017,0.992,0.579,1,0.359,0.387,1,0.902,0,0.993,0.313,0.606,0.713,0.984,0.329,0.036,0.404,0.045,0,1,0.724,0.625,0.735,0.087,0.337,0.042
0.265,0.84,0.046,1,0.996,0.996,0.662,0.262,0.993,1,1,0.224,0.383,0.969,0.505,0.25,0.043,0,0.379,0.026,0.771,0.641,0.99,0.938,0.955,1,0.05,0.998,0,1,0.684,0.273,0.013,0.648,1,1,0.975,0.947,0.659,0.695,0.522,0.004,1,0.861,0.012,0.153,1,0.954,0.48,0.557,0.238,1,0.779,1,0.854,1,0.441,0.587,0.772,0.001,0.614,0.72,1,0.927,0.225,0.848,0.075,0.735,0.114,0.277,0.335,1,0.994,0.76,1,0.001,0.833,0.706,0.991,0.947,0.008,0.819,0.554,1,0.023,0.52,0.554,0.232,0.977,0.346,0.387,1,0.997,1,1,0.999,0.38,0.68,0.152,0.752,0.98,0.998,0.962,0.333,0.992,0.786,1,0.905,0.946,0.4,0.002,0.645,1,0.778,1,0.577,0.789,0.402,0.083,0.564,0.391,1,0.483,0.799,1,0.915,0.144,0.724,0.996,0.07,0.99,0.085,0.091,0.755,0.995,0.779,0.957,0.663,1,0.564,1,0.004,0.53,0.999,0.408,0.069,0.077,0.864,0.761,0.455,0.859,0.78,1,0.867,0.792,1,0.944,0.997,0.3,0.76,0.635,0.083,0.936,0.828,0.04,0.994,0.993,0.999,0.283,0.002,0.354,0.475,0.612,1,0.748,1,0.244,0.142,0.994,0.913,0.013,0.7,0.722,0.996,0.999,0.786,0.017,0.813,1,0.268,0.581,0.997,0.663,0.281,0.212,1,0.42,0.638,0.966,0.23,0.002,0.603,0.922,0.825,1,0.881,0.746,1,1,1,0.901,1,0.996,0.987,1,0.954,0.999,0.391,0.638,0.961,0.995,0.076,0.879,1,0.724,0.666,0.33,0.442,0.996,0.087,0.307,1,0.297,0,0.988,0.174,0.909,0.668,0.954,0.823,0.439,0.089,0.246,1,0.949,0.919,1,0.527,0.502,0.002,0.248,1,0.477,0.186,0.323,0.223,0.74,0.289,0.745,1,0.697,0.872,1,0.929,0.989,0.661,0.852,0.093,0.891,0.145,0.386,1,0.935,0.991,0.997,0.422,0.135,0.613,0.553
0.377,0.963,0.999,0.973,0.997,0.849,0.017,0.607,1,0.681,0.499,0.86,0.264,1,0.238,0.679,1,1,0.617,0.082,0.837,0.306,0.47,0.952,0.513,0.037,0.769,0.832,1,0.578,0.832,0.989,0.999,0.919,0.96,0.938,1,1,1,0.762,0.962,0.989,0.94,0.364,0.987,0.754,1,0.14,0.526,1,0.548,0.801,0.999,1,0.423,0.846,0.927,0.892,0.944,0.253,0.462,1,1,1,1,1,0.012,0.063,0.766,0.971,0.987,0.747,0.64,0.008,0,0.329,0.999,0.975,0.988,0.612,0.999,0.406,0.712,0.035,0.83,0.283,1,0.58,1,0.725,0.808,1,0.028,0.673,1,0.894,0.409,0.277,0.133,0.871,1,0.34,1,0.951,1,1,1,1,0.722,0.409,0.106,0.121,0.934,0.485,1,0.34,0.859,0.071,1,0.599,0.076,0.983,1,0.715,0.934,0.949,1,0.545,0.703,1,0.998,0.616,0.973,0.485,0.742,0.763,0.784,0.086,0.973,0.778,1,1,0.996,0.206,0.01,0.444,0.968,0.878,0.989,0.825,0.529,0.064,1,0.288,0.216,1,0.006,0.986,0.456,0.534,0.746,0.186,0.989,1,0.112,0.998,0.652,0.694,0.878,0.756,1,0.409,0.549,0.166,0.936,0.963,0.576,0.132,0.556,0.989,0.991,0.638,0.245,0.832,0.034,0.305,0.844,1,1,0.927,1,0.983,0.993,0.58,1,0.16,1,0.953,0.285,0.586,0.003,0.664,0.491,0.879,1,0.688,0.894,0.168,0.983,0.015,0.934,1,0.905,0.701,1,0.781,1,0.984,0.518,0.997,1,0.999,0.529,1,0.434,0.97,0.064,0.955,0.512,0.992,0.879,0.148,0.016,1,0.771,0.521,0.999,1,0.936,0.843,0.576,0.902,0.999,1,1,0.658,0.551,0.461,1,1,0.436,0.998,0.534,0.188,0.472,0.524,0.787,0.712,0.822,1,0.198,1,1,0.403,0.87,0.712,0.979,0.788,0.891,0.638,0.059,0.009,0.999,1,0.983,0.475,0.663,0.967,0.362
1,1,0.821,0.077,0.018,0.099,0.98,0.251,0.012,0.974,0.562,0.535,1,0,0.232,0.739,1,1,0.449,0.953,1,0.558,0.865,0.367,0.693,1,0.723,0.269,0.014,1,0.795,0.119,1,0.953,0.046,0.786,0.724,0.998,0.629,1,0.877,0.004,0.793,0.554,0.241,0.886,0.977,0.999,0.988,0.655,0.936,0.982,0.624,1,0.623,0.985,0.022,0.518,0.342,0.884,0.608,0.755,1,0.745,0.565,1,0.981,0.952,0.597,0.935,0.793,0.992,1,1,0.975,1,0.756,0.893,0.281,0.998,0.193,0.938,0.886,0.982,0.143,0.402,0.352,0.329,0.859,0.986,0.851,1,0.894,0.66,0.715,0.757,0.964,0.993,1,0.942,0.962,0.998,0.013,0.026,0.802,0.977,0,0.6,0.991,0.999,0.977,0.88,0.28,0.679,1,0.886,1,0.027,1,0.791,1,0.979,0.82,0.327,0.998,1,0.894,0.986,0.999,1,0.995,0.384,0.819,0.793,0.637,0.963,0.721,0.962,0.72,0.93,0.954,1,1,0.425,0.999,0.101,0.004,0.698,0.882,0.173,0.888,0.999,1,0.786,1,0.001,1,0.095,0.155,1,0.184,1,0.784,0.142,0.824,0.427,0.56,0.99,1,0.971,0.269,0.433,0.395,0.247,1,0.064,0.73,0.63,0.936,0.714,0.868,0.865,0.699,0.996,0.983,1,0,0.264,0.994,0.951,0.999,1,0.876,0.777,1,1,0.052,0.957,0.369,1,1,0.462,0.496,0.001,0.296,0.87,0.811,0.983,0.999,1,0.745,1,1,0.373,0.033,0.777,0,0.733,0.842,0.893,0.004,1,0.624,0.968,0.759,0.748,1,0.374,1,0.552,1,1,1,0.998,0.21,0.411,0.442,0.926,0.987,0.35,0.67,0.774,0.81,1,0.035,0.68,0,0.53,0.806,0.004,0.721,0.767,0.464,1,0.908,0.996,0.329,0.518,0.659,1,0.609,1,0,0.657,0.164,0.982,1,1,0.396,0.954,0.626,0,0.338,0.642,0.886,0.277,0.626,0.133,0.121
0.877,0.016,0.801,0.276,0.751,0.495,0.724,0.998,1,0.938,0.276,0.086,1,0,0.512,0.7,0.477,1,0.893,0.11,1,0.573,0.78,0.722,0.711,1,0.247,0.171,1,0.973,1,0.58,0.284,0.278,0.856,0.416,0.985,0.005,0.993,0.584,0.861,0.001,1,0.942,0.002,0.194,0.995,1,0.981,0.051,0.34,0.376,0.181,0.005,0.163,1,0.159,0.474,0.85,0.098,0,1,0.951,0.701,1,0.037,1,1,0.972,0.838,0.793,0.276,0.012,1,1,1,0.782,0.781,0.861,0.243,0.747,0.322,0.329,0.998,0.938,0.001,0.614,0.118,0.727,0.791,0,1,0.936,0.478,0.777,0.977,0.752,0.821,0.892,0.425,0.713,0.416,1,0.998,1,0.846,0.833,0.427,0.506,0.523,0.012,1,0.98,0.904,1,0.497,0.086,0.31,0.892,0.608,0.834,1,0.895,0.281,0.169,0.67,0.745,0.445,0.381,0.963,0.053,0.884,0.172,0.817,0.989,0.7,1,0.262,0.097,0.541,0.895,1,0.996,0.394,0.068,0.003,0.093,0.575,0.106,1,0.994,0.214,0.622,0.361,0.879,0.086,0.001,0.867,0.963,0.743,0.578,0.945,0.973,1,0.026,0.857,0.149,1,1,0,0.698,0.731,0.371,0.965,0.742,0.582,0.86,0.112,0.731,0.805,0.944,1,0.545,0,0.973,0.864,0,1,0.981,0.766,0.985,0.998,0.859,0.987,0.138,0.001,0.876,0.889,1,0.481,0.004,0.576,0.88,0.177,0.57,1,0.365,0.263,0.994,0.858,1,0.928,0.103,0.94,1,0.972,0.558,0.578,0.191,0.02,0.992,0.02,0.795,0.194,0.65,1,0.923,0.861,0.514,0.036,0.277,0.848,0.007,1,0.113,0.635,0.97,0.302,0.065,0.994,0.306,0.602,0.602,0.298,0.204,0.516,1,0.635,0.049,0.988,0.737,0.975,0.508,0.25,0.93,0.703,0.989,0.526,0.669,1,0.304,0,1,0.386,0.687,0.175,1,1,0.916,0.739,0.576,0.002,0.981,0.179,0.462,0.444,1,0.861,0.303
0.67,1,0.002,1,0.055,0.867,0.019,0.99,0.593,0.998,0.986,0.646,0,0.87,0.383,0.893,1,0.2,0.657,0.067,0.688,0.959,0.936,0.154,0.065,1,0.068,0.009,0.348,0.086,0.998,0.08,0.579,0.665,0.892,0.018,0.003,1,0.491,1,0.521,0.98,0.085,0.249,0.001,0.895,0.836,0.822,0.57,0.896,0.971,0.648,0.977,0.999,0.484,0.36,0.67,0.668,0.686,0.452,0.226,0.011,1,1,0.991,0.85,0.979,0.363,0.362,0.477,0.896,0.953,0.039,0.024,1,0.999,0.785,0.118,0.996,1,0.562,0.505,0.622,1,0.051,0.001,0.517,0.83,0.997,1,0.999,0,0.8,0.699,0.011,0.883,0.808,0.854,0,0.015,1,0.051,0.995,0.854,1,0.985,0.065,0.054,0.266,0.011,1,0.977,0.408,0.752,1,0.557,0.023,0.945,0.255,0.773,0.968,0.12,0.677,0.332,0.008,0.97,0.846,0.568,0.9,0.09,0,0.6,1,1,0.604,0.813,0.802,0.556,0.054,0.671,0.864,0,0.926,0.174,0.734,0.955,0.899,0.919,0.897,0.311,0.288,0.402,0.894,1,1,0.004,0.988,0.889,0.392,0.182,0.679,0.075,0.168,0.05,1,0.99,0.875,1,0.122,0.359,0.726,0.781,0.427,0.479,0.317,0.708,0.018,0.95,0.058,0.713,0.821,0.244,0.999,0.002,0.857,0.738,0.123,0.845,0.315,0.999,0.386,1,0.109,0.133,0.977,0.166,0.995,0.585,0.84,0.938,1,0.464,0.731,0.01,0.317,0.802,0.146,0.286,0.951,0.999,0.307,0.832,0,0.513,1,0.998,0.996,0.989,0.769,0.453,0.257,0.952,0.691,0.93,1,0.088,0.516,1,1,0.458,0.052,0.998,1,0.991,0.308,0.598,0.008,1,0.617,0.925,0.826,0.111,0.485,0.902,1,0.636,0.999,0.582,0.877,1,0.857,0.092,0.452,0.964,0.599,0.025,0.817,0.469,0.62,1,0.957,1,0.369,0.697,0.544,1,1,1,1,0.389,0.009,0.767,0.046,1,0.502,0.452,0.672,0.897,0.996
0.24,1,0.562,0.413,0.306,0.646,0.94,0.991,1,1,0.101,0.361,0.803,0,0.408,1,0.097,0.919,0.529,0.249,0.009,0.147,0.972,0.057,0.071,1,0.999,0.237,0.972,0.435,0.968,0.963,0.042,1,1,0.821,0.801,0.998,0.816,0.241,1,1,0.601,0.165,1,0.287,1,0.435,0.552,0.266,0.663,0.158,0.551,0.975,0.334,0.488,0.792,0.018,0.324,0.999,0.003,0.01,0.026,0.123,0.921,1,0.002,1,0.35,0.704,0.277,0.8,0.952,0.988,0.872,0.015,0.574,0.725,0.798,0.163,0.739,0.647,0.984,0.019,0.989,0.058,0.368,0.98,0.039,0.109,1,0.612,0.004,0.507,0.648,0.866,0.51,0.788,0.458,0.997,0.629,0.691,0.965,0.765,0.968,1,1,0.443,0.501,0.028,0.02,0.863,0.565,0.548,1,0.42,0.767,0.757,0.994,0.611,0.66,0.465,0.731,0.779,0.686,0.55,0.673,0.294,0.98,0.129,0.849,0.31,0.827,0.887,0.977,0.971,0.393,0.191,0.502,0.609,0.054,1,1,0.717,0.92,1,0.922,0.326,0.498,0.991,0.424,0.982,1,0.125,0.734,1,0.979,1,0.873,0.757,0.584,0.974,1,0.046,0.025,0.998,0.296,0.942,0.912,0,0.774,0.53,0.953,0.509,0.658,0.729,1,0.979,0.392,0.864,0.011,0.687,1,0.001,0.927,0.832,0.291,1,0.944,0.823,0.666,0.999,1,0.105,0.839,0.944,0.821,0.187,0.827,0.344,0.975,0.494,0.874,0.443,0.136,0.988,0.96,0.752,0.756,0.428,0.8,1,1,0.622,0.001,0.171,0.891,1,0.991,0.471,0.913,0.323,0.538,0.269,0.23,0.909,0.377,0.509,0.997,1,0.784,0.004,0.496,0.945,0.25,0.441,0.706,0.505,0.194,0.767,0.54,0.821,0.312,1,0.336,0.609,0.002,0.38,1,0.014,0.805,0.716,0.453,0.999,0.607,0.053,0.041,0.57,0.426,1,0.74,0.973,0.86,0.988,0.847,0.844,0.414,0.677,0.998,0.783,0.861,0,0.994,0.999,0.815,0.283,0.179,0.672,0.645
0.938,0.016,1,0.138,0.008,0.522,1,0.9,0.825,0.136,0.124,0.103,0.613,0.996,0.271,0.634,0.305,0.695,1,0.76,0.988,0.855,1,0.365,0.68,1,0.811,0.101,1,0.171,0.989,0.855,1,0.761,1,0.999,0.025,0.998,0.87,0.576,0.89,0.997,0.58,0.195,1,0.938,0.999,0.678,0.816,0.915,0.362,0.985,0.92,0.925,0.997,0.857,0.041,0.172,0.843,0.017,1,0.701,1,0.299,0.168,1,0.011,0.518,0.536,0.661,0.743,0.959,1,1,0.837,1,0.63,0.952,0.962,0.978,0.208,0.709,0.619,1,0.991,0.044,0.936,0.098,0.821,0.872,0.094,0.98,1,0.8,0.005,1,0.618,0.707,1,0.006,0.082,0.172,0.004,0.013,0.567,0.911,0.997,0.933,0.552,0.996,0.602,1,0.946,0.741,1,0.401,0.711,1,0.99,0.174,0.019,0.92,0.108,0.564,0.024,0.066,0.967,0.424,0.68,0.491,1,0.599,1,0.954,0.398,0.21,0.998,1,0.246,0.718,0.423,0.953,0.021,0.501,0.656,0.267,0.999,1,0.398,0.962,0.451,0.023,0.89,0.844,0.534,0.011,1,1,0.563,0.695,0.99,0.927,0.704,0.011,0.167,1,0.566,0.427,0.836,1,0.808,0.491,0.37,0.588,0.996,0.875,0.205,0.969,0.992,0.326,0.413,1,0.966,1,0.08,0.862,1,0.692,0.593,0.304,0.025,0.792,0.995,0.106,0.01,0.984,1,0.731,0.794,0.379,0.353,0.581,0.152,0.769,0.777,0.073,0.118,0.772,1,0,0.618,0.976,0.377,0.854,0.598,0.987,1,0.169,0.033,0.156,0.991,0.884,0.649,0.535,0.127,0.736,1,0.347,0.002,0.257,0.012,0.63,1,0.934,0.837,0.593,0.839,0.802,0.384,0.343,0.935,0.984,0.401,1,0.999,0.377,0.965,0.257,0.04,1,0.231,0.999,0.343,0.603,0.62,0.547,0.86,0.454,0.325,0.001,0.6,0.001,0.01,0.598,0.801,0.38,1,0.73,0.988,0.716,0.167,0.833,0.995,0.991,0.63,0.313,0.097,0.428,0.832
0.783,0.985,0.916,0.431,0.175,0.762,0.704,0.945,0.91,0.909,0.001,0.291,0.842,1,0.723,0.723,0.936,0,0.525,1,0.504,0.59,0.697,0.459,0.955,1,0.709,0.004,0,0.175,0.862,0.406,1,0.586,0.997,1,0.855,0.999,0.913,0.761,0.469,0.966,0.977,0.504,0,0.015,1,0.985,0.727,0.812,0.203,0.869,0.999,1,0.878,0.078,0.867,0.044,0.882,0.466,0,0.844,0.983,1,0.476,0.962,0.199,0.805,0.822,0.36,0.309,0.826,0.973,0.998,1,0.998,0.872,1,0.966,0.923,0.409,0.997,0.377,0.96,0.852,0.643,0.468,0.305,0.478,0.996,0.146,1,0.935,0.807,1,0,0.844,0.458,0.001,0.556,0.211,0.475,0.779,1,0.992,0.338,1,0.92,0.421,1,0.428,0.388,0.36,0.876,1,0.234,0.137,0.683,0.974,0.579,0.997,0.851,1,0.519,1,1,0.84,0.579,0.947,1,0.968,0.976,0.774,0.901,0.827,1,0.887,0.146,0.148,0.973,0.9,0.053,0.245,0.903,0.413,1,0.997,0.841,0.981,0.664,0.998,0.083,0.049,0.774,1,0.999,0.999,0.945,0.976,0.96,0.169,0.538,1,1,0.993,0.007,0.899,1,1,0.673,0.652,0.472,0.746,1,0.81,0.157,0.008,0.335,0.382,0.98,0.987,0.994,0.035,1,0.983,0.998,0.983,0.952,0.685,0.684,0.547,0.543,0.998,0.227,0.944,0.001,0.006,0.28,0.974,0.448,0.977,0.781,0.49,1,0.81,1,0.134,0.11,1,0,0.959,0.001,1,0.59,0.149,0.476,0.021,0.03,0.189,0.522,0.064,0.007,1,0.68,0.63,0.467,0.973,0.146,1,0.999,0.044,0.799,0,0.007,0.951,0.224,0.903,0.965,0.997,0.556,0.729,0.828,0.145,0.999,0.999,0.4,1,0.753,1,1,0.897,0.506,0.463,0.916,0.527,0.365,0.489,0.507,0.218,1,0.989,0.003,0.999,0.529,1,0.883,0.646,1,0.18,0.445,1,0.984,0.783,0.682,0.978,0.581,0.997,0.872,0.468
0.881,0.044,0.056,0.578,0.937,0.751,1,0.714,1,1,1,0.846,0.999,0.527,0.47,0.909,0.272,1,0.614,1,0.758,0.369,0.819,1,0.167,1,0.694,0.727,0.066,0.652,0.189,0.899,0.588,0.979,1,0.329,0.253,0.288,0.963,0.653,0.793,0.957,0.991,0.43,0,0.477,1,1,0.069,0.699,0.766,0.717,0.993,1,0.245,0.749,0.885,0.744,0.081,0.916,0.472,0.011,1,0.955,0.963,0.824,1,0.966,0.352,0.403,0.397,0.873,0.252,0.001,0.003,0.423,0.775,0.295,1,1,0.02,0.99,0.591,0.984,0.078,0.046,0.347,0.085,0.823,0.902,0.002,0,0.692,0.528,0.873,0.989,0.894,0.991,0.012,0.151,0.816,0.495,0,0.169,0.046,0.046,0.87,0.013,0.836,1,0.438,0.558,0.177,0.922,1,0.674,1,0.841,0.054,0.239,0.135,0.802,0.462,0.391,0.921,0.994,0.338,0.378,0.801,0.02,1,0.965,0.316,1,0.519,0.665,0.944,1,1,0.608,0.688,0,0.983,0.184,0.999,0.897,0.842,1,0.214,0.1,0.823,0.804,0.063,0.954,0.52,0.722,0.984,0.577,0.377,0.039,0.334,0.997,0.521,0.913,1,0.997,0.937,0.11,0.989,1,0.129,0.552,0.37,0.749,1,0.94,0.118,0.126,0.082,0.264,0.999,1,0.702,1,1,0.486,0.998,0.853,0.792,0.993,0.524,0.075,0.342,0.21,0.017,0.543,0.994,0.158,1,0.167,0.005,0.581,1,0.974,0.259,0.998,1,0.348,0,0.836,0.999,1,0.913,0.208,0.012,0.919,0.779,0.999,0.284,0.95,1,0.163,0.753,0.296,0.592,0.968,0.994,0.808,0.403,0.037,1,0.999,0.586,1,0.9,0.492,0.991,0.543,0,0.816,0.587,1,0.39,1,0.853,0.456,1,0.824,0.388,0.01,0.861,0.783,0.502,0.155,0.549,0.163,0.321,0.331,0.853,0.128,0.86,1,0.013,0.602,0.939,0.758,1,0.939,0.993,0.975,0.975,0.074,0.672,0.985,0.125,0.591,0.976,0.642,0.805
0.164,0.949,0.734,0.166,0.301,0.04,0.066,0.506,1,0.666,0.427,0.54,0.909,1,0.697,0.735,0.652,0.97,0.764,0.999,0.799,0.532,0.999,0.246,0.137,0.999,0.435,0.622,1,0.863,0.935,0.518,0.227,0.4,0.345,0.04,0.408,1,1,0.798,0.295,0.08,0.077,0.502,0,0.7,1,0.185,0.771,0.999,0.847,0.917,0.224,0.93,0.966,0.857,1,0.67,0.968,0.328,0,0.668,1,0.271,0.012,0.624,0.029,0.998,0.323,0.994,0.279,0.998,0.848,0.342,0.007,0.999,0.682,0.224,0.323,0.99,0.807,0.54,0.287,0.986,0.423,0.726,0.159,0.002,0.073,1,0.549,1,0.01,0.464,0.222,0.01,0.521,0.825,0,0.031,0.404,0.562,0.038,0.97,0.887,0.993,0.994,0.836,0.253,0.526,0.005,0.925,0.347,1,0.004,0.296,0.372,0.577,0.073,0.659,0.914,0.998,0.517,0.441,0.971,1,0.203,0.579,0.645,0.084,0.029,0.461,1,0.12,1,0.258,1,0.588,0.536,0.507,0.016,0.006,0.934,0.916,1,0.004,0.922,0.615,1,0.777,0.928,0.168,0.908,0.607,0.987,0.012,1,0.757,0.826,0.922,0.245,0.985,0.996,0.997,0.047,1,0.12,0.939,0.73,0.04,0.568,0.685,0.812,0.073,0.869,0.703,0.63,0.998,0.226,0.912,0.026,0.962,0.54,0.944,0.792,0.351,0.791,0.89,0.995,0.997,0.532,0.935,0.555,0.204,0.007,0.989,0.008,0.509,0.305,0.907,0,0.506,0.159,0.884,0.981,0.841,0.633,0.985,0.147,0.114,0.705,0.795,0.994,0.613,0.975,0.93,0.991,0.39,0.642,0.393,0.621,1,0.938,0.776,0.993,0.995,0.979,0.636,0.003,0.002,0.717,1,0.45,0.001,0.836,0.77,0.002,0.998,0.005,0.988,0.491,0.559,0.29,0.853,0.719,0.657,1,0.185,0.565,1,0.728,0.455,0.592,0.725,0.699,0.988,0.4,0.868,1,1,0.785,1,0.004,0.721,0.989,0.657,0.063,0.008,0.459,0.567,0.629,0.017,0.477,0.99,0.571,0.714,0.931,1,1
0.812,1,0.899,0.919,1,0.399,0.978,0.931,1,0.322,0.975,0.997,0.016,0.996,0.522,0.986,0.417,1,0.942,0.029,0.622,0.699,1,0.959,0.996,0.964,0.51,0.005,0,0.934,1,0.385,0.907,0.069,0.817,0.001,1,0.004,0.247,0.249,1,0.832,0.825,0.377,0.014,0.071,1,0.469,0.872,0.996,0.857,0.73,0.999,0,0.287,0.793,0.547,0.649,0.778,0.036,0.114,0.626,1,1,0.703,0.105,0.944,0.241,0.946,0.336,0.653,0.594,0.071,0.034,0.946,0.522,0.321,0.994,0.917,0.998,0.009,0.503,0.936,0.997,0.066,0.955,0.91,0.443,0.818,0.01,0.029,0,0.963,0.784,0.044,1,0.303,0.715,0.003,0.02,0.701,0.68,0.756,1,0.809,0.957,0.731,0.939,1,1,0.106,1,0.905,0.655,1,0.533,0.959,0.807,0.942,0.991,0.745,0.965,0.286,0.355,1,0.167,0.386,0.468,0.63,0.926,1,0.075,0.163,0.132,0.291,0.938,0.993,0.931,0.007,0.69,0.084,0.396,1,0.531,0.564,1,0.865,1,0.45,0.4,0.961,0.859,0.995,0.112,0.669,0.198,0.002,0.914,0.703,0.096,0.393,1,0.843,0.631,0.292,0.968,0.008,0.088,1,0.916,0.961,0.431,0.306,0.067,0.997,0.75,0.75,0.294,0.997,0.688,0.006,0.999,0.305,0.951,1,0.869,0.806,0.956,0.004,0.377,1,0.998,0.256,0.391,0.116,0.005,0.107,0.185,0.77,0.201,0,0.539,0.981,0.009,0.979,0.208,0.723,0.154,1,0.957,0.045,0.141,0.943,0.633,0.996,0.987,1,0.281,0.007,0.12,0.999,1,0.524,0.982,0.115,0.381,0.087,0.714,0.324,0.024,0.044,0.047,0.266,0.015,0.374,0.884,0.446,0.691,1,0.158,0.594,0.849,0.276,1,0.261,0.685,0.867,0.619,0.98,1,0.019,0.647,0.833,0.936,0.588,0.006,0.524,0.446,0.92,1,0.261,1,0.105,0.586,0.55,0.593,0.004,0.982,0.96,0.997,0.98,0.261,0.074,0.827,0.351,0.698,0.096,0.757,0.145
0.135,0.978,1,0.798,0.114,0.312,0.009,0.958,1,0.848,0.969,0.113,0.03,0.772,0.399,0.978,0.24,0,0.391,0.565,0.118,0.446,0.829,0.207,0.324,1,0.032,1,1,0.983,0.163,0.985,1,0.503,1,0.87,0.021,1,0.525,0.979,1,1,0.695,0.228,1,0.843,1,1,0.442,0.383,0.464,0.468,0.651,0,0.181,0.762,1,0.135,0.967,1,0.154,0.833,1,0.007,0.353,0.695,0.21,0.99,0.556,0.328,0.998,0.786,0.204,1,0.978,1,0.987,0.573,0.556,0.91,0.999,0.86,0.267,0.291,0.179,0.353,0.998,0.005,0.023,0.194,1,0.992,1,0.757,0.789,0.991,0.714,0.22,1,0.008,0.011,0.927,0.259,0.989,0.381,1,1,0.326,0.99,0.074,0.665,0.998,1,0.823,0.999,0.483,0.488,1,1,0.883,0.11,0.821,1,0.249,0.934,0.519,0.68,0.557,0.341,1,0.948,0.084,0.963,1,0.592,0.054,0.073,0.889,1,0.998,1,0.96,0.998,0.287,0.634,0.886,0.019,0.028,0.257,1,0.983,0.936,0.334,0.921,0.942,1,1,0.2,0.447,0.157,0.559,0.012,0.642,0.008,0.611,0.98,0.858,0.141,0.813,0.005,0.631,0.897,0.514,0.997,0.641,0.045,0.121,0.994,1,0.577,0.39,0.794,0.706,0.009,0.006,0.965,0.724,0.446,1,0.421,0.803,0.289,0.863,0.505,0.002,0,0.13,0.989,0.517,0.223,1,0.466,0.262,1,0.84,0.702,0.678,0.304,0,0.933,0.962,0.978,0.167,0.604,1,0.521,0.394,0.988,0.353,0.405,1,0.768,0.596,0.978,0.71,0.895,0.016,0.944,0.962,0.116,0.003,0.98,0.956,1,0.916,0.879,0.039,0.916,0.729,0.388,0.31,0.998,0.675,1,0.998,0.619,0.604,0.797,0.747,1,0.778,0.851,0.383,0.178,0.691,0.993,0.073,0.301,0.881,1,0.39,0.995,0.992,0.366,1,0.999,0.136,0.922,0.816,0.696,0.83,0.989,0.411,0.358,0.793,0.687,0.959,0.009,0.033
0.782,0.998,0.012,0.789,0.973,1,0.051,0.582,1,0.962,1,0.673,0.851,0.548,0.45,0.924,0.863,0.817,0.819,0.368,0.952,0.426,0.917,0.019,0.301,1,0.163,0.691,1,0.17,0.6,1,0.003,0.405,0.497,0.999,0.013,0.998,0.838,0.594,0.995,0.017,0.461,0.529,0,0.343,0.538,0.8,0.528,0.614,0.482,0.286,1,1,0.533,1,0.995,0.221,0.995,0.983,0.859,0.684,1,1,0.005,0.153,0.925,0.738,0.214,0.762,0.253,0.627,0.718,0.546,0.979,0.675,0.981,0.26,0.996,0.883,0.005,0.51,0.901,0.993,0.096,0.001,0.049,0.348,0.861,0.947,0.006,1,0.007,0.568,0.557,0.008,0.704,0.231,0,0.881,0.999,0.302,0.98,1,0.933,0.781,0,0.904,0.99,1,0.315,1,0.041,0.639,1,0.708,0.995,0.191,0.967,0.698,0.974,0.574,0,0.494,0.053,0.999,0.055,0.616,0.567,1,1,0.847,0.086,0.997,0.272,0.21,0.19,0.852,0.965,0.533,0.801,0,0.311,0.797,0.929,0.38,0.03,0.874,1,0.056,0.027,0.208,1,0.067,0.968,1,1,0.991,0.855,0.645,0.235,0.899,0.987,0.061,1,0.993,0.081,0.979,0.999,1,0.402,0.425,0.819,0.41,0.612,0.981,0.612,0.473,0.831,1,0.083,0.259,0.839,1,0.631,0.972,0.713,0.976,0.979,0.926,0.087,0.706,1,0.733,0.67,1,0.015,1,0.937,0.992,0.141,0.698,0.752,1,0.999,0.943,0.29,0.903,0.999,0,0.078,0.999,0.995,0.731,0.722,0.309,0.001,0.865,0.222,0.948,0.966,0.527,0.72,0.998,0.974,0.279,1,0.58,0.766,1,0.933,1,0.996,0,0.996,0.295,1,0.972,0.315,0.695,0.405,0.996,0.515,0.542,1,0.996,1,0.368,0.942,0.999,0.317,0.386,0.539,0.778,0.887,0.001,0.096,0.512,0.988,0.388,0.679,1,1,0.559,1,0.481,0.346,0.93,1,0.941,0.841,0.074,0.816,0.477,0.824,0.237,0.807,1,0.796
0.55,1,0.999,0.001,0.998,0.129,0.391,0.699,0.892,0.232,1,0.404,0,1,0.329,0.389,1,0.002,0.99,1,0.78,0.546,0.015,0.444,0.476,1,0.025,0.946,0.021,0.555,0.961,0.406,0.234,0.556,0.418,0.397,0.05,0.979,0.255,0.977,0.795,0.021,0.888,0.92,0,1,0.005,0.669,0.928,0.056,1,0.911,0.554,0.999,0.617,0.764,0.857,0.035,0.08,0.989,0.947,0.977,1,0.029,0.991,0.837,0.25,0.576,0.417,0.697,0.416,0.931,0.73,0.998,1,0.005,1,0.906,0.843,0.981,0.978,0.981,0.363,1,0.968,0.335,0.658,0.91,0.313,0.318,1,1,0.045,0.697,0.768,0.053,0.977,1,0.981,0.197,0.946,0.09,0.007,0.036,0.577,0.999,0.991,0.98,0.312,0.21,0.75,0.029,0.689,0.198,1,0.735,0.785,0.992,0.564,0.515,0.572,0.021,0.999,0.333,0.056,0.803,0.387,0.884,0.663,0.998,0.958,0.121,0.592,0.795,1,0.34,0.541,0.99,0,0.94,1,0,0,0.31,0.921,1,0.938,0.882,0.436,0.294,1,0.961,0.259,0.28,0.93,0.965,1,1,0.897,0.995,0.162,1,1,1,0.988,1,0.027,0.309,0.032,0.001,0.991,0.466,0.962,0.993,0.616,0.018,0.492,0.274,0.674,0.191,0.016,0.988,0.506,0.262,0.921,0.694,0.999,0.326,0.927,0.595,0.247,0.614,0.992,0.321,1,0.027,0.914,0.682,0.061,0.907,0,0.545,0.661,0.531,0.279,0.932,0.263,0.707,0,0.996,1,0,0.013,0.787,0.825,0.607,0,0.017,1,0.76,0.999,0.026,0.962,1,0.846,0.226,0.951,0.61,0.995,0.227,1,1,0.999,0.994,0.654,0.949,0.993,0.772,1,0.556,0.957,0.941,0.779,0.044,0.056,0.263,0.066,0.975,0.071,1,0.072,0.086,0.531,0.986,0.998,0.965,0.886,0.601,0.798,0.02,0.485,1,0.033,0.818,0.495,0.341,0.704,1,0.596,0.544,0.997,0,1,0.915,0.372,0.856,1,0.014,0.816
0.118,0.993,0.625,0.991,1,0.07,0.924,0.996,1,0.991,0.992,0.702,0.309,0.999,0.779,0.595,0.673,0.004,0.966,0.997,0.722,0.502,0.592,0.996,0.335,1,0.1,0.378,1,0.678,0.766,0.894,0.357,0.999,0.346,0.965,1,0.642,0.074,0.95,1,0.171,0.71,0.423,0.556,0.155,0.721,0.971,0.389,0.04,0.196,0.616,0.982,0.974,0.326,0.516,0.91,0.236,0.968,0.99,1,0.434,0.95,0.749,0.038,0.756,1,0.149,0.567,0.436,0.281,0.938,0.964,1,1,0.985,0.945,1,0.631,0.673,0.911,0.667,0.259,1,1,0.996,0.859,0.656,1,0.27,0.458,1,1,0.3,0.999,0.711,0.51,0.286,0,0.775,0.852,0.73,0.035,0.923,0.407,0.006,0,0.996,0.89,1,0.998,0.73,0.477,0.678,0,0.39,0.848,0.99,0.759,0.693,0.318,0.882,0.312,0.861,1,0.694,0.654,0.432,0.343,0.654,0.017,0.724,0.994,0.886,0.955,1,0.737,0.832,0.383,0.74,0.913,0.858,0.215,0.274,1,0.704,0.113,0.012,0.72,0.637,0.957,0.685,0.996,0.206,0.322,0.001,0.971,0.057,0.755,0.916,0.905,0.001,1,0.061,0.584,0.144,0.003,0.996,1,0,0.705,0.429,0.687,0.354,0.98,0.367,0.403,0.424,0.825,0.849,0.031,0.872,0.856,1,0.961,0.705,0,0.747,0.955,0.276,0.015,0.846,0.979,0.125,0.865,1,0.977,0.83,1,0.098,0.512,0.558,0.651,0.565,0.973,0.351,0.609,0.236,1,0.991,0.763,1,0.992,0.164,1,0.999,0.885,0.466,0.686,0.637,0.17,1,0.572,0.926,0.591,0.899,0.653,0.871,0.013,0.992,0.991,0.472,1,0.997,0.266,0.405,0.006,0.351,0.958,0.153,0.516,0.927,0.93,0.001,0.011,0.655,0.993,0.673,0.039,1,0.786,0.781,0.45,0.892,0.754,0.516,1,0.458,0.756,1,0.596,0.124,0.998,0.385,0.795,0.527,0.028,0.672,0.136,0.813,0.998,0.02,0.935,0.999,1,0.508,0.799,0.048,0.956
0.977,0.999,0.137,0.688,0.29,0.843,0.985,1,1,0.088,0.998,0.621,1,1,0.353,0.136,0.126,0.096,0.203,0.958,0.056,0.975,1,0.026,0.918,0,0.943,0.01,0.99,0.196,0.852,0.984,1,0.663,0.18,1,0.016,0.961,0.957,0.992,0.639,0.029,0.972,0.474,0.941,0.078,1,1,0.751,0.054,0.992,0.201,0.022,0.814,0.623,0.99,0.002,0.504,0.608,0.743,1,0.264,0.248,0.996,0.938,0.841,1,0.469,0.492,0.261,0.82,0.513,0.077,0.108,0.035,0.035,0.552,0.83,0.703,0.975,0.893,0.598,0.283,0.999,0.6,0.079,0.126,0.97,0.763,0.998,0.965,1,0.333,0.934,0.031,0.23,0.55,0.256,1,0.969,0.038,0.369,0,0.748,0.062,0.809,0.808,0.975,0.308,0.725,0.536,0.984,0.624,0.986,0.999,0.476,0.826,0.875,0,0.118,1,0.203,0.971,0.374,0.033,0.854,0.788,0.494,0.62,0.007,1,0.504,1,0.036,0.975,1,0.921,0.885,0.999,0.873,0.825,1,0.009,0.672,0.917,0.991,0.004,0.522,0.755,0.316,0.572,0.691,1,0.141,0.747,0.918,1,0.128,0.689,0.752,0.955,1,0.999,0.005,0.094,0.441,0.236,0,0.764,0,0.905,0.546,0.785,0.25,0.175,0.083,0.559,0.446,0.915,0.089,0.193,1,0.316,0.003,0.999,1,0.739,0.997,0.989,0.543,1,0.577,0.567,0.431,0.999,1,0.857,0.837,0.961,0.512,0.053,0.889,0.815,0.999,0.997,0.293,1,0.212,0.086,0,0.863,0,0.002,0.442,0.999,1,0.8,0.043,0.833,0.694,0.068,0.9,0.721,0.355,0.648,1,1,0.935,0.977,0.809,0.932,0.833,0.996,0.986,0.635,0.414,1,0.873,0.947,0.506,0.634,0.962,0.746,1,0.9,0.698,0.944,0.581,0.041,0.979,0.546,1,0.603,0.941,0.636,0.783,0.455,0.449,0.567,0.001,0.592,0.996,0.01,0.79,0.193,0.899,0.823,1,0.88,1,0.673,0.002,0.971,0.935,0.019,0.474,0.778,0.789,0.316
