0.114,0.996,0.786,0.029,0.142,0.453,0.443,1,0.61,0.089,0.727,0.172,0.914,0.955,0.051,0.05,0.969,0.04,0.527,0.003,0.031,1,0.187,0.913,0.535,0.663,0.04,0.981,0.012,0.972,0.101,0.897,0.037,0.072,0.517,0.995,0.543,0.041,0.785,0.935,0.954,0.648,0.012,0.403,0.995,0.989,0.373,0.967,0.998,0.21,0.123,0.158,0.994,0.995,0.999,0.871,1,0.011,0.998,0,0.033,0.992,0.998,0.036,0.897,0.972,0.214,0.049,0.982,0.387,0.953,0.641,0.677,0.974,0.999,0.997,0.999,0.797,0.995,0.615,0.843,1,0.224,1,0.735,0.945,0.039,0.108,0.949,0.599,0.339,1,0.07,0.885,0.182,0.077,0.974,0.135,0.965,0.17,0,0.918,0.038,0.995,0.027,0.125,0.021,0.848,0,0.97,0.976,0.707,1,0.996,0.998,0.533,0.009,0.243,0.149,0.567,0.956,0.984,1,0.984,0.995,0.964,0.867,0.997,0.629,0.607,0.934,0.134,0.821,0.963,0.496,0.89,0.002,0.931,0.744,0.505,0.186,0.001,0.227,0.644,0.037,0.017,0.001,0.083,1,0.996,1,0,0.793,0.328,0.078,0.37,0.997,0.068,1,0.002,0.93,0.964,0.965,1,0.134,0.173,0.081,1,0.936,0.698,0.157,0.656,0.981,0.415,0.704,0.594,0.295,0.892,0.428,0.999,0.285,0.772,1,0.899,0.302,0.905,0.006,1,0.997,0.989,0.735,0.109,0.606,0.472,0.995,0.091,0.082,1,0.02,1,0.805,0.648,0.968,0.988,0.099,0.009,0.246,0.928,0.815,0.013,0.247,0.996,0.995,0.985,0.962,0.007,0.085,0.082,0,0.999,0.995,0.868,0.617,0.624,0.94,0.177,0.906,0.911,0.012,0.042,0.42,0.847,0.969,0.005,0.571,0.568,0.832,0.235,0.99,0.984,0.636,0.996,0.946,0.635,0.924,0.635,0.45,0.019,0.009,1,0.148,0.694,0,0.034,0.587,0.01,0.918,0.562,0.061,0.947,0.981,0.009,0.542,0.978,0.638,0.973,0.654,0.994,0.963,0.498,0.724,0.763,0.997,0.993,0.743,1,0.027,0.993,0.997
0.954,0.012,0.029,0.985,1,1,0.064,0.27,0.584,0.998,0.999,0.919,0.001,0.957,0.921,0.996,0.867,1,0.604,0.987,0.79,0.074,0.8,0,0.426,0.336,0.992,0.989,0.989,0,0.976,0.831,0.611,0.068,0.998,0.008,0.472,0.059,0.516,0.87,0.015,0.332,0.998,0.935,0.992,0.66,0.294,0.97,0.539,0.735,0.98,0.996,0.993,0.986,0.559,0.949,0.223,0.138,0.993,0.913,0.909,0.997,0.998,1,0.054,0.995,0.97,0.872,0.966,0.412,0.409,0.753,0.91,0.497,1,0.721,0.998,0.346,0.985,0.847,0.186,0.909,0.743,0.175,0.34,0.007,1,0.118,0.832,0.994,0.995,1,0.132,0.985,0.131,0.222,0.192,1,0.983,0.182,0.92,1,0.999,0.141,0.963,0.996,0.485,0.85,0.509,0.022,0.969,0.488,0.998,0.062,0.024,0.481,0.995,0.706,0.854,0.167,0.958,0.878,0.982,0.133,0.007,0.945,0.668,0.996,0.975,0.459,0.995,0.352,0.135,0.321,0.991,0.052,0.093,0.967,0.959,0.992,1,0.003,0.996,0.722,0.081,0.993,0.967,0.206,0.628,0.998,0.109,0.407,0.794,1,0.996,0.998,0.996,0.076,1,0.688,0.014,0.99,0.421,0.903,0.132,1,0.007,0.173,0.964,0.929,1,0.679,0.68,0.213,0.687,1,0.283,0.162,0.076,0.995,0.498,0.76,0.882,0.898,0.89,0.911,0.993,0.979,0.998,0.749,0.799,0.999,0.782,0.003,0.988,0.894,0.342,0.124,1,1,0.01,0.426,0,0.997,1,0.851,0.995,0,0.011,0.995,0.915,0.058,0.007,0.985,0.999,0,0.983,0.993,0.001,0.241,0.998,0.967,0.659,0.696,0.9,1,0.803,0.013,0.996,0.063,0,0.508,0.04,0.863,0.524,0.671,0.723,0.153,0.987,0.178,0.597,0.991,0.115,0.705,0.965,0.676,0.883,0.004,0.941,1,0.142,0.834,0.867,0.016,0.661,0.286,0.85,0.634,0.875,0.211,0.509,0.004,0.952,0.979,0.637,0.65,0.672,0.185,0.887,0.723,0.615,0.865,0.05,0.992,1,0.193,0.105,0.082,0.011
0.93,0.997,0.74,0.006,0.527,0.941,0.081,0.085,0.749,0.02,1,0.845,0.904,0.094,0.792,0.996,0.976,0.999,0.761,0.002,0.929,1,0.844,0,0.649,0.689,1,0.003,0.007,0.002,0.025,0.097,0.947,1,0.724,0.994,0.79,0.334,0.959,0.492,0.983,0.877,0.027,0.64,0.009,0.93,0.109,0.356,0.481,0.997,0.146,0.75,0.006,0.997,0.469,0.945,0.906,0.006,0.961,0.004,0.023,0.04,0.021,0.99,0.006,0.995,0.999,0.92,0.99,0.936,1,0.926,0.123,0.031,0.33,0.243,0.576,0.941,0.858,0.891,0.073,0.99,0.194,1,0.52,0.99,0.999,0.99,0,0.178,0.299,0.977,1,0.455,0.989,1,0.839,0.036,0.847,0.958,0,1,0.999,0.008,0.166,0.998,0.987,0.34,0.912,0.009,0,0.785,0.999,1,0.997,0.413,0.011,0.999,0.16,0.887,0.296,0.969,0.302,0.274,0.718,0.712,0.127,0.705,0.977,0.436,0.06,0.904,0.936,0.757,0.93,0.002,0.93,0.492,0.913,0.939,0.069,0.939,0.978,0.252,0.995,0.995,0.001,0.534,1,0.298,0.175,0.968,0.655,0.854,0.427,0.681,0.99,0.415,0.522,0.701,0.018,0.993,0.962,0.998,0.479,0.983,0.087,0.164,0.287,0.064,0.992,0.814,0.874,0.242,0.942,0.666,0.847,0.308,0.067,0.995,0.566,0.675,0.079,0.895,0.722,0.882,0.296,0.999,0.022,0.685,0.998,0.998,0.042,0.97,0.995,0.917,0.356,0.087,0.991,0.255,0.052,0.867,0.758,0.999,0.084,0.006,0.965,0.071,0.009,0.024,0.606,0.03,0.221,0.997,0.075,0.958,1,0.977,0.97,0.234,0.999,0.901,0.578,0.612,0.903,0.225,0.246,0.631,0.999,1,0,0.872,0.007,0.995,0.421,0.488,0.597,0.645,0.992,0.053,0.538,0.996,0.837,0.602,0.55,0.602,0.986,0.967,0.473,1,0.283,0.429,0.313,0.789,0.93,0.993,0.999,0.668,0.786,0.938,0.789,0.994,0.977,0.848,0.604,0.596,0,0.996,0.954,0.753,1,0.6,0.044,0.013,0.85,1,0.99,0.006,0.012
0.023,0.993,0.212,0.993,0.997,0.634,0.244,0.997,0.883,0.996,1,1,0.842,0.667,0.504,0.962,0.934,1,0.593,0.987,0.933,0.999,0.08,0.247,0.822,0.499,0.988,0.049,0.009,0.439,0.025,0.534,0.209,0.071,0.652,0.995,0.663,0.927,0.779,0.917,0.975,0.956,0.009,0.736,0.995,0.955,0.61,0.792,0.811,0.021,0.998,0.089,0.004,0.999,0.748,0.86,0.55,0.057,0.997,0.902,1,0.748,0.999,0.451,0.993,0.945,1,0.446,0.004,0.194,0.288,0.676,0.991,0.85,0.996,0.059,0.773,0.199,0.482,0.017,0.871,0.979,0.711,0.135,0.606,0.012,0.044,0.688,0.951,0.007,0.062,0.068,1,0.21,0.405,0.809,0.964,0.031,0.001,0.705,0,0.983,0.033,0.993,0.973,0.162,0.802,0.099,0.921,0.238,0.972,0.517,0.999,0.23,0.022,0.531,0.992,0.197,0.623,0.063,0.748,0.971,1,0.142,0.995,0.009,0.592,0.783,0.972,0.062,0.093,0.605,0.948,0.134,0.111,0.886,0.004,0.812,0.999,0.72,0.119,0.001,0.999,0.384,0.988,0.905,0,0.279,0.98,0.821,0.98,0.959,0.754,0.711,0.975,1,0.992,0.058,0.184,0.621,0.859,0.078,0.421,0.854,1,0.161,0.062,0.786,0,0.957,1,0.571,0.265,0.344,0.63,1,0.18,0.957,0.943,0.471,0.902,0.532,1,0.913,0.144,0.905,0.03,0.75,0.962,0.95,0.973,0.99,0.34,0.049,0.135,0.997,0.711,0.071,0.998,0.261,0.05,0.836,0.001,0.838,1,0.97,0.946,0.504,0.394,0.01,0.617,0.019,0.006,0.993,0.198,0,0.644,0.107,0.001,0.677,0.495,0.96,0.586,0.837,0.149,0.711,0.276,0.089,0.861,1,0.908,0.879,0.014,0.007,0.793,0.614,0.548,1,0.006,0.107,0.492,0.989,0.97,0.569,0.851,0.505,0.991,0.983,0.072,1,0.426,0.558,0.861,0.897,0.6,0.009,0.085,0.744,0.351,0.277,0.937,0.995,0.965,0.989,0.863,0.673,0.661,0.496,0.029,0.793,0.203,0.729,0.998,1,0.967,0.806,0.997,0.015,0.991
0,0.019,0.229,0.088,0.916,0.29,0.326,1,0.751,0.999,0.978,0.134,0.584,0.967,0.053,0.996,0.352,0.089,0.465,0.001,0.006,0.057,0.824,0,0.606,0.221,0.111,0.007,0.096,0.171,0.997,0.403,1,0.074,0.999,0.995,0.504,0.016,0.725,0.549,0.018,0.999,0.996,0.942,0.008,0.807,0.128,0.928,0.843,0.995,0.974,0.077,0.008,0.02,0.514,0.839,0.987,0.896,0.49,0.89,0.996,0.055,0.019,0.984,0.146,0.999,0.999,0.975,0.978,0.964,0.231,0.772,0.47,0.646,0.039,0.02,0.639,0.998,0.853,0.048,0.085,0.999,0.928,1,0.175,0.004,0.044,0.97,0.908,0.948,1,1,0.117,0.219,0.999,0.058,0.71,1,0.968,0.38,0.945,0.999,0.999,0.354,0.994,0.991,0.412,0,0.93,0.017,0,0.796,0.993,1,0.02,0.55,0.991,1,0.994,0.999,0.594,0.501,0.999,0.896,0.996,0.083,0.731,0.415,0.974,0.95,0.867,0.943,0.898,0.627,0.999,0,0.002,0.874,0.659,0.687,1,0,0.996,0.478,0.01,0.997,0.001,0.943,0.295,0.003,0.114,0,0.463,0.842,0.999,1,0.35,0.999,1,0.582,0.938,0.015,0.957,0.324,1,0.999,0.003,0.069,0.949,0.1,0.585,0.579,0.991,0.972,0.725,1,0.578,0.094,0.143,0.975,0.513,0.498,0.087,0.894,0.997,0.902,0.011,0.992,0.997,0.715,0.213,0.09,0.783,0.005,0.992,0.006,0.1,0.079,0.037,0.992,0.992,0.543,0.103,0.265,0.998,0.787,0.877,0.909,0.011,0.918,0.912,0.017,0.013,0.971,0.955,0.945,0.999,0.008,0.002,0.176,0.999,0.571,0.995,0.69,0.033,0.557,0.065,0.658,0.997,1,0.072,0.473,0.002,0.977,0.307,0.607,0.604,0.973,0.99,0.935,0.623,0.559,0.166,0.59,0.671,0.641,0.856,0.993,0.951,1,0.141,0.852,0,0.888,0.728,0.023,0.99,0.857,0.081,0.861,0.185,0.996,0.972,0.987,0.738,0.696,0.64,0.998,0.069,0.915,0.92,0.743,1,0.191,0.861,0.98,0.771,0.09,0.004
0.948,0.997,0.628,0.995,0.129,0.298,0.061,0.431,0.751,0.962,0.967,0.119,0.001,0.98,0.056,0.012,1,0.279,0.477,0.985,0.829,0.458,0.008,0,0.939,0.011,0.861,0.992,0.996,0.119,0.994,0.49,1,1,0.826,0.989,0.696,0.94,0.443,0.892,0.996,0.315,0.999,0.345,0.993,0.999,0.75,0.977,0.851,0.06,0.999,0.998,0.007,0.995,0.588,0.929,0.79,0.321,0.015,0.903,0.053,1,0.998,0.056,0.373,0.997,0.958,0.999,0.756,0.922,0.106,0.78,0.952,0.885,1,0.998,1,1,0.025,0.883,0.96,1,0.995,0.708,0.874,0.009,1,0.746,0.96,0.988,0.963,1,0.055,0.391,1,0.075,0.564,1,0.002,0.918,0,0.999,0.03,0.998,0.999,0.008,1,0,0.918,0.934,0.963,0.865,0.426,0.073,0.997,0.447,0.996,1,0.166,0.045,0.961,0.962,0.96,0.142,0.995,0.947,0.092,0.099,0.937,0.896,0.074,0.078,0.783,0.091,0.99,0.901,0.002,0.977,1,0.703,0.394,0.973,0.007,0.931,0.976,0.007,0.972,0.907,0.441,0.009,0.726,0.937,0.025,0.969,0.987,1,0.011,0.063,1,0.012,0.952,0.963,0.957,0.441,1,1,0.006,0.232,0.001,0.135,1,0.639,0.961,0.466,0.697,0.589,0.219,0.99,0.903,0.951,0.2,0.424,0.111,0.893,0.021,0.896,0.023,0.528,0.068,0.733,1,1,0.741,0.227,0.018,0.993,0.131,0.966,0.997,0.996,0.045,0.274,0.971,0.009,0.999,0.013,0.908,0.182,0.995,0.996,0.782,0.997,0.995,0.191,0.98,0.974,0.086,0.993,0,0.21,0.977,0.863,0.976,0.585,0.99,1,0.71,0.558,0.013,1,0.25,0.857,0.974,0.657,0.476,0.546,0.908,0.642,0.006,0.45,0.771,0.331,0.652,0.59,0.897,0.592,0.99,0.989,0.556,1,0.994,0.866,0.879,0.855,0.695,0.018,0.121,0.594,0.172,0.947,0.228,0.994,0.956,0.456,0.761,0.499,0.634,0.993,0.06,0.556,1,0.323,0.062,0.997,0.204,0.197,0.995,0.936,0.882
0.962,0.525,0.033,0.995,0.942,0.982,0.24,1,0.769,0.995,1,0.983,0.931,0.96,0.057,0.42,0.139,1,0.729,0.979,0.801,0.993,0.059,0.001,0.537,0.68,0.995,0.912,0.01,0.138,0.699,0.101,0.059,0.074,0.952,0.011,0.576,0.187,0.544,0.87,0.996,0.882,0.996,0.802,0.996,0.999,0.57,0,0.964,0.029,1,0.99,0.997,0.998,0.561,0.954,1,0.106,0.995,0,0.842,0.05,1,1,0.108,0.992,0.981,0.098,0.973,0.958,0.118,0.694,0.98,0.9,0.998,0.996,0.97,0.156,0.328,0.517,0.061,1,0.362,0.415,0.096,0.004,0.037,0.882,0.95,0.347,0.956,0.073,0.994,0.22,0.047,0.913,0.129,0.998,0.398,0.166,0.049,0.995,1,0.995,0.996,0.009,1,0.848,0.918,0.241,0.008,0.875,0.998,0.069,0.998,0.4,0.005,1,0.169,0.056,0.949,0.975,0.297,0.819,0.008,0.933,0.803,0.113,0.916,0.943,0.137,0.798,0.834,0.509,0.142,0.044,0.952,0.907,0.963,0.858,0.225,0.001,0.996,0.551,0.922,0.993,0.001,0.333,0.994,0.995,0.997,0.943,0.521,0.342,0.996,1,0.169,0.204,1,0.023,0.996,0.003,0.706,1,0.999,0.165,0.98,1,0.963,0.032,1,0.652,1,0.485,0.687,0.424,0.124,0.992,0.045,0.996,0.404,0.878,0.971,0.901,0.023,0.063,0.992,0.602,0.999,0.612,0.828,0.963,0.796,0.065,0.978,0.987,0.158,1,0.999,0.344,0.012,0.443,0.969,0.012,0.273,0.981,1,0.103,0.177,0.009,0.389,0.944,0.991,0.951,0.536,0.964,0.077,0.985,0.969,0.19,0.999,0.765,0.42,0.634,0.894,0.965,0.917,0.051,0.995,0.05,0,0.878,0.972,0.007,0.75,0.759,0.688,1,0.987,0.886,0.599,0.196,0.495,0.595,0.939,0.539,0.803,0.004,0.973,0.993,0.918,0.064,0.859,0.37,0.681,0.994,0.115,0.829,0.274,0.477,0.275,0.996,0.055,0.62,0.571,0.816,0.021,0.996,0.521,0.466,0.241,0.309,0.085,0.007,0.818,0.744,0.986,0.945,0.993
0.59,0.992,0.113,0.994,0.162,0.533,0.071,1,0.706,0.996,1,0.941,0.89,0.01,0.903,0.016,0.319,0.999,0.647,0.016,0.932,0.059,0.849,0,0.582,0.694,0.998,0.063,0.007,0.002,0.993,0.457,0.994,0.067,0.665,0.012,0.54,0.083,0.872,0.82,0.006,0.989,0.021,0.627,0.015,0.07,0.491,0.974,0.462,0.982,0.168,0.012,0.994,0.361,0.769,0.532,0.455,0.054,0.994,0.251,0.039,0.037,0.016,0.055,0.013,0.02,0.085,0.023,0.002,0.364,0.145,0.62,0.999,0.762,0.042,0.05,0.81,0.378,0.974,0.404,0.157,0.996,0.232,0.118,0.969,0.013,0.972,0.93,0,0.979,0.901,1,0.056,0.904,0.073,1,0.169,1,0.974,0.937,0.167,0.24,0.03,0.007,0.051,0.011,0.997,0,0.003,0.022,0.966,0.623,0.905,0.153,0.999,0.448,0.843,0.392,1,0.061,0.423,0.002,0.179,0.149,0.969,0.945,0.561,0.882,0.715,0.928,0.999,0.808,0.933,0.598,0.718,0.024,0.169,0.598,1,0.784,0.681,0.462,0.009,0.598,0.989,0.009,0.971,0.858,0.488,0.997,0.737,0.968,0.943,0.489,0.339,1,0.009,1,1,0.021,0.014,0.979,0,0.234,0.902,1,0.907,0.18,0.095,0.196,0.968,0.582,0.524,0.643,0.733,0.426,0.364,0.844,0.878,0.008,0.604,0.646,0.865,0.536,0.013,0.383,0.99,0.655,0.982,0.72,0.96,0.753,0.471,0.804,0.009,0.665,0.163,0.984,0.998,0.787,0.008,0.865,0.97,0.017,1,0.995,0.502,0.087,0.014,0.006,0.773,0.173,0.006,0.323,0.762,0.972,0.982,0.967,0.002,0.596,0.997,0.879,0.926,0.651,0.04,0.303,0.917,0.251,0.996,0.04,0.966,0.87,0.975,0.007,0.591,0.664,0.625,0.92,0.994,0.677,0.468,0.279,0.65,0.592,0.584,0.68,0.988,0.003,0.787,1,0.913,0.754,0.864,0.941,0.611,0.993,0.31,0.594,0.742,0.376,0.232,0.997,0.98,0.738,0.651,0.61,0,0.995,0.941,0.427,1,0.752,0.12,0.996,0.898,0.202,0.988,0.005,0.011
0.95,0.01,0.909,0.184,0.826,0.869,0.999,0.998,0.641,0.968,0.999,0.178,0.135,0.001,0.343,0.1,0.061,1,0.766,0.193,0.034,0.058,0.767,0.891,0.557,0.672,1,0.688,0.008,0.962,0.111,0.87,0.999,1,0.77,0.99,0.525,0.278,0.394,0.959,0.997,0.994,0.951,0.401,0.994,0.984,0.77,0.971,0.959,0.997,0.125,0.006,0.007,0.01,0.748,0.7,1,0.619,0.102,0.901,0.818,0.035,0.025,0.071,0.992,0.016,0.85,0.157,0.004,0.953,1,0.704,0.839,0.079,0.998,0.997,0.474,0.96,0.068,0.873,0.146,0.484,0.924,1,0.609,0.984,0.033,1,0.948,0.007,0.024,0.995,1,0.794,0.999,0.064,0.643,1,0.971,0.156,0.191,0.314,0.997,0.009,0.988,0.009,0.033,0.849,0.116,0.998,0,0.7,0.014,1,0.775,0.417,0.01,0.958,0.174,0.999,0.961,0.971,0.234,0.45,0.997,0.938,0.641,0.346,0.972,0.013,0.739,0.566,0.041,0.832,0.997,0,0.242,0.07,0.056,0.894,0.795,0.002,0.949,0.637,0.016,0.995,0,0.008,1,0.076,1,0,0.542,0.607,0.879,0.999,0.034,1,1,0.002,0.999,0.969,0.961,0.416,0.143,1,0.99,0.956,0.779,0.914,0.998,0.612,0.933,0.959,0.619,0.959,0.086,0.948,0.309,0.136,0.334,0.474,0.151,0,0.02,0.184,0.983,0.874,0.992,0.652,0.998,0.743,0.035,0.991,0.99,0.136,0.065,0.999,1,0.369,0.189,0.647,0,0.998,0.098,0.196,0.83,0.403,0.008,0.991,0.463,0.983,0.991,0.043,0.212,0.798,0.477,0.986,0.967,0.175,0.999,0.968,1,0.619,0.952,0.917,0.047,0.232,0.065,1,0.005,0.873,0.977,0.995,0.472,0.646,0.922,1,0.007,0.268,0.645,0.984,0.433,0.769,0.997,0.562,0.009,0.991,0.989,0.052,0.139,0.705,0.002,0.633,0.697,0.014,0.263,0.736,0.74,0.905,0.295,0.007,0.097,0.426,0.748,0.631,0.644,0.998,0.542,0.994,0.425,0.975,0.998,0.891,0.962,0.221,0.992,0.009,0.006
0.004,0.994,0.301,0.009,0.998,0.403,0.204,0.05,0.941,0.997,1,0.995,0.943,0.966,0.166,0.175,1,0.973,0.996,0.99,0.235,1,0.64,0,0.672,0.17,0.212,0.017,0.006,0.537,0.49,0.393,0.037,1,0.81,0.004,0.931,0.956,0.479,0.958,0.993,0.884,0.598,0.411,0.994,0.986,0.726,0.973,0.873,0.012,0.634,1,0.994,0.996,0.347,0.519,0.4,0.014,0.993,0.482,0.998,0.999,0.316,1,0.994,0.998,0.206,0.026,0.988,0.318,0.109,0.867,0.73,0.755,0.655,0.087,0.931,0.651,0.635,0.144,0.072,0.662,0.553,0.113,0.31,0.014,1,0.122,0.012,0.983,0.048,0.064,0.834,0.862,0.26,0.071,0.948,0.999,0.003,0.25,0.956,0.222,0.035,0.991,0.013,0.035,0.124,0.01,0,0.996,0.96,0.624,0.999,0.22,0.505,0.687,0.01,0.996,1,0.356,0.941,0.001,0.458,1,0.996,0.937,0.666,0.536,0.977,0.085,1,0.082,0.72,0.382,0.138,0.838,0.939,0.839,0.33,0.891,0.05,0.006,0.008,0.279,0.025,0.181,0,0.762,0.998,0.023,0.721,0.965,0.924,0.866,0.025,0.082,0.461,0.988,1,0.108,0.992,0.094,0.965,0.976,0.998,0.152,0.908,0.079,0,0.023,1,0.6,0.636,0.814,0.913,0.434,0.267,0.052,0.909,0.022,0.493,0.864,0.118,0.024,1,0.512,0.021,1,0.372,0.711,0.969,0.456,0.782,0.007,0.996,0.992,0.149,0.246,0.999,0.255,0.994,0.836,0.913,0.015,0.988,0.992,0.252,0.002,0.009,0.997,0.845,0.142,0.019,1,0.096,0.886,0.815,0.061,0.001,0.369,0.998,0.448,0.308,0.617,0.994,0.827,0.288,0.311,0.982,1,0.063,0.888,0.982,0.991,0.511,0.58,0.769,0.222,0.009,0.704,0.497,0.996,0.861,0.531,0.954,0.626,0.492,0.918,0.192,1,0.91,0.068,0.001,0.937,0.714,0.993,0.294,0.774,0.329,0.913,0.878,0.996,0.913,0.944,0.962,0.678,0.64,0.94,0.667,0.346,0.991,0.306,0.431,0.998,0.991,0.778,0.01,0.004,0.021
0.938,0.997,0.519,0.994,0.561,0.329,0.726,0.072,0.702,0.021,0.91,0.3,0.898,0.01,0.054,0.998,0.112,1,0.783,0.984,0.94,0.052,0.172,0.889,0.695,0.417,0.999,0.876,0.005,0.41,0.148,0.77,0.235,0.052,0.953,0.994,0.757,0.009,0.412,0.043,0.993,1,0.019,0.871,0.005,0.641,0.71,0.002,0.548,0.079,0.153,0.028,0.995,0.998,0.473,0.937,0.213,0.705,0.01,0.908,0.917,0.303,0.999,0.993,0.998,0.01,0.046,0.087,0.985,0.105,1,0.723,0.442,0.661,0.989,0.93,1,0.979,0.062,0.866,1,0.996,0.988,1,0.848,0.005,0.999,0.928,0.937,0.013,0.949,1,0.521,0.961,0.993,1,0.957,1,0.965,1,0.948,1,0.028,0.549,0.997,0.994,0.524,0,0.724,0.993,0.971,0.551,0.989,0.997,0.999,0.514,0.977,0.979,0.828,0.08,0.783,0.981,0.997,0.991,0.994,0.898,0.712,0.443,0.569,0.928,0.563,0.98,0.061,0.724,0.92,0.891,0.945,0.881,1,0.823,1,0,0.926,0.815,0.972,0.008,0.97,0.37,0.971,0.146,1,0.934,0.948,0.332,0.99,0.881,0.994,1,0.911,0.663,0.841,0.978,0.005,0.981,1,0.166,0.004,0.604,0.956,0.927,0.178,0.776,0.247,0.911,0.769,0.562,0.437,0.947,0.814,0.985,0.81,0.736,0.999,0.394,0.082,0.894,0.007,0.995,0.711,0.74,0.021,0.913,0.104,0.954,0.967,0.992,1,0.081,0.999,0.271,0.008,0.123,0.966,0.998,0.286,0.865,0.676,0.907,0.995,0.199,0.471,0.286,0.99,0.133,0.54,0.962,0.825,0.802,0.965,0.146,0.02,0.007,0.863,0.699,0.902,0.851,0.824,0.793,0.995,0.042,0.961,0.62,0.979,0.836,0.405,0.521,0.866,0.855,0.073,0.088,0.652,0.196,0.588,0.574,0.701,0.632,0.983,0.006,0.195,1,0.995,0.624,0,0.797,0.686,0.994,0.083,0.549,0.876,0.947,1,0.008,0.974,0.913,0.912,0.434,0.689,0.995,0.692,0.419,0.99,0.334,0.04,0.316,0.995,0.189,0.997,0.988,0.998
0.049,0.998,0.192,0.015,0.257,0.281,0.714,0.063,0.681,0.009,0.185,0.107,0.016,0.923,0.057,0.997,0.08,1,0.641,0.004,0.839,0.996,0.275,0.014,0.372,0.363,0.337,0.127,0.995,0,0.995,0.883,0.97,1,0.484,0.011,0.587,0.962,0.875,0.896,0.013,0.93,0.014,1,0.99,0.106,0.655,0.685,0.82,0.022,1,0.992,0.915,0.345,0.472,0.935,0.194,0.004,0.24,0.849,0.031,0.589,0.997,0.999,0.994,0.996,0.13,0.995,0.941,0.889,0.98,0.65,1,0.974,0.976,0.039,0.517,1,0.94,0.872,0.978,0.988,0.284,0.115,0.793,0.008,1,0.859,0,0.01,0.055,0.926,0.999,0.448,1,0.947,0.334,0.027,0.969,0.999,0.944,0.244,1,0.012,0.966,0.004,0.03,0.838,0.007,0.997,0.976,0.712,0.099,0.996,0.149,0.56,0.994,0.365,0.158,1,0.977,0.97,0.192,0.147,0.994,0.019,0.535,0.167,0.939,0.946,0.625,0.415,0.667,0.942,0.965,0.906,0.818,0.985,0.328,0.777,0.16,0.967,0.994,0.39,0.141,0.993,0.226,0.78,0.838,0.996,0.107,0.963,0.521,0.36,0.982,0.072,0.657,1,0.999,0.262,0.101,0.998,0.021,0.37,0.147,1,0.967,0.977,0.946,0.952,0.159,0.699,0.979,0.476,0.751,0.832,0.7,0.362,0.525,0.995,0.145,0.818,1,0,0.019,0.904,0.997,0.721,0.997,0.631,0.977,0.182,0.2,0.246,0.99,0.99,0.871,0.077,0.021,0.724,0.045,0.723,0.961,0.99,0.851,0.997,0.451,0.228,0.03,0.003,0.815,0.999,0.995,0.987,0.997,0.969,0.95,0.02,0,0.832,0.999,0.169,0.89,0.678,0.996,0.975,0.091,0.395,0.013,0.999,0.001,0.309,0.978,0.176,0.246,0.652,0.646,0.947,0.994,0.096,0.544,0.029,0.366,0.574,0.886,0.533,0.031,0.003,0.005,1,0.143,0.779,0.01,0.743,0.613,0.987,0.971,0.422,0.872,0.008,0.869,0.991,0.069,0.831,0.764,0.692,0.277,0.014,0.077,0.358,0.494,0.29,1,0.014,0.962,0.997,0.993,0.987,0.994
0.197,0.996,0.23,0.997,0.4,0.967,0.058,0.96,0.684,0.986,1,0.991,0.898,0.183,0.061,0.996,0.981,0.999,0.621,0.009,0.936,1,0.439,0,0.566,0.582,0.049,0.008,0.991,0.01,0.965,0.88,0.032,1,0.879,0.013,0.554,0.97,0.472,0.957,0.996,0.316,0.997,0.971,0.035,1,0.485,0.978,0.441,0.955,1,0.01,0.992,0.013,0.329,0.748,0.236,0.009,0.995,0,0.035,1,0.999,0.997,0.101,0.993,1,0.997,0.023,0.916,0.723,0.704,0.992,0.778,0.998,0.014,0.451,0.953,0.951,0.087,0.471,0.988,0.486,0.126,0.102,0.008,1,0.387,0.941,0.823,0.401,0.999,1,0.999,1,1,0.966,0.127,0.001,0.241,0.938,0.249,0.042,0.004,0.018,0.008,0.242,0.859,0.92,0.971,0.879,0.67,0.021,0.072,0.021,0.613,0.006,0.26,0.983,0.973,0.879,0.983,0.997,0.171,0.925,0.92,0.507,0.607,0.979,0.938,1,0.263,0.822,0.937,0.947,0.887,0.188,0.103,0.095,0.776,0.921,0.963,0.05,0.428,0.018,0.994,0.964,0.955,1,0.006,0.379,0,0.878,0.831,0.211,0.084,0.785,0.998,1,0.687,0.86,0.985,0.949,0.934,0.335,0.712,0.995,0.37,0.954,0.889,1,0.636,0.211,0.419,0.64,0.941,0.934,0.99,0.734,0.051,0.133,0.662,0.085,0,0.996,0.911,0.995,0.489,0.868,0.823,0.987,0.968,0.034,0.004,0.989,0.003,0.874,1,0.022,0.241,0.996,0.67,0.157,0.992,0.079,0.983,0.963,0.007,0.972,0.993,0.905,0.201,0.996,0.968,0.923,0.96,0.394,0.982,0.956,0.759,0.999,0.91,0.984,0.649,0.03,0.337,0.12,0.899,0.981,1,0.967,0.062,0,0.997,0.901,0.532,0.578,0.494,0.008,0.938,0.539,0.987,0.27,0.573,0.96,0.543,0.351,0.96,0.797,1,0.143,0.864,0,0.792,0.842,0.964,0.205,0.5,0.362,0.896,0.483,0.997,0.933,0.632,0.674,0.953,0.634,0.023,0.932,0.429,0.927,0.413,0.054,0.997,1,0.199,0.536,0.994,0.995
0,0.024,0.614,0.081,0.982,0.858,0.974,0.857,0.568,0.963,1,0.887,0.938,0.712,0.077,0.996,0.056,1,0.979,0.993,0.89,0.309,0.313,0,0.382,0.686,0.05,0.985,0.985,0.967,0.97,0.677,0.998,1,0.863,0.011,0.572,0.958,0.707,0.723,0.997,0.32,0.967,0.403,0.373,0.155,0.21,0.976,0.908,0.017,0.35,0.007,0.991,0.994,0.866,0.898,1,0.008,0.017,0.829,0.05,1,0.998,0.028,0.995,0.997,0.042,0.989,0.006,0.787,0.115,0.872,0.346,0.809,0.137,0.997,1,0.979,0.094,0.301,1,1,0.325,0.114,0.868,0.008,1,0.117,0.932,0.955,0.997,0.999,0.191,0.67,0.048,1,0.846,1,0.975,0.161,0.954,0.863,0.999,0.026,0.982,0.996,1,0.855,0.754,0.034,0.963,0.608,0.179,0.791,1,0.443,0.992,1,0.988,0.057,0.928,0.02,1,0.407,0.326,0.936,0.536,0.559,0.977,0.262,0.075,0.996,0.884,0.033,0.261,0.897,0.001,0.163,0.884,0.711,0.059,0.972,0.561,0.689,0.184,0.013,0.002,0.942,0.201,0.991,1,0.003,0.102,0.405,0.659,0.941,0.994,0.098,1,0.655,0.988,0.993,0.963,0.37,0.997,0.253,0.004,0.832,0.944,0.019,1,0.612,0.514,0.641,0.736,0.999,0.092,0.792,0.07,0.998,0.605,0.619,0.999,0.001,0.693,0.906,0.33,1,0.978,0.872,0.991,0.955,0.316,0.082,0.008,0.138,0.942,0.991,0.998,0.334,0.038,0.152,0.001,0.997,0.989,0.993,0.313,0.277,0.997,0.994,0.825,0.598,0.988,0.951,0.997,0.091,0.986,0.038,0.966,0.241,0.999,0.887,0.253,0.664,0.108,0.954,0.052,0.704,0.998,1,0.113,0.887,0.001,0.663,0.678,0.67,0.834,0.872,0.994,0.699,0.694,0.033,0.393,0.636,0.63,0.597,0.991,0.937,0.332,0.054,0.164,0.565,0,0.778,0.759,0.076,0.999,0.907,0.268,0.804,0.382,0.992,0.964,0.885,0.663,0.834,0.664,0.994,0.533,0.328,1,0.384,0.999,0.086,1,1,0.991,0.99,0.992
0.008,0.012,0.052,0.993,0.994,0.97,0.999,1,0.738,0.88,0.844,0.971,0.617,0.967,0.086,0.46,0.857,0.043,0.927,0.002,0.331,0.336,0.569,0.898,0.621,0.683,0.245,0.005,0.01,0.026,0.972,0.753,0.992,0.977,0.802,0.995,0.655,0.377,0.998,0.886,0.034,0.415,0.999,0.541,0.993,0.996,0.433,0.969,0.495,0.997,0.247,0.995,0.007,0.999,0.912,0.885,1,0.004,0.907,0.9,0.056,0.995,0.997,0.998,0.996,0.997,0.985,0.025,0.003,0.411,0.461,0.825,0.873,0.916,1,0.019,1,0.173,0.998,0.867,0.945,0.373,0.581,0.996,0.535,0.982,1,0.994,0.95,0.995,0.017,0.074,1,0.352,0.065,0.136,0.15,1,0.003,0.2,0.003,0.231,1,0.988,0.998,0.005,0.992,0,0.917,0.994,0.001,0.564,0.01,0.07,0.997,0.448,0.005,0.8,0.165,0.054,0.869,0.005,0.244,0.899,0.011,0.925,0.778,0.088,0.324,0.885,1,0.414,0.888,0.951,0.908,0.901,0.474,0.477,0.828,0.453,0.992,0.971,0.996,0.634,0.01,0.998,0.25,0.003,0.32,0.995,0.112,0.942,0.807,0.329,0.999,0.267,0.01,1,0.762,0.002,0.967,0.99,0.056,0.646,1,1,0.01,0.33,0.944,0.912,0.399,0.662,1,0.766,0.828,0.529,0.973,0.79,0.828,0.99,0.479,0.554,0.399,0.01,0.347,0.907,0.974,0.728,0.996,0.641,0.919,0.999,0.54,0.946,0.067,0.995,0.993,0.983,0.027,1,0.99,0.195,0.966,0.015,0.999,0.049,0.26,0.053,0.942,0.008,0.883,0.996,0.005,0.997,0.145,0.97,1,0.228,0.962,0.349,0.999,0.021,0.987,0.808,0.997,0.908,0.136,0.593,0.014,0.588,0.6,0.007,0.045,0.964,0.257,0.46,0.624,0.995,0.986,0.134,0.601,0.064,0.268,0.587,1,0.597,0.995,0.005,0.917,1,0.92,0.688,0,0.076,0.672,0.033,0.961,0.48,0.897,0.109,0.886,0.996,0.968,0.929,0.675,0.657,0.02,0.999,0.951,0.812,0.227,0.97,1,0.997,0.997,1,0.993,0.991,0.995
0.951,0.996,0.54,0.993,0.373,0.262,0.137,0.992,0.979,0.019,1,0.859,0.248,0.954,0.777,0.997,0.385,1,0.75,0.003,0.925,1,0.633,0,0.621,0.003,1,0.316,0.969,0.828,0.027,0.702,0.034,0.074,0.731,0.009,0.607,0.772,0.713,0.831,0.996,0.521,0.998,0.912,0.99,0.326,0.373,0.981,0.571,0.996,0.988,0.998,0.994,0.995,0.42,0.136,0.207,0.016,0.22,0,0.028,0.857,1,0.079,0.085,0.92,1,0.999,0.005,0.974,0.983,0.825,0.996,0.896,1,0.264,0.966,0.368,0.994,0.867,0.917,0.347,0.248,1,0.689,0.009,1,0.84,0.953,0.996,0.218,0.594,0.56,0.99,1,0.069,0.973,0.266,0.001,0.177,0.048,0.24,0.91,0.994,0.194,0.007,0.971,0.834,0,0.237,0.968,0.758,0.989,0.068,0.998,0.582,0.993,0.485,0.338,0.049,0.96,0.965,0.26,0.153,0.997,0.916,0.324,0.774,0.344,0.751,1,0.23,0.945,0.084,0.103,0.271,0.945,0.853,0.064,0.587,0.335,0.971,0.011,0.203,0.891,0.995,0.963,0.957,0.212,0.011,0.727,0.001,0.749,0.998,0.299,1,0.996,1,0.188,0.4,0.469,0.938,0.966,0.439,0.163,1,0.052,0.73,0.94,0.804,0.619,0.613,1,0.698,0.639,0.513,0.996,0.014,0.713,0.016,0.135,0.785,1,0.885,0.997,0.904,0.351,1,0.288,0.67,0.998,0.27,0.782,0.911,0.995,0.01,0.945,0.958,0.025,1,0.005,0.695,0.001,0.014,0.987,0.636,0.954,0.912,0.993,0.992,0.005,0.997,0.994,0.915,0.058,0.966,0.604,0.915,0.961,1,0.997,0.944,0.856,0.616,0.246,0.95,0.176,0.024,0.684,0.046,0.96,0.891,0.98,0.037,0.361,0.526,0.388,0.949,0.006,0.55,0.614,0.992,0.601,0.608,0.842,0.533,0.013,0.986,0.787,0.072,0.941,0.451,0,0.7,0.725,0.997,0.085,0.596,0.195,0.056,0.827,0.997,0.945,0.369,0.687,0.827,0.62,0.066,0.836,0.786,0.244,0.764,1,0.997,0.892,0.203,0.995,0.981,0.009
0.948,0.011,0.885,0.995,0.084,0.981,0.43,0.999,0.76,0.996,0.999,0.165,0.941,0.954,0.978,0.014,1,0.031,0.849,0.986,0.84,0.056,0.011,0.882,0.496,0.01,0.942,0.985,0.992,0.174,0.99,0.149,1,0.082,0.526,0.997,0.468,0.241,0.509,0.922,0.995,0.723,0.392,0.948,0.993,0.945,0.578,0.966,0.362,0.076,0.989,0.007,0.994,0.011,0.881,0.108,0.208,0.723,0.98,0.91,0.043,0.984,0.99,1,0.042,0.016,0.995,0.244,0.968,0.459,0.523,0.982,0.455,0.869,0.049,0.902,0.877,0.767,0.421,0.882,0.569,1,0.723,1,0.111,0.007,0.092,0.602,0.795,0.995,0.164,0.999,1,0.999,0.038,0.988,0.936,1,0.963,0.722,0.005,0.231,0.031,0.007,0.995,0.008,0.78,0.165,0.001,0.796,0,0.655,1,0.072,1,0.483,0.856,0.956,0.169,0.856,0.89,0.158,0.462,0.823,0.998,0.881,0.871,0.841,0.816,0.883,1,0.867,0.857,0.784,0.865,0.886,0.936,0.193,0.294,0.542,0.072,0.975,0.999,0.588,0.017,0.994,0.96,0.828,0.373,0.012,1,0.95,0.5,0.41,0.999,0.065,0.009,0.282,0.988,0.632,0.865,0.16,0.919,0.898,0.611,0.15,0.109,0.97,0.927,0.512,0.757,0.649,0.998,0.55,0.758,0.196,0.832,0.148,0.58,0.995,0.186,0.751,0.987,0.914,0.997,0.901,0.006,0.689,0.999,0.843,0.999,1,0.583,0.008,0.143,0.985,0.111,0.635,0.999,1,0.995,0.605,0.786,0.992,0.998,0.914,1,0.915,0.975,0.906,0.722,0.975,0.003,0.682,0.995,0.133,0.994,0.015,0.973,0.234,0.998,0.608,1,0.681,0.128,0.937,0.831,0.306,0.989,0.039,0.96,0.205,0,0.992,0.853,0.493,0.586,0.221,0.01,0.976,0.5,0.025,0.08,0.616,0.841,0.512,0.213,0.968,0.991,0.354,0.147,0.867,0.86,0.052,0.745,0.996,0.942,0.68,0.847,0.891,0.289,0.991,0.221,1,0.79,0.485,0.632,0.998,0.963,0.513,1,0.747,0.611,0.998,0.156,0.175,0.008,0.061,0.006
0.958,0.995,0.809,0.012,0.629,0.252,0.989,0.596,0.712,0.769,0.184,0.091,0.943,0.971,0.069,0.994,0.909,0.999,0.8,0.987,0.599,0.997,0.302,0.741,0.487,0.414,0.06,0.907,0.99,0.963,0.924,0.58,0.947,0.072,0.634,0.002,0.591,0.963,0.676,0.952,0.996,0.419,0.997,0.987,0.99,0.915,0.603,0.964,0.743,0.013,0.127,0.204,0.995,0.01,0.854,0.884,0.982,0.206,0.163,0.876,0.027,0.048,0.026,0.021,0.974,0.995,0.995,0.979,0.991,0.048,1,0.647,0.827,0.024,1,0.009,0.749,0.165,0.994,0.884,0.699,0.358,0.84,0.121,0.375,0.011,0.999,0.124,0.015,0.005,0.998,0.985,0.975,0.507,0.046,0.879,0.173,0.035,0.975,0.167,0.944,0.225,0.032,0.897,0.416,0.993,1,0.002,0,0.99,0.979,0.712,0.976,0.202,0.989,0.569,0.006,0.541,0.183,1,0.334,0.061,0.989,0.991,0.005,0.068,0.944,0.85,0.257,0.418,1,0.196,0.054,0.698,1,0.897,0.942,0.958,0.046,0.782,0.985,0.009,0.996,0.368,0.989,0.998,0.961,0.863,0.999,0.996,1,0.965,0.088,0.958,0.998,0.054,0.996,0.074,0.998,0.669,0.707,0.978,0.953,0.964,0.656,1,0.946,0.972,0.713,0.966,0.998,0.592,0.771,0.445,0.661,0.285,0.787,0.979,0.936,0.441,0.337,0.234,0.388,0.911,0.204,0,0.987,0.988,0.999,0.863,0.02,0.604,0.788,0.977,0.993,0.581,0.99,1,0.997,0.997,0.991,0.804,0.928,0.992,0.084,0.997,0.63,0.002,0.992,0.995,0.907,0.035,0.997,0.349,0.961,0.956,0.819,0.978,0.002,0.975,0.728,0.956,0.264,0.659,0.039,1,0.086,0.499,0.432,1,0.962,0,0.972,0.028,0.909,0.473,0.998,0.931,0.99,0.992,0.582,0.015,0.256,0.621,0.855,0.539,0.203,0.994,0.892,0.068,0.698,0.682,0,0.308,0.696,0.968,0.984,0.562,0.622,0.721,0.996,0.991,0.14,0.761,0.57,0.683,0.66,0.714,0.382,0.474,0.207,0.406,0.987,0.009,0.991,1,0.996,0.025,0.992
0.958,0.01,0.414,0.005,0.917,0.903,0.989,0.722,0.778,0.997,1,0.109,0,0.957,0.057,0.995,0.693,0.999,0.849,0.979,0.066,0.077,0.014,0.001,0.712,0.596,0.039,0.003,0.991,0.057,0.997,0.226,0.989,0.073,0.86,0.008,0.575,0.908,0.802,0.104,0.031,0.609,0.997,0.908,0.009,0.096,0.717,0.981,0.956,0.997,1,0.994,0.992,0.996,0.777,0.946,0.986,0.618,0.016,0,0.935,0.046,0.999,0.993,0.921,0.999,0.03,0.997,0.003,0.484,0.96,0.734,0.987,0.289,0.337,0.997,0.887,1,0.808,0.885,0.18,0.994,0.223,1,0.129,0.114,1,0.125,0,0.991,0.15,0.999,0.979,0.978,0.944,0.996,0.7,1,0.002,1,0.934,0.321,0.998,0.995,0.095,0.011,0.144,0.855,0.921,0.039,0.002,0.954,0.148,0.989,0.999,0.489,0.987,0.212,1,0.965,0.03,0.173,0.186,0.935,0.008,0.137,0.259,0.412,0.98,0.946,0.072,0.948,0.05,0.093,0.942,0.893,0.002,0.902,0.192,0.59,0.059,0.97,0.995,0.66,0.978,0.986,0,0.891,0.954,0.994,1,0.937,0.97,1,0.057,0.253,0.004,1,0.992,0.499,0.109,0.989,0.963,0.471,0.158,0.892,0.866,1,0.96,0.999,1,0.627,0.315,0.757,0.65,0.933,0.251,0.012,0.806,0.994,0.398,0.29,0.982,0.904,0.967,0,0.004,1,0.974,0.621,0.991,0.975,0.791,0.995,0.007,0.015,0.986,1,0.998,0.971,0.037,0.656,0.066,0.931,0.911,0.996,0.282,0.02,0.096,0.995,0.01,0.648,0.007,1,0.901,0.142,0.999,0.459,0,0.562,0.994,0.952,0.957,0.641,0.031,0.971,0.391,0.91,0.803,1,0.972,0.865,0,0.962,0.649,0.674,0.77,0.724,0.007,0.827,0.701,0.992,0.968,0.57,0.788,0.679,0.008,0.946,0.16,1,0.779,0.467,0.863,0.899,0.614,0.86,0.962,0.453,0.418,0.931,0.179,0.01,0.967,0.794,0.805,0.759,0.639,0.01,0.207,0.354,0.232,0.471,1,0.138,0.983,1,0.234,0.104,0.996
0.166,0.739,0.043,0.018,0.992,0.861,1,0.866,0.72,1,0.172,0.183,0,0.954,1,0.014,0.101,0.597,0.468,0.989,0.735,0.05,0.793,0.886,0.49,0.664,0.974,0.923,0.994,0.316,0.999,0.636,0.042,1,0.929,0.007,0.467,0.076,0.875,0.859,0.012,0.337,0.999,0.813,0.007,0.828,0.707,0.965,0.352,0.999,0.134,0.023,0.992,0.015,0.675,0.94,0.228,0.813,0.813,0.001,0.96,1,0.997,0.972,0.975,0.998,0.031,1,0.991,0.602,0.538,0.651,0.188,0.888,0.038,0.99,0.967,0.984,0.996,0.006,0.093,0.986,0.188,0.105,0.994,0.991,1,0.994,0.956,0.992,0.948,0.999,0.043,0.286,1,0.115,0.574,0.359,0.015,0.913,0.956,0.389,0.932,0.007,0.008,0.011,0.998,0.793,0.519,0.196,0.966,0.985,0.908,0.998,0.999,0.541,0.92,0.859,0.252,0.957,0.235,0.455,0.23,0.831,0.008,0.035,0.164,0.247,0.055,0.28,1,0.795,0.957,0.87,0.546,0,0.015,0.932,0.909,0.73,0.266,0.079,0.128,0.704,0.013,0.995,0.966,0.782,0.18,0.994,0.624,0,0.973,0.411,0.995,1,0.99,1,0.551,0.67,0.049,0.812,0.419,0.994,0.967,1,0.625,0.954,0.95,0.917,0.933,0.573,0.364,0.575,0.828,0.938,0.762,0.145,0.931,0.01,0.419,0.893,0.085,0.907,0.93,0.916,0.006,0.979,0.913,0.67,0.021,0.147,0.064,0.091,0.995,0.993,0.081,0.475,0.997,0.928,0.931,0.881,0.975,0.914,1,0.01,0.263,0.917,0.996,0.993,0.598,0.997,0.989,0.705,0.085,0.372,0.461,0.876,0,0.885,1,0.674,0.874,0.748,0.848,0.435,0.856,0.088,0.088,0.037,0.216,0.331,0.974,0.912,0.265,0.496,0.736,0.542,0.988,0.791,0.588,0.984,0.995,0.647,0.748,0.867,0.992,0.986,0.962,1,0.979,0.674,0.878,0.804,0.637,0.633,1,0.453,0.466,0.557,0.955,0.008,0.786,0.585,0.633,0.488,0.646,0.015,0.816,0.506,0.238,0.266,1,0.998,1,1,0.456,0.985,0.007
0.142,0.996,0.768,0.995,0.938,0.858,0.994,0.306,0.573,0.025,0.181,0.108,0.931,0.514,0.08,0.997,0.064,1,0.764,0.835,0.881,0.061,0.841,0.126,0.634,0.651,0.35,0.032,0.991,0.955,0.931,0.901,0.048,0.742,0.603,0.013,0.547,0.007,0.506,0.126,0.009,0.5,0.995,0.684,0.01,0.995,0.628,0.981,0.928,0.995,0.997,0.991,0.008,0.991,0.705,0.128,1,0.736,0.99,0,0.106,0.038,0.72,0.874,0.915,0.112,0.998,0.032,0.044,0.968,0.183,0.655,0.884,0.939,1,0.437,1,0.963,0.938,0.872,0.894,0.994,0.558,0.302,0.825,0.97,0.04,0.536,0.924,0.428,0.875,0.111,0.064,0.173,1,1,0.855,1,0.007,0.996,0.954,0.215,1,0.994,0.794,0.991,0.038,0.833,0.928,0.998,0,0.78,0.997,0.989,0.997,0.481,0.997,0.552,0.998,0.052,0.341,0.304,0.388,0.504,0.997,0.936,0.432,0.995,0.98,0.39,0.299,0.242,0.955,0.356,0.831,0.897,0.927,0.134,0.707,0.926,0.192,0,0.996,0.223,0.97,0.01,0.973,0.02,1,0.014,1,0,0.335,0.341,0.026,1,0.007,0.573,0.294,0.654,0.992,0.001,0.967,0.884,0.985,0.163,0.97,0.237,0.2,0.996,0.15,0.774,1,0.375,0.728,0.991,0.828,0.017,0.742,0.091,0.647,0.27,0.09,0.888,0.997,0.916,0.995,0.878,0.998,0.76,0.327,0.534,0.77,0.96,0.996,0.984,0.08,0.99,0.997,0.251,0.957,0.2,0.938,0.997,1,0.996,0.615,0.869,0.021,0.975,0.164,0.033,0.993,0.05,0.998,0.019,0.757,0.801,0,0.852,0.997,0.211,0.294,0.812,0.974,0.782,0.439,0.014,0.988,1,0.958,0.837,0.973,0.99,0.242,0.593,0.703,1,0.008,0.794,0.557,0.998,0.996,0.599,0.49,0.761,0.956,0.988,0.968,0.99,0.817,0.333,0.843,0.882,0.632,0.013,0.078,0.981,0.064,0.966,0.987,0.007,0,0.461,0.645,0.775,0.225,0.999,0.08,0.481,0.27,0.995,1,0.997,1,0.996,0.007,0.985,0.007
0.001,0.998,0.025,0.695,0.994,0.998,0.327,0.059,0.735,0.998,0.199,0.175,0.062,0.963,0.05,0.996,0.996,1,0.682,0.981,0.905,0.049,0.843,0.003,0.45,0.666,0.047,0.916,0.006,0.006,0.997,0.693,1,1,0.486,0.999,0.694,0.002,0.971,0.847,0.996,0.466,0.075,0.788,0.008,0.864,0.756,0.035,0.516,0.993,0.178,0.992,0.005,0.996,0.737,0.038,1,0.774,0.788,0.024,0.066,0.999,0.997,0.057,0.008,0.996,1,0.998,0.951,0.476,0.147,0.675,0.986,0.247,0.977,0.994,0.449,0.93,0.81,0.848,0.88,0.856,0.792,0.99,0.992,0.904,1,0.105,0.945,0.062,0.027,0.997,1,0.873,0.998,1,0.491,0.966,0.003,0.204,0,0.36,1,0.999,0.203,0.995,0.2,0.837,0.924,0.53,0,0.71,0.671,0.796,0.902,0.55,0.99,1,0.997,0.05,0.021,0.007,0.314,0.863,0.328,0.846,0.439,0.516,0.046,0.89,1,0.394,0.936,0.129,0.272,0.039,0.814,0.678,0.943,0.868,0.24,0.965,0.088,0.234,0.988,0.005,0.97,0.031,0.185,0.503,0.97,0.958,0.895,0.335,0.971,0.122,0.959,1,0.562,0.033,0.068,0.652,0.97,0.894,0.146,0.226,0.984,0.995,0.952,0.998,1,0.558,0.232,0.295,0.71,0.911,0.31,0.985,0.937,0.01,0.814,0.093,0.993,0.038,0.997,0.907,0.993,1,0.59,0.993,0.999,0.993,0.804,0.775,0.992,0.994,0.091,0.088,0.689,1,0.921,0.211,0.973,0.006,1,0.386,0.866,0.843,0.995,0.012,0.05,0.328,0.997,0.499,0.024,0.875,1,0.69,0.967,0.976,0.018,0.657,1,0.664,0.012,0.491,0.854,0.097,0.014,0.051,0.101,0.135,0.977,0.34,0.431,0.642,0.994,0.873,0.993,0.878,0.625,0.025,0.386,0.547,0.616,0.55,0.015,0.002,0.029,1,0.758,0.823,0,0.486,0.646,0.962,0.678,0.614,0.146,0.052,0.229,0.993,0.035,1,0.757,0.977,0,0.011,0.96,0.632,0.195,0.397,0.913,0.994,0.568,0.199,0.029,0.991,0.008
0.934,0.089,0.777,0.301,0.102,0.853,0.213,1,0.587,0.997,1,1,0.018,0.41,0.179,0.706,0.823,0.333,0.718,0.003,0.852,1,0.35,0,0.519,0.686,1,0.003,0.994,0.949,0.568,0.133,0.998,1,0.992,0.009,0.66,0.972,0.625,0.146,0.996,0.317,0.879,0.942,0.007,0.092,0.323,0.974,0.348,0.021,0.958,0.38,0.005,1,1,0.939,1,0.929,0.01,0.894,0.915,1,0.146,0.026,0.993,0.998,0.999,0.018,0.989,0.761,0.925,0.688,0.974,0.032,0.985,0.997,1,0.989,0.996,0.815,1,0.944,0.817,0.476,0.088,0.991,0.999,1,0.95,0.997,0.057,0.084,0.041,0.814,0.529,1,0.348,1,0.971,0.295,0.005,1,0.327,0.997,0.998,0.006,0.267,0,0.935,0.998,0.001,0.923,0.998,0.478,0.996,0.468,0.989,0.233,0.168,0.044,0.902,0.143,0.201,0.25,0.025,0.016,0.497,0.98,0.973,0.007,1,0.849,0.743,0.509,0.997,0,0.304,0.574,0.997,0.983,0.963,0.136,0.012,0.367,0.938,0.942,0.958,0.955,0.835,0.967,0.996,0.001,0.961,0.523,0.046,1,0.995,0.261,0.55,0.696,0.015,0.205,0.011,1,0.941,0.165,0.093,1,0.322,0.947,1,0.672,0.458,0.853,0.964,0.914,0.122,0.99,0.093,0.994,0.136,0.175,1,0.895,0.998,0,0.315,0.892,0.014,0.772,0.954,0.212,0.768,0.993,0.006,0.052,0.878,0.083,0.02,0.745,0.975,0.387,0.613,0.991,1,0.771,0.925,0.237,0.128,0.012,0.012,0.994,0.996,1,0.379,0.972,0.1,0.055,0,0.711,0.998,0.952,0.993,0.684,0.87,0.955,0.909,0.817,0.442,1,0.962,0.018,0,0.997,0.601,0.635,0.801,0.992,0.006,0.726,0.737,0.014,0.203,0.614,0.67,0.665,0.996,0.214,0.717,1,0.157,0.299,0.855,0.344,0.702,0.993,0.817,0.553,0.121,0.952,0.64,0.051,0.841,0.681,0.665,0.705,0.658,0.016,0.43,0.796,0.208,0.773,0.869,0.995,0.174,0.178,0.994,0.01,0.335
0.95,0.995,0.75,0.988,0.625,0.552,0.97,0.115,0.675,0.999,1,0.97,0.083,0,0.056,0.998,0.597,0.999,0.828,0.005,0.929,0.068,0.007,0,0.641,0.076,0.053,0.038,0.009,0.964,0.335,0.295,0.043,1,0.92,0.118,0.477,0.19,0.709,0.939,0.994,1,0.05,0.88,0.013,0.975,0.744,0.001,0.452,0.024,1,0.997,0.994,0.995,0.674,0.947,0.985,0.745,0.009,0.9,0.871,1,0.024,0.894,0.078,0.95,0.973,0.017,0.003,0.119,0.987,0.683,0.518,0.206,0.994,0.018,0.422,1,0.992,0.853,1,0.313,0.827,1,0.707,0.007,1,0.11,0.954,0.994,0.98,0.982,0.997,0.463,0.045,0.073,0.753,0.999,0,0.998,0.947,0.213,1,0.876,0.938,0.008,0.043,0.838,0.91,0.373,0,0.522,0.017,0.802,0.998,0.563,0.981,0.92,1,0.897,0.127,0.964,0.181,0.95,0.996,0.958,0.895,0.966,0.978,0.604,0.993,0.136,0.843,0.92,0.404,0,0.946,0.042,0.203,0.873,0.783,0.972,0.01,0.908,0.36,0.006,0,0.889,0.978,0.014,0.318,0.217,0.946,0.994,0.934,1,0.989,0.242,0.98,0.689,0.997,0.007,0.961,0.981,0.143,0.181,0.137,0.982,0.956,0.365,1,0.594,0.629,0.678,0.655,0.779,0.104,0.414,0.025,0.562,0.308,0.395,0.082,0,0.998,0.027,0.99,1,0.965,0.731,0.12,0.999,0.716,0.842,0.995,0.995,0.407,1,0.01,1,0.961,0.544,0.749,0.027,0.076,0.086,0.887,0.903,0.942,0.012,0.62,0.997,0.992,0.942,0.984,0.972,0.089,0.683,0.968,0.989,0.996,0.025,0.921,0.599,0.993,1,0.69,0.746,0.996,1,0.943,0.004,0,0.972,0.731,0.567,0.528,0.456,0.006,0.449,0.587,0.927,0.255,0.777,0.652,0.637,0.008,0.885,0.11,1,0.998,0.67,0,0.322,0.776,0.006,0.875,0.821,0.379,0.936,0.23,0.058,0.964,0.931,0.723,0.538,0.681,0.998,0.96,0.355,0.223,0.374,0.059,0.373,0.2,1,0.131,0.005,0.014
0.942,0.999,0.908,0.996,1,0.509,0.869,1,0.602,0.998,1,0.989,0.928,0.123,0.801,0.011,0.91,0.038,0.609,0.984,0.116,0.073,0.019,0,0.434,0.679,0.998,0.988,0.008,0.947,0.016,0.119,0.517,0.984,0.638,0.998,0.687,0.008,0.545,0.912,0.011,0.915,0.02,0.398,0.007,0.05,0.577,0.969,0.61,0.987,0.996,0.993,0.006,0.056,0.414,0.639,1,0.611,0.107,0.785,0.999,0.048,1,1,0.073,0.016,0.042,0.998,0.982,0.339,0.161,0.768,0.94,0.784,0.973,0.996,0.982,0.372,0.06,0.051,0.998,1,0.426,0.918,0.693,0.953,0.04,0.999,0,0.992,0.998,1,0.554,0.717,0.049,1,0.976,0.808,0.971,0.17,0,1,1,0.01,0.992,0.003,0.991,0.852,0.933,0.99,0,0.679,0.021,0.994,0.954,0.531,0.991,0.944,1,1,0.973,0.944,0.402,0.212,0.993,0.957,0.387,0.699,0.969,0.112,0.822,0.972,0.591,0.943,0.999,0.893,0,0.296,0.168,0.804,0.897,0.97,0.997,0.243,0.007,0.997,0,0.942,0.973,0.013,0.263,0.972,0.895,0.361,0.785,1,0.007,0.975,0.64,0.174,0.016,0.971,0.067,0.95,0.919,1,0.832,0.951,0,0.252,0.913,0.737,0.993,0.46,0.662,0.289,0.119,0.882,0.544,0.996,0.611,0.818,0.998,0.877,0.996,0.001,0.021,0.988,0.021,0.791,0.998,0.251,0.773,0.853,0.993,0.977,1,0.994,0.308,0.691,0.995,0.761,0.089,0.993,1,0.994,0.986,0.872,0.964,0.006,0.103,0.995,0.979,0.35,0.444,0.001,0.871,0.264,0.199,0.985,0.997,0.236,0.549,0.582,0.255,0.974,0.037,0.257,0.99,0.029,0.943,0.876,0.968,0.011,0.422,0.649,0.839,0.645,0.005,0.981,0.601,0.05,0.147,0.563,0.922,0.581,0.989,0.959,0.117,1,0.937,0.184,0,0.743,0.62,0.023,0.874,0.469,0.883,0.902,0.511,0.895,0.973,0.424,0.752,0.691,0,0.998,0.28,0.971,0.998,0.936,1,0.995,0.978,0.181,0.023,0.992,0.008
0.912,0.989,0.155,0.99,0.083,0.929,0.82,1,0.853,0.435,1,0.94,0.034,0.002,0.997,0.887,0.623,0.027,0.431,0.665,0.94,0.895,0.213,0.886,0.386,0.064,0.048,0.038,0.006,0.95,0.411,0.909,0.984,1,0.904,0.991,0.425,0.946,0.661,0.546,0.008,0.402,0.998,0.616,0.005,0.226,0.731,0.972,1,0.986,1,0.999,0.99,0.997,0.403,0.007,0.41,0.013,0.015,0.065,0.997,0.048,1,0.948,0.571,0.206,0.967,0.457,0.981,0.121,0.12,0.795,0.813,0.333,0.935,0.008,1,0.234,0.471,0.886,0.313,1,0.689,0.998,0.281,0.994,0.039,1,0,0.144,0.025,0.183,0.066,0.511,0.998,0.074,0.851,0.022,0.001,0.865,0.947,1,1,0.992,0.997,0.008,0.873,0.849,0.919,0.025,0.001,0.53,0.999,0.494,0.996,0.482,0.037,0.999,0.896,0.997,0.968,0.002,0.217,0.699,0.996,0.95,0.779,0.192,0.01,0.415,0.999,0.838,0.01,0.446,0.86,0.876,0.113,0.364,0.044,0.719,1,0.521,0.987,0.264,0.992,0.102,0.951,0.24,0.205,0.996,0.297,0,0.266,0.342,0.998,1,0.007,0.959,0.203,0.549,0.017,0.002,0.952,0.915,1,1,0.844,0.989,0.855,0.885,1,0.821,0.223,0.86,0.769,0.224,0.326,0.881,0.953,0.992,0.729,0.806,0.094,0.913,0.011,0,0.014,0.999,0.998,0.634,0.461,0.842,0.803,0.991,0.025,0.006,0.072,0.076,0.998,0.244,0.988,0.267,0.974,0.014,0.08,0.01,0.331,0.016,0.996,0.01,0.005,0.994,0.997,0.174,0.997,0.36,0.948,0.405,0.743,0.224,0.996,0.968,0.301,0.896,0.964,0.739,0.04,0.863,0.016,0.044,0,0.86,0.001,0.037,0.373,0.631,0.766,1,0.993,0.851,0.562,0.062,0.9,0.555,0.711,0.643,0.653,0.017,0.979,0.119,0.899,0.163,0,0.863,0.685,0.427,0.253,0.611,0.864,0.18,0.503,0.998,0.166,0.388,0.63,0.708,0,0.996,0.556,0.71,0.215,0.444,0.052,0.996,1,0.187,0.01,0.261,0.005
0.691,0.993,0.203,0.717,0.984,0.604,0.069,1,0.62,0.997,1,0.238,0.047,0.944,0.055,0.966,1,0.034,0.736,0.005,0.914,0.875,0.745,0.07,0.707,0.702,1,0.005,0.019,0.945,0.993,0.893,0.999,0.075,0.989,0.993,0.651,0.011,0.817,0.909,0.995,0.995,0.224,0.998,0.992,0.998,0.729,0.969,0.488,0.016,0.999,0.996,0.583,0.997,0.599,0.42,0.515,0.681,0.932,0.037,0.028,0.415,0.993,0.289,0.207,0.009,1,0.998,0.994,0.222,0.943,0.968,0.938,0.378,0.051,0.998,1,0.565,0.697,0.897,0.106,0.751,0.514,0.713,0.679,0.986,0.047,0.147,0,0.18,0.087,0.568,1,0.87,0.037,0.077,0.835,0.999,0.971,0.909,0.951,0.226,0.033,0.29,0.01,0.994,1,0.064,0.423,0.874,0.968,0.746,0.991,0.999,0.01,0.516,0.992,0.61,0.966,1,0.942,0.006,0.961,0.256,0.999,0.335,0.717,0.379,0.97,0.938,1,0.938,0.964,0.914,0.984,0.001,0.826,0.975,0.086,0.562,0.054,0.001,0.998,0.626,0.509,0.994,0.97,0.018,0.958,0.996,0.104,0,0.955,0.916,0.998,1,0.994,0.998,1,0.691,0.182,0.082,0.961,0.594,1,1,0.897,1,0.952,0.675,0.189,0.65,0.885,0.748,0.8,0.239,0.224,0.228,0.929,0.993,0.831,0.46,0.769,0.883,0.78,0.898,0.99,1,0.778,0.528,0.047,0.904,0.29,0.109,0.992,0.986,0.665,0.071,0.998,0.966,0.992,0.302,0.972,0.994,1,0.989,0.345,0.88,0.997,0.993,0.921,0.026,0.014,0.059,0.993,0.14,1,0.865,0,0.293,0.012,0.97,0.283,0.674,0.941,1,0.921,0.75,0.996,1,0.946,0.862,0.967,0.004,0.93,0.537,0.83,0.705,0.36,0.408,0.471,0.417,0.788,0.657,0.724,0.525,0.958,0.014,0.034,0.062,0.907,0.763,0.854,0.907,0.64,0.111,0.389,0.573,0.038,0.088,0.748,0.986,0.008,0.414,0.584,0.573,0,0.995,0.964,0.878,0.189,0.279,0.998,0.994,0.355,0.32,0.003,0.993,0.997
0.944,0.993,0.816,0.016,0.63,0.31,0.999,0.059,0.518,0.348,0.179,0.098,0.889,0.971,0.063,0.995,0.999,1,0.587,0.986,0.235,0.105,0.011,0.001,0.411,0.267,0.043,0.003,0.997,0.964,0.284,0.103,0.135,0.073,0.901,0.261,0.718,0.959,0.555,0.772,0.01,0.856,0.992,0.484,0.26,0.104,0.257,0.331,0.643,0.039,0.987,0.009,0.994,0.996,0.679,0.033,0.939,0.16,0.998,0.811,0.047,0.049,0.922,1,0.011,0.422,0.228,0.016,0.323,0.879,0.994,0.89,0.38,0.862,0.559,0.997,0.985,0.304,0.148,0.036,0.899,0.323,0.786,1,0.77,0.003,1,1,0.953,0.007,1,0.997,1,0.526,0.048,0.058,0.423,1,0.418,0.156,0.953,1,0.998,0.223,0.015,0.985,0.388,0.863,0.929,0.994,0,0.597,0.612,0.204,0.998,0.42,0.001,0.763,0.164,1,0.367,0.846,1,0.699,0.824,0.259,0.439,0.997,0.978,0.919,0.947,0.527,0.949,0.831,0.633,0.239,0.222,0.764,1,0.706,1,0.967,0.99,0.364,0.904,0.6,0.966,0.018,0.956,0.011,1,0.965,0.061,0.33,0.998,1,0.008,0.548,0.996,0.684,0.013,0.002,0.252,0.643,0.966,1,0.001,1,0.942,0.983,0.335,0.614,0.286,0.674,0.814,0.41,0.192,0.84,0.686,0.998,0.737,0.211,0.996,0.908,0.997,0.885,0.01,1,0.997,0.801,1,0.054,0.794,0.006,0.007,0.005,0.078,1,0.999,0.581,0.026,0.847,0.943,0.997,0.093,0.991,0.341,0,0.051,0.005,0.792,0.955,0.991,1,0.137,0.002,0.959,0.778,0.978,0.913,0.997,0.258,0.968,0.714,0.989,0.979,0.051,0,0.011,0.045,0.004,0.791,0.973,0.064,0.469,0.612,0.718,0.332,0.008,0.922,0.627,0.767,0.954,0.611,0.702,0.7,0.058,0.001,0.983,0.974,0.917,0.532,0.401,0.547,0.592,0.909,0.919,0.866,0.069,0.956,0.713,0.006,0.371,0.606,0.643,0.607,0.652,0.995,0.9,0.556,0.29,0.287,0.984,0.502,0.419,1,0.994,0.967,0.251
0.334,0.998,0.683,0.996,0.094,0.738,0.263,0.999,0.699,0.916,0.469,0.113,0.929,0.969,0.184,0.954,0.501,1,0.508,0.004,0.013,0.073,0.851,0.899,0.64,0.653,0.968,0.004,0.291,0.587,0.998,0.815,1,1,0.509,0.009,0.657,0.912,0.75,0.285,0.006,0.339,0.021,0.755,0.994,0.369,0.131,0,0.515,0.822,0.968,0.952,0.2,0.012,0.379,0.376,0.998,0.02,0.879,0.423,0.027,0.999,0.999,1,0.942,0.995,1,0.387,0.002,0.969,0.106,0.744,0.111,0.966,0.999,0.781,0.947,0.963,0.927,0.175,0.993,0.568,0.408,0.305,0.705,0.11,1,0.112,0.961,0.993,0.827,0.096,0.063,0.844,0.069,1,0.972,0.037,0.02,0.911,0.94,0.945,0.031,0.986,0.995,0.991,0.974,0,0.706,0.996,0.358,0.752,1,0.221,0.997,0.552,0.992,0.308,1,0.987,0.737,0,1,0.44,0.009,0.955,0.057,0.365,0.533,0.716,0.078,0.966,0.27,0.947,0.866,0.4,0.931,0.782,0.241,0.521,0.998,0,0.996,0.319,0.043,0.995,0.021,0.009,0.261,0.01,0.937,0.002,0.257,0.955,0.995,0.373,0.995,0.987,0.186,0.126,0.012,0.987,0.961,0.921,0.138,1,0.099,0.928,0.285,0.9,1,0.677,0.786,0.983,0.666,0.207,0.896,0.044,0.871,0.997,0.326,0.197,0.085,0,0.406,0.91,0.004,0.975,0.05,0.762,0.025,1,0.688,0.184,0.992,0.195,0.232,0.971,0.998,0.225,0.998,0.718,0.002,0.986,0.998,0.987,0.995,0.493,0.02,0.988,0.899,0.996,0.009,0.998,0.411,0.961,0.1,0.01,0,0.277,0.782,0.008,0.248,0.614,0.998,0.211,0.573,0.147,0.178,0.127,0.955,0.272,0.001,0.013,0.889,0.554,0.752,0.956,0.991,0.59,0.555,0.999,0.233,0.565,0.616,0.561,0.996,0.936,0.008,0.829,0.422,0.877,0.725,0.91,0.623,0.677,0.676,0.736,0.617,0.843,0.281,0.995,0.968,0.753,0.58,0.471,0,0.998,0.341,0.329,0.992,0.911,0.045,0.155,0.361,1,0.993,0.054,0.009
0.938,0.017,0.065,0.009,0.318,0.405,0.058,0.998,0.803,0.995,0.364,0.123,0.363,0.141,0.145,0.996,0.103,0.028,0.467,0.994,0.191,0.069,0.839,0.899,0.481,0.021,0.93,0.954,0.997,0.962,0.979,0.236,0.136,0.068,0.637,0.994,0.787,0.967,0.503,0.086,0.993,0.984,0.998,0.507,0.009,0.161,0.424,0.004,0.711,0.648,1,0.002,0.018,0.01,0.855,0.081,0.208,0.411,0.021,0,0.988,0.051,0.998,0.262,0.321,0.106,0.354,0.015,0.011,0.827,0.89,0.785,0.965,0.247,1,0.905,0.976,0.997,0.037,0.889,0.95,1,0.962,1,0.397,0.916,0.262,0.118,0.011,0.929,0.999,0.606,0.092,0.714,1,0.07,0.238,1,0.001,0.975,0.945,0.964,0.998,0.012,0.992,0.995,0.992,0,0,0.566,0.156,0.461,0.022,0.334,0.999,0.447,0.997,0.268,1,0.145,0.543,0.01,0.184,1,1,0.92,0.749,0.89,0.853,0.881,0.974,0.228,0.449,0.961,0.555,0.023,0.933,0.937,0.954,0.749,0.993,0.973,0.025,0.925,0.775,0.995,0.957,0.815,0.264,0.997,0.676,0.967,0.283,0.915,0.265,0.971,0.996,1,0.998,0.673,0.675,0.006,0.044,0.344,1,0.147,0.803,0.134,0.952,0.978,1,0.674,0.184,0.923,0.736,0.981,0.66,0.664,0.729,0.994,0.229,0.711,0.996,0.892,0.973,0.907,0.017,0.538,0.025,0.928,0.996,0.929,0.708,0.004,0.014,0.007,0.106,0.89,0.067,0.998,0.996,0.476,0.646,0.012,1,0.01,1,0.894,0.992,0.274,0.904,0.478,0.992,0.99,0.993,0.963,0.936,0.897,0.974,0.173,0.01,0.059,0.805,0.712,0.063,0.204,0.586,0.088,0.995,0.037,0.158,0.863,0.001,0.994,0.847,0.644,0.812,0.919,0.006,0.711,0.634,0.039,0.239,0.614,1,0.614,0.042,0.006,0.876,1,0.939,0.114,0.847,0.269,0.582,0.409,0.373,0.579,0.293,0.924,0.513,0.995,0.968,0.986,0.662,0.554,0.4,0.995,0.905,0.336,0.8,0.246,1,0.993,0.983,1,0.006,0.443,0.011
0.771,0.014,0.403,0.994,0.565,0.602,0.999,0.048,0.59,0.999,0.929,0.992,0.235,0.967,0.741,0.998,0.073,1,0.731,0.989,0.815,0.993,0.837,0.899,0.747,0.663,0.376,0.984,0.99,0.347,0.995,0.878,0.977,1,0.809,0.045,0.613,0.955,0.946,0.951,0.731,0.885,0.996,0.383,0.994,0.085,0.625,0.002,0.762,0.998,0.889,0.99,0.992,0.999,0.568,0.907,0.214,0.989,0.999,0.9,0.023,0.042,0.02,0.774,0.999,0.996,1,0.998,0.988,0.363,1,0.792,0.368,0.188,0.053,0.998,0.998,0.988,0.911,0.571,1,0.38,0.995,1,0.844,0.676,0.999,0.134,0.089,0.986,0.997,0.846,0.047,0.946,0.089,0.057,0.854,0.221,0.078,0.159,0.948,0.215,0.998,0.024,0.949,0.003,0.999,0,0.37,0.997,0,0.936,0.999,0.992,0.325,0.466,0.028,0.994,0.158,0.05,0.756,0.182,0.999,0.27,0.989,0.943,0.183,0.068,0.004,0.923,0.07,0.879,0.962,0.917,0.804,0.884,0.76,0.867,0.143,0.753,0.966,0,0.996,0.662,0.151,0.995,0.973,0.017,0.992,0.013,0.908,0,0.961,0.457,0.07,0.054,0.009,0.06,1,0.001,0.991,0.008,0.896,0.247,0.138,0.287,0.326,0.075,0.954,0.023,1,0.654,0.954,0.295,0.917,0.549,0.833,0.038,0.319,0.997,0.611,0.834,0.088,0,0.617,0,0.996,0.998,0.145,0.807,0.998,0.68,0.794,0.862,0.994,0.004,0.953,0.567,1,0.256,0.169,0.518,0.048,0.751,0.101,0.996,0.976,0.703,0.101,0.007,0.067,1,0.99,0.412,0.772,0.006,1,0.164,0,0.164,0.997,0.254,0.794,0.615,0.917,0.988,0.833,0.903,0.998,1,0.177,0.825,0.979,0.008,0.301,0.573,0.57,0.906,0.004,0.182,0.612,0.937,0.104,0.593,0.971,0.644,0.062,0.984,0.093,1,0.146,0.114,0,0.054,0.537,0.993,0.998,0.762,0.555,0.17,0.466,0.992,0.97,0.678,0.894,0.847,0.663,1,0.807,0.881,1,0.94,0.053,0.011,0.593,1,0.996,0.931,0.995
0.001,0.998,0.277,0.99,0.193,0.319,0.931,1,0.57,0.997,1,0.727,0.372,0,0.045,0.997,1,0.039,0.822,0.987,0.937,0.999,0.843,0.002,0.504,0.659,0.054,0.087,0.997,0.955,0.992,0.348,0.042,1,0.463,0.006,0.686,0.962,0.848,0.937,0.254,0.959,0.998,0.861,0.906,0.041,0.648,0.961,0.578,0.996,0.992,0.984,0.005,0.701,0.485,0.942,1,0.721,0.995,0.833,0.966,0.041,0.999,0.028,0.011,0.93,0.966,0.141,0.051,0.24,0.832,0.626,1,0.419,0.965,0.012,0.482,0.994,0.949,0.472,0.949,1,0.171,1,0.983,0.925,0.888,1,0,0.016,0.025,0.081,0.045,0.713,1,0.073,0.639,0.708,0.955,0.665,0.953,0.999,0.916,0.006,0.35,0.984,0.025,0.836,0.485,0.995,0.003,0.894,0.933,0.604,0.014,0.486,0.009,0.501,0.88,0.985,0.043,0.969,0.99,0.321,0.007,0.764,0.055,0.964,0.966,0.009,1,0.987,0.111,0.055,0.445,0.001,0.94,0.977,0.926,0.791,0.935,0.971,0.017,0.263,0.928,0.993,0,0.956,0.172,0.981,0.104,0.003,0.146,0.325,0.998,0.996,0.997,1,1,0.014,0.379,0.994,0.641,0.956,1,1,0.229,0.995,0.961,0.013,0.193,0.6,0.995,0.735,0.72,0.436,0.236,0.926,0.689,0.992,0.686,0.229,0.865,0.9,0.013,0.885,0.006,0.976,0.998,0.659,0.242,0.998,0.513,0.98,0.009,0.989,1,1,0.994,0.262,0.988,0.864,0.001,0.012,0.999,0.006,1,0.135,0.019,0.01,0.264,0.444,0.007,0.053,0.676,0.374,0.074,0.765,0.013,0.935,0.019,0.063,0.285,0.562,0.411,0.992,0.68,0.071,0.999,0.032,0.971,0.004,0.983,0.102,0.853,0.554,0.684,0.602,0.994,0.451,0.495,0.683,0.967,0.583,0.566,0.515,0.347,0.043,0.991,0.088,0.985,0.731,0.001,0.924,0.642,0.013,0.257,0.754,0.895,0.947,0.89,0.994,0.975,0.897,0.749,0.633,0.671,0.987,0.967,0.519,1,0.829,0.994,0.997,0.939,0.193,0.034,0.935,0.992
0.96,0.995,0.846,0.006,1,0.764,0.094,0.576,0.709,0.011,0.976,0.14,0.927,0.948,0.681,0.015,0.065,0.039,0.774,0.979,0.148,0.701,0.003,0.867,0.454,0.458,0.994,0.137,0.009,0.962,0.036,0.221,0.974,1,0.701,0.992,0.658,0.457,0.515,0.229,0.036,1,0.073,0.864,0.396,0.999,0.237,0.935,0.828,0.438,1,0.003,0.994,0.996,0.331,0.278,1,0.858,0.942,0.89,0.861,1,0.65,0.024,0.024,0.997,0.041,0.025,0.013,0.101,0.123,0.775,0.135,0.125,0.849,0.999,0.446,1,0.521,0.839,0.25,0.97,0.406,0.196,0.15,0.852,0.04,0.983,0.954,0.997,0.985,0.948,0.989,0.937,0.887,0.317,0.35,0.999,0.026,0.172,0.12,0.347,1,0.998,0.664,0.996,1,0.858,0.934,0.975,0.971,0.587,0.999,0.983,0.054,0.406,0.982,0.934,0.985,0.054,0.735,0.891,0.967,0.285,0.999,0.001,0.408,0.791,0.958,0.641,1,0.137,0.857,0.642,0.349,0.881,0.918,0.941,0.991,0.998,0.781,0,0.998,0.33,0.924,0.049,0.926,0.919,0.997,0.992,0.999,0.946,0.225,0.423,0.958,0.081,0.902,0.889,1,0.064,0.018,0.007,0.962,0.25,0.129,1,0.929,0.082,0.146,0.995,1,0.596,1,0.648,0.743,0.528,0.769,0.991,0.939,0.956,0.67,0.855,0.524,0.9,0.876,0.911,0.56,0.996,0.029,0.751,0.028,0.986,0.716,0.005,0.005,0.958,0.151,0.999,0.031,0.701,0.962,0.256,0,0.011,1,0.017,0.976,0,0.966,0.995,0.809,0.016,0.012,0.945,0.894,0.973,0.834,0.995,0.97,0.956,0.015,0.964,0.292,0.764,0.82,0.993,0.921,0.718,0.014,0.632,0.024,0.001,0.17,0.006,0.736,0.535,0.479,0.993,0.005,0.988,0.46,0.95,0.24,0.532,0.646,0.594,0.014,0.005,0.95,1,0.144,0.869,0,0.586,0.616,0.52,0.758,0.606,0.689,0.948,0.998,0.011,0.237,0.405,0.653,0.497,0,0.289,0.935,0.75,0.224,0.901,0.889,0.019,0.139,1,0.996,0.008,0.811
0.947,0.088,0.683,0.074,0.856,0.447,0.271,0.994,0.74,0.686,1,0.966,0.023,0.971,0.998,0.892,0.138,0.039,0.931,0.005,0.583,0.508,0.716,0,0.589,0.678,0.97,0.99,0.008,0.951,0.022,0.331,0.985,0.053,0.56,0.994,0.835,0.969,0.746,0.46,0.939,0.329,0.996,0.838,0.005,0.471,0.672,0.977,0.849,0.019,1,0.25,0.988,0.857,0.607,0.936,0.996,0.694,0.994,0.045,0.027,1,0.999,0.605,0.008,0.266,0.101,0.848,0.966,0.77,0.921,0.713,0.995,0.115,0.192,0.996,0.708,0.228,0.406,0.886,0.997,0.965,0.875,0.978,0.791,0.008,1,0.115,0.949,0.557,0.524,0.924,0.053,0.307,0.998,0.073,0.904,0.025,0.001,0.995,0.939,1,0.032,0.031,0.518,0.994,0.831,0.745,0.809,0.938,0.967,0.698,0.35,0.307,0.997,0.538,0.996,0.232,0.998,0.044,0.084,0.972,1,0.426,0.99,0.035,0.883,0.696,0.773,0.935,0.242,0.828,0.499,0.066,0.98,0.003,0.003,0.823,0.048,0.648,0.999,0.003,0.995,0.513,0.09,0.01,0.965,0.929,0.196,0.509,0.126,0.044,0.966,0.339,0.033,0.999,0.012,0.067,0.447,0.204,0.311,0.994,0.675,0.479,1,0.897,0.012,0.205,0.89,0.029,1,0.542,0.924,0.685,0.675,0.681,0.121,0.958,0.126,0.997,0.102,0.374,0.113,0,0.038,0.902,0.008,0.964,0.048,0.758,0.198,0.093,0.764,0.009,0.996,0.991,1,0.083,0.936,0.99,0.009,0.58,0.09,0.054,0.465,0.989,0.278,0.915,0.007,0.994,0.013,0.393,0.01,1,0.483,0.002,0.905,0.973,0.96,0.196,1,0.426,0.715,0.69,0.024,0.363,0.91,0.599,0.017,1,0.342,0.688,0.984,0.032,0.6,0.608,0.909,0.884,0.971,0.107,0.514,0.107,0.694,0.626,0.945,0.546,0.994,0.988,0.019,1,0.898,0.66,0.875,0.03,0.68,0.792,0.97,0.449,0.714,0.866,0.183,0.008,0.951,0.563,0.598,0.707,0,0.998,0.967,0.608,0.999,0.394,0.96,0.788,0.654,0.315,0.013,0.694,0.007
0.558,0.016,0.69,0.009,0.952,0.73,0.064,0.266,0.575,0.999,1,0.916,0.28,0,0.983,0.062,0.184,0.044,0.521,0.984,0.009,1,0.789,0.888,0.67,0.686,1,0.049,0.994,0.955,0.995,0.803,0.998,1,0.479,0.065,0.489,0.959,0.445,0.603,0.015,0.863,0.999,0.981,0.995,1,0.423,0.042,0.375,0.998,0.985,0.896,0.022,0.997,0.68,0.905,0.347,0.923,0.051,0.909,0.15,0.044,0.997,0.864,0.011,0.686,1,0.009,0.004,0.76,0.979,0.685,1,0.062,0.993,0.994,1,0.951,0.999,0.097,0.118,1,0.688,0.92,0.821,0.864,0.051,0.125,0.299,0.958,0.259,1,0.979,0.531,0.981,0.075,0.175,0.956,0.668,0.998,0.917,0.266,0.039,0.055,0.014,0.01,0.999,0,0.923,0.883,0.001,0.602,0.019,1,0.014,0.638,0.007,0.986,1,0.058,0.958,0.522,0.828,0.14,0.993,0.055,0.333,0.572,0.962,0.946,1,0.227,0.381,0.89,0.999,0,0.008,0.845,0.901,0.844,0.9,0.001,0.009,0.408,0.385,0.011,0.001,0.162,0.989,0.995,0.94,0,0.951,0.862,0.963,0.633,0.012,0.819,0.202,0.63,0.017,0.991,0.041,1,1,1,0.85,0.985,0.942,0.058,1,0.569,0.916,0.404,0.811,0.206,0.996,0.659,0.897,0.013,0.13,0.84,1,0.001,0.801,0.899,0.013,0.496,0.289,0.842,0.298,0.054,0.008,0.111,0.996,0.023,0.187,0.802,0.488,0.999,0.979,0.687,0.289,0.997,0.258,0.005,0.552,0.914,0.981,0.995,0.026,0.998,0.999,0.322,0.998,0.965,1,0.999,0,0.151,0.993,0.683,0.993,0.64,0.838,0.412,0.899,0.487,0.06,0.048,0.022,0.87,0.984,0.006,0.446,0.678,0.422,0.19,0.713,0.784,0.529,0.943,0.977,0.604,0.502,0.491,0.748,0.982,0.295,0.073,0.143,0.24,0.859,0.364,0.818,0.996,0.997,0.714,0.864,0.1,0.43,0.979,0,0.627,0.755,0.687,0.014,0.996,0.566,0.92,0.987,0.532,0.997,0.735,0.159,1,0.008,0.01,0.006
0.265,0.996,0.042,0.995,0.792,0.745,0.81,1,0.798,0.259,1,0.12,0.946,0.975,0.049,0.013,0.984,1,0.572,0.045,0.031,0.063,0.819,0.404,0.399,0.658,0.99,0.205,0.993,0.958,0.182,0.577,1,1,0.944,0.951,0.936,0.111,0.565,0.948,0.996,0.449,0.996,0.916,0.991,0.046,0.576,0.977,0.435,0.061,0.623,0.42,0.993,0.007,0.544,0.93,0.354,0.597,0.991,0.905,0.998,1,0.723,1,0.994,0.997,1,0.992,0.003,0.931,1,0.645,0.173,0.514,0.034,0.01,0.995,0.171,0.708,0.888,0.078,0.79,0.44,1,0.144,0.924,0.043,0.919,0.945,0.993,0.989,0.992,1,0.736,0.054,0.998,0.085,0.999,0.001,0.786,0.372,1,0.103,0.908,0.013,0.995,0.999,0,0,0.998,0.903,0.73,0.013,1,1,0.492,0.02,1,1,1,0.863,0.977,0.214,0.16,0.039,0.615,0.18,0.329,0.017,0.843,0.08,0.441,0.289,0.666,0.048,0,0.944,0.564,0.93,0.424,0.353,0.977,0.997,0.585,0.285,0.993,0,0.049,0.946,0.995,1,0.972,0.256,0.99,0.957,0.998,0.995,0.998,0.2,0.001,0.891,0.819,0.962,0.25,0.163,0.172,0.778,0.982,0.139,0.139,1,0.585,0.608,0.638,0.741,0.809,0.373,0.994,0.424,0.985,0.578,0.694,0.113,0.899,0.773,0.577,0.994,0.507,0.599,0.754,0.758,0.389,0.05,0.605,0.004,0.005,0.965,0.979,0.999,1,0.946,0.143,0.977,0.417,0.988,0.994,0.856,0.116,0.846,0.206,0.858,0.821,0.006,0.516,0.925,0.968,0.307,0.226,0.963,0.922,0.944,0.966,0.932,0.721,0.989,0.226,0.921,0.792,0.016,1,0.961,0.885,0.978,0.269,0.907,0.645,0.808,0.875,0.556,0.287,0.583,0.146,0.472,0.593,0.839,0.708,0.646,0.773,0.93,0.214,1,0.684,0,0.235,0.691,0.14,0.056,0.585,0.03,0.953,0.999,0.995,0.84,0.923,0.707,0.766,0.664,0.958,0.109,0.864,0.793,0.759,0.087,0.995,0.34,0.995,0.014,0.006,0.988
0.031,0.997,0.199,0.973,0.087,0.986,0.778,0.373,0.906,0.986,0.19,1,0.484,0.967,0.87,0.595,0.22,1,0.444,0.002,0.739,0.058,0.192,0.877,0.381,0.263,0.046,0.027,0.99,0.027,0.928,0.693,0.028,0.062,0.647,0.971,0.457,0.964,0.994,0.626,0.996,0.761,0.997,0.763,0.996,0.05,0.522,0.964,0.91,0.136,0.972,0.986,0.994,0.016,0.854,0.908,0.875,0.163,0.625,0.865,0.924,1,0.998,0.1,0.032,0.94,0.78,0.996,0.985,0.842,1,0.651,0.994,0.95,0.035,0.995,0.988,1,0.889,0.868,0.167,0.998,0.574,1,0.056,0.01,0.999,0.133,0.004,0.829,0.031,0.121,0.967,0.534,0.987,0.975,0.39,0.999,0.967,0.406,0.948,1,0.028,0.006,0.01,0.994,0.988,0.844,0.919,0.978,0.97,0.683,0.998,0.216,0.998,0.532,0.995,0.989,0.156,0.44,0.016,0.972,0.991,0.285,0.787,0.94,0.691,0.745,0.984,0.942,0.774,0.762,0.285,0.516,0.158,0.046,0.931,0.976,0.988,0.958,0.597,0.946,0.998,0.589,0.683,0.009,0.951,0.219,1,0.017,0.365,0.104,0.832,1,0.821,1,0.011,0.287,0.193,0.262,0.964,0.992,0.876,0.893,1,1,0.762,0.076,0,0.85,0.221,0.591,0.281,0.619,0.642,1,0.95,0.017,0.849,0.447,0.886,0.877,1,0.892,0.999,0,0.939,0.809,0.023,0.735,0.032,0.986,0.805,0.023,0.007,0.99,0.257,0.979,0.987,0.999,0.034,0.882,0.965,0.997,0.669,0.054,0.465,0.793,0.011,0.993,0.075,0.025,0.976,0.051,0.958,0.001,0.402,0.769,0.962,0.349,0.998,0.118,0.998,0.65,0.429,1,0.036,0.746,0.047,0.995,0.909,0.875,0.978,0.995,0.63,0.66,0.977,0.997,0.989,0.589,0.562,0.278,0.863,0.607,0.799,0.836,0.994,0.073,0.018,0.947,0.875,0.091,0,0.037,0.896,0.698,0.111,0.667,0.161,0.945,0.314,0.013,0.033,0.383,0.947,0.483,0.629,1,0.097,0.748,1,0.963,1,0.013,0.783,1,0.995,0.003,0.999
0,0.007,0.19,0.008,0.185,0.905,0.968,1,0.709,0.999,1,1,0,0,0.057,0.995,0.074,0.032,0.664,0.005,0.89,1,0.841,0.894,0.646,0.665,1,0.988,0.01,0.966,0.997,0.315,0.98,1,1,0.993,0.48,0.032,0.775,0.149,0.011,0.948,0.995,0.628,0.997,0.969,0.135,0.637,0.771,0.051,0.289,0.994,0.01,0.995,0.728,0.93,1,0.302,0.045,0.556,0.026,1,0.999,0.981,0.249,0.998,0.816,0.995,0.95,0.171,0.632,0.779,0.113,0.974,0.814,0.933,0.989,1,0.994,0.74,0.147,0.887,0.702,0.181,0.993,0.308,1,0.994,0.959,0.014,1,0.084,0.992,1,1,0.978,0.974,0.035,0.977,1,0.281,0.221,0.033,0.015,0.081,0.01,0.06,0.005,0.919,0.117,0.907,0.727,0.017,0.405,0.019,0.475,0.008,1,0.145,0.215,0.057,0.976,0.37,0.998,0.994,0.04,0.588,0.702,0.958,0.001,0.475,0.803,0.351,0.843,0.945,0.271,0.862,0.823,0.064,0.671,0.075,0.001,0.007,0.404,0.938,0.006,0.002,0.957,1,0.007,0.127,0.941,0.674,0.377,0.997,0.987,0.008,0.994,1,0.692,0.94,0.995,0.948,0.995,1,1,0.029,0.052,0.955,0.28,1,0.687,0.999,0.671,0.697,0.252,0.989,0.354,0.494,0.014,0.307,0.317,1,0,0.991,0.895,0.87,0.973,0.985,0.79,1,0.22,0.727,0.011,0.996,0.98,0.102,0.995,0.998,0.361,0.971,0.469,0.969,0.993,0.131,0.041,1,0.847,0.987,0.995,0.412,0.435,0.61,1,0.984,0.959,0.282,0.421,0,0.276,0.99,0.401,0.376,0.559,0.992,0.781,0.925,0.001,0.995,1,0.839,0.01,0.932,0.09,0.6,0.809,0.466,0.844,0.012,0.296,0.496,0.44,0.821,0.581,0.912,0.506,0.996,0.983,0.188,1,0.888,0.628,0.875,0.581,0.737,0.511,0.217,0.742,0.097,0.695,0.454,0.127,0.981,0.991,0.685,0.789,0.679,0.998,0.875,0.75,0.834,0.369,0.607,0.993,0.876,0.192,0.868,0.005,0.009
0.005,0.997,0.894,0.017,0.953,0.901,0.982,1,0.967,0.423,1,0.107,0.106,0.048,0.082,0.996,0.732,0.028,0.989,0,0.007,0.177,0.417,0.897,0.901,0.668,0.462,0.003,0.994,0.945,0.975,0.732,0.038,0.134,0.524,0.014,0.532,0.919,0.654,0.233,0.032,0.326,0.988,0.95,0.026,0.829,0.74,0.977,0.968,0.998,0.914,0.976,0.991,0.993,0.901,0.949,0.998,0.193,0.454,0.064,0.028,0.095,0.998,0.335,0.028,0.537,0.03,0.18,0.004,0.977,0.689,0.741,0.339,0.284,0.79,0.998,1,0.161,0.032,0.874,0.08,0.369,0.697,0.229,0.117,0.004,0.035,0.14,0.021,0.98,0.026,0.351,0.052,0.24,0.049,0.879,0.5,0.076,0.153,0.996,0.482,0.996,0.033,0.995,0.202,0.996,0.978,0.044,0.928,0.981,0.318,0.744,0.027,0.763,0.012,0.482,0.572,0.249,0.979,1,0.008,0.981,0.729,0.819,0.015,0.027,0.781,0.121,0.008,0.941,0.999,0.97,0.886,0.378,0.907,0.003,0.546,0.374,0.519,0.634,0.058,0.975,0.997,0.197,0.993,0.987,0.971,0.642,1,0.998,1,0.979,0.9,0.997,0.078,1,0.995,1,0.946,0.658,0.039,0.509,0.969,0.239,0.576,0.17,0.894,1,0.946,0.03,0.156,0.706,0.239,0.329,0.606,0.932,0.493,0.851,0.339,0.992,0.354,0.511,0.204,0.901,0.266,0.882,0.013,0.981,1,0.587,0.017,0.999,0.071,0.019,0.012,0.167,1,0.979,0.847,0.233,0.913,0.212,0.96,0.998,0.883,0.005,0.893,0.682,0.982,0.028,0.198,0.993,0.011,0.083,0.13,0.957,0.669,0.017,0.003,0.852,0.996,0.96,0.976,0.595,0.866,0.556,0.382,0.54,0.996,0.999,0.913,0.377,0.001,0.991,0.876,0.547,0.89,0.42,0.017,0.993,0.834,0.996,0.843,0.595,0.881,0.572,0.319,0.636,0.982,1,0.972,0.185,0,0.94,0.748,0.98,0.916,0.761,0.079,0.928,0.979,0.996,0.22,0.999,0.714,0.906,0.657,0.996,0.176,0.984,1,0.785,1,0.995,0.658,0.191,0.011,0.989,0.012
0.96,0.677,0.465,0.007,0.983,0.249,0.079,0.866,0.647,0.997,0.183,0.117,0.662,0.836,0.909,0.998,0.288,0.033,0.671,0.992,0.656,0.084,0.045,0.449,0.789,0.658,0.994,0.586,0.994,0.968,0.317,0.652,0.872,0.139,0.828,0.415,0.614,0.964,0.397,0.956,0.446,0.431,0.207,0.974,0.998,0.09,0.469,0.976,0.885,0.821,0.984,0.991,0.996,0.011,0.67,0.953,1,0.003,0.99,0.91,0.861,0.048,0.999,0.334,0.996,0.125,0.036,0.235,0.007,0.653,0.119,0.753,1,0.974,1,0.015,0.449,0.735,0.801,0.854,0.99,0.675,0.945,0.938,0.161,0.086,0.044,0.997,0,0.969,0.99,1,1,0.997,1,0.996,0.794,0.999,0.043,0.307,0.181,0.219,1,0.99,0.991,0.005,0.905,0.838,0.297,0.994,0,0.689,0.991,0.979,0.998,0.49,0.007,0.29,1,0.122,0.873,0.932,0.977,0.996,0.214,0.921,0.101,0.797,0.015,0.904,0.274,0.138,0.203,0.947,0.998,0.902,0.9,0.896,1,0.799,0.946,0.002,0.013,0.778,0.995,0.991,0.691,0.941,0.987,0.997,0.147,0.965,0.067,0.99,0.622,1,0.994,0.994,1,0.435,0.937,0.988,0.937,0.998,0.138,1,0.006,1,0.95,0.999,0.153,0.559,0.922,0.714,0.84,0.202,0.122,0.878,0.189,0.995,0.325,0.868,0.084,0.908,0.959,0.892,0.003,0.966,0.991,0.958,0.115,0.226,0.287,0.769,0.007,0.988,0.158,0.948,0.999,0.218,0.987,0.402,0.11,0.011,0.996,0.96,0.853,0.92,0.009,0.01,0.732,0.782,0.013,0.073,0.921,0.174,0.12,0.935,0,0.686,0.998,0.03,1,0.552,0.947,0.183,0.558,0.008,0.995,1,0.945,0.872,0.98,0.038,0.404,0.469,0.75,0.53,0.93,0.097,0.538,0.937,0.957,0.579,0.988,0.613,0.989,0.968,0.914,0.064,1,0.315,0.865,0.563,0.563,0.989,1,0.545,0.89,0.046,0.569,0.163,0.977,0.998,0.581,0.86,0,0.017,0.81,0.326,1,0.767,1,0.997,0.132,0.245,0.999,0.002,0.012
0.018,0.995,0.049,0.986,0.898,0.412,1,0.995,0.974,0.997,0.176,0.12,0.017,0.832,0.056,0.999,0.939,1,0.604,0.005,0.256,0.994,0.832,0.891,0.846,0.622,1,0.857,0.01,0.971,0.479,0.773,0.995,1,0.644,0.01,0.451,0.962,0.618,0.67,0.998,1,0.997,0.349,0.01,0.832,0.57,0.978,0.387,0.014,0.135,0.99,0.989,0.058,0.762,0.945,1,0.136,0.87,0.12,0.814,0.96,0.997,0.829,0.925,0.013,0.999,0.021,0.002,0.473,0.09,0.743,0.406,0.037,0.532,0.442,0.996,0.45,0.449,0.902,0.925,1,0.998,0.114,0.958,0.035,0.035,0.133,0.936,0.972,0.999,1,0.994,0.264,0.043,0.061,0.813,1,0.969,0.984,0.048,0.992,0.043,0.989,0.513,0.992,0.998,0.851,0.562,0.997,0.943,0.679,0.995,0.949,0.876,0.502,0.994,0.995,0.169,0.878,0.926,0.677,1,0.892,0.01,0.946,0.781,0.365,0.771,0.941,1,0.236,0.428,0.954,0.881,0.821,0.49,0.076,0.961,0.973,0.055,0.966,0.995,0.36,0.725,0.01,0.965,0.307,0.728,0.996,1,0.769,0.198,0.302,0.999,0.048,0.994,0.992,0.183,0.663,0.015,0.994,0.926,1,1,1,0.009,0.075,0.95,0.227,0.17,0.619,0.358,0.262,0.692,0.664,0.726,0.877,0.358,0.627,0.554,0.908,0.235,0.34,0.996,0.898,0.996,1,0.135,0.682,0.021,0.931,0.788,0.081,0.009,0.017,0.078,0.999,0.011,0.998,0.122,0.396,0.974,0.025,0.218,0.033,0.813,0.842,0.992,0.011,0.018,0.96,0.012,0.057,0.861,0.963,0.073,0.469,0.967,0.447,0.02,0.105,1,0.626,0.637,1,0.887,0.42,0.997,0.047,0.832,0.881,0.782,0.108,0.982,0.802,0.799,0.335,0.007,0.37,0.591,0.233,0.999,0.613,0.934,0.625,0.234,0.006,0.976,0.662,0.84,0.815,0,0.042,0.609,0.744,0.484,0.56,0.638,0.958,0.351,0.005,0.668,0.906,0.615,0.912,0.003,0.068,0.966,0.944,0.999,0.28,0.099,0.993,0.16,0.171,0.988,0.025,0.993
0.924,1,0.793,0.986,0.817,0.84,0.508,0.06,0.61,0.999,0.209,0.225,0.931,0.001,0.087,0.318,0.114,1,0.599,0.989,0.064,0.074,0.838,0.895,0.766,0.694,0.049,0.985,0.994,0.836,0.822,0.374,0.214,0.067,0.947,0.993,0.567,0.957,0.7,0.128,0.997,0.342,0.842,0.481,0.994,0.036,0.649,0.973,0.853,0.995,0.37,0.008,0.362,0.998,0.963,0.848,0.221,0.005,0.998,0.892,0.123,0.999,1,0.993,0.96,1,0.047,0.974,0.986,0.729,0.804,0.739,1,0.826,1,0.096,0.953,0.141,0.596,0.893,0.189,1,0.603,1,0.896,0.913,1,0.128,0.266,0.99,0.022,0.225,0.052,0.593,0.995,0.058,0.54,1,0.962,1,0,0.998,1,0.214,0.013,0.996,0.991,0.317,0.919,0.019,0,0.784,0.016,0.959,0.998,0.45,0.978,1,0.168,0.995,0.033,0.003,0.98,0.788,0.008,0.893,0.797,0.808,0.971,0.085,0.056,0.963,0.536,0.8,0.198,0.899,0.939,0.957,0.886,0.57,0.979,0.014,0.01,0.922,0.28,0.006,0.112,0.189,1,0.995,0.999,0.965,0.746,0.985,0.586,1,0.028,0.405,0.214,0.001,0.63,0.996,0.136,0.295,0.163,1,0.64,0.472,0,0.125,0.169,0.808,0.983,0.283,0.889,0.212,0.133,0.884,0.711,0.996,0.558,0.873,1,0.038,0.997,0.907,0.279,0.932,0.996,0.611,0.995,0.999,0.405,0.003,0.991,0.007,0.916,0.117,0.999,1,0.991,0.554,0.944,0.023,1,0.089,0.241,0.004,0.053,0.051,0.017,0.975,0.006,0.064,0.926,0.957,0.945,0.21,0.966,0.141,0.998,0.951,0.357,0.593,0.711,0.527,0.877,0.855,0.015,0.043,0.443,0.873,0,0.981,0.633,0.649,0.607,1,0.006,0.993,0.528,0.959,0.156,0.556,0.531,0.584,0.48,0.024,0.978,1,0.892,0.875,0.865,0.034,0.889,0.012,0.937,0.468,0.313,0.608,0.761,0.694,0.985,0.938,0.864,0.879,0.104,0.444,0.868,0.689,1,0.674,0.043,0.971,0.999,0.198,0.761,0.013,0.995
0.505,0.102,0.638,0.995,0.812,0.877,0.998,0.99,0.624,0.505,1,0.999,0.932,0,0.773,0.015,0.808,0.992,0.895,0.992,0.432,0.057,0.315,0,0.68,0.679,0.047,0.007,0.992,0.001,0.819,0.092,1,0.075,0.856,0.009,0.743,0.97,0.841,0.964,0.995,0.344,0.997,0.996,0.009,0.04,0.676,0.978,0.36,0.024,1,0.033,0.008,0.015,0.65,0.066,1,0.075,0.996,0,0.999,0.999,0.998,0.303,0.024,0.332,0.584,0.994,0.904,0.779,0.953,0.666,0.118,0.012,0.717,0.998,0.969,0.981,0.999,0.871,0.865,0.394,0.261,0.999,0.391,0.006,0.999,0.999,0,0.018,0.19,0.081,0.045,0.197,0.116,0.999,0.977,1,0.895,0.246,0.954,0.286,1,0.018,0.07,0.013,0.536,0.841,0.921,0.987,0.001,0.753,0.077,0.982,0.013,0.48,0.007,0.933,1,0.773,0.867,0.979,1,0.153,0.996,0.949,0.707,0.999,0.955,0.947,0.109,0.094,0.953,0.18,0.997,0.904,0.928,0.791,0.04,0.603,1,0.969,0.647,0.238,0.877,0.995,0.963,0.939,0.182,0.997,0.998,0.964,0.58,0.904,1,0.068,0.995,0.989,0.174,0.686,0.996,0.495,0.957,0.604,0.131,1,0.481,0.088,0.003,0.478,1,0.613,0.909,0.295,0.771,0.919,0.779,0.992,0.326,0.999,0.71,0.692,0.993,0,0.712,0.068,0.008,0.819,0.033,0.708,0.022,0.949,0.767,0.992,0.997,0.992,0.895,0.073,0.999,1,0.92,0.779,0.001,0.092,0.081,0.994,0.994,0.895,0.032,0.008,0.878,0.997,0.51,1,0.586,0.967,0.116,0.047,0.001,0.478,0.998,0.856,0.371,0.56,0.036,0.19,0.92,0.814,0.04,0.048,0.963,0.883,0.119,0.991,0.957,0.533,0.459,0.53,0.007,0.119,0.806,0.766,0.066,0.63,0.721,0.545,0.04,0.004,0.965,0.072,0.156,0.128,0.861,0.684,0.639,0.998,0.17,0.757,0.679,0.929,0.854,0.995,0.981,0.848,0.66,0.735,0,0.12,0.966,0.599,0.232,0.425,0.991,0.496,0.536,0.187,0.999,0.855,0.995
0.941,0.997,0.123,0.008,1,0.309,0.903,0.997,0.648,0.997,0.999,0.916,0.651,0.971,0.39,0.997,0.909,0.042,0.655,0.989,0.012,1,0.817,0.907,0.374,0.613,0.077,0.118,0.991,0.667,0.885,0.887,0.048,1,0.524,0.01,0.676,0.692,0.977,0.843,0.998,0.983,0.006,0.477,0.008,0.997,0.163,0,0.617,0.997,0.257,0.081,0.088,0.372,0.668,0.737,0.487,0.968,0.017,0.898,0.058,0.05,1,0.067,0.974,0.017,0.986,0.459,0.003,0.755,0.927,0.958,0.134,0.954,0.999,0.996,0.519,1,0.681,0.862,0.142,0.324,0.403,1,0.968,0.005,1,0.196,0.955,0.158,0.534,1,0.106,0.997,1,0.996,0.95,0.998,0.97,0.18,0.953,0.998,1,0.993,0.137,0.995,0.029,0,0.922,0.012,0,0.983,0.055,0.976,0.999,0.473,0.07,0.247,0.99,0.99,0.134,0.979,0.998,0.998,0.022,0.406,0.557,0.914,0.96,0.939,1,0.457,0.077,0.963,0.843,0.882,0.004,0.776,0.979,0.758,0.999,0,0.985,0.406,0.993,0.006,0.965,0.074,0.98,0.008,1,0.02,0.28,0.516,0.024,0.054,0.996,1,0.942,0.003,0.073,0.008,0.824,0.515,1,1,0.22,0.215,0.003,1,0.176,0.684,0.994,0.578,0.791,0.999,0.965,0.642,0.38,0.855,0.177,0.428,0.998,0,0.979,0.905,0.327,1,0.944,0.675,0.991,0.895,0.794,0.096,0.987,0.005,0.264,0.795,0.886,0.242,0.773,0.582,0,0.009,0.751,0.011,0.528,0.892,0.013,0.009,0.804,0.041,0.995,1,0.735,0.965,0.401,0.216,0.959,0.323,0.754,0.921,0.98,0.618,0.346,0.24,0.559,0.783,0.008,0.999,0.061,0.879,0.969,0.992,0.515,0.683,0.56,0.97,0.995,0.447,0.621,0.011,0.785,0.631,0.526,0.582,0.993,0.993,0.005,1,0.179,0.342,0.844,0.104,0.623,0.915,0.819,0.476,0.629,0.907,0.462,0.989,0.936,0.477,0.709,0.567,0.055,0.013,0.881,0.617,0.218,0.346,0.273,0.011,0.151,0.199,0.644,0.006,0.01
0.942,0.997,0.105,0.995,0.351,0.935,0.139,0.092,0.85,0.014,1,0.763,0,0,0.094,0.996,0.625,0.026,0.678,0.003,0.928,0.058,0.77,0.884,0.626,0.673,0.048,0.691,0.008,0.168,0.025,0.21,0.999,0.069,0.831,0.993,0.598,0.743,0.998,0.955,0.01,0.775,0.995,0.856,0.013,0.857,0.352,0,0.943,0.39,1,0.377,0.008,0.995,0.991,0.795,0.906,0.069,0.013,0.903,0.091,1,0.019,0.984,0.009,0.997,0.036,0.017,0.006,0.612,0.155,0.8,0.963,0.059,0.087,0.995,1,0.572,0.202,0.666,0.106,0.551,0.975,1,0.678,0.76,0.032,0.129,0.715,0.012,0.714,0.209,1,0.587,0.989,1,0.458,1,0.001,1,0,0.226,0.035,0.992,0.982,0.997,0.029,0.822,0.914,0.008,0.971,0.76,0.515,0.071,0.77,0.569,0.009,0.237,0.289,0.589,0.808,0.969,0.399,0.234,0.011,0.284,0.392,0.573,0.03,0.928,0.999,0.953,0.812,0.288,0.492,0.872,0.881,0.972,1,0.686,0.996,0,0.35,0.509,0.978,0.996,0,0.013,0.391,0.008,0.137,0.043,0.711,0.355,0.997,0.059,0.007,0.819,0.998,0.565,0.997,0.999,0.96,0.835,0.992,1,0.991,1,0.95,0.022,1,0.541,0.963,0.829,0.685,0.437,1,0.359,0.941,0.992,0.573,0.635,0.088,0.709,0.038,0,0.003,0.859,0.986,0.872,0.104,0.932,0.643,0.941,0.013,0.441,0.903,0.273,0.174,0.232,0.009,0.7,0.193,0.995,0.103,0.996,0.429,0.92,0.982,0.014,0.904,0.274,0.991,0.691,0.297,0.001,0.998,0.017,0.615,0.969,1,0.967,0.712,0.597,0.153,0.99,0.817,0.067,0.037,0.997,0.842,0.012,0,0.993,0.968,0.622,0.807,0.472,0.013,0.858,0.691,0.923,0.789,0.58,0.539,0.525,0.992,0.034,0.203,0.058,0.163,0.878,0.795,0.172,0.569,0.769,0.86,0.717,0.684,0.941,0.613,0.012,0.654,0.698,0.661,0.551,0,0.321,0.7,0.69,1,0.586,0.055,0.995,0.145,0.194,0.053,0.975,0.009
0.777,0.997,0.028,0.997,0.897,0.475,0.993,0.996,0.693,0.017,1,1,0.067,0.963,0.055,0.996,1,0.03,0.884,0.849,0.452,0.064,0.837,0.893,0.379,0.661,0.053,0.039,0.991,0,0.998,0.754,0.856,1,0.427,0.994,0.703,0.48,0.92,0.952,0.012,0.936,0.999,0.69,0.004,1,0.341,0.005,0.996,0.999,0.127,0.974,0.004,0.997,0.717,0.051,1,0.748,0.909,0,0.034,0.053,0.999,1,0.994,0.013,0.04,0.994,0.938,0.96,0.732,0.649,0.287,0.06,0.974,0.013,1,0.993,0.108,0.684,1,0.311,0.621,0.807,0.815,0.011,1,0.183,0.005,0.009,0.037,0.081,0.999,0.309,0.865,0.071,0.708,0.029,0.973,0.338,0.954,0.994,1,0.994,0.956,0.991,1,0.542,0.091,0.703,0.001,0.924,0.996,0.997,0.994,0.534,0.013,0.955,1,0.23,0.165,0.982,0.97,0.31,0.011,0.76,0.576,0.431,0.971,0.935,0.886,0.405,0.405,0.865,0.595,0,0.96,0.91,0.041,0.923,1,0,0.992,0.773,0.96,0.005,0,0.154,0.177,0.009,0.127,0.052,0.97,0.853,0.022,0.999,0.983,0.968,1,0.252,0.019,0.022,0.013,0.536,1,1,0.013,0.062,0,0.355,0.155,0.747,1,0.525,0.654,0.269,0.238,0.714,0.778,0.996,0.26,0.809,0.105,0.9,0.989,0.879,0.984,0.843,0.993,0.604,0.036,0.322,0.421,0.367,0.995,0.994,0.893,0.324,0.02,0.252,0.996,0.777,0.959,0.012,0.427,0.996,0.869,0.011,0.995,0.944,0.909,0.946,0.973,0.21,0.874,0.97,0.988,0.955,0.979,0.843,0.013,0.395,0.763,0.611,0.417,0.966,0.795,0.868,0.998,0.046,0.917,0.854,0.002,0.006,0.343,0.57,0.835,0.731,0.012,0.686,0.517,0.995,0.837,0.526,0.519,0.528,0.992,0.036,0.313,1,0.245,0.092,0.852,0.939,0.574,0.993,0.087,0.609,0.272,0.069,0.836,0.51,0.972,0.701,0.728,0.516,0.005,0.866,0.913,0.397,1,0.253,1,0.995,0.948,0.239,0.965,0.988,0.992
0.954,0.015,0.865,0.015,0.797,0.997,0.434,1,0.698,0.236,1,0.145,0.889,0,0.068,0.512,0.939,0.034,0.567,0.98,0.002,1,0.836,0.91,0.491,0.644,0.86,0.274,0.014,0.968,0.987,0.605,0.135,1,0.995,0.722,0.486,0.924,0.665,0.948,0.997,0.392,0.366,0.538,0.992,0.922,0.058,0.982,0.467,0.021,1,0.005,0.012,0.994,0.572,0.073,1,0.158,0.01,0.881,0.042,0.047,0.02,0.911,0.032,0.997,0.036,0.891,0.178,0.274,0.812,0.743,0.519,0.055,0.047,0.993,0.672,1,0.994,0.824,0.99,1,0.895,1,0.704,0.992,0.363,0.853,0,0.989,0.932,1,1,0.866,0.986,0.99,0.93,0.024,0.948,0.18,0.937,1,0.176,0.072,0.013,0.012,0.223,0.851,0.92,0.993,0.967,0.817,0.997,0.974,0.995,0.439,0.989,0.744,0.978,0.053,0.021,0.947,0.974,0.163,0.994,0.954,0.215,0.646,0.092,0.005,1,0.326,0.143,0.377,0.995,0.731,0.942,0.422,0.994,0.971,0.064,0.001,0.994,0.62,0.989,0.994,0.002,0.647,1,0.032,1,0.093,0.077,0.934,0.987,1,0.995,1,0.447,0.119,0.09,0.316,0.959,0.791,1,1,0.975,0.091,0.014,0.104,1,0.655,1,0.602,0.976,0.867,0.118,0.412,0.24,0.006,0.505,0.629,0.092,0,0.998,0,0.008,0.49,0.038,0.629,1,0.066,0.297,0.009,0.007,0.264,0.994,0.705,0.996,0.295,0.602,0.69,0.97,0.041,0.092,0.284,0.999,0.907,0.893,0.009,0.59,0.978,0.995,0.263,0.556,0.964,0.166,0.71,0,0.362,0.014,0.005,0.791,0.602,0.949,0.421,0.843,0.752,0.992,0.026,0.002,0,0.97,0.992,0.736,0.586,0.438,0.249,0.01,0.693,0.538,0.999,0.764,0.595,0.853,0.574,0.972,0.988,0.247,0.455,0.468,0.309,0.848,0.28,0.577,0.997,1,0.9,0.06,0.506,0.649,0.017,0.002,0.586,0.711,0.749,0.646,0.01,0.825,0.706,1,0.726,0.207,0.014,0.976,0.197,0.007,0.004,0.005
0.004,0.044,0.659,0.02,0.402,0.48,0.11,0.999,0.669,0.999,1,0.43,0.001,0.608,0.769,0.996,0.465,0.028,0.713,0.981,0.854,0.058,0.004,0.823,0.496,0.024,0.442,0.996,0.013,0.813,0.994,0.884,0.044,1,0.829,0.006,0.631,0.902,0.663,0.676,0.995,0.914,0.999,0.462,0.012,0.032,0.095,0.976,0.743,0.998,0.249,0.993,0.006,0.013,0.834,0.345,0.188,0.92,0.993,0.913,0.052,1,0.03,0.958,0.9,0.988,0.24,0.997,0.005,0.495,0.789,0.775,0.994,0.977,0.26,0.015,0.957,0.697,0.887,0.351,0.545,0.382,0.716,0.997,0.089,0.006,1,0.168,0.953,0.986,0.999,1,0.664,0.907,1,1,0.884,0.833,0,0.932,0.952,0.556,0.999,0.996,0.49,0.994,0.97,0.293,0,0.405,0,0.514,0.022,0.991,0.995,0.425,0.009,0.882,0.166,0.888,0.828,0.983,0.224,0.809,0.015,0.213,0.407,0.831,0,0.179,0.985,0.804,0.562,0.956,0.998,0.652,0.528,0.234,0.18,0.77,0.059,0,0.026,0.481,0.319,0.994,0.001,0.017,0.33,0.011,1,0.655,0.858,0.47,0.975,0.061,0.196,0.076,0.517,0.66,0.784,0.003,0.957,1,0.213,0.157,0.047,0.082,0.961,0.084,0.159,0.614,0.916,0.546,0.664,1,0.846,0.033,0.718,0.996,0.606,0.651,0.09,0,0.948,0.782,0.534,0.954,0.997,0.628,0.999,0.718,0.303,0.034,0.006,0.991,0.653,0.132,0.999,1,0.011,0.784,0.011,0.997,0.275,0.016,0.753,0,0.274,0.996,0.906,0.031,0.01,1,0.99,0.004,0.171,0.285,0.972,0.914,0.015,0.021,0.445,0.682,0.992,0.733,0.908,0.375,0.022,1,0.898,0.884,0.975,0.992,0.717,0.641,0.916,0.283,0.969,0.856,0.746,0.597,0.697,0.695,0.881,0.522,0.978,0.003,0.446,0.062,0.272,0.404,0,0.937,0.673,0.682,0.34,0.483,0.57,0.941,0.94,0.006,0.011,1,0.951,0.597,0.681,0.998,0.737,0.739,0.994,0.284,0.031,0.012,1,0.171,0.992,0.007,0.989
0.954,0.011,0.014,0.005,0.734,0.321,0.059,1,0.565,0.997,1,0.135,0,0,0.074,0.99,0.987,0.058,0.968,0.985,0.923,0.062,0.792,0.908,0.882,0.02,0.719,0.003,0.006,0.965,0.161,0.799,1,0.995,0.928,0.01,0.709,0.96,0.42,0.4,0.008,0.367,0.996,0.882,0.982,0.044,0.714,0.984,0.539,0.01,1,0.05,0.208,0.998,0.382,0.919,1,0.772,0.008,0.829,0.49,0.033,0.999,0.999,0.014,0.058,0.999,0.997,0.006,0.138,0.21,0.796,0.891,0.265,0.996,0.007,0.993,0.991,0.94,0.895,0.068,1,0.779,0.989,0.392,0.007,0.043,0.895,0.003,0.011,0.987,1,1,0.266,0.087,1,0.486,0.305,0,0.338,0.896,0.999,1,0.995,0.139,0.988,0.038,0,0.923,0.995,0.779,0.584,0.062,0.842,0.999,0.524,0.988,0.381,1,0.999,0.28,0.973,0.204,1,0.04,0.78,0.749,0.339,0.143,0.099,1,0.086,0.971,0.834,0.992,0.892,0.952,0.834,0.047,0.527,0.137,0.975,0.996,0.84,0.14,0.011,0.955,0.28,0.484,0.012,1,0.965,0.401,1,0.95,0.995,0.994,0.065,1,0.695,0.022,0.044,0.949,0.286,0.987,0.333,0.059,1,0.958,0.964,1,0.654,0.55,0.417,0.703,0.957,0.781,0.017,0.863,0.003,0.135,0.403,1,0.017,0.017,0.894,0.901,0.999,0.019,0.963,0.999,0.054,0.354,0.053,0.995,0.986,0.987,0.94,0.02,0.992,0.442,0.309,0.366,0.994,0.909,0.085,0.698,0.857,0.589,0.013,0.077,0.725,0.994,0.992,0.34,0.959,0.934,0.991,0.97,0.154,0.409,0.924,0.486,0.72,0.606,0.996,0.389,0.007,0.009,0.689,0.961,0.482,0.962,0.991,0.491,0.494,0.473,0.984,0.004,0.395,0.566,0.999,1,0.582,0.763,0.598,0.967,0.006,0.744,1,0.777,0.078,0.871,0.213,0.771,0.616,0.997,0.482,0.717,0.878,0.437,0.997,0.95,0.898,0.711,0.649,0,0.016,0.378,0.581,1,0.475,0.781,0.996,0.829,0.416,0.105,0.755,0.994
0.492,0.837,0.338,0.005,0.394,0.816,0.339,0.474,0.696,0.996,0.389,0.335,0.946,0.151,0.047,0.997,0.257,0.035,0.731,0.991,0.867,0.077,0.863,0,0.411,0.676,0.055,0.951,0.013,0.96,0.88,0.723,1,0.109,0.998,0.005,0.726,0.895,0.648,0.366,0.996,0.482,0.996,0.517,0.093,0.985,0.709,0.341,0.939,0.202,0.695,0.996,0.993,0.997,0.828,0.937,0.995,0.041,0.578,0.898,0.302,0.995,0.018,0.987,0.728,0.996,0.065,0.999,0.01,0.674,1,0.753,0.111,0.679,0.986,0.163,0.482,0.507,0.903,0.888,0.682,0.961,0.224,0.394,0.48,0.011,0.03,0.989,0.024,0.016,0.958,0.081,0.05,0.804,0.561,0.972,0.98,0.023,0.001,0.172,0.741,0.454,0.051,0.009,0.994,0.993,0.053,0.855,0.923,0.995,0.966,0.794,0.028,1,0.997,0.435,0.012,0.998,0.158,0.927,0.979,0.327,0.993,0.12,0.014,0.394,0.856,0.762,0.011,0.931,1,0.752,0.938,0.824,0.716,0.887,0.019,0.121,1,0.474,0.098,0.974,0.097,0.552,0.97,0.007,0,0.012,0.18,0.992,0.967,0.197,0.883,0.673,0.866,0.851,0.005,0.062,0.902,0.647,0.03,0.994,0.949,0.881,1,1,0.007,0.928,0.904,0.994,0.146,0.622,0.256,0.726,0.785,0.9,0.153,0.99,0.63,0.009,0.304,0.276,1,0,0.997,0.91,0.989,0.795,0.907,0.941,0.417,0.813,0.245,0.781,0.009,0.987,1,0.147,0.999,0.971,0.992,0.556,0.04,0.998,1,0.994,0.999,0.081,0.012,0.01,0.232,0.997,0.991,0.943,0.462,0.962,0.993,0.011,0,0.134,0.195,0.926,0.81,0.606,0.994,0.987,0.35,0.338,0.994,1,0.723,0.871,0.981,0.976,0.997,0.78,0.483,0.99,0.979,0.93,0.524,0.997,0.541,0.758,0.638,0.576,0.989,0.006,0.993,0.054,0.15,0.295,0.863,0.141,0.712,0.011,0.602,0.763,0.897,0.943,0.81,0.005,0.338,0.858,0.69,0.634,0.034,0.998,0.842,0.274,0.223,0.396,1,0.998,0.716,0.411,0.052,0.501,0.011
0.942,0.994,0.224,0.995,0.157,1,1,0.692,0.778,0.039,0.999,0.544,0.013,0.97,0.821,0.01,0.047,0.041,0.771,0.978,0.929,0.071,0.838,0.89,0.575,0.68,1,0.966,0.994,0.951,0.026,0.17,0.038,0.228,0.699,0.993,0.544,0.847,0.907,0.62,0.009,0.975,0.997,0.487,0.008,0.049,0.401,0.002,0.908,0.984,0.968,0.011,0.011,0.996,0.388,0.619,0.212,0.088,0.102,0.536,0.937,1,0.533,0.995,0.915,0.997,0.672,0.934,0.003,0.8,0.808,0.682,1,0.967,1,0.016,0.678,1,0.798,0.294,0.077,0.88,0.432,0.997,0.197,0.893,0.077,0.458,0,0.997,0.981,0.352,0.135,1,0.058,0.067,0.771,0.948,0.973,0.203,0.951,0.999,0.03,0.009,0.156,0.18,0.154,0,0.01,0.994,0.971,0.708,0.211,0.078,0.997,0.591,0.028,0.272,0.178,0.049,0.337,0.963,1,0.188,0.989,0.902,0.5,0.971,0.963,0.003,0.41,0.209,0.9,0.937,0.213,0.881,0.939,0.386,0.546,0.813,0.979,0,0.009,0.743,0.222,0.022,0.237,0.454,0.987,0.02,0.103,0.803,0.854,0.457,0.996,0.099,0.994,1,0.199,0.139,0.07,0.965,0.962,0.896,1,1,0.007,0.993,0,0.025,0.881,0.604,0.795,0.667,0.798,0.874,0.143,0.161,0.14,0.017,0.353,0.837,0.986,0,0.013,0.923,0.008,0.556,0.99,0.638,0.979,1,0.06,0.811,0.913,0.985,0.097,0.217,0.999,0.999,0.006,0.155,0.968,0.996,0.998,0.99,0.592,0.005,0.528,0.993,0.787,0.986,0.902,0.241,0.893,0.555,0.937,0.898,0.974,0.268,0.999,0.595,0.318,0.761,0.042,1,0.509,0.671,0.995,1,0.968,0.014,0.001,0.006,0.848,0.502,0.493,0.994,0.984,0.573,0.533,0.28,0.696,0.532,0.598,0.585,0.73,0.117,0.975,0.693,1,0.14,0,0.346,0.611,0.01,0.064,0.964,0.538,0.485,1,0.992,0.979,0.369,0.701,0.792,0.442,0.994,0.814,0.538,0.213,0.286,1,0.997,0.84,1,0.029,0.974,0.993
0.001,0.996,0.616,0.006,0.207,0.937,0.914,0.818,0.576,0.013,1,0.113,0.944,0.111,0.894,0.006,0.374,1,0.75,0.986,0.083,0.059,0.044,0.884,0.637,0.114,0.094,0.951,0.013,0.001,0.965,0.859,0.101,0.11,0.695,0.99,0.645,0.542,0.655,0.824,0.995,0.906,0.012,0.53,0.991,0.319,0.759,0.978,0.926,0.971,0.46,0.98,0.976,0.999,0.35,0.607,0.998,0.736,0.075,0.047,0.035,1,0.999,0.999,0.008,0.009,1,0.997,0.005,0.731,0.979,0.931,0.53,0.804,0.042,0.998,0.627,0.973,0.141,0.002,0.789,1,0.372,1,0.734,0.008,0.999,0.139,0,0.073,0.028,0.081,0.048,0.846,1,0.073,0.778,0.827,0.959,0.95,0.473,0.979,0.042,0.991,0.998,0.007,0.999,0,0.001,0.989,0.398,0.518,0.997,0.888,1,0.509,0.016,1,0.211,1,0.028,0.974,0.817,0.882,0.995,0.495,0.711,0.077,0.983,0.943,0.999,0.061,0.376,0.292,0.993,0.885,0.191,0.615,0.046,0.469,0.197,0.967,0.019,0.29,0.008,0.995,0,0.952,0.704,0.998,0.104,0.021,0.193,0.988,0.033,0.061,0.996,0.733,0.984,0.112,0.069,0.968,0.375,0.347,0.144,1,0.785,0.074,0.948,0.998,1,0.679,0.499,0.309,0.749,0.996,0.899,0.488,0.421,0.558,0.231,0.801,1,0.893,0.826,0,0.003,1,0.998,0.6,0.019,0.068,0.81,0.884,0.01,0.01,0.082,0.999,0.999,1,0.142,0.482,0.889,0.997,0.989,0.016,0.982,0.045,0.993,0.992,0.407,0.071,0.996,0.062,0.993,0.957,0.424,0.996,0.978,0.998,0.059,0.898,0.792,0.658,0.016,0.258,0.012,0.858,0.087,0.039,0.926,0.866,0.275,0.008,0.991,0.502,0.538,0.768,0.008,0.774,0.567,0.973,0.309,0.65,0.566,0.618,0.977,0.986,0.984,1,0.816,0.809,0,0.224,0.844,0.018,0.081,0.502,0.807,0.942,0.763,0.991,0.003,0.816,0.671,0.699,0,0.699,0.444,0.949,1,0.871,1,0.999,0.13,1,0.713,0.985,0.992
0.201,0.992,0.117,0.996,0.918,0.528,1,1,0.876,0.999,0.978,0.801,0.937,0.956,0.145,0.386,0.92,0.044,0.921,0.005,0.828,0.993,0.719,0.804,0.551,0.626,0.051,0.007,0.991,0.003,0.997,0.838,0.372,0.999,0.965,0.996,0.657,0.892,0.478,0.776,0.005,0.528,0.997,0.824,0.99,0.995,0.601,0,0.834,0.025,0.166,0.732,0.92,0.996,0.472,0.934,0.219,0.177,0.996,0.253,0.029,0.086,0.996,0.998,0.916,0.994,0.057,0.024,0.015,0.961,0.847,0.675,1,0.613,0.99,0.999,0.746,0.355,0.187,0.896,0.87,0.982,0.773,0.128,0.922,0.836,0.036,0.989,0.938,0.99,0.957,0.225,0.062,0.964,1,0.076,0.791,1,0,0.913,0.706,0.708,0.036,0.992,0.108,0.005,0.992,0,0.911,0.055,0.971,0.686,0.998,0.112,0.999,0.527,0.111,1,1,1,0.62,0.962,1,0.493,0.118,0.943,0.166,0.988,0.944,0.729,0.991,0.919,0.037,0.901,0.652,0.88,0.236,0.372,0.073,0.964,1,0.969,0.998,0.427,0.981,0.009,0.024,0.893,1,0.997,0.709,0.026,0.933,0.5,0.998,0.046,0.384,0.997,0.215,0.644,0.988,0.006,0.006,0.254,0.141,1,0.406,0.08,0.534,0.994,0.149,0.607,1,0.62,0.875,0.851,0.366,0.546,0.085,0.014,0.148,0.58,0.092,0.898,0.867,0.004,0.994,0.473,0.022,0.633,0.99,1,0.141,0.128,0.996,0.993,0.08,0.164,0.998,0.233,0.006,0.448,0.966,0.173,0.991,0.011,1,0.005,0.981,0.992,0.677,0.968,0.074,1,0.678,0.962,0.465,0.377,0.602,0.903,0.994,0.936,0.927,0.691,0.359,0.2,0.922,0.843,0.988,0.999,0.724,0.884,0.982,0.993,0.923,0.629,0.966,0.707,0.996,0.427,0.634,0.96,0.703,0.566,0.999,0.544,0.984,0.002,0.966,0.999,0.727,0.044,0,0.139,0.822,0.008,0.082,0.825,0.809,0.938,0.806,0.995,0.001,0.999,0.593,0.982,0.677,0.017,0.948,0.711,0.228,0.263,0.092,0.011,0.914,1,0.993,0.991,0.995
0.901,0.013,0.426,0.014,0.79,0.878,0.982,0.998,0.837,0.998,1,0.29,0.924,0.04,0.866,0.015,0.961,1,0.494,0.001,0.244,1,0.696,0.905,0.511,0.553,0.042,0.974,0.008,0.946,0.922,0.654,1,0.074,0.59,0.008,0.541,0.334,0.659,0.568,0.006,1,0.007,0.627,0.99,0.058,0.185,0.976,0.581,0.98,1,0.866,0.991,0.997,0.657,0.919,0.217,0.754,0.996,0.361,0.758,0.042,0.985,0.243,0.008,0.437,1,0.971,0.007,0.156,1,0.651,0.155,0.973,0.076,0.996,0.999,0.154,0.088,0.875,0.249,0.983,0.438,0.144,0.171,0.993,0.038,0.904,0,0.084,0.024,0.069,0.997,0.915,0.226,0.996,0.953,1,0.956,0.962,0.001,0.449,0.045,0.009,0.982,0.003,0.972,0.039,0.924,0.999,0.249,0.539,0.997,1,0.095,0.597,0.996,0.406,1,0.509,0.102,0.752,0.196,0.98,0.998,0.46,0.249,0.125,0.96,0.863,0.997,0.475,0.937,0.929,0.242,0.803,0.937,0.97,0.064,0.474,0.063,0.966,0.996,0.555,0.774,0.013,0.001,0.828,0.838,0.011,1,0.077,0.912,0.289,0.742,0.165,0.011,0.073,0.187,0.688,0.843,0.006,0.01,0.99,0.317,0.878,0.843,0.079,0,0.676,1,0.658,1,0.279,0.843,0.935,0.76,0.996,0.841,0.99,0.603,0.594,1,0,0.988,0.889,0.99,1,0.993,0.897,0.133,0.989,0.76,0.918,0.518,0.01,0.728,0.089,0.986,0.898,0.822,0.357,0.008,0.011,1,0.994,0.896,0.93,0.048,0.994,0.466,0.977,0.989,0.039,0.941,0.964,0.989,0.658,0.005,0.728,0.997,0.542,0.922,0.761,0.856,1,0.885,0.729,0.994,1,0.015,0.853,0.982,0.995,0.741,0.577,0.688,0.815,0.351,0.221,0.479,0.913,0.252,0.606,0.561,0.526,0.993,0.954,0.829,1,0.297,0.827,0,0.934,0.73,0.667,0.204,0.483,0.902,0.698,0.928,0.006,0.861,0.407,0.798,0.602,0.354,0.14,0.897,0.719,0.273,0.274,0.052,0.987,0.794,1,0.993,0.018,0.994
0.127,0.298,0.024,0.996,0.985,0.522,0.902,1,0.655,0.998,0.176,0.998,0.092,0.887,0.969,0.011,1,1,0.528,0.989,0.005,1,0.006,0.422,0.528,0.688,0.716,0.096,0.798,0.001,0.995,0.056,0.382,0.087,0.8,0.983,0.464,0.018,0.742,0.841,0.993,0.328,0.538,0.359,0.004,0.042,0.649,0.976,0.944,0.996,0.141,0.638,0.005,0.883,0.62,0.175,0.186,0.738,0.974,0.872,1,1,0.997,1,0.97,0.131,0.145,0.991,0.004,0.527,0.983,0.903,0.831,0.006,1,0.207,0.857,0.665,0.916,0.867,0.07,1,0.748,0.132,0.301,0.984,0.911,0.728,0.949,0.277,0.972,0.081,0.944,0.925,0.999,0.071,0.202,1,0.959,0.234,0.941,0.998,0.069,0.011,0.009,0.992,0.033,0.868,0.715,0.997,0.109,0.507,0.08,1,0.999,0.542,0.995,0.276,0.168,0.98,0.714,0.971,0.918,0.153,0.997,0.298,0.849,0.948,0.332,0.441,0.993,0.526,0.838,0.845,0.885,0.138,0.943,0.322,0.833,0.652,0.941,0,0.016,0.484,0.429,0.007,0.015,0.949,0.999,0.995,1,0.957,0.088,0.422,0.1,0.057,0.012,0.055,0.198,0.245,0.982,0.051,0.049,0.272,1,0.193,0.165,1,0.945,0.175,0.321,0.638,0.794,0.525,0.589,0.925,0.121,0.022,0.168,0.994,0.828,0.707,0.117,0.892,0.996,0,0.99,1,0.026,0.693,0.034,0.999,0.675,0.658,0.994,0.992,0.985,0.827,0.998,1,0.006,0.662,0.007,0.007,0.81,0.991,1,0.001,0.998,0.007,0.823,0.895,0.996,0.047,0.991,0.018,0.712,0.969,0.941,0.471,0.014,0.964,0.402,0.617,0.542,0.904,0.328,0.804,0.009,1,0.94,0.873,0.002,0.994,1,0.554,0.444,0.184,0.008,0.804,0.562,0.998,0.104,0.597,0.872,0.524,0.007,0.01,0.006,0.998,1,0.51,0.001,0.028,0.635,0.008,0.075,0.748,0.755,0.739,0.838,0.998,0.008,0.895,0.598,0.588,0.652,0.027,0.312,0.473,0.201,0.999,0.999,0.011,1,0.998,0.01,0.04,0.263
0.953,0.014,0.887,0.997,0.088,0.858,0.864,0.066,0.591,0.997,0.388,1,0.906,0.964,0.086,0.012,0.979,1,0.808,0.001,0.911,0.054,0.737,0,0.643,0.035,1,0.943,0.006,0.955,0.319,0.532,0.548,1,0.844,0.167,0.502,0.76,0.567,0.959,0.015,0.428,0.996,0.997,0.837,0.041,0.746,0.978,0.327,0.981,0.23,0.978,0.981,0.997,0.471,0.356,1,0.131,0.013,0.02,0.979,0.094,0.998,0.992,0.01,0.013,0.987,0.998,0.078,0.96,0.272,0.686,0.882,0.025,1,0.998,0.464,0.963,0.973,0.021,0.288,0.342,0.606,1,0.385,0.009,0.038,0.986,0,0.996,0.999,0.995,0.029,0.486,0.05,0.084,0.786,0.521,0,0.993,0.919,0.995,0.036,0.994,0.573,0.994,0.439,0.843,0.925,0.653,0.97,0.853,0.998,0.834,0.998,0.63,0.22,1,0.693,0.994,0.054,0.001,0.208,0.968,0.996,0.334,0.07,0.184,0.293,0.006,0.056,0.626,0.924,0.937,0.945,0.884,0.799,0.052,0.99,0.601,0.367,0.974,0.077,0.485,0.936,0.007,0,0.917,0.2,0.994,1,0.965,0.837,0.832,0.996,0.074,0.007,0.785,0.998,0.614,0.096,0.014,0.965,0.274,0.137,0.551,0.006,0.909,0.526,0.205,0.271,0.708,0.985,0.353,0.662,1,0.675,0.33,0.815,0.013,0.132,0.492,0.187,0.909,0.494,0.918,0.971,1,0.117,0.89,0.994,0.052,0.152,0.079,0.011,0.006,0.135,1,0.999,0.355,0.036,0.693,0.973,0.992,0.108,0.055,0.417,0.895,0.816,0.988,0.866,0.895,0.009,0.181,0.993,0.515,0.095,0.982,0.001,0.893,0.074,0.826,0.268,0.553,0.209,0.999,0.792,0.039,0.357,0.054,0,0.75,0.968,0.997,0.628,0.513,0.991,0.322,0.981,0.988,0.615,0.02,0.089,0.69,1,0.783,0.007,0.093,0.018,1,0.424,0.84,0.07,0.822,0.698,0.141,1,0.692,0.852,0.951,0.945,0.01,0.791,0.912,0.688,0.71,0.648,0.952,0.958,0.733,1,0.807,0.995,0.996,0.348,1,0.955,0.282,0.997
0.957,0.999,0.902,0.992,0.888,0.241,0.885,1,0.676,0.771,0.184,0.161,0.001,0.956,0.958,0.008,0.999,0.041,0.987,0.002,0.012,1,0.82,0.898,0.629,0.005,0.043,0.986,0.192,0.969,0.996,0.709,0.255,1,0.482,0.995,0.552,0.856,0.563,0.427,0.992,0.456,1,0.877,0.023,1,0.695,0.864,0.846,0.009,0.14,0.996,0.988,0.011,0.381,0.94,1,0.335,0.906,0,0.696,0.918,0.997,1,0.973,0.997,0.076,0.999,0.38,0.633,0.725,0.746,0.111,0.904,0.082,0.997,0.987,0.133,0.945,0.792,0.079,0.508,0.288,0.996,0.464,0.007,0.039,1,0.943,0.026,0.151,1,0.058,0.385,0.042,0.28,0.884,0.688,0.001,0.38,0.947,0.483,0.999,0.997,0.996,0.932,0.999,0.857,0,0.999,0.001,0.63,0.028,0.144,0.996,0.506,0.975,0.263,0.154,1,0.948,0.977,1,0.169,0.052,0.934,0.419,0.119,0.034,0.945,1,0.874,0.095,0.846,0.842,0.89,0.958,0.979,0.998,0.55,0.997,0.966,0.017,0.509,0.974,0.995,0.97,0.823,0.189,0.012,0.127,0.014,0.35,0.884,0.291,1,0.998,1,0.995,0.647,0.257,0.5,0.94,0.877,0.277,0.167,0.068,0.827,0.964,0.02,0.162,0.679,0.955,0.893,0.697,0.965,0.11,0.191,0.069,0.012,0.389,0.88,0.108,0.758,0.58,0.895,0.053,0.588,0.288,0.715,0.989,0.993,0.209,0.008,0.995,0.038,0.867,0.28,0.89,0.999,0.007,0.814,0.973,0.016,0.346,0.01,0.25,0.852,0.992,0.807,0.9,0.999,0.008,0.298,0.747,0.001,0.415,0.943,0.962,0.924,0.605,0.961,0.958,0.869,0.241,0.207,0.923,0.86,0.138,0.99,0.155,0.022,0.976,0.982,0.887,0.618,0.437,0.861,0.994,0.801,0.514,0.916,0.895,0.616,0.895,0.595,0.974,0.018,0.905,1,0.158,0.347,0.849,0.842,0.606,0.011,0.871,0.785,0.77,0.374,0.78,0.008,0.202,0.55,0.722,0.598,0.661,0.996,0.141,0.668,1,0.27,0.997,0.998,0.282,0.187,0.008,0.983,0.994
0.928,0.015,0.825,0.997,0.911,0.655,0.839,0.091,0.563,0.023,0.693,0.116,0.001,0,0.865,0.995,0.954,0.028,0.613,0.982,0.17,0.076,0.535,0,0.537,0.675,0.998,0.926,0.993,0.957,0.994,0.379,0.288,1,0.907,0.993,0.887,0.413,0.625,0.189,0.995,0.334,0.017,0.909,0.996,0.502,0.336,0.911,0.831,0.025,0.139,0.998,0.995,0.993,0.801,0.38,0.197,0.712,0.857,0.899,0.317,0.998,0.147,0.029,0.722,0.998,0.988,0.995,0.968,0.831,0.962,0.748,0.997,0.407,0.998,0.992,1,0.612,0.893,0.019,0.072,0.614,0.478,1,0.869,0.011,0.869,0.195,0.951,0.19,0.988,1,0.049,0.999,1,0.089,0.578,0.767,0.96,0.17,0.943,1,0.034,0.007,0.031,0.992,0.028,0.849,0.003,0.421,0.97,0.653,0.991,1,0.014,0.43,0.012,0.98,0.24,0.048,0.141,0.001,0.226,0.914,0.199,0.956,0.48,0.768,0.973,0.007,0.994,0.871,0.942,0.233,0.753,0.893,0.943,0.232,0.232,0.465,0.071,0,0.011,0.705,0.566,0.998,0.001,0.787,0.171,0.994,0.995,0,0.112,0.916,0.996,1,0.99,0.992,0.929,0.66,0.013,0.062,0.656,0.78,0.141,0.989,0.873,0.24,0.954,0.267,1,0.734,0.971,0.986,0.772,0.907,0.267,0.009,0.92,0.009,0.592,0.696,1,0,0.524,0.911,0.011,0.476,0.622,0.71,0.025,1,0.793,0.89,0.009,0.008,0.078,0.304,0.997,0.682,0.282,0.435,0.95,0.998,0.607,0.995,0.973,0.914,0.996,0.996,0.062,0.95,0.003,0.994,0.094,0,0.95,0.012,0.531,0.801,0.993,0.314,0.758,0.579,0.284,0.639,0.912,0.883,0.939,0.075,0.001,0.87,0.002,0.221,0.792,0.681,0.946,1,0.051,0.418,0.557,0.773,0.85,0.618,0.991,0.655,0.974,0.009,0.987,1,0.416,0.87,0,0.406,0.545,0.997,0.996,0.676,0.431,0.628,0.588,0.008,0.015,0.874,0.731,0.48,0.007,0.998,0.945,0.505,0.997,0.586,0.999,0.995,0.175,0.993,0.98,0.888,0.995
0.947,0.997,0.739,0.993,0.119,0.373,0.925,0.978,0.809,0.997,0.26,0.948,0.897,0.023,0.989,0.997,0.881,0.037,0.694,0.99,0.374,1,0.026,0.904,0.637,0.051,0.056,0.012,0.009,0.089,0.028,0.676,0.973,0.069,0.591,0.995,0.894,0.944,0.717,0.309,0.638,0.853,0.958,0.477,0.009,0.207,0.208,0.257,0.824,0.977,0.494,0.725,0.99,0.96,0.627,0.941,1,0.191,0.014,0.873,0.417,1,1,0.993,0.006,0.011,0.236,0.987,0.918,0.781,0.971,0.739,1,0.92,0.272,0.996,0.787,0.454,0.851,0.475,0.805,1,0.806,1,0.703,0.015,0.036,0.383,0.058,0.997,0.972,1,0.156,0.221,0.045,1,0.889,0.988,0.02,0.152,0,0.232,0.044,0.995,0.969,0.993,0.964,0.838,0.754,0.015,0.97,0.939,0.993,0.176,0.014,0.649,0.683,0.987,0.151,1,0.328,0.977,0.978,0.987,0.996,0.94,0.732,0.098,0.97,0.019,1,0.51,0.032,0.071,0.449,0.201,0.825,0.968,0.363,0.431,1,0.971,0.997,0.451,0.846,0.994,0.97,0.512,0.162,0.009,0.111,0.009,0.953,1,0.98,0.998,0.005,1,0.179,0,0.08,0.007,0.528,0.739,0.999,1,0.987,0.327,0.023,1,0.153,0.643,1,0.448,0.744,0.926,0.787,0.343,0.692,0.084,0.739,0.44,1,0.896,0.995,0.912,0.937,0.99,0.169,0.58,0.013,0.066,0.787,0.872,0.008,0.987,0.958,0.084,0.304,0.806,0.012,0.879,0.945,0.192,0.99,0.013,0.683,0.186,0.009,0.993,0.918,0.994,0.006,0.044,0.997,0.969,0.651,0.015,0.543,0.823,0.016,0.033,0.885,0.555,0.878,0.994,0.832,0.437,0.931,0.999,0.003,0.875,0.972,0.01,0.726,0.546,0.519,0.275,0.999,0.231,0.501,0.866,0.774,0.622,0.59,0.472,0.988,0.783,0.01,1,0.191,0.373,0,0.936,0.711,0.954,0.06,0.718,0.895,0.79,0.863,0.009,0.01,0.478,0.588,0.513,0.005,0.998,0.169,0.598,0.379,0.412,0.369,0.971,0.174,0.194,0.996,0.005,0.994
0.896,0.011,0.044,0.009,0.944,0.27,0.274,1,0.659,0.994,0.782,0.933,0.857,0.965,0.803,0.394,0.96,0.033,0.544,0.002,0.004,0.998,0.59,0.83,0.583,0.283,0.931,0.962,0.988,0.978,0.428,0.426,1,0.056,0.79,0.995,0.593,0.954,0.734,0.912,0.183,0.606,0.997,0.516,0.992,0.932,0.761,0.139,0.963,0.947,0.913,0.996,0.996,0.998,0.853,0.05,1,0.974,0.961,0.429,0.039,0.039,0.019,0.171,0.993,0.996,0.999,0.997,0.986,0.585,0.93,0.683,0.106,0.202,0.257,0.997,0.925,0.178,0.901,0.735,0.324,0.624,0.438,0.12,0.996,0.005,0.157,0.498,0.955,0.049,0.997,1,1,0.788,0.069,0.059,0.285,0.995,0.957,1,0.951,0.926,0.033,0.994,0.097,0.995,0.998,0.475,0.932,0.988,0.975,0.499,0.998,0.982,0.497,0.48,0.011,0.99,1,0.614,0.953,0.971,0.217,0.89,0.989,0.906,0.89,0.196,0.379,0.959,1,0.15,0.953,0.203,0.528,0.904,0.792,0.029,1,0.418,0.948,0.952,0.812,0.427,0.213,0.042,0.969,0.886,1,0.998,1,0.97,0.962,0.525,0.503,0.073,0.007,1,0.978,0.054,0.981,0.043,0.827,0.717,0.171,0.605,0.003,1,0.96,0.156,1,0.62,0.375,0.493,0.671,0.199,0.115,0.922,0.253,0.015,0.205,0.212,0.983,0.9,0.999,0.87,0.923,0.489,0.999,0.84,0.999,0.072,0.68,0.525,0.01,0.994,1,1,0.163,0.999,0.997,0.862,0.001,0.013,0.144,0.994,0.513,0.852,0.987,0.105,0.837,0.014,0.991,0.68,0.822,0.803,0.979,0.518,0,0.806,0.999,0.972,0.393,0.642,0.671,0.284,0.802,0.883,0.998,0.049,0.786,0.87,0.001,0.997,0.52,0.531,0.47,0.827,0.99,0.981,0.622,0.993,0.076,0.663,0.996,0.482,0.942,0.361,0.017,1,0.155,0.741,0.869,0.104,0.655,0.983,0.534,0.778,0.853,0.386,0.967,0.996,0.329,0.991,0.703,0.701,0.646,0.021,0.253,0.987,1,0.84,0.172,0.995,0.149,0.189,0.996,0.993,0.748
