0.167,1,0.701,0.007,0.083,0.426,0.461,1,0.434,0.062,0.533,0.241,0.739,0.868,0.007,0.029,0.966,0.001,0.431,0.056,0.051,0.971,0.099,0.878,0.36,0.999,0,0.993,0.001,0.963,0.051,0.89,0.002,0.005,0.292,1,0.436,0.031,0.724,0.785,0.944,0.993,0,0.273,0.996,0.999,0.003,0.969,0.997,0.364,0.017,0.076,0.842,1,0.998,0.84,1,0.003,1,0.019,0.003,1,1,0.002,0.922,0.947,0.22,0.065,1,0.445,0.868,0.353,0.597,1,0.995,1,0.916,0.659,0.999,0.51,0.756,1,0.242,1,0.859,0.934,0,0.003,1,0.251,0.407,1,0.191,0.863,0.609,0.22,0.969,0.098,0.993,0.005,0.008,0.748,0,1,0.011,0.14,0.008,0.784,0.048,0.906,1,0.544,0.998,0.984,1,0.515,0,0.118,0.021,0.86,0.922,0.975,1,0.99,1,1,0.792,1,0.453,0.629,0.907,0.116,0.761,0.985,0.408,0.988,0.009,0.86,0.658,0.392,0.274,0.087,0.284,0.642,0.018,0.016,0.072,0.184,0.999,1,0.982,0,0.72,0.18,0.091,0.544,0.995,0.057,0.984,0.038,0.92,0.947,1,1,0.032,0.089,0.09,1,0.957,0.7,0.093,0.572,0.953,0.352,0.527,0.522,0.431,0.88,0.351,1,0.256,0.596,1,0.959,0.247,0.51,0,0.995,1,0.981,0.8,0.053,0.106,0.416,1,0,0.072,0.999,0,1,0.842,0.551,1,0.99,0.038,0,0.062,0.994,0.821,0,0.238,0.998,0.981,0.953,0.95,0.013,0.07,0.048,0.004,1,1,0.8,0.507,0.448,0.926,0.037,0.921,0.999,0,0.162,0.354,0.471,1,0,0.446,0.5,0.799,0.112,1,0.948,0.568,0.999,0.944,0.505,0.888,0.572,0.028,0.011,0.005,1,0.364,0.661,0,0.079,0.403,0,0.889,0.52,0.216,0.991,0.953,0,0.603,0.964,0.494,0.96,0.045,0.998,0.971,0.458,0.715,0.81,0.933,1,0.647,0.879,0.233,1,1
1,0,0.062,0.96,1,1,0.025,0.294,0.347,1,0.977,0.891,0.028,0.874,0.802,1,0.938,0.962,0.479,1,0.747,0.029,0.737,0,0.287,0,0.954,0.999,0.998,0.006,0.987,0.711,0.644,0.049,0.988,0,0.383,0.027,0.428,0.686,0.005,0.079,1,0.782,0.997,0.989,0.002,0.925,0.485,0.961,1,1,0.798,0.949,0.459,0.982,0.384,0.109,0.997,0.877,0.765,1,1,1,0.08,0.989,0.896,0.9,0.993,0.465,0.411,0.548,0.897,0.531,1,0.758,0.898,0.409,0.99,0.563,0.334,0.694,0.733,0.319,0.36,0,1,0.16,0.749,1,1,0.997,0.339,0.993,0.308,0.464,0.27,1,0.998,0.184,0.796,0.999,1,0.094,0.945,1,0.658,0.717,0.328,0.004,1,0.312,1,0.004,0.003,0.491,1,0.615,0.989,0.343,1,0.733,0.846,0.07,0,0.995,0.649,0.998,0.992,0.525,0.995,0.33,0.085,0.321,0.989,0.156,0.102,0.935,0.861,0.988,1,0.08,1,0.76,0.037,0.998,0.939,0.329,0.69,1,0.005,0.093,0.665,0.994,0.996,0.967,1,0.029,1,0.407,0,1,0.19,0.907,0.049,0.968,0.004,0.273,0.999,0.939,1,0.569,0.629,0.18,0.514,1,0.336,0.17,0.11,1,0.293,0.605,0.924,0.889,0.88,0.878,1,0.735,1,0.622,0.861,0.998,0.682,0,0.978,0.978,0.372,0.186,1,1,0.001,0.485,0.002,1,0.999,0.759,0.986,0.007,0,1,0.986,0.048,0.044,0.969,1,0.004,0.907,0.989,0.006,0.405,1,0.982,0.584,0.574,0.913,1,0.691,0.011,0.986,0,0.02,0.264,0.255,0.667,0.459,0.696,0.749,0.071,0.998,0.06,0.495,0.996,0.08,0.597,0.973,0.577,0.721,0,0.925,0.997,0.07,0.763,0.895,0.036,0.502,0.5,0.804,0.589,0.86,0.265,0.442,0,0.965,0.959,0.449,0.576,0.124,0.248,0.784,0.702,0.601,0.797,0.039,1,1,0.09,0.341,0.047,0.001
0.803,1,0.644,0,0.502,1,0.082,0.044,0.684,0.002,0.94,0.936,0.703,0.323,0.729,1,0.997,0.945,0.725,0.086,0.943,1,0.867,0.003,0.587,1,0.999,0,0,0.008,0.005,0.241,0.972,0.921,0.601,0.998,0.811,0.257,0.943,0.467,0.961,0.952,0,0.479,0,0.996,0.001,0.319,0.571,1,0.001,0.626,0.077,1,0.364,0.984,0.835,0.004,0.99,0.052,0.002,0,0,0.987,0,0.998,0.956,0.975,1,0.819,0.999,0.924,0.089,0.038,0.211,0.269,0.416,0.88,0.852,0.755,0.015,0.796,0.227,1,0.594,0.997,1,0.885,0.008,0.105,0.456,0.979,0.998,0.472,1,1,0.736,0.018,0.761,0.994,0.001,1,1,0,0.134,1,0.979,0.237,0.83,0,0,0.64,1,1,1,0.423,0.001,0.988,0.079,0.938,0.502,0.937,0.407,0.367,0.587,0.483,0.195,0.698,0.992,0.514,0.005,0.901,0.943,0.582,0.902,0.016,0.931,0.519,0.835,0.922,0.007,0.667,0.955,0.238,1,1,0,0.47,1,0.202,0.22,0.963,0.469,0.693,0.419,0.623,1,0.433,0.393,0.866,0.004,0.997,0.993,0.999,0.59,0.815,0.235,0.542,0.355,0.02,0.869,0.803,0.829,0.214,0.951,0.695,0.849,0.343,0.1,1,0.477,0.581,0.015,0.871,0.647,0.76,0.281,0.916,0.004,0.487,1,0.997,0.03,0.976,1,0.822,0.355,0.099,0.997,0.34,0.017,0.865,0.546,1,0.005,0,0.932,0.132,0,0.003,0.41,0.005,0.405,0.992,0.024,1,1,0.999,1,0.312,1,0.842,0.494,0.479,0.884,0.16,0.323,0.538,1,1,0.045,0.832,0.146,0.994,0.301,0.398,0.453,0.574,1,0.016,0.492,0.999,0.819,0.544,0.301,0.51,0.999,0.967,0.475,0.996,0.478,0.305,0.012,0.807,0.927,0.988,0.999,0.65,0.674,0.959,0.679,1,1,0.778,0.375,0.476,0,1,1,0.759,0.999,0.602,0.002,0,0.793,0.969,0.778,0,0
0.04,1,0.25,1,0.996,0.81,0.27,0.998,0.878,1,1,1,0.553,0.711,0.539,0.984,0.999,0.98,0.562,0.736,0.96,0.999,0.02,0.064,0.768,0,0.982,0.01,0,0.186,0.007,0.44,0.25,0.009,0.498,1,0.616,0.894,0.717,0.79,0.975,0.992,0,0.523,0.999,1,0.732,0.489,0.959,0,1,0.057,0.012,1,0.694,0.459,0.589,0.055,1,0.954,0.988,1,1,0.529,1,0.959,0.996,0.516,0,0.342,0.33,0.39,1,0.867,0.97,0.072,0.546,0.17,0.476,0.346,0.773,0.773,0.767,0.012,0.748,0.012,0.16,0.767,0.916,0,0.074,0.071,1,0.159,0.936,0.784,0.957,0.012,0,0.98,0.015,0.892,0.012,0.997,0.959,0.137,0.809,0.156,0.953,0.128,0.857,0.278,0.999,0.271,0,0.511,1,0.147,0.84,0.032,0.758,0.997,0.991,0.059,0.999,0.051,0.623,0.77,0.819,0.149,0.039,0.577,0.985,0.15,0.044,0.889,0.008,0.715,0.996,0.606,0.27,0.076,1,0.392,1,0.894,0,0.274,0.911,0.682,0.802,1,0.666,0.571,0.973,1,1,0.02,0.045,0.573,0.855,0.037,0.151,0.844,0.981,0.02,0.071,0.895,0,0.944,1,0.422,0.161,0.274,0.335,1,0.295,0.955,0.988,0.457,0.893,0.529,1,0.854,0.123,0.678,0.02,0.52,0.994,0.911,0.975,0.986,0.221,0.056,0.047,1,0.619,0.03,1,0.558,0.021,0.698,0,0.897,1,0.978,0.857,0.198,0.381,0,0.55,0,0.2,0.987,0.075,0.002,0.657,0.082,0,0.627,0.443,0.995,0.517,0.777,0.106,0.622,0.369,0.089,0.843,0.995,0.733,0.702,0.229,0,0.821,0.557,0.442,0.999,0,0.037,0.405,0.993,0.995,0.48,0.705,0.406,1,0.986,0.077,0.999,0.529,0.528,0.63,0.883,0.489,0,0.03,0.62,0.344,0.32,0.851,1,0.988,0.993,0.817,0.592,0.052,0.527,0.137,0.83,0.292,0.597,0.975,0.999,0.944,0.924,1,0.008,1
0.006,0.014,0.269,0.042,0.921,0.224,0.315,1,0.669,1,0.759,0.134,0.311,1,0.032,1,0.42,0.284,0.342,0.021,0.008,0.062,0.689,0.004,0.598,0,0.105,0,0.087,0.176,1,0.427,1,0.056,0.998,1,0.454,0.019,0.707,0.505,0.011,1,1,0.809,0,0.988,0,0.624,0.756,1,0.979,0.036,0.011,0.019,0.417,0.652,0.978,0.828,0.527,0.802,0.968,0.004,0,0.988,0.175,0.998,1,0.989,1,0.901,0.278,0.654,0.361,0.65,0,0.015,0.459,0.996,0.848,0.375,0.135,0.886,0.955,1,0.179,0,0.002,0.842,0.75,0.819,1,1,0.252,0.135,1,0.012,0.649,1,0.997,0.625,1,0.988,0.973,0.305,0.995,0.997,0.581,0.018,0.986,0,0.004,0.782,0.991,1,0,0.57,0.998,1,0.974,0.998,0.61,0.509,0.957,0.847,1,0.18,0.634,0.356,1,0.995,0.863,0.941,0.903,0.472,1,0.007,0.007,0.733,0.496,0.559,1,0.011,1,0.485,0,1,0.001,1,0.385,0,0,0,0.428,0.662,1,0.998,0.379,0.987,0.881,0.199,0.912,0.002,1,0.219,1,0.949,0.003,0.001,0.999,0.04,0.622,0.484,0.961,0.946,0.557,1,0.874,0.085,0.192,0.957,0.535,0.463,0.044,0.962,1,0.862,0.002,0.781,1,0.534,0.367,0.054,0.7,0,1,0,0.035,0.022,0.017,0.947,1,0.547,0.1,0.303,0.941,0.833,0.825,0.874,0.001,0.923,0.839,0.008,0.216,0.935,0.928,0.817,0.991,0,0.001,0.207,1,0.547,0.999,0.557,0.028,0.532,0.187,0.5,1,0.996,0.231,0.099,0.001,0.955,0.172,0.558,0.494,0.953,1,0.915,0.59,0.502,0.155,0.462,0.54,0.545,0.371,1,0.947,0.997,0.231,0.951,0,0.876,0.668,0.02,0.975,0.949,0.252,0.678,0.136,1,0.99,0.959,0.614,0.599,0.036,1,0.196,0.936,0.605,0.693,1,0.192,0.783,0.59,0.655,0.029,0
0.842,1,0.596,1,0.075,0.131,0.031,0.452,0.662,0.944,0.812,0.033,0.019,0.99,0.002,0,1,0.435,0.31,0.704,0.795,0.67,0.019,0,0.932,0,0.767,1,1,0.17,1,0.456,1,0.912,0.686,0.999,0.717,0.855,0.332,0.729,1,0.11,1,0.159,1,1,0.966,0.961,0.898,0.077,1,1,0.039,1,0.489,0.917,0.666,0.311,0,1,0.033,1,1,0.032,0.477,1,0.847,1,0.835,0.822,0.083,0.715,0.929,0.831,1,1,0.992,1,0.011,0.904,0.863,0.974,0.993,0.78,0.926,0,1,0.686,0.999,0.997,0.997,1,0.012,0.44,1,0.118,0.542,1,0,0.885,0.036,0.96,0,1,1,0,1,0.01,0.893,0.896,0.969,0.801,0.453,0.012,1,0.476,1,0.999,0.342,0.041,0.973,0.898,0.879,0.08,1,1,0.175,0.07,0.841,0.545,0.002,0.029,0.666,0.111,0.963,0.875,0.006,0.997,0.997,0.541,0.588,1,0,0.946,0.964,0,1,0.72,0.539,0,0.708,0.949,0.08,0.885,0.982,1,0.017,0.018,1,0.04,0.939,0.957,1,0.431,0.933,1,0.001,0.775,0.031,0.079,0.899,0.58,0.891,0.45,0.541,0.949,0.269,0.992,0.839,0.924,0.156,0.46,0.182,0.936,0.007,0.521,0.034,0.283,0.082,0.605,1,1,0.611,0.195,0.003,1,0.167,0.857,1,0.999,0.023,0.413,0.992,0,0.969,0,0.834,0.205,1,0.999,0.633,1,1,0.18,0.971,0.991,0.057,1,0.007,0.227,0.964,0.79,0.983,0.462,1,1,0.524,0.514,0,1,0.331,0.573,0.998,0.53,0.379,0.482,0.911,0.588,0,0.285,0.778,0.25,0.643,0.447,0.809,0.528,0.999,1,0.552,0.984,0.928,0.865,0.655,0.862,0.578,0.011,0.159,0.465,0.329,0.949,0.156,1,0.967,0.324,0.665,0.38,0.579,0.998,0.175,0.58,0.965,0.261,0.052,1,0.301,0.265,0.936,0.946,0.636
0.816,0.654,0.084,1,0.872,1,0.26,1,0.696,0.996,0.96,0.993,0.814,0.984,0.003,0.406,0.052,0.967,0.692,0.703,0.74,0.918,0.027,0.042,0.47,0,0.994,0.947,0,0.11,0.566,0.244,0.04,0.022,0.883,0,0.558,0.107,0.458,0.659,1,0.932,1,0.624,1,1,0.719,0.002,1,0.027,1,1,0.983,1,0.44,0.987,0.864,0.107,1,0.044,0.739,0,1,1,0.149,0.998,0.88,0.139,0.997,0.913,0.097,0.514,0.988,0.858,0.98,1,0.78,0.105,0.317,0.495,0.036,0.966,0.321,0.488,0.098,0,0.017,0.698,0.997,0.202,0.961,0.006,0.952,0.146,0,0.81,0.23,0.995,0.125,0.012,0.147,0.861,1,1,1,0,1,0.668,0.911,0.107,0.066,0.843,1,0.023,1,0.415,0,0.985,0.202,0.073,0.943,1,0.447,0.779,0,0.922,0.894,0.082,0.75,0.98,0.149,0.777,0.823,0.449,0.08,0.184,0.997,0.831,0.907,0.776,0.367,0,0.997,0.583,0.782,1,0.002,0.39,0.984,1,0.952,0.833,0.5,0.16,0.997,1,0.188,0.298,0.987,0.146,1,0.002,0.24,1,0.941,0.064,1,1,0.995,0.012,0.96,0.513,1,0.427,0.558,0.789,0.24,1,0.114,1,0.359,0.782,0.94,0.855,0.002,0.375,0.998,0.387,1,0.44,0.83,0.906,0.936,0.071,0.979,1,0.202,1,1,0.617,0,0.512,0.944,0,0.311,0.985,1,0.151,0.182,0,0.376,0.92,0.965,0.926,0.275,0.997,0.058,0.998,1,0.284,1,0.706,0.338,0.476,0.903,0.913,0.952,0.051,0.999,0.199,0.04,0.996,0.969,0,0.758,0.866,0.653,1,1,0.839,0.545,0.135,0.483,0.516,0.899,0.444,0.873,0,0.982,0.747,0.704,0.052,0.716,0.494,0.577,1,0.136,0.853,0.378,0.41,0.226,1,0.162,0.532,0.387,0.775,0.024,1,0.501,0.446,0.385,0.293,0.164,0,0.742,0.636,0.817,0.943,1
0.253,0.995,0.149,0.999,0.128,0.642,0.038,1,0.58,0.994,1,0.922,0.63,0.093,0.85,0,0.24,0.968,0.585,0.554,0.961,0.09,0.927,0.002,0.54,0.999,0.999,0,0,0.012,0.996,0.443,0.993,0.099,0.5,0.005,0.472,0.036,0.85,0.641,0,1,0,0.503,0.009,0,0.107,0.989,0.452,0.999,0.081,0.001,0.876,0.284,0.726,0.351,0.496,0.042,0.998,0.239,0.032,0,0,0.012,0.001,0.005,0.079,0,0,0.436,0.124,0.377,1,0.713,0.005,0.06,0.583,0.41,0.958,0.465,0.292,0.883,0.226,0.051,0.97,0.01,0.802,0.95,0.001,0.986,0.961,1,0.003,0.893,0.011,0.983,0.216,1,0.999,0.899,0.281,0.206,0.092,0,0.035,0,0.995,0.019,0.04,0,0.998,0.448,0.867,0.172,1,0.445,0.83,0.444,1,0.095,0.462,0.024,0.163,0.043,0.977,0.936,0.565,0.855,0.6,0.852,0.999,0.756,0.911,0.477,0.585,0.155,0.039,0.557,1,0.668,0.846,0.298,0,0.587,1,0,0.977,0.724,0.574,1,0.695,1,0.899,0.614,0.336,1,0.004,0.999,0.999,0.041,0.001,0.973,0,0.133,0.854,0.992,0.932,0.154,0.266,0.163,0.705,0.482,0.445,0.659,0.573,0.551,0.589,0.823,0.825,0,0.637,0.561,0.788,0.268,0,0.425,1,0.447,0.999,0.549,0.974,0.742,0.217,0.788,0.001,0.292,0.206,0.947,1,0.996,0.001,0.757,0.955,0.011,1,1,0.48,0.143,0,0,0.676,0.141,0.006,0.307,0.624,0.988,0.993,0.958,0,0.604,1,0.789,0.89,0.556,0.031,0.348,0.997,0.213,0.997,0.025,0.911,0.787,0.604,0,0.701,0.736,0.553,0.903,1,0.352,0.38,0.199,0.613,0.494,0.404,0.614,0.917,0,0.757,0.987,0.985,0.48,0.856,1,0.466,1,0.355,0.491,0.627,0.426,0.158,1,1,0.773,0.465,0.541,0.001,1,0.876,0.357,1,0.635,0.18,1,0.853,0.051,0.861,0,0.001
0.915,0.003,0.867,0.031,0.789,0.916,0.996,0.996,0.465,0.917,0.962,0.223,0.166,0.019,0.346,0.076,0.011,1,0.69,0.404,0.042,0.019,0.11,0.263,0.438,0,1,0.702,0,1,0.029,0.785,1,1,0.622,1,0.48,0.201,0.274,0.969,1,1,0.954,0.285,1,1,0.981,0.938,0.892,1,0,0,0.014,0,0.707,0.478,0.987,0.649,0.135,0.912,0.701,0,0.001,0.051,0.997,0.007,0.686,0.206,0,0.885,0.994,0.532,0.779,0.108,0.998,1,0.256,0.874,0.055,0.581,0.266,0.394,0.952,0.997,0.586,0.994,0,1,0.967,0,0.002,0.986,0.991,0.828,1,0.003,0.607,1,0.988,0.061,0.274,0.572,0.958,0.002,0.978,0,0.032,0.827,0.201,1,0.068,0.617,0,1,0.726,0.419,0.001,0.8,0.697,0.999,0.977,0.906,0.371,0.567,1,0.977,0.665,0.276,0.884,0.043,0.754,0.556,0.024,0.704,1,0.003,0.255,0.211,0.008,0.755,0.956,0.106,0.969,0.629,0.005,1,0.014,0.071,1,0.079,0.997,0,0.526,0.525,0.867,0.962,0.035,1,0.899,0.032,1,0.955,0.997,0.55,0.113,0.936,1,0.986,0.761,0.925,0.894,0.542,0.843,0.955,0.347,0.989,0.017,0.96,0.303,0.199,0.288,0.45,0.304,0.037,0.009,0.391,0.992,0.594,0.999,0.485,1,0.838,0.039,1,1,0.001,0.019,0.977,1,0.652,0.146,0.56,0.001,1,0.093,0.139,0.755,0.284,0.001,1,0.275,0.983,1,0.008,0.112,0.59,0.418,0.984,0.984,0.121,1,1,1,0.548,0.947,0.874,0.185,0.175,0.039,0.997,0.07,0.882,0.994,1,0.461,0.715,0.925,1,0,0.109,0.635,0.967,0.408,0.692,0.998,0.484,0,0.993,1,0.047,0.151,0.643,0.032,0.7,0.559,0,0.314,0.674,0.6,0.684,0.249,0,0.219,0.295,0.662,0.543,0.046,1,0.541,0.996,0.512,0.998,0.975,0.799,0.878,0.426,0.775,0.001,0
0.022,1,0.291,0,0.996,0.375,0.211,0.002,0.933,0.999,0.999,1,0.865,0.904,0.179,0.15,1,0.789,0.992,0.88,0.228,0.953,0.073,0.036,0.621,0,0.164,0.001,0,0.312,0.338,0.449,0,0.938,0.7,0,0.951,0.951,0.314,0.86,0.999,0.954,0.76,0.248,1,0.999,0.992,0.992,0.767,0,0.969,1,0.933,1,0.249,0.295,0.613,0.011,0.995,0.152,0.986,1,0.345,1,1,1,0.179,0,1,0.388,0.021,0.781,0.791,0.762,0.494,0.105,0.715,0.673,0.578,0.417,0.053,0.513,0.643,0.014,0.493,0,0.978,0.004,0.22,0.968,0.06,0.004,0.743,0.833,0.837,0.001,0.92,1,0.017,0.391,0.952,0.428,0,0.996,0,0.038,0.218,0.13,0.019,1,0.888,0.47,1,0.208,0.433,0.709,0,0.907,1,0.466,0.917,0.008,0.671,0.999,1,0.927,0.527,0.472,0.888,0.189,1,0.064,0.52,0.353,0.085,0.317,0.988,0.716,0.17,0.79,0.004,0.102,0,0.29,0.008,0.269,0,0.583,0.997,0.008,0.762,0.999,0.886,0.661,0.01,0.202,0.386,0.951,1,0.169,0.991,0.059,0.999,0.984,0.9,0.092,0.96,0.029,0.006,0.006,0.996,0.472,0.567,0.776,0.898,0.201,0.359,0.067,0.908,0.033,0.412,0.801,0.001,0.133,1,0.401,0.015,1,0.494,0.58,0.982,0.649,0.743,0.003,1,1,0.179,0.35,1,0.004,1,0.707,0.656,0.008,0.915,1,0.139,0.017,0,1,0.668,0.14,0.243,1,0.027,0.789,0.659,0.032,0,0.422,1,0.493,0.152,0.495,1,0.851,0.4,0.297,0.97,1,0.163,0.855,0.979,0.999,0.53,0.52,0.633,0.148,0,0.46,0.435,1,0.858,0.462,0.896,0.608,0.192,0.918,0.199,1,0.808,0.055,0.027,0.998,0.639,1,0.372,0.736,0.414,0.733,0.778,1,0.927,0.92,0.956,0.59,0.532,0.938,0.631,0.287,0.86,0.111,0.437,1,0.912,0.631,0.009,0,0.011
0.527,1,0.558,1,0.538,0.219,0.683,0.01,0.531,0.001,0.848,0.678,0.722,0.061,0,1,0.088,1,0.749,0.966,0.94,0.003,0.118,0.831,0.637,0,1,0.897,0,0.285,0.042,0.671,0.323,0.019,0.885,1,0.757,0.009,0.275,0.185,0.997,1,0.004,0.69,0,0.66,0.95,0.008,0.401,0.12,0.003,0.002,1,1,0.399,1,0.11,0.731,0,0.935,0.805,0.879,0.998,0.996,1,0,0,0.097,1,0.23,1,0.613,0.505,0.69,0.951,0.934,0.986,0.957,0.059,0.608,0.989,0.85,0.99,0.996,0.891,0,0.935,0.837,0.895,0.002,0.949,1,0.643,0.948,1,0.995,0.936,0.998,0.847,1,1,0.934,0.017,0.666,1,1,0.775,0.147,0.496,1,0.991,0.305,0.985,0.995,1,0.521,0.969,0.878,0.975,0.21,0.749,0.996,0.948,0.966,1,0.717,0.687,0.384,0.483,0.982,0.591,0.989,0.031,0.585,0.899,0.919,0.961,0.763,1,0.672,1,0.022,0.914,0.859,0.986,0,0.999,0.436,0.973,0.123,0.998,0.406,0.804,0.103,0.997,0.797,1,0.996,0.722,0.535,0.826,0.975,0.001,0.986,1,0.235,0,0.935,0.998,0.989,0.037,0.745,0.096,0.876,0.692,0.441,0.617,0.932,0.728,0.977,0.744,0.58,0.986,0.181,0.064,0.408,0,0.82,0.957,0.619,0.006,0.924,0.053,0.942,0.846,1,1,0.026,1,0.315,0,0.363,0.95,1,0.395,0.843,0.648,0.981,1,0.35,0.311,0.296,0.93,0.095,0.387,0.972,0.577,0.668,0.87,0.118,0,0.037,0.898,0.639,0.908,0.776,0.703,0.836,1,0.003,0.853,0.282,0.847,0.828,0.387,0.39,0.781,0.822,0.072,0.024,0.568,0.142,0.569,0.484,0.57,0.542,0.992,0.002,0.244,0.985,0.998,0.381,0.001,0.761,0.6,1,0.034,0.618,0.819,0.998,1,0,1,0.872,0.894,0.285,0.61,1,0.626,0.375,0.789,0.243,0.007,0.252,0.975,0.362,0.952,1,1
0.055,1,0.224,0,0.263,0.114,0.64,0,0.484,0,0.041,0.04,0.049,0.721,0.033,1,0.016,1,0.519,0.019,0.801,0.919,0.125,0.056,0.263,0,0.056,0.021,1,0.005,0.996,0.935,0.951,0.997,0.271,0,0.547,0.999,0.817,0.719,0,0.989,0,0.992,1,0,0.824,0.373,0.693,0.014,1,1,0.58,0.253,0.359,1,0.088,0.002,0.274,0.766,0.017,0.985,1,1,1,1,0.166,1,0.84,0.795,0.987,0.372,1,0.999,0.923,0.022,0.317,0.991,0.949,0.625,0.94,0.832,0.337,0.021,0.83,0,0.985,0.796,0.001,0,0.014,0.865,0.999,0.412,1,0.901,0.351,0.001,0.969,0.999,0.95,0.379,1,0.003,0.963,0,0.002,0.433,0.116,0.999,0.96,0.623,0.094,0.998,0.146,0.583,1,0.524,0.054,0.998,0.995,0.996,0.19,0.03,0.998,0.047,0.576,0.113,0.758,0.911,0.627,0.458,0.658,0.894,0.942,0.983,0.709,0.977,0.226,0.695,0.23,0.826,0.999,0.419,0.138,1,0.261,0.676,0.702,1,0.011,0.982,0.444,0.303,0.983,0.003,0.634,0.982,0.99,0.044,0.118,1,0.004,0.312,0.077,1,0.987,0.998,0.949,0.98,0.067,0.602,0.945,0.428,0.549,0.873,0.706,0.334,0.461,1,0.126,0.626,1,0.026,0.005,0.642,1,0.498,1,0.52,0.975,0.311,0.061,0.2,1,1,0.71,0.015,0,0.983,0.033,0.586,0.958,0.999,0.871,1,0.431,0.214,0.029,0,0.639,1,0.86,0.953,1,0.971,0.928,0.008,0,0.734,1,0.256,0.826,0.579,1,0.994,0.208,0.415,0,1,0.045,0.094,1,0.107,0.109,0.611,0.544,0.938,1,0.024,0.486,0.007,0.398,0.459,0.821,0.419,0,0,0.001,1,0.034,0.67,0.038,0.722,0.434,0.992,0.958,0.272,0.786,0.116,0.774,1,0.131,0.74,0.684,0.631,0.029,0,0.198,0.252,0.605,0.119,0.948,0,0.873,0.874,0.875,0.997,1
0.202,1,0.278,1,0.367,0.995,0.011,0.958,0.594,0.965,0.996,0.983,0.718,0.259,0.055,1,0.992,0.948,0.547,0.337,0.998,0.96,0.056,0.032,0.534,0,0.001,0,0.981,0.028,0.861,0.791,0,0.89,0.733,0.014,0.465,1,0.361,0.89,1,0.083,1,0.839,0.032,1,0.142,0.81,0.239,0.983,1,0,0.921,0.001,0.247,0.517,0.259,0.009,1,0.031,0.004,1,1,0.997,0.102,0.986,0.97,1,0,0.821,0.954,0.575,0.992,0.789,0.987,0,0.254,0.846,0.934,0.409,0.576,0.817,0.542,0.101,0.093,0.004,0.988,0.416,0.85,0.804,0.347,0.998,1,0.999,1,0.995,0.987,0.147,0,0.307,0.879,0.098,0,0,0.006,0,0.311,0.715,0.961,0.951,0.891,0.478,0.028,0.019,0,0.6,0,0.322,0.944,0.989,0.856,1,0.919,0.259,0.844,0.811,0.599,0.617,0.972,0.969,1,0.256,0.649,0.881,0.896,0.996,0.239,0.237,0.025,0.622,0.973,0.999,0.028,0.433,0.005,1,0.998,0.94,0.985,0,0.248,0,0.765,0.678,0.186,0.232,0.772,0.992,0.998,0.363,0.85,0.989,0.993,0.989,0.478,0.643,0.999,0.658,1,0.904,1,0.542,0.103,0.373,0.382,0.983,0.804,0.983,0.663,0.052,0.12,0.573,0.004,0.06,1,0.903,1,0.169,0.897,0.666,0.986,0.891,0.042,0.001,1,0,0.744,1,0,0.03,1,0.586,0.168,1,0.01,0.979,0.949,0.03,0.973,1,0.887,0.187,0.885,0.944,0.931,1,0.358,0.998,0.917,0.752,1,0.862,0.973,0.535,0.012,0.269,0.274,0.946,0.972,1,0.978,0.033,0.006,1,0.846,0.496,0.501,0.464,0.005,0.941,0.507,0.975,0.297,0.463,0.926,0.488,0.113,0.969,0.789,0.964,0.022,0.889,0,0.791,0.801,0.947,0.234,0.412,0.408,0.756,0.41,0.999,0.932,0.56,0.51,0.947,0.792,0,0.866,0.356,0.745,0.365,0.009,0.972,0.997,0.075,0.557,0.999,1
0.007,0.011,0.448,0.041,0.958,0.898,0.917,0.833,0.382,0.938,0.977,0.876,0.742,0.475,0.076,1,0.014,0.971,0.977,1,0.847,0.434,0.045,0,0.281,0.992,0.06,0.999,0.926,0.998,0.949,0.607,0.998,0.845,0.749,0,0.539,0.994,0.668,0.549,1,0.02,0.983,0.329,0.26,0.026,0.024,1,0.843,0.001,0.606,0.002,0.913,0.94,0.805,0.877,0.84,0.004,0.039,0.638,0.04,1,1,0.001,1,1,0.011,0.996,0,0.697,0.106,0.81,0.404,0.831,0.063,1,1,0.9,0.068,0.433,1,0.998,0.34,0.107,0.891,0,0.973,0.009,0.966,0.963,1,0.985,0.415,0.638,0,1,0.778,1,1,0.063,0.972,0.966,0.987,0.01,0.966,1,1,0.103,0.491,0.005,1,0.414,0.249,0.667,0.993,0.47,1,0.993,0.955,0.084,0.894,0.097,1,0.491,0.309,0.919,0.443,0.467,0.921,0.356,0.014,0.996,0.858,0.064,0.198,1,0.003,0.254,0.648,0.573,0.038,0.8,0.61,0.712,0.149,0,0.019,0.86,0.189,1,0.992,0.002,0.193,0.592,0.613,0.815,0.992,0.116,0.997,0.575,0.991,1,1,0.415,0.937,0.391,0.001,0.947,0.832,0.001,1,0.533,0.495,0.597,0.591,1,0.03,0.79,0.118,1,0.586,0.538,0.999,0.092,0.7,0.544,0.315,0.983,0.998,0.767,0.994,0.949,0.186,0.08,0,0.002,0.806,0.95,1,0.476,0.031,0.363,0.011,0.998,0.934,1,0.258,0.244,1,1,0.692,0.582,0.66,0.894,0.999,0.093,0.926,0.011,0.936,0.278,1,0.833,0.054,0.522,0.095,0.859,0.201,0.611,1,1,0.246,1,0.002,0.548,0.546,0.643,0.865,0.853,1,0.723,0.682,0.004,0.406,0.527,0.478,0.575,1,0.913,0.32,0.012,0.045,0.354,0,0.749,0.72,0.087,0.998,0.984,0.376,0.57,0.343,1,0.999,0.813,0.491,0.805,0.694,1,0.514,0.28,0.864,0.356,0.997,0.055,0.999,0.812,0.844,1,1
0.031,0.005,0.101,1,0.995,0.988,0.994,1,0.657,0.693,0.65,0.952,0.236,0.99,0.075,0.843,0.989,0,0.935,0.026,0.289,0.765,0.192,0.997,0.54,0,0.38,0,0,0.049,0.97,0.59,0.993,0.748,0.665,1,0.598,0.293,0.997,0.676,0.018,0.872,1,0.521,0.968,0.999,0.067,0.79,0.309,0.998,0.326,0.997,0.013,1,0.896,0.868,0.936,0.001,0.911,1,0.041,1,1,1,1,1,0.924,0.01,0,0.471,0.427,0.735,0.909,0.949,1,0,0.961,0.174,1,0.583,0.861,0.327,0.613,0.952,0.7,0.987,1,0.952,0.556,1,0.005,0.013,1,0.388,0.476,0.391,0.245,1,0.009,0.219,0.024,0.324,1,0.977,1,0,0.995,0.007,1,1,0,0.401,0,0.023,1,0.425,0,0.712,0.01,0.01,0.801,0.03,0.36,0.877,0,0.822,0.679,0.068,0.298,0.841,1,0.374,0.762,1,0.9,0.842,0.378,0.458,0.59,0.341,0.987,1,1,0.68,0.003,1,0.546,0.043,0.385,1,0.097,0.943,0.76,0.319,1,0.443,0.012,0.999,0.61,0.026,0.972,1,0.008,0.697,1,0.993,0.009,0.452,0.98,0.915,0.582,0.572,1,0.712,0.713,0.879,0.997,0.732,0.719,0.976,0.423,0.502,0.624,0.117,0.313,0.836,0.987,0.483,0.999,0.408,0.944,0.999,0.531,0.94,0.026,1,0.951,0.951,0,0.997,1,0.4,0.979,0,0.982,0.03,0.113,0.118,0.967,0,0.82,1,0.03,0.982,0.046,1,0.966,0.191,0.91,0.407,1,0.078,0.929,0.736,0.999,0.761,0.24,0.612,0,0.739,0.485,0.017,0.244,0.979,0.106,0.407,0.568,0.992,0.985,0.031,0.548,0.026,0.266,0.539,1,0.564,1,0,0.922,0.999,0.921,0.641,0.021,0.166,0.542,0.086,0.928,0.394,0.931,0.24,0.842,1,1,0.888,0.551,0.552,0.029,1,0.925,0.804,0.428,0.856,1,1,0.994,0.917,0.861,1,1
0.972,1,0.469,1,0.334,0.087,0.152,0.988,0.98,0.001,0.997,0.847,0.213,0.776,0.686,1,0.474,0.994,0.687,0.03,0.926,0.998,0.564,0,0.555,0,0.998,0.089,0.932,0.425,0.013,0.619,0,0.218,0.581,0,0.551,0.585,0.609,0.65,1,0.835,1,0.918,0.989,0.064,0.051,0.924,0.441,1,0.994,1,0.993,1,0.272,0.088,0.201,0.004,0.32,0.019,0,0.998,1,0.063,0.083,0.908,1,1,0,0.99,0.937,0.727,1,0.908,1,0.31,0.746,0.423,0.999,0.623,0.834,0.187,0.248,0.992,0.77,0,1,0.969,0.905,1,0.258,0.81,0.695,0.994,1,0.007,0.999,0.224,0,0.235,0.179,0.094,0.916,1,0.179,0,0.978,0.898,0.003,0.059,0.935,0.687,0.988,0.025,1,0.576,0.985,0.525,0.671,0.011,0.976,0.984,0.383,0.172,1,0.833,0.292,0.766,0.383,0.673,1,0.2,1,0.08,0.061,0.2,0.95,0.721,0.013,0.484,0.503,0.88,0.001,0.195,0.865,0.999,0.986,0.923,0.219,0.003,0.524,0,0.665,0.981,0.292,0.989,0.999,1,0.046,0.076,0.514,0.875,0.999,0.43,0.263,1,0.095,0.831,0.857,0.837,0.702,0.517,0.987,0.686,0.39,0.989,0.995,0.019,0.69,0,0.122,0.57,0.998,0.948,0.999,0.641,0.39,0.984,0.35,0.494,0.999,0.291,0.893,0.885,1,0,0.819,0.871,0,0.991,0.002,0.582,0.002,0.001,0.886,0.457,0.905,0.898,1,1,0.073,1,0.985,0.858,0.025,0.913,0.516,0.943,1,1,1,0.933,0.774,0.487,0.25,0.856,0.246,0.02,0.562,0,0.944,0.87,0.914,0.042,0.238,0.473,0.217,0.931,0,0.355,0.528,1,0.569,0.471,0.723,0.449,0,1,0.777,0.076,0.86,0.336,0.009,0.7,0.62,0.998,0.059,0.529,0.284,0.19,0.747,1,0.955,0.183,0.591,0.752,0.041,0.08,0.726,0.818,0.153,0.604,0.967,1,0.83,0.073,0.899,0.994,0
0.869,0,0.833,1,0.015,0.991,0.422,0.999,0.635,1,0.923,0.174,0.976,0.886,0.884,0.002,0.999,0.015,0.821,0.902,0.811,0.153,0.011,0.999,0.414,0,0.931,1,1,0.223,0.975,0.254,1,0.142,0.366,1,0.369,0.18,0.381,0.755,1,0.987,0.438,1,0.999,1,0.696,0.963,0.191,0.092,0.999,0,0.956,0,0.821,0.034,0.122,0.665,0.984,0.875,0.02,1,0.952,1,0.034,0.002,0.973,0.331,0.996,0.504,0.475,0.968,0.398,0.883,0.008,0.924,0.631,0.709,0.411,0.663,0.597,0.949,0.72,1,0.121,0.001,0.326,0.686,0.447,0.999,0.143,0.995,0.999,1,0,0.893,0.847,1,0.94,0.926,0.054,0.443,0.002,0,1,0,0.839,0.06,0.044,0.516,0.002,0.47,1,0.051,1,0.468,0.835,0.855,0.013,0.938,0.815,0.286,0.596,0.893,1,0.781,0.84,0.828,0.642,0.851,1,0.846,0.837,0.693,0.779,0.976,1,0.326,0.206,0.394,0,0.921,1,0.588,0.002,1,0.98,0.728,0.442,0,0.991,0.961,0.455,0.381,1,0,0,0.294,0.703,0.546,0.856,0.102,0.955,0.879,0.584,0.013,0.122,0.977,0.841,0.591,0.655,0.565,0.988,0.567,0.636,0.024,0.973,0.144,0.574,1,0.151,0.552,0.959,0.835,0.998,0.637,0,0.449,1,0.753,1,1,0.157,0.003,0.068,1,0.147,0.636,1,1,1,0.549,0.706,1,0.98,0.825,0.999,0.898,0.983,0.976,0.642,0.957,0.121,0.719,0.998,0.143,0.935,0.003,0.985,0.228,1,0.567,1,0.611,0.154,0.839,0.669,0.293,0.986,0.053,0.999,0.198,0.088,1,0.786,0.448,0.469,0.161,0.006,0.976,0.398,0,0.076,0.449,0.879,0.432,0.01,0.986,0.999,0.387,0.023,0.893,0.831,0.114,0.672,1,0.908,0.814,0.599,0.644,0.216,1,0.327,1,0.74,0.349,0.073,1,0.977,0.45,0.941,0.722,0.516,1,0.025,0.362,0.048,0.071,0.003
0.946,1,0.597,0,0.573,0.027,0.972,0.571,0.639,0.635,0.137,0.003,0.997,1,0.063,1,0.962,0.999,0.729,0.83,0.486,0.905,0.15,0.345,0.302,0,0.1,0.903,1,0.991,0.922,0.504,0.961,0.029,0.483,0.001,0.542,1,0.64,0.995,1,0.436,1,0.912,1,0.962,0.009,1,0.61,0,0.004,0.105,0.956,0,0.787,0.878,0.537,0.088,0.188,0.656,0.001,0,0,0.006,0.988,1,0.979,0.988,1,0.179,0.983,0.419,0.758,0.042,0.998,0,0.548,0.085,1,0.588,0.701,0.185,0.87,0.043,0.377,0.006,0.971,0.041,0.151,0,0.996,0.962,0.918,0.465,0,0.706,0.245,0,0.999,0.088,0.993,0.117,0,0.769,0.377,1,1,0.131,0.022,0.993,0.997,0.633,0.971,0.196,0.969,0.621,0,0.636,0.665,0.995,0.432,0.164,0.868,0.967,0,0.082,0.988,0.844,0.326,0.476,1,0.164,0.027,0.442,1,0.783,0.847,0.87,0.005,0.612,0.994,0.148,1,0.4,1,1,1,0.723,0.997,0.999,1,1,0.163,0.862,0.998,0.006,0.993,0.084,0.953,0.579,0.719,0.974,0.91,0.966,0.643,1,0.962,0.984,0.738,0.969,0.853,0.432,0.673,0.473,0.382,0.065,0.884,0.991,0.996,0.41,0.343,0.387,0.774,0.995,0.195,0.21,0.995,0.79,1,0.74,0,0.44,0.166,0.994,1,0.06,0.928,1,1,0.989,0.999,0.654,0.865,0.996,0.067,1,0.622,0.013,1,1,0.796,0.023,0.994,0.424,0.932,0.943,0.682,0.954,0,0.982,0.702,0.966,0.113,0.55,0.028,0.998,0.202,0.474,0.262,1,0.994,0.006,0.766,0.02,0.985,0.387,0.999,0.91,0.991,1,0.518,0.001,0.265,0.522,0.741,0.463,0.031,1,0.864,0,0.829,0.612,0,0.441,0.572,0.968,0.962,0.575,0.478,0.577,0.985,1,0.238,0.628,0.343,0.597,0.575,0.75,0.439,0.394,0.18,0.404,0.87,0.001,0.942,1,1,0.004,1
0.986,0,0.316,0,0.842,0.97,0.972,0.756,0.726,1,1,0.017,0.008,0.856,0.008,1,0.742,0.894,0.834,0.798,0.113,0.021,0.006,0.005,0.636,0,0.002,0,1,0.05,1,0.364,0.984,0.008,0.771,0,0.508,0.775,0.724,0.278,0.016,0.902,1,0.872,0,0.039,0.91,0.977,0.987,1,1,1,0.754,1,0.75,1,0.648,0.46,0,0.016,0.818,0,1,0.999,0.935,1,0.012,1,0,0.473,0.939,0.527,0.993,0.311,0.268,1,0.656,1,0.779,0.868,0.273,0.841,0.22,0.993,0.152,0.116,1,0.02,0.01,0.996,0.124,0.992,0.915,0.974,1,0.901,0.641,1,0.009,1,0.954,0.545,0.982,1,0.091,0,0.154,0.922,1,0.01,0.027,0.946,0.179,0.967,1,0.487,1,0.133,0.994,0.892,0.088,0.217,0.044,0.896,0,0.132,0.296,0.397,1,0.998,0.002,0.944,0.028,0.106,0.915,0.954,0.005,0.802,0.122,0.446,0.011,0.698,1,0.663,0.991,0.987,0,0.776,0.879,0.997,0.999,0.936,0.976,0.992,0.031,0.422,0,1,0.914,0.197,0.115,0.987,1,0.448,0.246,0.699,0.901,1,1,1,0.896,0.544,0.228,0.741,0.386,0.985,0.314,0.012,0.736,1,0.356,0.366,0.977,0.965,0.946,0.153,0,0.952,0.99,0.382,0.993,0.895,0.31,1,0.002,0,0.938,0.995,1,0.975,0.024,0.577,0.128,0.948,0.765,1,0.178,0.089,0.063,1,0.057,0.628,0.013,1,0.895,0.182,0.997,0.488,0,0.561,0.989,1,0.915,0.565,0.019,0.887,0.396,0.958,0.711,1,0.997,0.851,0.022,0.964,0.742,0.632,0.676,0.69,0,0.665,0.608,0.989,0.942,0.495,0.603,0.587,0,0.94,0.167,1,0.955,0.329,0.7,0.914,0.454,0.978,0.912,0.334,0.453,0.854,0.103,0.013,0.965,0.737,0.732,0.668,0.557,0,0.322,0.313,0.214,0.614,1,0.127,0.901,0.786,0.399,0.058,1
0.189,0.771,0.11,0,0.977,0.993,1,0.954,0.597,1,0.04,0.283,0.016,0.885,0.999,0,0.069,0.565,0.328,0.998,0.454,0.05,0.69,1,0.405,0,0.963,0.907,1,0.239,1,0.575,0.006,1,0.897,0,0.396,0.072,0.822,0.671,0,0.006,1,0.915,0.001,0.918,0.846,0.786,0.182,1,0.013,0.002,0.815,0,0.565,0.955,0.424,0.793,0.92,0.08,0.879,1,0.998,0.964,0.993,0.998,0.004,1,0.998,0.578,0.746,0.406,0.123,0.896,0.005,0.989,0.75,0.981,1,0.343,0.082,0.811,0.232,0.024,1,0.997,0.999,1,0.945,1,0.983,0.993,0.004,0.287,1,0.278,0.553,0.34,0.015,0.893,1,0.507,0.814,0,0,0.007,1,0.804,0.259,0.112,0.995,0.94,0.869,0.993,1,0.506,0.841,0.669,0.552,0.885,0.342,0.365,0.382,0.789,0.001,0.065,0.183,0.216,0.124,0.367,1,0.8,1,0.805,0.32,0.005,0.024,0.872,0.814,0.526,0.432,0.203,0.139,0.725,0.001,1,1,0.666,0.104,1,0.793,0,0.989,0.392,0.992,1,1,1,0.529,0.608,0.043,0.772,0.125,0.997,0.878,0.987,0.655,0.988,1,0.905,0.767,0.425,0.289,0.532,0.742,0.999,0.854,0.14,0.916,0,0.384,0.905,0.008,0.939,0.876,0.994,0,0.759,0.979,0.462,0.003,0.092,0.045,0.06,1,1,0.018,0.531,1,0.953,0.891,0.815,1,0.903,0.986,0,0.182,0.96,1,0.994,0.395,0.992,1,0.687,0.035,0.282,0.626,0.895,0,0.797,1,0.628,0.785,0.67,0.861,0.365,0.645,0.147,0.073,0.003,0.305,0.192,0.99,0.862,0.114,0.377,0.652,0.5,0.988,0.76,0.533,0.971,0.998,0.549,0.676,0.78,1,0.994,0.96,0.901,0.95,0.621,0.976,0.748,0.499,0.547,1,0.324,0.471,0.456,0.916,0,0.738,0.499,0.484,0.37,0.616,0.001,0.714,0.53,0.387,0.265,0.997,0.998,0.995,0.693,0.506,0.964,0
0.182,1,0.697,1,0.897,0.938,0.975,0.37,0.392,0.012,0.055,0.006,0.75,0.537,0.069,0.999,0.001,0.994,0.727,0.355,0.749,0,0.612,0.131,0.586,0.947,0.226,0,0.998,0.837,0.931,0.89,0.018,0.558,0.494,0.002,0.472,0.015,0.345,0.307,0,0.955,0.999,0.767,0.001,1,0.74,1,0.983,0.999,1,1,0.178,0.943,0.608,0.03,1,0.622,0.995,0.01,0.101,0,0.625,0.889,0.938,0.079,0.984,0.024,0,0.973,0.281,0.485,0.872,0.965,1,0.493,1,0.957,0.923,0.611,0.8,0.891,0.556,0.539,0.795,0.985,0.112,0.402,0.895,0.287,0.857,0.145,0.045,0.079,1,1,0.779,1,0.012,1,0.999,0.041,0.988,0.997,0.794,1,0.023,0.983,0.987,1,0.001,0.644,1,0.96,1,0.46,1,0.517,0.975,0.118,0.382,0.364,0.563,0.654,1,0.848,0.392,0.995,0.995,0.462,0.346,0.255,0.996,0.319,0.594,0.973,0.504,0.27,0.471,0.78,0.236,0.005,1,0.231,0.988,0,0.962,0.094,1,0,0.988,0,0.343,0.208,0.024,1,0.01,0.532,0.337,0.566,0.999,0,1,0.861,0.809,0.014,0.981,0.29,0.146,1,0.013,0.702,1,0.328,0.56,1,0.874,0.01,0.676,0.124,0.709,0.378,0.032,0.998,0.997,0.989,1,0.606,1,0.636,0.393,0.373,0.397,0.952,1,1,0.025,0.975,1,0.045,0.952,0.401,0.849,1,0.995,1,0.538,0.722,0.013,0.995,0.249,0.034,0.991,0.021,1,0.02,0.708,0.822,0.035,0.739,0.997,0.288,0.169,0.721,0.979,0.658,0.459,0.036,0.983,0.998,0.999,0.393,1,0.997,0.107,0.575,0.566,1,0,0.792,0.469,0.997,1,0.559,0.166,0.648,0.975,0.994,0.981,0.764,0.799,0.254,0.55,0.846,0.485,0,0.067,0.985,0.214,0.993,0.972,0.002,0.011,0.317,0.493,0.694,0.043,1,0.196,0.477,0.434,0.997,1,1,1,0.666,0.033,0.982,0
0.005,1,0.062,0.356,0.988,1,0.342,0.005,0.641,1,0.133,0.443,0.142,0.983,0.004,1,1,1,0.584,0.977,0.818,0.033,0.814,0.02,0.26,1,0,0.493,0,0.033,1,0.607,1,0.936,0.309,1,0.674,0.005,0.971,0.636,1,0.622,0.074,0.684,0.002,0.99,0.38,0.134,0.43,0.998,0.278,1,0.023,1,0.636,0.002,0.947,0.72,0.838,0.166,0.085,1,1,0.049,0,0.992,0.999,1,0.972,0.498,0.146,0.454,0.973,0.252,0.944,0.998,0.238,0.843,0.79,0.613,0.77,0.606,0.832,0.951,0.985,0.902,0.99,0.051,0.988,0.023,0,0.994,1,0.826,1,1,0.485,0.954,0.001,0.288,0.004,0.491,0.995,1,0.143,1,0.292,0.669,0.998,0.327,0.025,0.535,0.736,0.783,0.77,0.53,0.997,1,0.988,0.049,0.096,0.055,0.649,0.789,0.429,0.595,0.455,0.476,0.156,0.871,1,0.483,0.966,0.128,0.132,0.037,0.766,0.583,0.886,0.718,0.514,0.872,0.156,0.245,1,0.002,1,0.116,0.162,0.31,0.844,0.97,0.78,0.328,0.955,0.275,0.93,0.999,0.438,0.035,0.067,0.475,0.651,0.864,0.32,0.357,1,0.999,0.904,0.998,0.965,0.417,0.142,0.229,0.646,1,0.37,1,0.973,0,0.768,0.316,0.98,0.409,1,0.81,1,0.999,0.742,0.983,1,0.949,0.808,0.745,1,1,0.018,0.042,0.826,1,0.931,0.435,0.99,0,1,0.306,0.847,0.53,1,0,0.093,0.36,0.998,0.63,0.01,0.581,0.996,0.543,0.995,0.994,0,0.638,0.995,0.589,0.003,0.393,0.729,0.094,0.002,0,0.257,0.071,0.998,0.23,0.293,0.599,0.997,0.832,1,0.876,0.612,0.009,0.377,0.464,0.438,0.505,0,0,0.047,0.987,0.842,0.437,0,0.457,0.534,0.962,0.763,0.555,0.267,0.187,0.181,1,0.086,1,0.693,0.986,0.001,0,1,0.654,0.113,0.424,0.755,0.995,0.615,0.289,0.225,1,0
0.821,0.173,0.73,0.05,0.059,0.873,0.257,1,0.45,0.999,1,1,0.057,0.494,0.199,0.865,0.938,0.443,0.657,0.142,0.779,1,0.153,0,0.4,0.997,1,0,1,0.715,0.419,0.253,0.996,1,0.973,0,0.615,0.968,0.508,0.328,1,0.04,0.953,0.822,0.002,0.023,0.034,0.738,0.276,0,0.99,0.19,0.007,1,0.995,1,0.923,0.914,0,0.975,0.837,1,0.21,0.005,0.993,1,0.99,0.003,1,0.695,0.865,0.489,0.966,0.039,0.937,1,0.99,0.932,0.993,0.533,0.997,0.696,0.824,0.534,0.072,1,1,1,1,1,0.021,0.003,0,0.748,0.981,0.991,0.377,1,1,0.486,0.081,0.983,0.528,1,1,0,0.38,0.023,0.992,1,0,0.806,0.999,0.426,1,0.46,1,0.279,0.006,0.02,0.855,0.257,0.257,0.309,0.036,0.045,0.507,0.977,0.961,0.026,1,0.82,0.423,0.418,0.999,0.014,0.248,0.548,0.991,0.931,0.977,0.151,0,0.404,0.928,0.927,0.952,0.958,0.896,0.949,0.8,0,0.988,0.612,0.03,1,1,0.319,0.492,0.723,0,0.139,0.001,1,0.71,0.209,0.131,0.999,0.193,0.96,0.995,0.581,0.4,0.817,0.96,1,0.059,0.996,0.141,1,0.097,0.364,0.999,0.392,1,0.216,0.327,0.595,0.002,0.611,0.988,0.126,0.682,1,0,0,0.748,0.011,0,0.995,0.988,0.471,0.455,0.984,0.998,0.597,0.862,0.122,0.115,0.016,0.057,1,0.999,1,0.276,0.977,0.094,0.022,0.003,0.659,1,0.889,0.97,0.584,0.859,0.868,0.833,0.802,0.361,1,0.898,0.036,0.002,1,0.62,0.631,0.707,0.991,0.003,0.724,0.675,0,0.233,0.546,0.689,0.599,1,0.175,0.718,0.873,0.065,0.235,0.642,0.357,0.573,1,0.803,0.392,0.274,0.921,0.567,0.033,0.906,0.612,0.51,0.61,0.663,0.006,0.449,0.796,0.273,0.771,0.708,0.999,0.209,0.126,0.991,0,0.244
0.745,1,0.729,1,0.56,0.521,0.942,0.056,0.572,1,1,0.99,0.162,0.027,0.002,1,0.696,0.96,0.818,0.096,0.965,0.118,0.007,0.056,0.604,0,0.001,0.001,0,0.976,0.226,0.383,0.004,0.951,0.787,0.164,0.425,0.181,0.663,0.822,1,1,0.068,0.731,0,0.998,0.997,0.062,0.438,0,1,1,0.814,1,0.607,1,0.724,0.731,0,0.861,0.819,1,0.001,0.911,0.082,0.94,0.903,0,0,0.255,0.962,0.472,0.519,0.251,0.987,0,0.132,0.999,0.994,0.602,1,0.179,0.87,1,0.676,0.005,0.948,0,1,1,0.972,0.975,0.958,0.444,0,0.173,0.674,1,0,0.996,0.998,0.178,0.997,0.767,0.955,0,0.044,0.95,0.894,0.215,0,0.308,0,0.733,1,0.563,0.984,0.845,0.998,0.791,0.221,0.975,0.096,0.873,1,1,0.945,0.94,1,0.52,0.996,0.124,0.815,0.862,0.282,0.011,0.956,0.168,0.12,0.831,0.759,0.954,0,0.937,0.356,0,0.037,0.718,0.931,0,0.458,0.048,0.824,0.976,0.896,0.989,1,0.298,0.972,0.571,0.999,0,0.978,0.978,0.234,0.092,0.222,0.997,0.924,0.398,0.908,0.462,0.595,0.654,0.435,1,0.033,0.424,0.087,0.527,0.3,0.418,0.012,0.007,0.999,0.309,0.997,1,0.994,0.602,0.108,1,0.656,0.771,1,1,0.417,0.993,0,1,0.912,0.549,0.532,0.016,0.021,0.028,0.805,0.819,0.956,0,0.43,0.995,0.989,0.905,0.981,0.992,0.04,0.703,0.926,0.968,0.997,0.097,0.826,0.405,1,1,0.564,0.719,1,0.999,0.832,0.017,0.015,0.983,0.816,0.607,0.462,0.433,0,0.214,0.593,0.946,0.257,0.682,0.502,0.539,0,0.814,0.104,1,0.998,0.467,0,0.319,0.777,0.002,0.859,0.818,0.405,0.937,0.182,0.046,0.997,0.905,0.596,0.429,0.518,1,0.922,0.31,0.125,0.407,0.01,0.291,0.203,0.96,0.327,0,0
1,1,0.995,1,1,0.465,0.798,1,0.472,0.999,1,0.989,0.745,0.32,0.669,0,0.943,0.022,0.48,0.806,0.138,0.139,0.007,0,0.316,0.029,0.969,1,0.005,0.852,0.001,0.27,0.594,0.67,0.5,1,0.64,0.015,0.434,0.702,0,0.98,0,0.296,0,0,0.705,0.999,0.722,0.995,0.999,1,0.029,0.029,0.315,0.328,0.996,0.594,0.227,0.64,1,0,1,1,0.135,0,0.005,1,0.929,0.414,0.16,0.62,0.92,0.795,0.859,1,0.809,0.384,0.032,0.377,0.978,0.991,0.46,0.815,0.665,0.962,0.027,0.995,0.003,0.99,1,1,0.653,0.751,0,0.988,0.978,0.753,1,0.025,0.015,0.914,0.981,0,0.994,0,0.998,0.602,0.933,0.994,0.02,0.569,0,0.99,0.883,0.54,1,0.835,0.999,1,0.999,0.823,0.549,0.223,1,0.785,0.432,0.659,0.983,0.193,0.931,0.96,0.438,0.959,0.997,1,0,0.376,0.095,0.695,0.912,1,1,0.268,0.004,1,0,0.89,0.95,0,0.348,1,0.733,0.429,0.755,1,0.001,0.922,0.791,0.172,0.001,0.982,0.003,0.967,0.86,0.998,0.955,0.985,0,0.23,0.735,0.685,0.966,0.41,0.45,0.573,0.087,0.895,0.471,0.997,0.593,0.636,0.995,0.948,1,0.28,0.018,0.78,0.001,0.686,1,0.242,0.747,0.823,1,1,1,0.967,0.411,0.844,0.994,0.606,0.086,1,1,1,0.955,0.757,0.973,0,0.164,1,0.711,0.326,0.315,0,0.778,0.216,0.16,0.98,1,0.349,0.399,0.439,0.276,0.918,0.145,0.252,1,0,0.803,0.379,0.997,0,0.355,0.594,0.829,0.623,0,0.996,0.549,0.032,0.114,0.437,0.931,0.532,1,0.972,0.152,1,0.89,0.161,0.016,0.635,0.464,0.018,0.838,0.353,0.915,0.759,0.45,0.807,0.993,0.249,0.686,0.603,0.001,1,0.407,0.983,0.814,0.939,1,1,0.985,0.252,0.174,1,0
0.636,0.981,0.246,1,0.053,0.941,0.797,1,0.814,0.243,1,0.941,0.126,0.039,0.965,0.843,0.669,0,0.262,0.474,0.981,0.895,0.148,0.646,0.26,0,0,0.005,0,0.865,0.155,0.981,0.989,1,0.777,1,0.34,0.884,0.527,0.44,0,0.636,1,0.491,0,0.142,0.085,0.955,1,1,1,1,0.922,1,0.281,0.005,0.455,0.006,0.014,0.201,0.98,0.002,1,0.963,0.677,0.193,0.872,0.548,0.994,0.243,0.082,0.734,0.719,0.347,0.832,0.007,1,0.268,0.447,0.654,0.36,0.974,0.696,0.957,0.275,1,0.008,0.99,0.06,0.08,0,0.292,0.212,0.502,1,0.042,0.778,0.001,0,0.96,0.979,0.992,1,1,0.998,0,0.96,0.527,0.682,0.005,0.001,0.267,1,0.645,1,0.49,0.031,0.994,0.789,0.975,0.999,0.021,0.164,0.692,1,1,0.791,0.155,0.025,0.348,1,0.8,0.011,0.443,0.843,0.382,0.092,0.354,0.005,0.591,1,0.371,0.993,0.299,1,0.117,0.979,0.322,0.313,1,0.423,0,0.294,0.253,1,0.962,0,0.875,0.055,0.528,0,0,0.957,0.965,1,0.981,0.913,0.999,0.848,0.918,0.999,0.823,0.138,0.88,0.628,0.018,0.432,0.872,0.997,0.994,0.696,0.631,0.002,0.467,0.002,0.208,0.002,0.861,1,0.41,0.485,0.676,0.835,0.988,0.006,0,0.017,0.01,1,0.019,1,0.403,1,0,0.021,0.001,0.29,0.055,0.996,0,0.04,1,0.966,0.171,1,0.26,0.91,0.19,0.453,0.209,1,0.959,0.149,0.84,0.953,0.733,0.15,0.895,0.002,0.001,0.035,0.999,0.036,0.021,0.251,0.579,0.669,0.996,1,0.801,0.514,0.046,0.935,0.461,0.585,0.595,0.273,0.013,0.991,0.227,0.833,0.084,0,0.838,0.568,0.333,0.255,0.577,0.695,0.304,0.468,1,0.281,0.205,0.397,0.658,0,1,0.559,0.658,0.325,0.552,0.005,1,1,0.062,0.04,0.222,0
0.375,1,0.184,0.61,0.966,0.747,0.03,1,0.495,1,0.995,0.371,0.14,0.65,0.013,0.99,1,0,0.654,0.21,0.909,0.708,0.634,0.078,0.66,0,0.99,0,0.02,0.842,0.984,0.855,1,0.003,0.974,1,0.592,0.013,0.795,0.741,1,1,0.485,0.999,1,1,0.458,0.909,0.436,0,0.998,1,0.314,1,0.499,0.217,0.439,0.633,0.971,0.172,0,0.952,0.982,0.312,0.25,0.001,1,1,0.999,0.372,0.88,0.973,0.943,0.391,0.023,0.999,0.991,0.559,0.654,0.672,0.137,0.57,0.538,0.683,0.848,0.992,0.004,0.208,0.007,0.097,0.111,0.662,1,0.885,0,0.035,0.755,1,0.968,0.865,1,0.089,0,0.182,0.002,1,1,0.15,0.197,0.888,1,0.627,0.995,0.999,0,0.557,1,0.723,0.982,1,0.929,0.074,0.787,0.331,1,0.27,0.498,0.351,0.963,0.929,1,0.936,1,0.882,0.978,0.02,0.702,0.989,0.054,0.49,0.02,0.002,0.998,0.663,0.27,1,0.993,0.092,0.922,1,0,0,0.761,0.898,1,0.99,0.999,0.988,0.999,0.561,0.181,0.053,0.992,0.635,0.992,1,0.981,1,0.995,0.659,0.414,0.54,0.777,0.755,0.701,0.025,0.314,0.22,0.932,1,0.781,0.447,0.84,0.344,0.721,0.616,1,0.885,0.877,0.311,0.073,0.807,0.083,0.106,1,1,0.593,0.014,1,0.784,0.998,0.417,1,1,0.983,0.992,0.295,0.786,1,1,0.964,0.003,0.003,0.005,0.998,0.124,0.997,0.865,0,0.341,0,0.994,0.139,0.585,0.946,1,0.865,0.509,1,1,0.807,0.622,0.969,0,0.882,0.461,0.772,0.692,0.337,0.129,0.394,0.3,0.758,0.58,0.615,0.435,0.864,0.005,0.04,0.018,0.758,0.704,0.996,0.938,0.475,0.088,0.448,0.465,0.208,0.207,0.686,0.956,0.011,0.275,0.394,0.465,0,1,0.995,0.869,0.269,0.208,0.943,1,0.382,0.577,0.086,0.999,1
0.956,1,0.73,0,0.584,0.147,0.996,0.005,0.299,0.274,0.225,0.002,0.563,0.909,0.001,1,1,1,0.493,0.809,0.176,0.311,0.011,0.033,0.277,0,0,0,1,0.98,0.196,0.247,0.135,0.002,0.803,0.373,0.783,0.929,0.455,0.599,0,0.932,0.997,0.493,0.259,0.059,0.002,0.207,0.766,0.105,0.997,0,1,1,0.582,0.005,0.684,0.109,1,0.764,0.025,0.001,0.861,1,0,0.344,0.211,0.001,0.016,0.783,0.98,0.868,0.822,0.83,0.463,1,0.784,0.348,0.132,0.365,0.788,0.224,0.775,1,0.813,0.002,0.997,0.992,0.975,0,1,0.986,0.985,0.523,0,0.011,0.471,0.997,0.224,0.023,0.995,1,0.947,0.055,0.003,0.944,0.546,0.782,1,1,0,0.423,0.658,0.224,0.999,0.398,0,0.833,0.023,1,0.406,0.613,0.998,0.643,0.754,0.272,0.503,1,0.988,0.771,0.936,0.486,0.958,0.736,0.494,0.107,0.22,0.676,1,0.566,1,0.858,0.988,0.364,0.921,0.625,0.948,0.095,0.887,0,1,0.996,0.086,0.206,0.999,1,0,0.537,0.9,0.645,0.002,0,0.075,0.716,0.87,1,0.002,1,0.999,0.995,0.54,0.497,0.191,0.647,0.729,0.345,0.537,0.848,0.666,1,0.681,0.352,0.984,0.781,1,0.394,0,0.943,1,0.669,1,0.014,0.931,0.006,0,0,0.012,1,1,0.962,0.01,0.713,0.897,1,0.029,0.993,0.255,0.007,0.058,0,0.394,0.96,0.955,1,0.037,0.006,0.848,0.82,1,0.889,1,0.334,0.985,0.628,0.989,0.906,0.173,0.002,0,0,0.083,0.643,0.957,0.063,0.406,0.521,0.683,0.261,0,0.867,0.547,0.604,0.975,0.51,0.496,0.586,0,0,1,0.714,0.803,0.22,0.077,0.616,0.473,0.893,0.875,0.905,0.212,0.807,0.587,0.001,0.48,0.521,0.521,0.511,0.639,1,0.793,0.541,0.519,0.328,0.885,0.383,0.433,0.924,0.975,0.959,0.137
0.254,1,0.64,1,0.038,0.915,0.265,1,0.597,0.84,0.498,0.009,0.933,0.789,0.154,0.954,0.437,1,0.367,0.004,0.031,0.001,0.951,0.932,0.572,0,0.942,0,0.163,0.383,0.999,0.671,1,0.92,0.356,0.003,0.598,0.868,0.714,0.362,0,0.454,0.001,0.718,1,0.897,0,0.004,0.539,0.972,0.993,0.964,0.295,0,0.254,0.217,0.946,0.008,0.913,0.391,0.005,1,1,1,0.968,0.999,1,0.614,0,0.992,0.057,0.616,0.033,1,1,0.829,0.705,0.87,0.908,0.383,0.945,0.474,0.405,0.444,0.703,0.118,1,0.031,0.925,1,0.833,0.15,0.178,0.776,0.021,1,0.975,0.009,0.015,0.869,0.874,0.804,0,0.994,0.995,1,0.987,0.021,0.549,1,0.396,0.66,1,0.255,1,0.541,0.992,0.437,1,0.924,0.753,0.016,0.995,0.571,0,0.93,0.148,0.367,0.445,0.283,0.016,0.975,0.082,0.962,0.837,0.202,0.854,0.693,0.105,0.448,0.999,0.001,1,0.324,0.029,1,0.117,0.08,0.322,0.002,0.905,0,0.283,0.819,1,0.457,1,0.938,0.058,0.15,0.001,0.996,1,0.913,0.281,0.981,0.143,0.963,0.355,0.909,0.952,0.514,0.697,0.985,0.398,0.008,0.927,0.035,0.818,1,0.265,0.34,0,0.04,0.379,0.562,0.003,0.732,0.023,0.639,0.001,1,0.629,0.137,1,0.013,0.28,0.908,1,0.102,1,0.578,0.015,0.995,0.997,0.991,0.982,0.27,0,0.998,0.824,0.997,0.135,0.998,0.291,0.997,0.093,0.005,0.028,0.301,0.729,0.064,0.105,0.574,1,0.142,0.503,0.116,0.113,0.517,0.968,0.175,0.062,0.002,0.971,0.497,0.652,0.936,1,0.591,0.485,1,0.279,0.45,0.45,0.487,1,0.928,0.004,0.582,0.477,0.77,0.104,0.991,0.544,0.673,0.634,0.615,0.495,0.605,0.243,1,0.993,0.665,0.399,0.36,0,1,0.437,0.24,0.781,0.888,0.001,0.117,0.44,0.999,0.936,0.039,0
1,0,0.114,0,0.359,0.424,0.006,0.999,0.762,1,0.452,0.107,0.231,0.271,0.151,1,0.035,0.023,0.326,0.979,0.193,0.126,0.887,0.746,0.354,0,0.91,0.975,0.997,0.882,0.972,0.308,0.2,0.003,0.493,1,0.751,0.946,0.38,0.285,1,0.999,1,0.659,0.014,0.254,0.058,0.038,0.725,0.884,1,0,0.214,0,0.793,0.031,0.045,0.284,0.012,0.011,0.948,0,1,0.273,0.401,0.083,0.328,0.001,0,0.75,0.835,0.653,0.998,0.237,1,0.929,0.79,0.973,0.023,0.645,0.843,0.989,0.972,0.978,0.363,0.944,0.476,0.037,0.194,0.851,1,0.656,0.195,0.73,1,0.013,0.333,1,0,0.998,0.976,0.875,0.966,0,1,1,0.993,0.013,0.022,0.294,0.232,0.202,0.009,0.305,1,0.436,0.997,0.39,0.997,0.314,0.533,0.085,0.147,1,1,0.838,0.826,0.884,0.635,0.658,0.982,0.223,0.304,0.998,0.476,0.119,0.722,0.841,0.9,0.715,0.999,0.775,0.011,0.93,0.949,1,0.943,0.699,0.397,0.998,0.761,1,0.268,0.739,0.221,0.785,1,0.999,0.967,0.789,0.664,0,0.015,0.349,0.981,0.003,0.818,0.072,0.979,0.984,0.934,0.587,0.046,0.916,0.594,1,0.646,0.706,0.691,1,0.163,0.561,0.991,0.883,0.965,0.603,0.009,0.343,0,0.871,0.996,0.817,0.632,0,0.003,0,0.088,0.838,0.073,0.997,1,0.483,0.323,0,1,0,1,0.688,1,0.37,0.997,0.453,1,0.988,0.995,1,0.838,0.967,0.692,0.116,0,0.162,0.876,0.611,0.077,0.083,0.574,0.103,0.997,0.06,0.278,0.848,0.18,0.995,0.953,0.544,0.734,0.893,0,0.72,0.57,0.014,0.259,0.559,1,0.524,0.007,0,0.853,0.965,0.877,0.08,0.768,0.346,0.427,0.397,0.458,0.478,0.398,0.829,0.466,1,0.998,0.966,0.484,0.402,0,1,0.839,0.261,0.773,0.089,1,0.999,0.969,0.943,0.04,0.434,0
0.625,0,0.334,0.997,0.502,0.898,0.994,0,0.429,1,0.677,0.996,0.218,1,0.656,1,0.02,1,0.665,0.888,0.737,0.863,0.982,0.833,0.585,0.923,0.57,0.993,1,0.247,1,0.813,0.972,0.984,0.681,0.062,0.58,0.943,0.945,0.997,0.638,0.953,0.999,0.236,0.998,0.029,0.684,0.04,0.613,1,0.901,0.993,0.758,1,0.51,0.897,0.168,0.983,1,0.828,0.001,0.001,0.002,0.779,1,0.996,1,1,0.997,0.441,0.996,0.65,0.263,0.195,0.034,1,0.904,0.913,0.894,0.478,0.998,0.243,0.999,0.994,0.936,0.665,0.998,0.008,0.317,0.969,1,0.865,0.002,0.975,0.053,0.013,0.756,0.206,0.076,0.026,1,0.102,0.989,0.015,0.923,0.002,1,0.019,0.315,0.994,0.025,0.926,1,0.972,0.298,0.486,0.013,0.901,0.097,0.013,0.655,0.271,0.977,0.416,1,0.991,0.181,0.04,0.045,0.927,0.009,0.862,0.991,0.749,0.643,1,0.602,0.713,0.064,0.568,0.979,0,0.999,0.645,0.054,1,0.999,0.087,0.968,0,0.738,0,0.983,0.512,0.052,0.007,0,0.016,0.964,0.021,1,0,0.788,0.148,0.152,0.481,0.457,0.004,1,0.001,1,0.536,0.877,0.226,0.879,0.484,0.987,0.032,0.345,1,0.617,0.682,0.002,0.004,0.599,0.214,1,0.854,0.155,0.688,1,0.512,0.505,0.831,0.999,0,0.837,0.611,1,0.039,0.118,0.527,0.101,0.788,0.048,0.986,0.916,0.389,0.093,0,0.08,0.999,0.958,0.378,0.658,0.036,1,0.115,0.018,0.148,1,0.34,0.666,0.51,0.93,0.929,0.67,1,1,1,0.282,0.18,0.94,0,0.181,0.64,0.487,0.871,0,0.069,0.58,0.915,0.087,0.44,0.966,0.513,0,1,0.1,1,0.036,0.074,0.002,0.105,0.384,0.999,0.997,0.907,0.404,0.334,0.359,1,0.986,0.521,0.861,0.852,0.546,0.999,0.701,0.904,1,0.988,0.016,0,0.55,0.854,1,0.944,1
0.015,1,0.294,1,0.153,0.343,0.87,1,0.334,0.999,0.979,0.69,0.263,0.003,0.004,1,1,0.119,0.773,0.384,0.995,0.907,0.764,0.041,0.378,0,0.008,0.007,1,0.922,0.993,0.425,0.018,0.991,0.285,0,0.627,0.977,0.8,0.777,0.185,0.993,1,0.706,0.883,0,0.17,0.923,0.456,1,0.997,0.991,0.007,0.589,0.435,0.73,0.865,0.704,1,0.728,0.919,0.08,1,0.013,0,0.899,0.896,0.137,0,0.357,0.753,0.322,1,0.459,0.854,0,0.269,0.971,0.941,0.498,0.891,0.998,0.141,0.984,0.981,0.89,0.803,0.98,0.012,0.001,0,0.041,0.004,0.738,1,0.008,0.593,0.615,1,0.847,0.993,0.874,0.871,0,0.296,0.98,0.001,0.778,0.325,0.998,0.048,0.795,0.937,0.626,0,0.48,0,0.583,0.958,0.995,0.113,1,0.949,0.449,0,0.525,0.118,0.97,0.938,0.026,1,0.995,0.05,0.09,0.357,0.011,1,0.974,0.851,0.654,0.948,0.928,0.004,0.263,0.932,1,0,0.995,0.094,0.926,0.001,0.001,0.181,0.213,1,0.933,1,1,1,0.032,0.406,1,0.394,0.965,0.905,0.979,0.332,1,1,0.002,0.324,0.565,0.991,0.706,0.592,0.558,0.347,0.927,0.506,1,0.67,0.359,0.954,0.874,0,0.713,0.001,0.745,1,0.481,0.267,0.997,0.257,0.996,0,0.83,0.965,1,0.999,0.325,0.998,0.789,0.004,0,0.965,0.001,1,0.186,0.008,0,0.106,0.435,0.002,0.012,0.503,0.114,0.03,0.734,0.074,0.869,0,0.146,0.166,0.436,0.408,0.959,0.549,0.102,1,0,0.949,0.015,1,0.065,0.801,0.47,0.64,0.572,1,0.265,0.4,0.565,0.967,0.424,0.315,0.444,0.075,0.038,1,0.189,0.947,0.662,0.023,0.943,0.523,0,0.376,0.67,0.951,0.895,0.759,0.996,1,0.863,0.655,0.514,0.107,0.994,0.991,0.517,0.985,0.853,0.912,1,0.843,0.063,0.253,0.93,1
0.832,1,0.628,0,0.999,0.853,0.094,0.591,0.571,0,0.796,0.123,0.895,0.825,0.586,0,0.008,0,0.717,0.95,0.206,0.668,0.003,0.493,0.34,0,0.966,0.024,0,1,0.014,0.315,0.981,0.925,0.551,1,0.589,0.157,0.42,0.335,0.026,1,0.059,0.736,0.281,1,0,0.727,0.774,0.678,1,0.001,0.965,1,0.226,0.055,0.998,0.852,0.964,1,0.526,1,0.598,0.001,0.013,0.999,0.006,0.007,0,0.247,0.053,0.702,0.053,0.146,0.742,1,0.208,0.997,0.498,0.559,0.393,0.769,0.497,0.305,0.119,0.836,0,0.927,0.945,1,0.988,0.972,0.99,0.918,1,0.582,0.422,1,0.035,0.025,0.255,0.449,1,1,0.643,1,1,0.999,0.946,0.97,0.995,0.412,1,0.975,0.042,0.441,0.984,0.908,0.96,0.076,0.63,0.779,0.791,0.353,1,0.026,0.302,0.784,0.863,0.433,1,0.122,0.83,0.58,0.201,0.462,0.927,0.826,0.879,0.99,0.902,0.023,0.997,0.375,0.95,0.062,0.73,0.875,0.98,1,0.93,0.972,0.238,0.418,0.964,0.183,0.883,0.775,0.988,0.127,0.024,0,1,0.102,0.043,0.962,0.974,0.003,0.211,0.996,0.947,0.483,0.998,0.56,0.574,0.913,0.838,0.993,0.972,0.934,0.679,0.699,0.709,0.89,0.86,0.695,0.551,0.838,0,0.61,0.007,0.964,0.632,0.001,0,0.869,0.185,0.988,0,0.877,0.975,0.423,0.001,0,0.994,0.015,0.953,0.017,0.967,0.998,0.615,0.006,0.035,0.908,0.862,0.999,0.896,1,0.999,0.887,0.009,0.965,0.239,0.65,0.827,0.965,0.914,0.753,0,0.881,0.126,0.012,0.299,0,0.697,0.467,0.349,0.982,0,0.993,0.374,0.932,0.196,0.412,0.536,0.505,0,0,0.958,1,0.186,0.95,0,0.691,0.493,0.597,0.731,0.558,0.602,0.883,0.995,0.002,0.454,0.194,0.443,0.4,0,0.303,0.903,0.748,0.21,0.927,0.754,0.002,0.123,0.909,0.987,0,0.755
1,0.126,0.651,0.02,0.834,0.508,0.271,0.998,0.601,0.58,0.997,0.962,0.112,0.947,0.992,0.899,0.244,0,0.93,0.138,0.522,0.617,0.277,0.001,0.455,0.969,0.928,0.999,0.002,1,0.007,0.408,0.979,0.13,0.34,1,0.834,0.998,0.718,0.47,0.874,0.034,1,0.792,0,0.176,0.83,0.907,0.811,0,1,0.149,0.707,0.761,0.513,0.918,0.76,0.73,0.996,0.133,0,1,1,0.604,0.002,0.246,0.101,0.922,0.994,0.699,0.815,0.551,0.985,0.163,0.129,1,0.489,0.206,0.361,0.946,0.977,0.746,0.91,0.909,0.737,0,1,0.056,0.874,0.388,0.543,0.915,0.001,0.247,1,0.002,0.823,0.003,0,0.983,0.918,1,0,0.003,0.55,1,0.92,0.244,0.554,0.893,1,0.565,0.384,0.374,1,0.529,1,0.103,0.978,0.026,0.174,0.999,1,0.532,1,0.069,0.972,0.675,0.59,0.949,0.234,0.838,0.348,0.091,0.975,0.017,0.015,0.718,0.02,0.506,1,0.06,1,0.545,0.016,0,0.998,0.849,0.053,0.373,0.041,0.012,0.989,0.372,0.032,0.961,0,0.053,0.481,0.168,0.379,1,0.294,0.54,0.936,0.653,0.039,0.317,0.87,0.001,0.991,0.407,0.875,0.614,0.47,1,0.06,0.953,0.174,1,0.089,0.413,0.147,0.006,0.018,0.633,0,0.714,0.035,0.619,0.243,0.087,0.636,0.002,1,1,0.985,0.003,0.985,0.952,0.001,0.534,0.147,0.044,0.393,0.982,0.131,0.821,0,1,0.067,0.359,0.226,1,0.227,0.003,0.874,0.957,0.834,0.169,1,0.475,0.686,0.566,0.011,0.383,0.971,0.619,0,1,0.384,0.319,0.978,0.014,0.597,0.559,0.934,0.863,0.954,0.04,0.406,0.049,0.652,0.532,0.939,0.476,1,0.998,0.016,0.991,0.861,0.645,0.275,0.067,0.577,0.759,0.938,0.339,0.567,0.71,0.148,0,0.972,0.467,0.426,0.609,0,0.996,0.937,0.551,0.83,0.441,0.852,0.685,0.612,0.539,0.025,0.595,0
0.351,0,0.648,0,0.944,0.696,0.02,0.309,0.368,1,0.996,0.911,0.1,0.032,0.939,0.031,0.254,0.045,0.352,0.783,0.041,1,0.726,0.861,0.53,1,1,0.004,0.998,0.951,1,0.699,0.996,0.885,0.326,0.056,0.421,0.934,0.328,0.546,0.01,1,1,0.87,1,1,0.077,0.04,0.167,1,0.993,0.894,0.253,1,0.585,0.902,0.529,0.807,0.116,0.875,0.141,0,1,0.869,0,0.574,0.998,0,0,0.679,0.954,0.465,0.999,0.057,0.953,1,0.965,0.852,0.996,0.393,0.143,1,0.663,0.827,0.781,0.819,0,0.002,0.493,0.948,0.234,1,0.97,0.497,1,0.113,0.273,0.918,0.36,1,0.82,0.3,0,0.033,0,0,1,0.02,0.776,0.761,0,0.484,0,1,0,0.671,0,0.943,1,0.009,0.937,0.461,0.781,0.098,0.997,0.088,0.387,0.568,0.961,1,1,0.223,0.237,0.839,1,0.005,0.024,0.738,0.798,0.679,0.903,0.001,0,0.474,0.253,0.004,0.029,0.27,0.972,0.997,0.711,0,0.96,0.748,0.97,0.639,0,0.731,0.006,0.109,0,1,0.003,1,0.996,1,0.895,0.997,0.938,0.025,1,0.415,0.835,0.345,0.718,0.057,1,0.662,0.888,0.002,0.103,0.694,1,0.074,0.75,0.664,0.006,0.287,0.4,0.703,0.37,0.017,0.028,0.127,1,0.001,0.24,0.768,0.672,0.959,0.999,0.576,0.244,1,0.315,0,0.501,0.999,0.992,1,0.083,0.999,0.902,0.375,1,0.994,1,0.998,0,0.102,1,0.628,0.965,0.525,0.843,0.533,0.834,0.492,0.058,0.016,0.156,0.943,1,0.001,0.391,0.776,0.293,0.109,0.691,0.808,0.415,0.82,0.985,0.504,0.227,0.415,0.123,0.994,0.317,0.068,0.005,0.132,0.681,0.464,0.78,1,0.991,0.8,0.694,0.232,0.387,0.963,0.02,0.587,0.639,0.628,0.028,0.994,0.553,0.923,0.738,0.715,0.96,0.539,0.074,0.977,0.076,0.003,0
0.245,1,0.093,1,0.809,0.944,0.753,1,0.748,0.218,0.99,0.021,0.954,0.875,0.002,0,1,0.999,0.473,0.361,0.045,0,0.784,0.207,0.249,0.996,0.993,0.055,0.999,0.902,0.084,0.555,1,1,0.846,0.957,0.969,0.079,0.462,0.847,1,0.616,1,0.977,0.985,0,0.127,0.996,0.289,0.06,0.858,0.158,0.989,0,0.461,0.963,0.457,0.381,0.999,0.974,0.968,1,0.633,1,1,1,1,1,0,0.824,1,0.363,0.125,0.54,0.008,0,0.885,0.114,0.703,0.81,0.073,0.598,0.5,1,0.117,0.915,0.001,0.955,0.981,1,0.999,0.988,1,0.791,0.006,0.929,0.177,0.996,0.009,0.725,0.438,0.986,0.269,0.896,0,1,1,0.014,0.01,1,0.627,0.652,0.001,1,1,0.525,0.007,0.999,1,0.999,0.771,1,0.468,0.138,0.062,0.432,0.25,0.289,0.077,0.688,0.024,0.445,0.236,0.503,0.026,0.006,1,0.505,0.849,0.261,0.567,0.977,1,0.594,0.129,0.992,0,0.138,0.873,1,0.999,1,0.337,0.974,0.933,0.961,1,0.975,0.22,0.027,0.891,0.654,1,0.042,0.038,0.288,0.827,0.999,0.18,0.136,0.887,0.468,0.569,0.622,0.586,0.994,0.461,0.997,0.436,0.991,0.575,0.572,0.265,0.619,0.693,0.33,0.999,0.303,0.81,0.65,0.829,0.291,0.041,0.544,0,0,0.868,0.906,1,1,0.961,0.386,0.996,0.492,0.906,0.999,0.786,0.186,0.827,0.238,0.648,0.803,0.011,0.587,0.887,1,0.309,0.197,1,0.936,0.894,1,0.864,0.642,0.992,0.243,0.999,0.83,0,0.999,1,0.941,0.922,0.125,0.925,0.565,0.772,0.842,0.536,0.19,0.531,0.093,0.435,0.528,0.799,0.618,0.259,0.732,0.933,0.343,1,0.274,0.013,0.332,0.57,0.213,0.037,0.515,0.158,0.999,1,1,0.855,0.854,0.597,0.671,0.785,0.965,0.23,0.81,0.736,0.706,0.176,1,0.405,0.675,0.103,0,1
0.044,1,0.242,0.971,0.021,1,0.699,0.345,0.893,0.968,0.066,1,0.333,0.78,0.752,0.385,0.241,0.993,0.327,0.038,0.523,0,0.114,0.981,0.255,0,0.008,0.004,1,0.086,0.818,0.637,0,0.142,0.501,0.965,0.38,1,0.998,0.463,1,0.77,1,0.583,1,0,0.01,0.949,0.874,0.247,0.986,0.994,1,0,0.795,0.784,0.56,0.135,0.789,0.881,0.696,1,1,0.127,0.028,0.951,0.632,1,1,0.731,1,0.418,0.998,0.971,0.007,0.999,0.833,1,0.867,0.83,0.246,0.894,0.632,0.99,0.049,0,0.965,0.006,0.126,0.645,0.006,0.188,0.862,0.501,1,0.86,0.425,0.997,0.929,0.622,0.911,1,0.043,0,0,0.999,0.992,0.338,0.947,0.988,0.974,0.541,0.996,0.225,1,0.561,1,0.882,0.006,0.564,0.09,0.994,0.9,0.574,0.786,0.985,0.682,0.711,1,0.768,0.776,0.739,0.2,0.427,0.072,0.121,0.935,0.997,0.873,0.881,0.781,0.565,1,0.602,0.635,0,0.895,0.304,1,0,0.378,0.027,0.808,0.996,0.755,0.996,0,0.362,0.034,0.173,0.97,0.987,0.535,0.908,1,0.944,0.788,0.01,0.009,0.884,0.428,0.415,0.211,0.628,0.371,1,0.909,0.031,0.781,0.477,0.807,0.896,1,0.656,1,0.252,0.95,0.55,0,0.599,0.031,0.959,0.636,0.027,0,1,0.28,0.891,1,1,0.041,0.861,1,1,0.625,0.025,0.423,0.469,0,1,0.105,0.01,0.691,0.013,0.965,0.003,0.478,0.804,0.667,0.363,1,0.212,1,0.566,0.466,1,0.145,0.652,0.034,0.911,0.747,0.983,0.956,1,0.532,0.597,0.98,0.998,0.998,0.385,0.49,0.176,0.831,0.532,0.71,0.735,1,0.055,0.026,0.683,0.668,0.072,0.019,0.096,0.915,0.694,0.121,0.685,0.287,0.882,0.271,0,0.09,0.218,0.94,0.355,0.611,0.999,0.206,0.71,0.967,0.909,0.97,0.005,0.762,0.779,0.987,0,1
0.005,0,0.235,0,0.137,1,0.913,1,0.56,1,0.999,1,0.019,0.01,0.002,1,0.037,0.018,0.588,0.016,0.839,0.984,0.997,0.79,0.545,0,0.999,1,0.001,1,1,0.365,0.973,0.993,0.999,1,0.443,0.022,0.73,0.279,0,0.988,1,0.576,1,1,0.004,0.47,0.719,0.042,0.53,1,0.014,1,0.636,0.856,0.929,0.092,0.047,0.441,0,1,1,0.992,0.429,1,0.734,1,0.986,0.286,0.57,0.671,0.02,0.987,0.644,0.947,0.857,1,1,0.511,0.234,0.621,0.709,0.306,0.998,0.326,1,0.981,0.949,0,1,0.001,0.948,1,1,0.84,0.998,0.011,1,1,0.38,0.264,0,0,0.078,0,0.05,0.124,0.715,0.035,0.92,0.676,0,0.389,0,0.469,0,1,0.014,0.335,0.127,0.955,0.54,0.997,1,0.056,0.453,0.72,0.816,0.008,0.446,0.807,0.265,0.705,0.931,0.055,0.795,0.698,0.016,0.529,0.135,0.002,0,0.424,0.957,0,0,1,1,0,0.139,0.928,0.627,0.448,1,0.884,0,0.965,1,0.279,0.936,1,0.977,0.998,0.997,1,0.033,0,0.978,0.346,0.936,0.613,0.994,0.634,0.486,0.024,0.928,0.332,0.436,0,0.257,0.384,1,0.007,0.987,0.96,0.864,0.716,0.989,0.65,1,0.248,0.359,0.007,1,0.978,0.092,0.981,1,0.71,0.896,0.488,1,1,0.176,0.037,0.993,0.711,0.99,1,0.288,0.438,0.443,0.997,0.97,1,0.357,0.516,0.02,0.274,0.985,0.437,0.249,0.448,0.999,0.678,0.975,0.006,0.995,0.992,0.606,0.017,0.584,0.029,0.443,0.871,0.337,0.806,0.005,0.102,0.394,0.349,0.799,0.44,0.843,0.443,1,1,0.184,0.994,0.923,0.614,0.726,0.624,0.661,0.497,0.277,0.64,0.226,0.48,0.372,0.109,1,0.977,0.526,0.716,0.6,1,0.759,0.725,0.699,0.306,0.557,1,0.873,0.022,0.646,0,0
0.023,1,0.869,0,0.939,0.995,0.955,1,0.964,0.324,0.956,0.004,0.172,0.153,0.029,1,0.817,0,0.99,0.25,0.02,0.378,0.171,0.982,0.858,0.967,0.177,0,1,0.813,0.966,0.63,0.002,0.323,0.339,0.008,0.504,0.909,0.541,0.369,0.021,0.114,0.992,0.884,0.023,1,0.928,1,0.996,1,0.982,0.994,0.998,1,0.833,0.996,0.936,0.145,0.682,0.173,0.001,0.056,1,0.375,0.034,0.453,0.005,0.203,0,0.941,0.666,0.611,0.354,0.244,0.484,1,0.956,0.083,0.022,0.667,0.083,0.326,0.718,0.364,0.14,0,0.054,0.12,0.197,0.985,0.001,0.473,0.01,0.169,0,0.82,0.518,0.045,0.114,0.977,0.489,0.829,0.034,0.999,0.13,1,0.975,0.149,0.836,0.986,0.332,0.668,0.01,0.737,0,0.451,0.495,0.047,0.954,1,0.042,0.958,0.707,0.75,0,0.047,0.756,0.116,0.057,1,1,0.979,0.64,0.288,0.888,0.065,0.503,0.422,0.327,0.469,0.033,0.886,1,0.246,0.992,0.971,1,0.587,0.999,0.997,1,0.994,0.82,0.958,0.083,1,1,1,0.989,0.541,0.027,0.31,1,0.082,0.615,0.043,0.929,1,1,0.002,0.381,0.602,0.133,0.29,0.367,0.982,0.802,0.847,0.362,1,0.275,0.43,0.382,0.64,0.229,0.459,0,0.788,1,0.383,0,0.998,0.06,0.012,0,0.006,1,0.922,0.94,0.049,0.902,0.408,0.947,1,0.74,0,0.833,0.581,0.992,0.027,0.244,0.993,0.172,0.071,0.053,1,0.724,0.017,0.043,0.847,1,0.999,0.951,0.435,0.87,0.551,0.416,0.548,1,1,0.772,0.231,0.109,1,0.847,0.482,0.852,0.359,0.019,0.998,0.821,0.999,0.824,0.479,0.725,0.465,0.094,0.51,0.993,0.977,0.893,0.11,0.025,1,0.612,0.982,0.867,0.733,0.219,0.74,0.937,0.999,0.297,0.999,0.656,0.862,0.624,1,0.312,0.997,0.985,0.771,1,1,0.585,0.188,0.022,1,0.009
0.997,0.805,0.496,0,0.978,0.063,0.025,0.868,0.468,1,0.021,0.015,0.458,0.47,0.927,1,0.531,0,0.602,0.959,0.601,0.285,0.014,0.294,0.763,1,1,0.287,1,0.952,0.202,0.579,0.902,0.359,0.693,0.496,0.555,0.999,0.21,0.945,0.327,0.569,0.276,0.964,1,0.353,0.592,0.997,0.746,0.885,0.986,1,0.99,0,0.593,0.985,0.767,0.003,0.999,0.998,0.769,0,1,0.355,1,0.075,0.005,0.241,0,0.578,0.082,0.606,1,0.99,0.999,0,0.223,0.646,0.759,0.577,0.935,0.501,0.977,0.786,0.17,0.082,0,0.997,0.007,0.977,0.999,1,0.992,0.991,1,0.925,0.71,0.998,0.045,0.553,0.283,0.2,1,0.994,0.997,0,0.967,0.763,0.311,1,0,0.535,0.985,0.939,0.998,0.494,0,0.326,1,0.247,0.814,0.783,0.818,0.994,0.289,0.761,0.157,0.751,0.062,0.899,0.318,0.12,0.091,0.996,0.998,0.855,0.827,0.806,0.993,0.696,0.934,0.053,0,0.805,1,1,0.768,0.943,0.923,1,0.191,0.999,0.142,0.951,0.609,0.962,0.998,0.97,0.999,0.062,0.934,1,0.965,0.998,0.04,1,0.013,1,0.721,1,0.278,0.449,0.842,0.656,0.702,0.001,0.06,0.87,0.222,1,0.27,0.848,0.162,0.992,0.956,0.48,0,0.691,1,0.91,0.122,0.295,0.175,0.766,0,0.977,0.221,0.832,1,0.079,0.998,0.504,0.141,0,0.938,0.97,0.791,0.898,0.001,0,0.529,0.773,0.2,0.042,0.928,0.185,0.135,0.977,0,0.803,1,0.103,0.999,0.409,0.953,0.093,0.488,0.021,1,1,0.869,0.984,0.991,0.006,0.242,0.41,0.651,0.429,0.928,0.032,0.426,0.902,0.982,0.439,0.988,0.537,0.998,0.967,0.913,0.107,1,0.135,0.779,0.586,0.404,0.991,1,0.517,0.787,0.193,0.507,0.161,1,0.995,0.403,0.82,0,0,0.695,0.282,1,0.726,0.998,1,0.098,0.488,0.999,0,0
0.091,0.997,0.097,0.862,0.879,0.664,1,0.992,0.969,0.994,0.094,0.01,0.058,0.595,0.002,0.995,0.989,0.906,0.489,0.026,0.228,0.867,0.917,0.922,0.842,0,1,0.892,0,0.96,0.275,0.683,0.976,0.968,0.507,0,0.394,0.99,0.517,0.565,1,1,1,0.213,0,1,0.095,0.987,0.218,0.001,0.005,1,1,0.026,0.683,1,0.983,0.099,0.92,0.088,0.7,0.998,1,0.849,0.959,0,0.999,0,0,0.474,0.041,0.589,0.406,0.053,0.392,0.447,0.866,0.459,0.426,0.965,0.808,0.903,0.999,0.002,0.961,0.052,0,0.2,0.988,0.969,1,1,0.959,0.264,0,0.11,0.718,1,1,0.966,0.158,0.793,0,0.991,0.472,1,0.998,0.865,0.446,0.999,0.794,0.559,1,0.912,0.783,0.518,1,0.951,0.246,0.975,0.879,0.536,1,0.836,0,0.998,0.821,0.304,0.453,0.975,1,0.246,0.319,1,0.845,0.56,0.422,0.219,0.917,0.969,0.016,0.989,1,0.389,0.739,0,0.98,0.336,0.79,1,1,0.414,0.229,0.107,1,0.004,1,0.965,0.025,0.202,0.002,0.999,0.871,1,0.99,1,0.004,0.003,0.999,0.177,0.377,0.457,0.359,0.205,0.468,0.807,0.808,0.882,0.367,0.571,0.564,0.894,0.448,0.48,1,0.617,1,0.989,0.155,0.501,0.003,0.898,0.769,0.078,0,0,0.014,0.999,0,0.987,0.128,0.451,1,0.025,0.42,0.019,0.815,0.72,0.999,0,0.056,0.945,0.13,0.004,0.869,0.914,0.086,0.612,0.954,0.454,0,0.177,1,0.498,0.647,1,0.739,0.392,1,0,0.676,0.963,0.473,0.049,0.964,0.889,0.761,0.249,0,0.182,0.545,0.139,1,0.529,0.858,0.555,0.037,0.001,0.997,0.499,0.73,0.722,0.016,0.08,0.491,0.771,0.499,0.491,0.469,1,0.298,0,0.706,0.828,0.446,0.883,0.017,0.102,0.999,0.947,0.87,0.294,0.209,0.999,0.107,0.326,0.881,0.014,1
0.848,1,0.701,1,0.856,0.884,0.486,0.003,0.467,1,0.186,0.335,0.897,0.008,0.075,0.311,0.072,1,0.485,0.974,0.07,0.224,0.788,0.897,0.749,1,0,0.987,1,0.476,0.79,0.433,0.222,0.108,0.898,1,0.465,0.999,0.622,0.308,0.996,0.035,0.895,0.313,1,0.001,0.218,1,0.881,1,0.482,0,0.345,1,0.922,0.701,0.125,0.001,1,0.768,0.106,1,1,0.989,0.975,0.999,0.054,0.997,1,0.637,0.706,0.589,0.999,0.84,0.989,0.119,0.749,0.06,0.57,0.858,0.291,0.995,0.72,1,0.911,0.893,1,0.132,0.466,0.996,0.002,0.365,0.106,0.66,1,0.002,0.525,1,0.997,1,0.011,0.951,0.999,0.101,0,1,0.999,0.251,0.966,0.001,0,0.676,0,0.915,1,0.449,0.978,1,0.033,0.968,0.117,0.017,0.837,0.689,0,0.798,0.706,0.808,0.935,0.188,0,0.958,0.243,0.734,0.109,0.924,0.901,0.888,0.795,0.423,0.99,0.16,0,0.953,0.243,0,0.257,0.29,1,1,0.969,1,0.59,0.887,0.566,1,0.018,0.434,0.251,0.028,0.619,1,0.026,0.263,0.402,0.999,0.808,0.776,0,0.13,0.031,0.809,0.945,0.229,0.841,0.007,0.254,0.844,0.665,1,0.592,0.742,0.999,0.041,1,0.73,0.24,0.684,0.999,0.324,0.996,0.999,0.234,0.001,1,0,0.802,0.207,1,1,1,0.542,0.9,0.035,0.997,0.069,0.14,0.023,0.052,0.068,0.065,0.975,0.005,0.023,0.918,0.946,0.754,0.096,0.867,0.092,1,0.923,0.481,0.455,0.741,0.523,0.769,0.877,0.002,0,0.395,0.782,0.107,0.986,0.569,0.555,0.518,1,0,0.998,0.48,0.955,0.136,0.455,0.228,0.458,0.127,0.021,0.983,1,0.981,0.989,0.94,0.078,0.892,0,0.942,0.353,0.421,0.522,0.688,0.581,1,0.904,0.814,0.832,0.035,0.501,0.777,0.736,1,0.594,0.005,0.927,0.98,0.357,0.581,0.007,1
0.288,0.218,0.64,1,0.749,0.996,0.985,0.984,0.46,0.402,1,0.999,0.994,0.023,0.68,0,0.91,0.857,0.876,0.862,0.298,0.004,0.136,0.002,0.657,0.273,0.001,0,0.999,0.008,0.696,0.227,1,0.005,0.735,0,0.745,1,0.795,0.946,0.999,0.208,1,1,0.014,0,0.814,1,0.217,0.007,1,0.006,0.066,0,0.545,0.016,0.844,0.092,1,0.006,1,1,1,0.326,0.019,0.304,0.461,0.998,0.473,0.676,0.907,0.461,0.051,0.026,0.543,1,0.766,0.957,1,0.721,0.87,0.344,0.244,0.979,0.372,0,0.989,1,0.004,0.005,0.238,0.026,0.036,0.157,0.209,0.962,1,1,0.598,0.326,0.957,0.373,1,0.009,0.027,0,0.68,0.629,0.824,0.994,0.001,0.675,0.108,0.948,0,0.513,0,0.945,1,0.931,0.845,0.977,0.976,0.087,1,1,0.786,1,0.811,0.998,0.055,0.075,0.99,0.205,1,0.439,0.909,0.68,0.003,0.473,1,0.961,0.725,0.276,0.886,1,0.974,0.998,0.089,1,0.963,0.994,0.467,0.749,1,0.029,1,0.941,0.144,0.481,1,0.219,1,0.784,0.027,1,0.69,0.011,0.032,0.445,0.984,0.471,0.807,0.255,0.635,0.997,0.877,0.983,0.349,1,0.637,0.6,0.974,0.022,0.658,0.408,0,0.551,0.016,0.539,0.003,0.966,0.48,1,1,1,0.766,0.047,1,0.998,0.875,0.606,0.003,0.096,0.011,0.998,0.992,0.869,0.036,0,0.683,1,0.452,0.999,0.449,1,0.122,0.013,0,0.544,1,0.812,0.314,0.397,0.035,0.092,0.823,0.776,0.025,0.126,0.917,0.999,0.216,1,0.988,0.442,0.261,0.489,0,0.041,0.782,0.716,0.037,0.56,0.651,0.471,0,0,0.961,0.028,0.181,0.074,0.173,0.727,0.536,1,0.2,0.651,0.594,0.764,0.759,1,1,0.808,0.537,0.659,0,0.122,0.999,0.584,0.46,0.431,0.923,0.415,0.532,0.191,1,0.629,1
0.986,1,0.199,0,1,0.169,0.839,0.991,0.533,1,0.96,0.89,0.554,0.945,0.321,1,0.912,0.114,0.562,0.922,0.021,0.995,0.701,0.822,0.233,0,0.081,0.02,1,0.4,0.752,0.966,0.01,0.862,0.405,0,0.628,0.54,0.963,0.664,0.996,1,0,0.353,0,1,0,0.028,0.451,1,0.394,0.036,0.157,0.228,0.579,0.71,0.472,0.941,0.014,1,0.061,0,1,0.084,0.983,0,0.936,0.536,0,0.652,0.911,0.959,0.066,0.992,1,1,0.313,1,0.664,0.608,0.253,0.092,0.434,1,0.999,0,0.983,0.182,0.992,0.097,0.759,1,0.258,0.998,1,0.957,0.906,0.993,1,0.008,0.999,0.828,1,1,0.05,1,0.005,0.126,1,0,0,0.967,0.068,0.946,1,0.439,0.08,0.115,0.992,0.947,0.299,0.965,0.943,0.982,0.015,0.312,0.638,0.908,0.885,1,1,0.408,0.058,0.99,0.851,0.994,0.009,0.633,0.945,0.634,0.999,0.003,0.983,0.411,1,0.001,1,0.181,0.932,0,1,0.003,0.243,0.542,0.001,0.006,1,0.992,0.903,0.03,0.075,0.001,0.877,0.527,0.94,0.988,0.352,0.384,0.02,1,0.111,0.564,0.988,0.552,0.612,1,0.983,0.647,0.424,0.856,0.15,0.477,0.984,0.005,0.986,0.735,0.321,0.954,0.999,0.539,0.999,0.908,0.542,0.094,1,0,0.297,0.67,0.971,0.128,0.745,0.528,0,0,0.65,0,0.452,0.797,0,0,0.288,0.03,0.864,1,0.709,1,0.383,0.148,1,0.338,0.702,0.875,1,0.48,0.375,0.206,0.488,0.764,0.001,1,0.185,0.819,0.935,1,0.405,0.606,0.517,0.954,1,0.305,0.579,0.002,0.761,0.516,0.254,0.515,1,1,0.009,0.988,0.472,0.251,0.748,0.177,0.511,0.917,0.798,0.389,0.547,0.721,0.399,1,0.929,0.402,0.594,0.436,0.037,0,0.753,0.629,0.054,0.604,0.34,0,0.184,0.204,0.499,0,0
0.921,1,0.189,1,0.322,0.976,0.13,0.024,0.794,0,0.977,0.896,0.012,0.019,0.143,1,0.833,0,0.564,0.007,0.973,0,0.697,0.998,0.566,0,0,0.477,0,0.193,0.004,0.323,1,0.118,0.731,1,0.523,0.611,0.995,0.89,0,0.984,1,0.891,0,0.994,0.032,0.039,0.953,0.615,1,0.246,0.181,1,0.974,0.458,0.702,0.056,0.001,0.983,0.108,1,0.018,0.985,0,1,0.004,0.01,0,0.57,0.192,0.705,0.97,0.065,0.042,1,0.997,0.581,0.203,0.521,0.165,0.444,0.988,1,0.683,0.749,0,0.03,0.744,0,0.779,0.358,0.991,0.616,1,0.992,0.488,1,0.001,1,0.01,0.132,0.07,0.994,0.972,1,0.002,0.259,0.716,0,0.957,0.668,0.555,0.03,0.632,0.512,0,0.175,0.663,0.688,0.769,1,0.534,0.31,0,0.201,0.584,0.546,0.093,0.98,0.996,0.95,0.808,0.259,0.401,0.8,0.787,1,1,0.628,0.994,0,0.356,0.519,1,1,0.013,0.066,0.534,0,0.007,0.013,0.517,0.328,1,0.009,0.009,0.784,0.94,0.209,1,1,1,0.842,0.868,0.995,1,1,0.97,0,0.958,0.389,0.899,0.802,0.506,0.362,0.997,0.305,0.999,1,0.607,0.579,0.001,0.215,0.018,0.33,0,0.578,1,0.8,0.172,0.957,0.308,0.94,0,0.063,0.798,0.385,0.116,0.21,0,0.607,0.195,1,0.177,1,0.452,0.957,0.996,0.002,0.725,0.27,0.924,0.569,0.119,0,1,0.008,0.427,0.995,1,0.97,0.882,0.436,0.161,0.958,0.667,0.094,0.023,0.983,0.701,0.023,0.003,0.996,0.948,0.573,0.704,0.408,0.011,0.868,0.653,0.898,0.74,0.487,0.297,0.471,1,0.033,0.249,0.005,0.147,0.936,0.569,0.272,0.397,0.743,0.83,0.602,0.599,0.9,0.554,0,0.78,0.589,0.537,0.44,0.003,0.405,0.635,0.707,0.875,0.701,0.024,1,0.087,0.083,0.273,0.973,0
0.433,1,0.071,1,0.875,0.753,0.99,1,0.581,0.005,0.999,1,0.075,0.76,0.001,1,1,0.026,0.867,0.429,0.258,0.003,0.692,0.839,0.228,0.938,0,0.007,1,0.003,0.995,0.666,0.849,0.888,0.18,1,0.647,0.334,0.905,0.963,0,1,1,0.687,0,1,0.048,0.121,1,1,0.011,0.987,0.024,1,0.623,0.019,0.999,0.553,0.965,0.005,0.001,0,1,0.999,0.999,0,0.011,0.998,0.989,1,0.856,0.432,0.302,0.083,0.912,0,1,0.967,0.105,0.506,1,0.216,0.71,0.743,0.751,0.011,0.958,0.193,0.217,0,0.016,0.001,0.996,0.261,0.969,0.155,0.611,0.001,0.988,0.885,1,0.929,1,1,0.959,0.994,1,0.069,0.221,0.581,0.022,0.885,1,0.989,1,0.526,0,0.803,1,0.35,0.321,0.991,0.917,0.409,0,0.669,0.585,0.419,0.986,0.984,0.895,0.393,0.142,0.825,0.461,0.016,1,0.768,0.012,0.824,1,0.041,0.995,0.765,0.899,0,0.046,0.215,0.04,0.001,0,0.001,0.997,0.821,0.012,0.941,0.978,0.915,1,0.161,0.003,0.023,0.005,0.538,1,1,0.02,0.004,0.002,0.285,0.157,0.665,0.984,0.433,0.472,0.076,0.288,0.708,0.662,1,0.249,0.601,0.155,0.903,0.987,0.679,0.998,0.589,0.999,0.394,0.066,0.211,0.223,0.335,1,1,0.769,0.428,0,0.121,1,0.643,0.968,0,0.435,1,0.791,0.032,0.992,0.963,0.785,0.956,0.704,0.191,0.839,0.978,0.981,0.971,0.994,0.832,0.004,0.415,0.928,0.491,0.452,0.89,0.659,0.91,1,0.038,0.789,1,0.006,0,0.179,0.553,0.792,0.732,0.005,0.739,0.472,0.997,0.859,0.456,0.264,0.462,1,0.018,0.34,1,0.396,0.063,0.056,0.989,0.38,1,0.04,0.727,0.341,0.226,0.724,0.378,1,0.711,0.627,0.398,0.018,0.875,0.807,0.331,0.913,0.125,1,1,0.924,0.483,0.729,1,1
0.93,0,0.798,0,0.714,1,0.445,1,0.551,0.119,1,0.144,0.704,0.001,0.061,0.636,0.988,0.002,0.461,0.919,0.016,1,0.429,0.862,0.371,0.971,0.979,0.108,0,0.95,0.975,0.479,0.17,0.995,0.988,0.901,0.399,0.867,0.575,0.878,1,0.372,0.404,0.493,0.993,1,0.001,1,0.297,0.002,1,0,0.158,0.999,0.48,0.021,0.996,0.104,0,0.747,0.033,0,0.001,0.91,0.039,1,0.027,0.919,0.003,0.36,0.767,0.552,0.608,0.046,0.012,1,0.48,1,1,0.55,0.975,1,0.923,1,0.705,1,0.525,0.758,0.015,1,0.958,1,1,0.848,1,0.944,0.881,0.002,0.918,0.371,0.979,1,0.469,0.023,0,0,0.39,0.99,0.86,0.999,1,0.756,1,0.976,1,0.402,1,0.641,0.933,0.003,0.129,0.859,0.807,0.283,1,0.962,0.243,0.605,0.126,0.034,0.999,0.343,0.125,0.361,0.996,0.704,1,0.438,0.985,0.939,0.006,0,1,0.592,0.996,0.999,0,0.522,0.997,0.013,0.994,0.024,0.161,0.937,0.982,0.989,1,1,0.522,0.052,0.084,0.172,1,0.899,1,0.987,0.996,0.028,0.045,0.066,0.929,0.505,0.998,0.541,0.96,0.999,0.076,0.383,0.263,0.002,0.397,0.487,0.021,0.004,1,0.226,0,0.274,0.035,0.367,1,0.037,0.189,0.005,0,0.002,0.965,0.663,1,0.436,0.571,0.586,0.985,0.039,0.094,0.119,0.998,0.993,0.911,0,0.25,0.982,1,0.194,0.389,0.954,0.179,0.421,0.001,0.374,0.002,0.058,0.666,0.454,0.91,0.399,0.754,0.683,0.991,0.03,0.044,0.009,1,0.994,0.696,0.532,0.291,0.196,0,0.634,0.489,0.997,0.745,0.54,0.832,0.515,0.983,0.999,0.228,0.431,0.55,0.235,0.672,0.363,0.408,1,1,0.954,0.208,0.403,0.602,0.016,0.011,0.473,0.587,0.686,0.709,0,0.717,0.68,0.995,0.735,0.337,0.005,0.96,0.063,0.056,0,0.001
0.015,0.048,0.563,0,0.376,0.657,0.105,0.996,0.526,0.997,0.977,0.667,0.028,0.314,0.675,1,0.48,0,0.685,0.915,0.783,0.001,0.007,0.72,0.412,0,0.521,1,0,0.65,0.993,0.927,0.025,1,0.676,0,0.591,0.854,0.584,0.549,1,0.977,1,0.367,0.008,0,0,1,0.652,1,0.305,0.996,0.028,0,0.771,0.184,0.198,0.895,1,0.91,0.036,1,0,0.955,0.955,0.983,0.192,1,0,0.48,0.689,0.668,0.979,0.999,0.098,0.001,0.785,0.752,0.85,0.476,0.506,0.289,0.67,0.934,0.114,0.002,1,0.253,0.898,0.988,1,1,0.722,0.878,1,1,0.824,0.693,0,0.925,0.999,0.793,0.994,1,0.249,1,0.969,0.147,0.022,0.232,0,0.287,0.002,0.966,1,0.443,0.006,0.811,0.25,0.988,0.783,0.998,0.232,0.763,0.002,0.161,0.395,0.832,0.013,0.189,0.976,0.854,0.384,0.979,1,0.599,0.547,0.337,0.147,0.649,0.008,0.042,0.019,0.468,0.361,1,0.007,0.099,0.551,0,0.951,0.218,0.79,0.484,0.973,0.017,0.156,0.045,0.675,0.571,0.746,0,0.926,1,0.351,0.045,0.091,0.019,1,0.088,0.168,0.524,0.811,0.513,0.463,1,0.908,0.027,0.571,1,0.381,0.509,0.086,0.004,0.914,0.446,0.544,0.679,1,0.417,1,0.56,0.079,0.016,0,1,0.586,0.217,1,1,0,0.626,0.027,1,0.354,0,0.657,0.01,0.242,0.999,0.949,0.012,0.053,1,0.986,0.017,0.166,0.242,0.933,0.913,0.001,0.071,0.394,0.582,0.999,0.66,0.804,0.345,0,1,0.733,0.995,1,0.991,0.669,0.668,0.927,0.205,0.988,0.813,0.731,0.46,0.731,0.63,0.755,0.425,0.994,0,0.388,0.011,0.399,0.15,0.005,0.995,0.569,0.701,0.407,0.464,0.531,0.829,0.898,0,0.035,1,0.948,0.46,0.583,1,0.684,0.694,0.769,0.213,0.018,0,1,0.107,0.892,0,1
0.898,0,0.057,0,0.686,0.201,0.017,1,0.381,1,1,0.055,0.007,0.014,0.087,0.994,0.997,0.154,0.961,0.846,0.999,0.078,0.673,0.993,0.816,0,0.857,0,0,1,0.073,0.634,1,0.889,0.85,0.001,0.726,0.99,0.284,0.427,0,0.146,1,0.748,0.957,0,0.846,1,0.411,0,1,0.019,0.289,1,0.309,0.935,0.763,0.727,0,0.686,0.348,0.021,1,1,0.001,0.05,0.995,1,0,0.278,0.206,0.755,0.974,0.252,0.889,0,0.865,0.987,0.91,0.74,0.062,1,0.861,0.925,0.452,0,0.065,0.736,0.126,0,0.99,1,1,0.224,0.079,1,0.473,0.29,0,0.678,0.771,0.987,0.997,0.996,0.097,1,0.001,0.018,0.71,1,0.596,0.387,0.08,0.788,1,0.523,0.988,0.386,1,0.985,0.352,0.875,0.122,1,0.05,0.443,0.626,0.322,0.154,0.09,1,0.044,1,0.784,0.982,0.909,0.98,0.744,0.014,0.387,0.176,0.541,0.998,0.846,0.153,0,0.999,0.335,0.703,0,1,1,0.428,0.992,0.961,0.946,1,0.02,1,0.707,0.009,0.023,0.943,0.165,0.792,0.479,0.09,1,0.994,0.972,0.973,0.538,0.484,0.391,0.554,1,0.744,0.017,0.819,0,0.102,0.462,1,0.124,0,0.638,0.897,0.858,0,0.948,1,0.027,0.199,0.037,1,1,0.906,0.932,0,0.925,0.435,0.449,0.353,1,0.846,0.047,0.669,0.598,0.439,0.002,0.094,0.713,0.998,0.966,0.179,0.952,0.872,1,0.924,0.076,0.352,0.873,0.549,0.638,0.572,0.976,0.417,0.015,0,0.82,0.967,0.214,1,1,0.361,0.44,0.343,0.981,0.001,0.252,0.535,1,0.999,0.488,0.765,0.529,0.979,0,0.734,1,0.756,0.054,0.965,0.303,0.738,0.611,0.995,0.426,0.6,0.69,0.375,1,0.945,0.823,0.582,0.541,0.001,0,0.451,0.573,0.909,0.656,0.636,0.998,0.784,0.542,0.298,0.741,1
0.188,0.895,0.325,0,0.345,0.907,0.336,0.625,0.6,1,0.385,0.552,0.959,0.174,0.015,1,0.364,0,0.622,0.869,0.602,0.089,0.979,0.018,0.298,1,0.038,0.893,0,1,0.83,0.622,1,0.283,0.998,0,0.7,0.844,0.604,0.388,1,0.758,1,0.453,0.085,1,0.319,0.223,0.942,0.582,0.895,0.999,0.848,1,0.776,1,0.953,0.024,0.693,0.996,0.231,1,0.008,0.988,0.825,1,0.046,1,0,0.586,0.999,0.572,0.027,0.687,0.945,0.253,0.324,0.569,0.874,0.769,0.617,0.743,0.244,0.489,0.516,0.007,0,0.934,0.173,0.011,0.974,0.002,0.09,0.769,0.996,0.861,0.994,0,0,0.089,0.612,0.604,0,0,0.996,1,0.015,0.916,1,0.998,1,0.682,0.002,1,1,0.438,0.004,0.974,0.001,0.833,0.995,0.341,0.902,0.085,0,0.359,0.785,0.734,0.072,0.842,1,0.863,0.89,0.792,0.674,0.788,0.07,0.258,1,0.334,0.059,0.84,0.111,0.583,0.999,0.002,0.002,0.055,0.063,1,0.926,0.022,0.828,0.727,0.84,0.825,0.005,0.02,0.969,0.258,0.026,1,0.971,0.855,0.982,0.997,0.026,0.986,0.628,1,0.048,0.511,0.14,0.675,0.662,0.992,0.138,0.994,0.482,0,0.302,0.407,1,0,1,0.637,0.985,0.513,0.969,0.893,0.495,0.553,0.174,0.791,0,1,0.999,0.218,1,1,1,0.513,0.093,1,1,1,0.998,0.083,0.002,0,0.281,0.999,1,0.929,0.318,0.965,1,0.005,0.009,0.035,0.218,0.845,0.79,0.508,1,0.979,0.387,0.289,0.999,1,0.583,0.519,1,0.968,0.994,0.813,0.41,0.982,0.984,0.948,0.493,0.998,0.624,0.646,0.553,0.523,1,0,1,0.023,0.149,0.239,0.662,0.209,0.596,0,0.64,0.688,0.823,0.981,0.718,0,0.521,0.727,0.586,0.488,0.001,1,0.753,0.176,0.137,0.481,0.987,1,0.691,0.642,0.284,0.31,0
0.831,1,0.259,1,0.117,1,1,0.844,0.74,0.021,0.961,0.774,0.042,1,0.719,0.001,0.013,0.086,0.705,0.686,0.996,0.001,0.829,0.798,0.519,0.95,1,0.963,1,0.661,0.001,0.278,0.004,0.431,0.526,1,0.501,0.642,0.909,0.5,0,0.998,1,0.442,0,0.004,0.004,0.028,0.928,0.991,0.996,0,0.175,1,0.28,0.325,0.077,0.036,0.203,0.431,0.832,1,0.477,0.991,0.916,0.998,0.407,0.981,0,0.718,0.796,0.452,1,0.99,1,0,0.497,1,0.792,0.466,0.041,0.659,0.464,0.978,0.216,0.873,0.294,0.245,0.041,1,0.996,0.49,0.261,1,0.016,0.113,0.699,0.922,1,0.219,1,0.862,0,0.001,0.133,0.12,0.199,0.028,0.11,1,0.972,0.591,0.248,0.052,1,0.626,0.009,0.222,0.344,0.002,0.437,0.951,0.976,0.231,1,0.797,0.335,0.961,0.904,0.01,0.454,0.24,0.881,0.901,0.093,0.85,0.956,0.428,0.232,0.688,0.978,0,0,0.789,0.159,0.03,0.342,0.374,0.947,0.011,0.074,0.757,0.778,0.48,0.998,0.288,1,0.997,0.297,0.169,0.051,0.966,1,0.962,0.991,0.977,0.002,1,0.001,0.007,0.777,0.5,0.669,0.63,0.627,1,0.213,0.17,0.174,0.011,0.239,0.612,0.946,0.003,0.004,0.449,0,0.361,0.999,0.431,0.982,1,0.035,0.78,0.765,1,0.027,0.275,1,1,0,0.375,0.999,1,0.946,0.986,0.557,0.019,0.511,0.998,0.541,0.99,0.576,0.242,0.758,0.414,0.826,0.859,0.973,0.339,1,0.606,0.194,0.697,0.056,1,0.416,0.628,1,1,1,0.029,0.002,0,0.759,0.428,0.435,0.995,0.987,0.433,0.435,0.104,0.694,0.444,0.533,0.473,0.445,0.095,0.985,0.432,1,0.075,0.02,0.418,0.441,0,0.03,0.987,0.508,0.432,0.999,1,1,0.116,0.631,0.767,0.036,1,0.726,0.478,0.111,0.199,1,1,0.806,0.979,0.218,0.973,1
0.014,1,0.575,0,0.171,0.94,0.877,0.866,0.361,0,1,0.02,0.987,0.204,0.76,0.001,0.339,1,0.679,0.914,0.069,0.004,0.059,0.954,0.572,0,0.199,0.958,0.015,0.013,0.944,0.749,0.115,0.376,0.562,1,0.557,0.326,0.558,0.643,1,0.985,0.001,0.425,1,0.306,0.997,0.862,0.98,0.987,0.697,0.995,0.458,1,0.232,0.208,0.76,0.686,0.117,0.182,0.001,1,1,0.998,0,0,1,0.999,0,0.647,0.915,0.896,0.772,0.791,0.015,1,0.472,0.923,0.143,0.304,0.842,0.941,0.399,1,0.782,0.002,0.988,0.188,0.109,0.046,0,0.084,0.005,0.827,1,0.041,0.664,0.808,0.937,0.932,0.476,0.797,0.018,1,1,0,1,0.092,0.063,0.995,0.284,0.306,1,0.884,1,0.533,0.011,0.988,0.444,0.99,0.115,1,0.63,0.822,0.999,0.373,0.818,0.057,1,0.946,1,0.032,0.274,0.244,0.981,1,0.237,0.521,0.005,0.334,0.301,0.928,0.001,0.315,0.003,1,0.001,0.988,0.751,0.995,0.004,0.01,0.287,0.895,0.013,0.144,0.998,0.68,0.917,0.155,0.059,0.94,0.152,0.33,0.021,1,0.831,0,0.998,1,1,0.629,0.43,0.287,0.612,1,0.927,0.479,0.412,0.587,0.153,0.599,1,0.832,0.82,0.198,0,0.903,1,0.381,0.002,0.021,0.9,0.843,0,0,0.042,0.997,1,0.973,0.093,0.506,0.729,1,0.912,0,0.956,0.064,1,1,0.291,0.044,1,0.028,0.994,0.687,0.347,1,0.862,0.987,0.046,0.844,0.779,0.53,0.016,0.186,0.094,0.853,0.036,0.266,0.799,1,0.319,0,0.973,0.419,0.463,0.742,0,0.556,0.486,0.972,0.37,0.514,0.396,0.541,0.952,1,1,1,0.729,0.762,0,0.32,0.865,0,0.048,0.361,0.655,0.981,0.694,1,0.015,0.776,0.461,0.621,0.014,0.699,0.494,0.955,0.959,0.918,1,1,0.072,0.748,0.546,0.984,0.974
0.109,1,0.138,1,0.879,0.493,0.997,1,0.865,1,0.863,0.951,0.797,0.875,0.135,0.31,0.981,0.039,0.896,0.189,0.606,0.872,0.625,0.679,0.387,0.9,0.034,0,1,0.022,1,0.704,0.435,0.802,0.922,1,0.72,0.83,0.324,0.616,0.001,0.803,1,0.718,0.993,1,0.717,0.01,0.801,0.001,0.19,0.608,0.357,1,0.398,0.954,0.294,0.108,1,0.279,0,0.354,1,1,0.947,1,0.002,0.016,0,0.959,0.864,0.447,1,0.643,0.966,1,0.506,0.425,0.167,0.723,0.827,0.822,0.804,0.039,0.939,0.839,0.01,0.865,1,0.997,0.999,0.486,0.019,0.971,1,0,0.714,1,0,0.9,0.521,0.89,0.152,0.999,0.077,0,0.998,0.017,0.906,0.01,0.9,0.628,0.998,0.051,1,0.549,0.087,0.996,0.999,0.999,0.629,0.932,0.995,0.586,0.094,0.872,0.227,0.989,0.782,0.528,0.994,0.91,0.022,0.768,0.513,0.804,0.262,0.393,0.031,0.914,1,0.999,1,0.446,0.987,0,0.148,0.756,0.998,0.998,0.522,0.008,0.884,0.441,1,0.072,0.262,0.986,0.045,0.208,0.984,0.001,0,0.084,0.05,0.927,0.704,0.028,0.543,0.998,0.047,0.488,1,0.571,0.861,0.968,0.297,0.525,0.162,0,0.103,0.516,0.005,0.993,0.831,0.296,1,0.279,0.003,0.459,0.995,1,0.175,0.096,1,1,0.026,0.238,1,0.035,0,0.473,0.995,0.192,0.991,0,1,0.021,0.988,0.996,0.357,0.957,0.362,1,0.557,1,0.343,0.286,0.355,0.895,1,0.891,0.832,0.534,0.418,0.13,0.935,0.768,0.989,0.997,0.626,0.838,0.89,1,0.858,0.559,0.98,0.648,1,0.261,0.556,0.942,0.723,0.503,1,0.441,1,0,0.968,0.812,0.728,0.05,0,0.228,0.735,0,0.061,0.811,0.607,0.788,0.728,0.999,0.003,1,0.405,0.971,0.897,0.001,0.928,0.644,0.404,0.186,0.135,0.002,0.95,0.801,0.976,1,0.998
0.793,0,0.281,0,0.746,0.918,0.966,0.995,0.792,1,1,0.467,0.84,0.142,0.646,0,0.976,0.993,0.361,0.274,0.216,0.988,0.615,0.958,0.462,0.704,0.013,0.987,0,0.763,0.927,0.587,1,0.255,0.417,0,0.503,0.152,0.611,0.504,0,1,0,0.648,1,0.002,0.002,0.987,0.481,0.989,1,0.895,0.911,1,0.611,0.945,0.327,0.805,1,0.361,0.507,0,0.948,0.25,0.001,0.375,1,0.988,0,0.279,1,0.502,0.14,1,0.063,1,0.96,0.079,0.095,0.619,0.357,0.788,0.441,0.202,0.168,1,0.09,0.977,0.049,0.035,0.001,0,0.967,0.928,0.995,0.925,0.902,1,0.979,0.953,0.032,0.595,0.034,0,0.978,0.001,0.99,0.148,0.962,1,0.224,0.309,0.996,1,0.105,0.553,1,0.461,1,0.611,0.227,0.633,0.096,0.949,1,0.375,0.35,0.104,0.798,0.747,0.997,0.466,0.978,0.935,0.136,0.283,1,0.92,0.008,0.334,0.015,1,0.999,0.595,0.775,0.001,0.001,0.705,0.799,0,1,0.014,0.853,0.136,0.715,0.369,0,0.011,0.131,0.643,0.842,0,0,0.993,0.482,0.685,0.885,0,0.003,0.509,1,0.549,1,0.217,0.749,0.995,0.652,1,0.77,1,0.585,0.499,1,0.007,0.99,0.73,1,0.985,0.996,0.858,0.157,0.997,0.696,0.895,0.352,0,0.59,0.036,0.997,0.91,0.825,0.448,0.011,0,1,1,0.769,0.862,0.048,1,0.273,0.965,0.894,0.01,0.94,1,0.987,0.6,0.036,0.76,0.995,0.547,0.914,0.703,0.842,0.981,0.777,0.715,0.998,1,0.101,0.982,0.99,1,0.605,0.559,0.672,0.771,0.412,0.063,0.413,0.865,0.231,0.499,0.348,0.461,1,0.944,0.818,0.947,0.699,0.619,0.002,0.955,0.627,0.879,0.272,0.407,0.964,0.606,0.854,0,0.882,0.243,0.753,0.454,0.004,0.174,0.797,0.658,0.467,0.161,0.05,0.955,0.686,0.994,0.827,0.007,1
0.193,0.472,0.076,1,0.992,0.581,0.827,1,0.529,0.997,0.051,0.995,0.184,0.473,0.843,0,1,0.99,0.378,0.917,0.015,0.966,0.008,0.307,0.428,0.232,0.738,0.011,0.623,0.006,0.989,0.18,0.579,0.001,0.664,0.982,0.351,0.016,0.695,0.663,1,0.054,0.556,0.264,0,0,0.8,0.989,0.852,1,0.033,0.461,0.108,0.732,0.524,0.036,0.14,0.739,0.981,0.768,1,1,0.994,1,0.985,0.133,0.169,0.998,0,0.506,0.976,0.862,0.94,0.017,0.998,0.262,0.607,0.722,0.933,0.622,0.051,0.919,0.713,0.146,0.253,0.996,0.84,0.525,0.921,0.235,0.975,0.019,0.914,0.907,1,0.109,0.292,1,0.984,0.251,0.997,0.961,0.415,0,0,1,0.008,0.567,0.481,1,0.165,0.306,0.083,1,1,0.507,0.994,0.245,0.406,0.983,0.764,0.966,0.801,0.129,1,0.282,0.953,0.938,0.329,0.327,0.997,0.504,0.814,0.779,0.82,0.132,0.87,0.392,0.426,0.557,0.932,0.006,0.004,0.498,0.309,0.009,0.04,0.977,0.993,1,0.997,0.98,0.189,0.325,0.08,0.003,0,0.001,0.116,0.168,0.988,0.012,0.003,0.179,0.999,0.275,0.24,1,0.775,0.155,0.5,0.542,0.73,0.512,0.313,1,0.042,0.021,0.27,1,0.687,0.568,0.394,0.831,0.999,0.256,1,0.888,0.001,0.507,0.013,0.986,0.453,0.628,1,1,0.929,0.766,1,0.979,0,0.577,0.046,0,0.787,0.997,0.994,0.005,1,0,0.668,0.883,0.989,0.001,0.988,0.027,0.588,0.977,0.682,0.509,0,1,0.428,0.46,0.607,0.797,0.433,0.847,0,0.993,0.846,0.933,0.002,1,0.983,0.489,0.304,0.121,0,0.779,0.499,1,0.096,0.44,0.721,0.41,0,0.006,0.006,0.823,0.997,0.343,0.028,0.068,0.521,0,0.012,0.748,0.644,0.564,0.768,1,0.007,0.829,0.442,0.52,0.611,0.029,0.42,0.475,0.158,0.999,1,0,1,0.688,0.021,0.017,0.131
1,0,0.912,1,0.03,0.981,0.828,0.017,0.406,1,0.43,1,0.781,0.99,0.072,0,0.979,0.998,0.794,0.012,0.898,0,0.269,0,0.585,0,1,0.938,0,0.906,0.217,0.489,0.625,1,0.721,0.192,0.454,0.695,0.479,0.997,0.005,0.374,1,0.961,0.746,0,0.614,0.973,0.099,0.994,0.311,0.985,0.674,1,0.353,0.085,0.96,0.109,0,0.07,0.898,0.248,1,0.988,0.002,0,0.925,1,0.002,0.891,0.284,0.513,0.927,0.032,0.998,1,0.271,0.847,0.971,0.376,0.427,0.258,0.556,0.986,0.476,0,0,0.922,0.054,0.997,1,0.982,0.003,0.532,0.001,0.002,0.706,0.481,0,0.991,0.818,0.93,0.003,1,0.498,1,0.577,0.667,0.858,0.436,0.959,0.792,1,0.728,1,0.641,0.173,1,0.915,0.982,0.18,0.002,0.142,0.941,1,0.2,0.146,0.168,0.35,0.016,0.003,0.616,0.917,0.996,0.845,0.647,0.521,0.165,0.944,0.424,0.757,0.971,0.088,0.538,0.948,0,0.026,0.819,0.013,1,1,0.994,0.809,0.632,1,0.065,0.002,0.728,0.997,0.561,0.098,0.002,1,0.124,0.006,0.549,0.004,0.992,0.308,0.223,0.548,0.676,0.925,0.321,0.459,1,0.772,0.333,0.675,0,0.108,0.488,0.356,0.544,0.478,0.917,0.99,1,0.187,0.79,0.997,0.005,0.103,0.072,0,0,0.128,1,1,0.492,0.015,0.579,1,0.997,0.124,0.038,0.321,0.847,0.803,0.995,0.69,0.892,0.024,0.164,1,0.313,0.088,0.993,0.026,0.84,0.059,0.726,0.168,0.402,0.213,0.994,0.72,0.07,0.315,0,0.051,0.35,0.501,1,0.507,0.423,0.99,0.269,0.994,1,0.597,0.007,0.086,0.627,0.999,0.718,0,0.063,0.028,1,0.801,0.8,0.047,0.786,0.608,0.498,1,0.671,0.702,0.817,0.899,0,0.835,0.892,0.577,0.703,0.027,0.945,0.952,0.689,0.997,0.918,0.936,0.999,0.414,0.95,0.675,0.187,1
1,1,0.913,1,0.851,0.073,0.825,1,0.507,0.706,0.006,0.19,0.016,0.903,0.856,0,1,0.005,0.993,0.076,0.017,1,0.394,0.772,0.557,0,0.005,0.999,0.156,1,1,0.621,0.343,0.978,0.255,1,0.504,0.489,0.462,0.447,1,0.517,1,0.772,0.019,1,0.022,0.556,0.756,0.001,0.05,1,0.475,0,0.285,0.998,0.833,0.207,0.914,0.035,0.612,1,1,1,0.995,0.991,0.116,1,0.041,0.588,0.634,0.619,0.028,0.896,0.049,1,0.812,0.029,0.94,0.52,0.035,0.439,0.302,0.951,0.577,0,0.055,0.958,0.858,0.007,0.116,1,0.116,0.425,0,0.513,0.805,0.616,0,0.719,0.957,0.563,1,1,1,0.853,1,0.701,0.054,1,0.039,0.49,0,0.125,1,0.53,0.979,0.193,0.127,0.995,1,1,1,0.212,0.079,0.871,0.359,0.109,0.113,1,0.999,0.851,0.047,0.784,0.747,0.809,0.831,0.962,0.946,0.477,0.998,0.866,0.011,0.547,0.996,1,0.944,0.671,0.071,0,0.038,0.007,0.402,0.738,0.286,1,1,1,0.782,0.539,0.258,0.312,0.958,0.915,0.508,0.025,0.081,0.926,1,0.002,0.203,0.601,0.88,0.822,0.526,0.996,0.033,0.166,0.123,0,0.334,0.754,0.243,0.257,0.526,0.837,0.06,0.375,0.475,0.529,0.988,0.961,0.038,0.001,1,0,0.728,0.357,0.982,0.953,0,0.665,0.923,0.004,0.4,0,0.16,0.748,1,0.845,0.714,1,0.001,0.257,0.489,0.004,0.399,0.895,0.916,0.813,0.473,0.998,0.853,0.806,0.199,0.1,0.994,0.891,0.092,0.947,0.28,0.104,0.985,0.987,0.878,0.586,0.303,0.822,1,0.453,0.436,0.911,0.908,0.546,0.79,0.533,0.952,0.005,0.919,0.996,0.047,0.289,0.656,0.81,0.398,0,0.828,0.869,0.635,0.404,0.689,0,0.32,0.463,0.558,0.537,0.626,1,0.27,0.644,0.963,0.145,0.953,1,0.312,0.256,0.135,0.977,1
0.809,0,0.804,0.999,0.895,0.963,0.76,0.1,0.381,0.01,0.588,0.006,0.013,0.011,0.788,1,0.978,0.057,0.521,0.739,0.174,0.008,0.222,0,0.417,0.997,0.986,0.953,1,0.863,0.998,0.433,0.414,1,0.805,1,0.887,0.271,0.522,0.335,1,0.315,0,0.986,1,0.638,0.032,0.673,0.718,0.033,0.028,1,0.795,1,0.725,0.208,0.22,0.694,0.894,0.825,0.275,1,0.174,0,0.755,1,0.94,0.997,0.987,0.717,0.9,0.593,0.995,0.355,0.96,0.996,0.926,0.659,0.862,0.38,0.038,0.51,0.546,0.995,0.899,0.001,0.809,0.18,0.863,0.059,0.99,1,0.006,0.998,1,0.235,0.544,0.743,0.829,0.116,1,0.998,0.01,0,0.013,1,0.005,0.73,0.125,0.266,0.842,0.527,0.989,1,0,0.452,0,0.861,0.474,0.01,0.27,0.033,0.246,0.934,0.256,0.914,0.453,0.781,1,0.036,0.991,0.933,0.927,0.256,0.655,1,0.911,0.303,0.135,0.395,0.09,0.001,0,0.706,0.939,1,0.058,0.552,0.033,1,0.994,0,0.206,0.848,0.999,1,0.999,0.955,0.924,0.591,0.002,0.039,0.36,0.835,0.23,0.783,0.893,0.252,0.999,0.259,1,0.689,0.906,0.981,0.687,1,0.506,0.003,0.927,0,0.592,0.509,0.994,0.009,0.502,0.585,0,0.239,0.772,0.568,0,1,0.836,0.873,0,0,0.009,0.404,1,0.568,0.213,0.486,0.907,1,0.524,0.999,0.943,1,1,1,0.211,0.941,0.006,0.987,0.028,0.001,0.956,0.001,0.13,0.712,1,0.385,0.839,0.429,0.301,0.53,0.99,0.93,0.9,0.369,0.057,0.969,0.002,0.152,0.793,0.71,0.946,1,0.082,0.256,0.509,0.715,0.88,0.537,0.971,0.67,0.991,0.008,1,0.997,0.5,0.714,0.001,0.391,0.412,1,0.991,0.538,0.467,0.517,0.494,0,0.051,0.791,0.626,0.371,0.029,1,0.866,0.421,0.925,0.81,1,0.999,0.205,0.833,0.804,0.72,1
0.991,1,0.698,1,0.095,0.53,0.898,0.982,0.765,1,0.359,0.926,0.747,0.136,0.967,1,0.89,0.001,0.644,0.848,0.297,0.996,0.018,0.913,0.482,0,0.045,0,0.001,0.164,0.006,0.537,0.967,0.252,0.459,1,0.921,0.721,0.691,0.369,0.461,0.996,0.98,0.473,0,0.105,0.003,0.345,0.778,0.985,0.756,0.721,0.999,0.925,0.538,1,0.997,0.129,0,0.778,0.336,1,1,0.995,0,0,0.227,0.998,0.968,0.694,0.98,0.542,0.999,0.929,0.25,0.996,0.552,0.488,0.848,0.445,0.723,0.966,0.843,0.999,0.794,0.007,0.082,0.32,0.122,1,0.968,1,0.502,0.164,0,0.968,0.807,0.982,0.032,0.024,0.019,0.195,0.018,1,0.955,1,0.974,0.707,0.529,0,0.874,0.924,0.998,0.189,0.001,0.672,0.559,0.964,0.061,1,0.443,0.991,0.815,0.963,1,0.999,0.655,0.078,0.952,0.05,1,0.563,0.019,0.108,0.349,0.185,0.722,0.929,0.209,0.303,1,0.998,1,0.416,0.927,1,1,0.452,0.032,0,0.015,0.006,0.932,0.991,0.973,0.948,0,1,0.188,0.017,0.077,0,0.261,0.684,0.88,0.925,0.998,0.525,0.028,1,0.129,0.512,1,0.386,0.599,0.995,0.749,0.338,0.561,0.074,0.754,0.447,1,0.977,0.998,0.993,0.955,0.785,0.182,0.356,0.001,0.023,0.923,0.855,0,1,0.852,0.093,0.445,0.672,0,0.749,0.91,0.185,0.924,0,0.613,0.25,0,1,0.913,1,0.004,0.008,1,0.997,0.652,0.004,0.358,0.95,0,0.079,0.836,0.416,0.867,0.961,0.703,0.492,0.872,0.997,0.019,0.91,0.882,0,0.643,0.496,0.36,0.229,1,0.143,0.424,0.814,0.846,0.531,0.358,0.413,1,0.574,0,1,0.178,0.298,0.001,0.963,0.609,0.907,0.027,0.648,0.864,0.581,0.794,0.008,0.037,0.379,0.373,0.361,0.003,1,0.308,0.61,0.562,0.473,0.371,0.955,0.158,0.37,0.859,0,1
0.556,0,0.11,0.003,0.918,0.067,0.285,1,0.524,0.994,0.706,0.917,0.672,0.883,0.757,0.186,0.961,0.002,0.426,0.092,0.011,0.955,0.228,0.6,0.488,0,0.99,0.96,1,0.99,0.191,0.443,0.999,0.002,0.67,1,0.54,0.948,0.682,0.811,0.13,0.924,1,0.517,1,1,0.991,0.303,0.951,0.994,0.995,1,0.785,1,0.796,0.009,0.96,0.99,0.974,0.34,0.001,0,0.001,0.202,1,1,0.983,1,1,0.587,0.969,0.541,0.01,0.218,0.226,0.993,0.654,0.125,0.895,0.516,0.456,0.523,0.451,0.028,0.999,0.001,0.409,0.562,0.787,0.017,0.998,0.994,1,0.783,0.065,0.183,0.353,0.995,0.988,1,0.944,0.691,0.001,1,0.07,1,1,0.366,0.961,0.964,0.889,0.286,1,0.943,0.445,0.472,0,0.924,0.999,0.708,0.982,1,0.3,0.865,1,0.631,0.917,0.172,0.302,0.702,1,0.137,1,0.233,0.347,0.856,0.725,0.119,1,0.356,0.965,0.984,0.804,0.441,0.328,0.053,1,0.8,1,1,1,0.992,0.975,0.448,0.493,0.025,0,1,0.917,0.044,0.982,0.024,0.57,0.76,0.257,0.542,0.001,1,0.908,0.104,0.996,0.472,0.384,0.407,0.445,0.011,0.044,0.904,0.303,0.012,0.199,0.343,0.944,0.451,0.998,0.458,0.944,0.231,1,0.721,1,0.031,0.672,0.412,0.002,1,0.99,1,0.146,1,1,0.919,0.01,0.004,0.22,1,0.509,0.788,0.997,0.059,0.754,0.008,0.881,0.632,0.732,0.34,0.957,0.369,0.02,0.726,1,0.998,0.379,0.513,0.65,0.231,0.652,0.95,1,0,0.52,0.806,0.005,1,0.442,0.475,0.338,0.827,1,0.962,0.593,0.984,0.085,0.612,0.983,0.421,0.969,0.292,0.018,0.999,0.208,0.686,0.643,0.123,0.58,0.967,0.555,0.754,0.713,0.371,0.93,1,0.419,0.991,0.649,0.645,0.372,0.008,0.328,0.99,0.786,0.816,0.243,0.999,0.108,0.35,0.998,1,0.658
