0.148,1,0.686,0.006,0.126,0.405,0.405,1,0.429,0.035,0.531,0.25,0.709,0.746,0.004,0.118,0.967,0,0.404,0.114,0.067,0.912,0.113,0.799,0.359,0.999,0,0.992,0,0.968,0.051,0.897,0.002,0.003,0.319,0.999,0.428,0.032,0.693,0.766,0.959,0.997,0.006,0.294,0.998,0.996,0.008,0.95,0.989,0.347,0.019,0.056,0.865,1,0.909,0.813,1,0.015,1,0.052,0.017,1,1,0.007,0.925,0.774,0.213,0.041,1,0.418,0.75,0.367,0.549,1,0.994,1,0.916,0.669,0.995,0.498,0.733,1,0.239,1,0.648,0.944,0,0.014,0.999,0.228,0.44,1,0.192,0.848,0.534,0.189,0.958,0.078,0.996,0.006,0.005,0.728,0.001,1,0.025,0.116,0.004,0.749,0.089,0.869,0.987,0.531,0.999,0.962,0.999,0.584,0,0.111,0.022,0.703,0.932,0.973,1,0.962,1,1,0.725,1,0.409,0.527,0.921,0.125,0.777,0.964,0.401,0.984,0.051,0.802,0.661,0.361,0.253,0.076,0.268,0.672,0.018,0.016,0.101,0.165,0.998,1,0.785,0,0.667,0.225,0.073,0.497,0.985,0.043,0.975,0.039,0.943,0.952,0.99,1,0.035,0.08,0.116,1,0.522,0.672,0.078,0.58,0.943,0.366,0.476,0.547,0.328,0.869,0.345,0.974,0.295,0.6,1,0.903,0.154,0.527,0.037,0.994,1,0.972,0.753,0.06,0.121,0.391,0.999,0.001,0.065,0.995,0,1,0.746,0.537,1,0.994,0.031,0,0.074,0.995,0.822,0,0.221,1,0.965,0.944,0.975,0.003,0.079,0.118,0.009,0.97,1,0.792,0.444,0.466,0.916,0.04,0.92,0.645,0,0.14,0.362,0.438,1,0,0.417,0.518,0.732,0.117,1,0.946,0.576,0.997,0.828,0.494,0.886,0.558,0.029,0.006,0.015,1,0.385,0.622,0,0.065,0.413,0.052,0.888,0.507,0.207,0.991,0.947,0,0.6,0.964,0.464,0.969,0.059,0.997,0.977,0.448,0.719,0.72,0.929,1,0.58,0.79,0.23,1,1
1,0,0.077,0.972,1,1,0.042,0.265,0.376,1,0.975,0.876,0.025,0.729,0.789,0.989,0.934,0.962,0.49,0.988,0.735,0.069,0.706,0.007,0.291,0,0.94,0.999,0.996,0.004,0.965,0.748,0.65,0.047,0.984,0,0.384,0.041,0.441,0.678,0.001,0.07,1,0.783,0.997,0.965,0.002,0.893,0.478,0.97,0.996,1,0.786,0.948,0.478,0.975,0.358,0.146,0.979,0.805,0.783,1,1,1,0.073,0.968,0.881,0.838,0.988,0.472,0.423,0.549,0.898,0.46,1,0.57,0.885,0.398,0.97,0.54,0.382,0.672,0.766,0.324,0.341,0,1,0.188,0.535,1,1,0.999,0.277,0.981,0.249,0.476,0.259,1,0.997,0.141,0.694,1,1,0.074,0.841,1,0.597,0.641,0.328,0.003,0.998,0.373,1,0.006,0.013,0.51,1,0.627,0.976,0.713,1,0.753,0.847,0.088,0,0.991,0.601,0.998,0.994,0.463,0.994,0.322,0.06,0.323,0.99,0.152,0.121,0.876,0.856,0.988,1,0.073,1,0.72,0.041,1,0.952,0.287,0.693,0.996,0.065,0.072,0.597,0.994,0.993,0.95,1,0.026,1,0.467,0,1,0.227,0.912,0.048,0.933,0.006,0.212,0.988,0.859,1,0.582,0.602,0.188,0.521,1,0.293,0.144,0.13,0.947,0.304,0.601,0.916,0.827,0.704,0.871,1,0.755,1,0.591,0.89,0.999,0.658,0.001,0.962,0.941,0.357,0.149,1,1,0.011,0.439,0.002,1,1,0.75,0.976,0.019,0,1,0.983,0.03,0.046,0.961,1,0.001,0.86,0.939,0.022,0.513,1,0.958,0.515,0.599,0.939,0.998,0.667,0.159,0.991,0,0.025,0.257,0.225,0.712,0.468,0.665,0.73,0.051,0.964,0.057,0.522,0.996,0.093,0.6,0.968,0.55,0.693,0,0.776,1,0.21,0.771,0.917,0.03,0.5,0.326,0.821,0.62,0.856,0.302,0.444,0,0.951,0.959,0.465,0.6,0.135,0.212,0.801,0.708,0.607,0.79,0.038,1,1,0.099,0.368,0.065,0.004
0.819,1,0.711,0,0.436,1,0.083,0.05,0.66,0.001,0.929,0.898,0.645,0.22,0.693,0.999,0.997,0.958,0.765,0.081,0.924,0.998,0.878,0.007,0.6,1,1,0,0,0.013,0.005,0.227,0.972,0.917,0.62,1,0.807,0.283,0.93,0.466,0.993,0.951,0.001,0.436,0,0.994,0.001,0.352,0.553,1,0.002,0.745,0.099,1,0.424,0.984,0.785,0.003,0.995,0.076,0.006,0,0,0.971,0,0.99,0.971,0.917,1,0.8,0.997,0.905,0.089,0.026,0.273,0.242,0.431,0.876,0.769,0.78,0.023,0.789,0.196,1,0.467,0.997,1,0.754,0.009,0.121,0.627,0.966,0.99,0.462,1,0.998,0.724,0.02,0.754,0.987,0,1,1,0,0.063,1,0.984,0.228,0.776,0,0.006,0.689,1,1,1,0.41,0,0.99,0.08,0.995,0.472,0.947,0.407,0.37,0.771,0.485,0.25,0.689,0.999,0.434,0.004,0.805,0.938,0.611,0.917,0.028,0.771,0.524,0.835,0.945,0.004,0.664,0.983,0.259,1,1,0,0.462,1,0.313,0.356,0.966,0.503,0.737,0.396,0.559,1,0.417,0.371,0.851,0.003,0.999,0.958,1,0.558,0.831,0.287,0.22,0.341,0.014,0.854,0.793,0.826,0.202,0.944,0.692,0.721,0.304,0.124,0.98,0.47,0.548,0.013,0.753,0.702,0.747,0.104,0.94,0.006,0.518,1,0.996,0.053,0.989,1,0.532,0.367,0.117,0.997,0.395,0.086,0.87,0.585,1,0.01,0,0.911,0.164,0,0.003,0.39,0.008,0.365,0.987,0.027,1,1,1,1,0.424,1,0.829,0.493,0.488,0.948,0.16,0.302,0.579,1,1,0.048,0.837,0.181,0.993,0.386,0.412,0.504,0.557,1,0.01,0.457,0.997,0.601,0.513,0.311,0.54,0.999,0.966,0.31,1,0.374,0.292,0.004,0.832,0.939,0.735,0.997,0.636,0.65,0.957,0.664,1,0.999,0.743,0.383,0.506,0,1,0.999,0.75,0.997,0.725,0.002,0,0.768,0.942,0.754,0,0
0.03,1,0.259,1,1,0.884,0.262,0.997,0.872,1,1,1,0.468,0.369,0.571,0.982,0.999,0.98,0.541,0.475,0.939,1,0.02,0.075,0.688,0,0.988,0.004,0,0.167,0.004,0.423,0.267,0.008,0.564,0.998,0.595,0.886,0.692,0.71,0.992,0.999,0.027,0.541,0.999,0.996,0.755,0.518,0.961,0,1,0.031,0.015,1,0.572,0.465,0.493,0.067,1,0.941,0.989,0.999,1,0.578,1,1,0.996,0.285,0,0.286,0.385,0.371,1,0.849,0.978,0.05,0.588,0.214,0.476,0.343,0.766,0.773,0.779,0.019,0.485,0.001,0.162,0.654,0.852,0,0.133,0.045,1,0.179,0.95,0.668,0.96,0.023,0,0.983,0.013,0.918,0.005,0.996,0.835,0.033,0.836,0.145,0.914,0.111,0.85,0.408,0.998,0.349,0,0.534,1,0.154,0.807,0.093,0.798,0.997,0.993,0.093,0.993,0.05,0.584,0.816,0.918,0.215,0.025,0.425,0.987,0.136,0.057,0.909,0.089,0.661,0.99,0.629,0.252,0.066,1,0.411,1,0.983,0,0.261,0.924,0.817,0.686,0.998,0.66,0.585,0.978,1,0.994,0.018,0.039,0.551,0.851,0.024,0.102,0.869,0.985,0.049,0.099,0.789,0.05,0.875,1,0.428,0.191,0.29,0.381,1,0.207,0.975,0.988,0.289,0.906,0.524,1,0.726,0.268,0.687,0.056,0.503,0.997,0.92,0.986,0.987,0.211,0.047,0.038,0.999,0.623,0.04,1,0.689,0.087,0.725,0.004,0.938,1,0.981,0.858,0.244,0.338,0,0.539,0.002,0.204,0.978,0.063,0.001,0.711,0.23,0.001,0.654,0.457,0.984,0.513,0.802,0.274,0.553,0.372,0.338,0.856,0.995,0.77,0.744,0.199,0,0.752,0.558,0.479,0.998,0,0.02,0.416,0.991,0.953,0.487,0.729,0.426,1,0.982,0.086,0.998,0.475,0.545,0.648,0.895,0.497,0.196,0.02,0.656,0.385,0.348,0.882,1,0.962,0.992,0.812,0.612,0.057,0.532,0.128,0.828,0.303,0.631,0.975,1,0.931,0.928,1,0.023,1
0.006,0.045,0.296,0.038,0.895,0.27,0.314,1,0.67,1,0.753,0.158,0.354,0.999,0.036,1,0.367,0.265,0.331,0.053,0.028,0.049,0.665,0.018,0.574,0,0.094,0,0.094,0.18,1,0.462,1,0.057,0.994,1,0.478,0.033,0.655,0.491,0.006,1,1,0.746,0,0.996,0,0.646,0.666,1,0.985,0.019,0.009,0.098,0.44,0.63,0.977,0.768,0.265,0.719,0.973,0.014,0,0.96,0.185,0.978,1,0.97,1,0.886,0.4,0.681,0.332,0.632,0,0.02,0.456,0.993,0.661,0.396,0.135,0.893,0.961,1,0.188,0.002,0.003,0.741,0.633,0.791,1,1,0.208,0.144,1,0.005,0.673,0.998,0.996,0.684,1,0.995,0.968,0.326,0.894,0.997,0.505,0.014,0.897,0.003,0.038,0.668,0.989,1,0,0.559,0.998,1,0.963,1,0.628,0.548,0.961,0.784,1,0.183,0.612,0.398,1,0.954,0.847,0.932,0.877,0.43,1,0.003,0.063,0.703,0.406,0.496,1,0.011,1,0.497,0.002,1,0.001,1,0.355,0,0.068,0,0.494,0.703,1,0.997,0.418,0.987,0.87,0.207,0.888,0.003,1,0.244,1,0.902,0.001,0.002,0.814,0.02,0.592,0.489,0.964,0.965,0.575,1,0.618,0.146,0.206,0.816,0.522,0.49,0.028,0.999,1,0.871,0.062,0.807,1,0.583,0.385,0.047,0.744,0.001,1,0,0.027,0.032,0.013,0.935,0.997,0.539,0.114,0.258,0.93,0.909,0.795,0.88,0,0.898,0.851,0.012,0.22,0.921,0.926,0.838,0.978,0.023,0.001,0.345,1,0.513,0.998,0.559,0.027,0.459,0.195,0.749,1,0.999,0.227,0.103,0.004,0.952,0.267,0.527,0.511,0.943,1,0.896,0.553,0.443,0.123,0.455,0.557,0.555,0.498,1,0.894,0.996,0.285,0.976,0,0.889,0.672,0.258,0.978,0.937,0.228,0.681,0.14,1,0.987,0.973,0.626,0.624,0.015,1,0.198,0.936,0.611,0.622,1,0.121,0.834,0.576,0.484,0.078,0
0.85,1,0.577,1,0.102,0.128,0.04,0.516,0.65,0.932,0.812,0.044,0.02,0.984,0.005,0,1,0.419,0.334,0.577,0.735,0.469,0.014,0.002,0.854,0,0.773,1,1,0.133,1,0.446,1,0.916,0.688,0.989,0.661,0.865,0.347,0.651,1,0.122,0.981,0.207,1,1,0.962,0.96,0.885,0.063,1,1,0.039,1,0.488,0.898,0.642,0.27,0.002,0.994,0.047,1,1,0.024,0.493,0.999,0.805,1,0.82,0.822,0.115,0.688,0.93,0.903,1,1,0.994,1,0.04,0.882,0.881,0.974,0.999,0.753,0.816,0,1,0.542,0.961,0.999,0.998,1,0.012,0.434,1,0.116,0.524,1,0,0.878,0.041,0.952,0,1,1,0,1,0.014,0.851,0.849,0.97,0.724,0.389,0.023,1,0.445,1,1,0.353,0.213,0.977,0.934,0.876,0.096,1,0.997,0.199,0.058,0.832,0.836,0.002,0.048,0.584,0.126,0.965,0.907,0.081,0.993,0.996,0.542,0.573,1,0,0.964,0.935,0,1,0.726,0.485,0.001,0.893,0.952,0.123,0.841,0.991,0.999,0.042,0.009,1,0.026,0.962,0.959,1,0.408,0.907,1,0.002,0.49,0.184,0.041,0.88,0.574,0.875,0.449,0.57,0.937,0.249,0.998,0.804,0.347,0.165,0.43,0.182,0.861,0.068,0.482,0.089,0.337,0.181,0.635,1,1,0.66,0.214,0.006,1,0.169,0.789,1,1,0.052,0.388,0.991,0,0.953,0,0.844,0.21,1,0.996,0.646,1,1,0.184,0.981,0.992,0.067,0.977,0.01,0.287,0.951,0.777,0.979,0.437,0.999,1,0.516,0.567,0,1,0.349,0.55,1,0.407,0.443,0.478,0.866,0.588,0,0.268,0.785,0.308,0.465,0.441,0.792,0.54,0.996,1,0.432,0.979,0.716,0.865,0.673,0.865,0.568,0.152,0.163,0.484,0.334,0.967,0.162,1,0.969,0.336,0.648,0.386,0.563,0.993,0.161,0.564,0.942,0.33,0.057,1,0.359,0.29,0.915,0.882,0.403
0.841,0.622,0.086,1,0.8,1,0.26,1,0.676,0.999,0.973,1,0.78,0.928,0.003,0.526,0.042,0.97,0.717,0.608,0.714,0.794,0.026,0.106,0.462,0,0.992,0.957,0,0.093,0.451,0.251,0.053,0.033,0.871,0,0.582,0.126,0.487,0.596,1,0.938,1,0.585,1,1,0.744,0.002,0.999,0.015,0.998,0.998,0.979,1,0.449,0.992,0.8,0.126,0.995,0.055,0.754,0,1,1,0.147,0.994,0.762,0.312,0.995,0.924,0.157,0.52,0.988,0.93,0.978,1,0.76,0.115,0.381,0.487,0.036,0.964,0.308,0.538,0.138,0,0.043,0.632,0.994,0.168,0.958,0.006,0.944,0.154,0,0.81,0.276,0.999,0.106,0.017,0.118,0.858,1,1,0.976,0.003,1,0.621,0.986,0.141,0.175,0.771,1,0.048,1,0.421,0,0.994,0.223,0.38,0.956,1,0.447,0.751,0,0.917,0.886,0.083,0.7,0.997,0.123,0.702,0.836,0.394,0.088,0.223,0.999,0.745,0.917,0.773,0.343,0,0.992,0.579,0.571,1,0.002,0.365,0.981,1,0.908,0.787,0.439,0.283,0.996,1,0.152,0.265,0.98,0.139,1,0.001,0.45,0.999,0.947,0.158,1,1,0.874,0.006,0.972,0.559,1,0.442,0.526,0.798,0.129,0.999,0.135,0.99,0.334,0.782,0.925,0.821,0.055,0.379,0.948,0.396,1,0.433,0.835,0.926,0.986,0.047,0.956,1,0.194,1,1,0.601,0.002,0.467,0.952,0,0.306,0.977,1,0.19,0.252,0,0.406,0.936,0.955,0.893,0.33,1,0.079,0.97,0.997,0.258,1,0.719,0.441,0.535,0.938,0.916,0.933,0.32,1,0.2,0.027,1,0.964,0,0.679,0.854,0.628,1,0.994,0.841,0.548,0.174,0.419,0.506,0.894,0.465,0.838,0,0.957,0.717,0.59,0.052,0.738,0.508,0.566,0.878,0.115,0.853,0.347,0.453,0.197,0.998,0.171,0.557,0.383,0.765,0.03,1,0.512,0.402,0.352,0.42,0.18,0,0.798,0.603,0.833,0.932,0.991
0.262,0.988,0.153,1,0.256,0.641,0.052,1,0.621,0.996,1,0.952,0.537,0.148,0.861,0.002,0.231,0.941,0.637,0.265,0.91,0.085,0.932,0.017,0.437,1,1,0.012,0.005,0.01,0.992,0.487,0.988,0.08,0.495,0.005,0.489,0.069,0.852,0.63,0,1,0.003,0.442,0,0,0.089,0.985,0.535,0.999,0.119,0,0.873,0.261,0.6,0.267,0.466,0.038,0.983,0.287,0.055,0,0,0.015,0.001,0.016,0.046,0.001,0,0.428,0.219,0.383,1,0.797,0.005,0.1,0.57,0.408,0.931,0.453,0.311,0.861,0.206,0.056,0.959,0.006,0.812,0.955,0.033,0.98,0.977,1,0.004,0.884,0.006,0.985,0.235,1,1,0.916,0.261,0.252,0.079,0,0.002,0,0.996,0.019,0.203,0.001,1,0.522,0.851,0.326,1,0.432,0.341,0.446,1,0.477,0.478,0.025,0.147,0.088,0.886,0.959,0.535,0.832,0.525,0.888,1,0.707,0.872,0.498,0.609,0.18,0.39,0.533,1,0.657,0.866,0.26,0,0.611,1,0,0.981,0.734,0.602,1,0.935,1,0.781,0.773,0.348,1,0.026,1,1,0.025,0,0.974,0,0.164,0.881,0.995,0.945,0.204,0.183,0.124,0.699,0.441,0.435,0.64,0.593,0.613,0.382,0.888,0.799,0.006,0.549,0.533,0.793,0.129,0.048,0.425,0.992,0.416,0.999,0.548,0.953,0.72,0.289,0.8,0.001,0.256,0.178,0.885,1,0.997,0,0.753,0.947,0.002,1,1,0.554,0.172,0,0,0.779,0.154,0.004,0.32,0.672,0.992,0.997,0.842,0,0.553,1,0.806,0.857,0.562,0.037,0.372,0.997,0.532,0.999,0.032,0.91,0.826,0.722,0,0.792,0.74,0.533,0.9,0.996,0.287,0.378,0.259,0.587,0.522,0.395,0.642,0.943,0,0.906,0.991,0.987,0.526,0.878,1,0.466,0.882,0.369,0.509,0.649,0.451,0.147,1,1,0.782,0.496,0.533,0,0.999,0.875,0.341,1,0.651,0.226,1,0.904,0.071,0.918,0,0
0.926,0.015,0.917,0.005,0.791,0.927,0.999,1,0.483,0.968,0.97,0.184,0.201,0.054,0.346,0.213,0.012,1,0.677,0.389,0.032,0.005,0.116,0.332,0.461,0.001,1,0.739,0,1,0.016,0.772,1,0.999,0.61,1,0.486,0.238,0.287,0.955,1,1,0.943,0.256,0.999,1,0.982,0.833,0.829,1,0.001,0,0.015,0,0.603,0.399,0.899,0.761,0.293,0.859,0.709,0,0,0.052,0.998,0.022,0.558,0.444,0,0.856,0.985,0.553,0.736,0.098,1,1,0.264,0.902,0.13,0.563,0.256,0.425,0.938,1,0.579,0.983,0,0.948,1,0,0,0.967,0.992,0.785,1,0.001,0.593,0.998,0.986,0.054,0.189,0.639,0.973,0.006,0.745,0,0.022,0.785,0.425,1,0.233,0.578,0,1,0.635,0.415,0.005,0.826,0.87,0.995,0.986,0.92,0.413,0.643,1,0.958,0.594,0.25,0.866,0.19,0.799,0.337,0.029,0.677,0.999,0.002,0.257,0.235,0.007,0.716,0.964,0.087,0.913,0.626,0.012,1,0.016,0.074,1,0.177,0.934,0,0.456,0.733,0.84,0.967,0.045,1,0.875,0.017,1,0.966,0.998,0.596,0.13,0.961,1,0.968,0.289,0.863,0.912,0.561,0.865,0.947,0.38,0.987,0.047,0.958,0.287,0.186,0.337,0.416,0.289,0.093,0.041,0.376,0.966,0.591,0.999,0.47,1,0.888,0.045,0.999,1,0.01,0.015,0.937,1,0.728,0.201,0.544,0.002,1,0.07,0.139,0.721,0.3,0.001,1,0.316,0.98,1,0.006,0.12,0.697,0.423,0.875,0.974,0.176,1,1,0.998,0.536,0.957,0.856,0.155,0.222,0.035,0.996,0.07,0.896,0.998,1,0.604,0.738,0.937,0.998,0,0.059,0.632,0.982,0.436,0.69,0.998,0.522,0,0.996,1,0.035,0.256,0.64,0.024,0.679,0.598,0.063,0.324,0.683,0.594,0.66,0.217,0,0.235,0.327,0.657,0.553,0.072,1,0.517,0.995,0.519,0.975,0.99,0.83,0.834,0.347,0.937,0.008,0
0.01,1,0.334,0,0.991,0.356,0.236,0.005,0.909,1,0.999,0.999,0.863,0.806,0.149,0.365,1,0.805,0.995,0.807,0.233,0.867,0.067,0.084,0.636,0,0.16,0,0,0.318,0.277,0.437,0.001,0.946,0.627,0,0.933,0.947,0.332,0.807,0.999,0.959,0.447,0.275,1,0.993,0.983,0.991,0.694,0,0.916,1,0.93,1,0.362,0.257,0.677,0.015,0.895,0.206,0.996,1,0.307,0.998,1,1,0.191,0.002,1,0.383,0.034,0.806,0.764,0.771,0.414,0.205,0.658,0.743,0.479,0.418,0.057,0.501,0.619,0.017,0.301,0,0.987,0.026,0.224,0.961,0.048,0.004,0.726,0.814,0.792,0.002,0.895,1,0.016,0.387,0.948,0.422,0,0.995,0.001,0.051,0.218,0.133,0.143,0.999,0.841,0.501,1,0.214,0.365,0.7,0,0.919,1,0.538,0.905,0.013,0.725,1,1,0.92,0.473,0.442,0.874,0.268,1,0.112,0.523,0.366,0.075,0.295,0.893,0.689,0.217,0.778,0.005,0.103,0,0.303,0.007,0.154,0,0.569,0.995,0.03,0.929,1,0.772,0.754,0.006,0.181,0.224,0.941,1,0.147,0.996,0.06,0.995,0.96,0.849,0.153,0.959,0.03,0.084,0.014,0.998,0.431,0.563,0.763,0.885,0.168,0.312,0.124,0.884,0.192,0.414,0.752,0.001,0.189,0.992,0.436,0.02,1,0.501,0.609,0.968,0.747,0.723,0.002,1,1,0.163,0.205,1,0.005,1,0.649,0.666,0,0.89,1,0.129,0.018,0.001,1,0.647,0.12,0.266,1,0.022,0.811,0.633,0.085,0,0.473,1,0.454,0.188,0.495,1,0.914,0.415,0.313,0.976,1,0.182,0.844,0.985,0.999,0.705,0.509,0.643,0.125,0,0.447,0.421,1,0.821,0.467,0.888,0.597,0.162,0.919,0.657,1,0.622,0.068,0.02,0.999,0.674,0.713,0.322,0.769,0.359,0.731,0.791,0.995,0.945,0.939,0.952,0.611,0.525,0.928,0.612,0.29,0.858,0.183,0.408,1,0.891,0.548,0.02,0,0.012
0.512,1,0.564,1,0.544,0.209,0.638,0.01,0.56,0.004,0.872,0.673,0.674,0.102,0,1,0.074,0.999,0.782,0.97,0.906,0,0.131,0.753,0.654,0,1,0.909,0,0.301,0.031,0.649,0.293,0.01,0.859,1,0.789,0.014,0.308,0.243,0.998,1,0.035,0.673,0,0.607,0.909,0.023,0.371,0.128,0.003,0.003,1,1,0.451,1,0.183,0.702,0.005,0.879,0.819,0.72,0.998,0.985,1,0.006,0,0.269,1,0.228,1,0.6,0.508,0.678,0.959,0.868,0.988,0.938,0.091,0.595,0.996,0.865,0.997,0.996,0.733,0,0.966,0.795,0.805,0.001,0.955,1,0.674,0.964,1,0.997,0.942,0.996,0.872,1,1,0.896,0.02,0.831,0.995,1,0.717,0.133,0.742,1,0.95,0.395,0.981,0.995,1,0.532,0.977,0.888,0.999,0.285,0.745,0.999,0.963,0.979,1,0.643,0.633,0.366,0.492,0.928,0.557,0.995,0.032,0.578,0.902,0.954,0.938,0.772,1,0.679,1,0.026,0.911,0.838,0.989,0,0.999,0.378,0.964,0.172,0.995,0.322,0.792,0.255,0.997,0.758,1,0.995,0.701,0.537,0.866,0.983,0.009,0.985,1,0.651,0.002,0.79,0.827,0.996,0.049,0.74,0.117,0.9,0.657,0.39,0.49,0.925,0.755,0.446,0.654,0.551,0.98,0.233,0.082,0.404,0,0.826,0.967,0.558,0.011,0.929,0.062,0.923,0.898,1,0.999,0.032,1,0.353,0,0.326,0.957,1,0.435,0.81,0.661,0.972,1,0.393,0.3,0.264,0.932,0.072,0.401,0.973,0.516,0.559,0.967,0.145,0,0.028,0.9,0.622,0.859,0.807,0.703,0.657,1,0.002,0.858,0.253,0.89,0.852,0.565,0.398,0.796,0.805,0.112,0.027,0.584,0.208,0.481,0.441,0.558,0.521,0.994,0,0.494,0.985,0.998,0.399,0,0.799,0.61,0.96,0.031,0.632,0.819,0.998,0.999,0,1,0.926,0.863,0.283,0.586,1,0.61,0.381,0.778,0.325,0.006,0.162,0.964,0.377,0.927,1,0.998
0.061,1,0.268,0,0.306,0.098,0.682,0.004,0.485,0.001,0.036,0.025,0.024,0.74,0.028,1,0.02,1,0.509,0.055,0.756,0.837,0.124,0.154,0.286,0,0.037,0.014,1,0.008,0.994,0.965,0.951,0.997,0.307,0.001,0.53,0.998,0.804,0.733,0,0.989,0.003,0.989,1,0.002,0.777,0.482,0.64,0.01,1,1,0.527,0.548,0.526,1,0.137,0.012,0.616,0.503,0.018,0.935,1,0.999,1,1,0.123,1,0.896,0.775,0.993,0.389,1,1,0.924,0.124,0.325,0.988,0.903,0.634,0.96,0.858,0.313,0.018,0.716,0,0.994,0.785,0.012,0,0.018,0.861,0.999,0.445,1,0.918,0.347,0.001,0.97,0.995,0.961,0.443,1,0.004,0.861,0.001,0.004,0.385,0.283,1,0.853,0.598,0.124,0.997,0.183,0.57,1,0.579,0.199,0.999,0.996,0.998,0.219,0.048,0.991,0.042,0.55,0.106,0.781,0.992,0.655,0.567,0.646,0.859,0.936,0.981,0.584,0.998,0.226,0.67,0.212,0.831,0.999,0.426,0.184,1,0.337,0.693,0.705,1,0.099,0.992,0.434,0.688,0.983,0.005,0.617,0.983,0.997,0.036,0.162,1,0.013,0.409,0.096,1,0.982,0.996,0.579,0.977,0.067,0.616,0.957,0.444,0.544,0.865,0.667,0.485,0.519,0.983,0.123,0.562,1,0.059,0.034,0.656,0.975,0.486,1,0.502,0.962,0.394,0.091,0.172,1,1,0.714,0.03,0.001,0.996,0.063,0.568,0.957,0.998,0.939,1,0.428,0.251,0.03,0,0.631,1,0.862,0.952,1,0.97,0.845,0.023,0,0.615,1,0.238,0.785,0.563,1,0.999,0.211,0.221,0,1,0.027,0.073,1,0.084,0.295,0.646,0.61,0.938,1,0.03,0.452,0.009,0.364,0.481,0.84,0.458,0,0,0.013,1,0.172,0.68,0.02,0.698,0.438,0.941,0.96,0.268,0.769,0.13,0.73,1,0.123,0.748,0.708,0.638,0.046,0.001,0.198,0.267,0.547,0.237,0.953,0,0.838,0.889,0.799,0.998,0.995
0.211,1,0.296,1,0.408,0.999,0.029,0.933,0.63,0.987,0.989,0.983,0.673,0.276,0.075,1,0.997,0.94,0.514,0.323,0.999,0.931,0.042,0.089,0.534,0,0,0,0.996,0.023,0.74,0.808,0,0.883,0.711,0.031,0.488,1,0.354,0.901,1,0.087,0.992,0.791,0.032,1,0.087,0.722,0.245,0.988,1,0,0.926,0.032,0.424,0.459,0.349,0.014,1,0.055,0.003,1,1,1,0.085,0.988,0.971,1,0,0.78,0.998,0.522,0.99,0.755,0.986,0,0.239,0.817,0.93,0.394,0.626,0.789,0.547,0.105,0.15,0,0.998,0.333,0.777,0.819,0.324,1,1,1,1,0.992,0.985,0.221,0,0.292,0.903,0.118,0,0,0.006,0.003,0.339,0.665,0.87,0.977,0.827,0.518,0.018,0.045,0,0.594,0,0.383,0.919,1,0.869,1,0.913,0.36,0.923,0.798,0.64,0.614,0.985,0.966,1,0.387,0.692,0.891,0.916,1,0.231,0.251,0.027,0.608,0.969,0.999,0.047,0.439,0.008,1,0.999,0.938,0.989,0.001,0.395,0,0.772,0.761,0.202,0.225,0.85,0.99,0.999,0.349,0.914,0.993,0.949,0.989,0.415,0.591,1,0.605,0.991,0.89,0.998,0.535,0.094,0.428,0.378,0.983,0.932,1,0.687,0.234,0.099,0.554,0.004,0.129,1,0.911,0.992,0.142,0.885,0.656,0.982,0.884,0.044,0.001,1,0,0.726,1,0,0.044,1,0.568,0.178,1,0.031,0.969,0.934,0.031,0.984,1,0.877,0.196,0.872,0.879,0.937,1,0.301,0.999,0.911,0.689,1,0.825,0.965,0.493,0.023,0.222,0.293,0.595,0.976,1,0.981,0.046,0.01,1,0.697,0.477,0.589,0.466,0,0.938,0.501,0.995,0.332,0.455,0.923,0.484,0.093,0.97,0.869,0.957,0.14,0.896,0,0.775,0.82,0.802,0.238,0.423,0.406,0.758,0.431,0.999,0.941,0.553,0.522,0.929,0.726,0,0.869,0.317,0.722,0.443,0.008,0.975,0.994,0.085,0.443,0.993,0.993
0.008,0.027,0.514,0.131,0.883,0.885,0.876,0.822,0.386,0.916,0.974,0.844,0.771,0.425,0.075,0.976,0.017,0.973,0.982,0.998,0.83,0.366,0.045,0.003,0.271,0.994,0.062,0.999,0.95,0.999,0.905,0.584,0.998,0.869,0.747,0.008,0.636,0.995,0.65,0.56,1,0.016,0.819,0.322,0.406,0.025,0.029,1,0.781,0,0.787,0.002,0.89,0.821,0.624,0.859,0.74,0.006,0.207,0.317,0.074,1,1,0.006,1,1,0.016,0.993,0,0.666,0.105,0.806,0.502,0.826,0.08,1,0.998,0.888,0.084,0.44,1,0.996,0.34,0.089,0.75,0,0.982,0.025,0.91,0.96,1,0.983,0.379,0.613,0,1,0.768,1,1,0.031,0.93,0.986,0.989,0.01,0.864,1,1,0.106,0.388,0.004,1,0.493,0.29,0.593,0.984,0.482,1,0.985,0.95,0.056,0.896,0.093,1,0.547,0.478,0.936,0.455,0.441,0.938,0.429,0.018,0.928,0.873,0.059,0.187,1,0.024,0.299,0.732,0.528,0.052,0.815,0.599,0.705,0.142,0,0.023,0.83,0.185,1,0.822,0,0.201,0.601,0.571,0.79,0.974,0.159,0.996,0.611,0.991,1,0.992,0.379,0.902,0.395,0.003,0.979,0.806,0.006,1,0.517,0.522,0.609,0.574,1,0.065,0.888,0.141,1,0.544,0.507,0.997,0.153,0.316,0.552,0.329,0.982,0.995,0.745,0.992,0.941,0.217,0.079,0.001,0.008,0.837,0.901,1,0.467,0.016,0.351,0.003,1,0.917,0.997,0.253,0.283,1,1,0.681,0.505,0.634,0.853,1,0.096,0.882,0.038,0.892,0.333,1,0.788,0.074,0.469,0.1,0.833,0.19,0.593,1,1,0.233,1,0.001,0.603,0.531,0.689,0.845,0.875,0.987,0.722,0.671,0.008,0.447,0.533,0.46,0.605,1,0.94,0.312,0.009,0.15,0.372,0,0.751,0.719,0.274,0.998,0.982,0.37,0.564,0.328,1,0.999,0.815,0.482,0.791,0.613,1,0.529,0.293,0.861,0.564,0.994,0.031,0.998,0.734,0.789,1,1
0.019,0.007,0.132,1,0.99,0.983,0.977,1,0.651,0.719,0.642,0.966,0.214,0.986,0.091,0.991,0.991,0,0.944,0.039,0.284,0.463,0.19,0.984,0.563,0,0.408,0,0,0.045,0.97,0.598,0.995,0.744,0.663,1,0.6,0.293,0.993,0.71,0.026,0.844,1,0.509,0.998,0.999,0.069,0.925,0.351,1,0.545,0.999,0.021,1,0.793,0.851,0.851,0.006,0.744,0.999,0.072,1,1,1,0.999,1,0.918,0.021,0,0.439,0.381,0.745,0.883,0.927,1,0,0.946,0.182,1,0.597,0.856,0.29,0.653,0.971,0.531,0.993,1,0.886,0.843,0.999,0.01,0.012,1,0.37,0.596,0.355,0.228,1,0.012,0.208,0.046,0.374,1,0.968,0.999,0,0.999,0.01,0.982,1,0.002,0.408,0,0.041,1,0.432,0,0.688,0.013,0.022,0.819,0.037,0.365,0.795,0,0.836,0.613,0.061,0.386,0.766,1,0.341,0.776,1,0.883,0.832,0.205,0.46,0.606,0.371,0.99,1,1,0.665,0.004,1,0.619,0.033,0.368,1,0.204,0.963,0.669,0.363,1,0.519,0.012,1,0.618,0.023,0.967,1,0.02,0.691,0.999,0.983,0.01,0.521,0.919,0.889,0.536,0.54,1,0.734,0.713,0.884,0.949,0.883,0.736,0.711,0.368,0.467,0.63,0.166,0.294,0.818,0.923,0.458,1,0.415,0.953,1,0.535,0.95,0.055,1,0.943,0.928,0,0.998,1,0.408,0.98,0,0.971,0.021,0.141,0.147,0.974,0,0.884,1,0.032,0.966,0.061,1,0.927,0.277,0.857,0.365,1,0.078,0.912,0.77,1,0.72,0.251,0.549,0,0.68,0.463,0.015,0.28,0.983,0.222,0.403,0.588,0.99,0.94,0.028,0.55,0.042,0.34,0.56,1,0.56,1,0,0.839,0.999,0.704,0.641,0.014,0.141,0.56,0.281,0.915,0.361,0.931,0.245,0.814,1,1,0.852,0.537,0.575,0.024,1,0.909,0.806,0.467,0.985,1,1,0.99,0.816,0.804,0.983,1
0.977,1,0.45,1,0.323,0.078,0.106,0.985,0.972,0,0.998,0.84,0.23,0.656,0.658,1,0.565,0.992,0.664,0.045,0.893,0.991,0.57,0.013,0.533,0,0.998,0.076,0.93,0.317,0.007,0.596,0,0.172,0.538,0,0.591,0.589,0.606,0.647,1,0.847,0.999,0.915,0.994,0.086,0.042,0.997,0.436,1,1,1,0.987,1,0.391,0.08,0.192,0.014,0.264,0.05,0.002,0.99,1,0.06,0.051,0.888,1,1,0,0.992,0.868,0.767,1,0.891,1,0.661,0.761,0.399,0.994,0.612,0.793,0.191,0.281,0.994,0.583,0,1,0.992,0.913,1,0.263,0.837,0.804,0.986,1,0.006,0.998,0.226,0.001,0.239,0.201,0.092,0.976,1,0.258,0,0.979,0.824,0.023,0.068,0.886,0.628,0.991,0.027,1,0.607,0.991,0.54,0.65,0.017,0.977,0.991,0.419,0.168,1,0.863,0.264,0.744,0.396,0.633,1,0.135,0.999,0.118,0.063,0.176,0.773,0.681,0.015,0.476,0.44,0.899,0.001,0.207,0.877,1,0.99,0.916,0.238,0.022,0.451,0,0.567,0.978,0.318,0.988,0.994,1,0.058,0.073,0.467,0.881,0.99,0.485,0.365,1,0.129,0.889,0.77,0.823,0.668,0.534,0.983,0.66,0.41,0.988,0.987,0.06,0.696,0.01,0.131,0.573,0.995,0.871,0.991,0.673,0.475,0.971,0.328,0.44,1,0.237,0.936,0.889,1,0,0.869,0.842,0,0.989,0,0.598,0.002,0,0.873,0.207,0.882,0.887,1,1,0.081,1,0.975,0.873,0.016,0.947,0.413,0.9,1,0.996,1,0.904,0.728,0.483,0.244,0.825,0.283,0.22,0.486,0,0.94,0.893,0.932,0.031,0.358,0.496,0.234,0.923,0,0.317,0.571,1,0.609,0.499,0.736,0.484,0,1,0.399,0.06,0.79,0.307,0.011,0.718,0.618,0.765,0.06,0.516,0.318,0.23,0.686,1,0.959,0.171,0.558,0.772,0.04,0.08,0.723,0.845,0.125,0.847,0.969,1,0.832,0.072,0.818,0.939,0
0.873,0,0.798,1,0.031,0.992,0.327,0.999,0.646,1,0.919,0.156,0.974,0.779,0.89,0.172,1,0.015,0.817,0.798,0.764,0.141,0.015,0.995,0.398,0,0.933,1,1,0.185,0.95,0.283,1,0.195,0.41,1,0.399,0.213,0.345,0.709,1,0.974,0.335,0.997,1,1,0.714,0.932,0.208,0.115,0.999,0,0.962,0,0.755,0.018,0.157,0.63,0.916,0.896,0.034,1,0.942,1,0.041,0.031,0.955,0.682,0.991,0.51,0.427,0.976,0.379,0.866,0.005,0.771,0.645,0.696,0.343,0.678,0.563,0.951,0.716,1,0.154,0,0.267,0.846,0.627,1,0.202,0.99,1,1,0,0.892,0.857,1,0.948,0.931,0.071,0.581,0.004,0,1,0,0.912,0.04,0.097,0.474,0.01,0.532,1,0.044,1,0.491,0.877,0.855,0.015,0.878,0.814,0.277,0.656,0.846,1,0.805,0.68,0.818,0.659,0.759,1,0.747,0.855,0.688,0.783,0.976,0.998,0.331,0.197,0.454,0.001,0.945,1,0.566,0.005,1,0.985,0.721,0.461,0,0.937,0.98,0.425,0.426,1,0.001,0,0.375,0.646,0.569,0.853,0.086,0.918,0.884,0.718,0.019,0.143,0.976,0.758,0.74,0.678,0.577,0.983,0.521,0.67,0.038,0.747,0.318,0.578,1,0.121,0.58,0.977,0.262,0.952,0.642,0.028,0.447,1,0.764,1,1,0.149,0.001,0.12,1,0.111,0.608,1,1,1,0.558,0.707,1,0.977,0.509,0.999,0.92,0.982,1,0.709,0.974,0.114,0.779,0.997,0.174,0.883,0.015,0.957,0.197,1,0.527,1,0.614,0.107,0.772,0.692,0.472,0.982,0.04,1,0.17,0.106,1,0.648,0.439,0.467,0.155,0.002,0.977,0.423,0.005,0.119,0.491,0.863,0.431,0.005,0.993,0.996,0.367,0.131,0.844,0.864,0.12,0.659,0.998,0.893,0.836,0.621,0.66,0.229,1,0.305,1,0.749,0.344,0.108,1,0.989,0.476,0.94,0.642,0.42,1,0.034,0.358,0.036,0.029,0.001
0.959,1,0.702,0,0.513,0.033,0.937,0.524,0.615,0.741,0.129,0.004,0.993,0.993,0.049,0.997,0.952,1,0.746,0.725,0.452,0.826,0.139,0.681,0.321,0,0.127,0.922,1,0.995,0.933,0.526,0.944,0.028,0.517,0.002,0.524,1,0.652,0.992,1,0.444,1,0.872,1,0.892,0.013,1,0.528,0,0.005,0.096,0.975,0.002,0.68,0.846,0.453,0.106,0.138,0.716,0.001,0.001,0,0.011,0.985,1,0.962,0.944,1,0.181,0.95,0.406,0.751,0.024,0.997,0.001,0.532,0.109,0.999,0.634,0.71,0.169,0.87,0.038,0.393,0.002,0.973,0.055,0.27,0,1,0.977,0.885,0.516,0,0.674,0.253,0.001,0.998,0.066,0.997,0.13,0,0.544,0.408,1,1,0.132,0.062,0.996,0.989,0.69,0.98,0.159,0.991,0.577,0,0.706,0.599,0.987,0.373,0.122,0.87,0.968,0,0.076,0.976,0.86,0.322,0.474,1,0.134,0.018,0.537,1,0.788,0.953,0.83,0.008,0.643,0.988,0.136,1,0.397,1,1,1,0.736,0.994,0.996,1,1,0.182,0.799,0.997,0.002,0.978,0.074,0.941,0.603,0.71,0.981,0.963,0.941,0.753,0.992,0.971,0.983,0.414,0.948,0.869,0.437,0.669,0.45,0.396,0.063,0.665,0.971,0.987,0.979,0.312,0.368,0.725,0.983,0.199,0.199,0.901,0.787,1,0.74,0.003,0.424,0.213,0.992,1,0.086,0.911,0.998,1,0.987,0.992,0.655,0.893,0.996,0.054,1,0.694,0.021,1,1,0.821,0.019,0.996,0.449,0.939,0.961,0.62,0.87,0,0.948,0.908,0.975,0.136,0.547,0.025,0.997,0.195,0.328,0.224,1,0.994,0.004,0.748,0.018,0.983,0.412,0.996,0.909,0.98,1,0.513,0.001,0.349,0.511,0.747,0.489,0.027,1,0.577,0.001,0.551,0.61,0,0.421,0.58,0.725,0.953,0.551,0.503,0.556,0.978,1,0.219,0.622,0.317,0.584,0.558,0.692,0.482,0.413,0.156,0.395,0.81,0.002,0.915,1,1,0.018,0.997
0.993,0,0.289,0.002,0.768,0.972,0.926,0.739,0.71,1,1,0.01,0.008,0.757,0.005,0.992,0.739,0.944,0.829,0.72,0.121,0.028,0.007,0.036,0.611,0,0.003,0,1,0.053,1,0.368,0.98,0.01,0.766,0,0.512,0.758,0.69,0.279,0.045,0.895,0.997,0.832,0,0.051,0.936,0.999,0.954,1,1,1,0.806,1,0.617,1,0.622,0.367,0.016,0.034,0.851,0,1,0.997,0.946,0.982,0.008,0.995,0,0.457,0.942,0.531,0.99,0.287,0.246,0.999,0.621,1,0.533,0.927,0.284,0.802,0.169,0.997,0.186,0.092,0.999,0.044,0.021,0.992,0.108,0.995,0.921,0.969,1,0.894,0.633,1,0.01,1,0.939,0.502,0.979,1,0.171,0,0.211,0.901,1,0.014,0.115,0.841,0.171,0.928,1,0.499,1,0.129,0.986,0.885,0.075,0.25,0.048,0.841,0,0.099,0.352,0.33,1,1,0.004,0.804,0.027,0.13,0.946,0.95,0.063,0.757,0.129,0.46,0.005,0.711,1,0.668,0.995,0.998,0,0.799,0.894,1,0.999,0.948,0.929,0.998,0.041,0.404,0,1,0.886,0.196,0.106,0.994,1,0.474,0.325,0.695,0.909,1,0.993,1,0.894,0.56,0.264,0.721,0.398,0.986,0.282,0.026,0.722,0.883,0.31,0.416,0.969,0.784,0.862,0.156,0,0.96,0.987,0.394,0.992,0.903,0.316,1,0.001,0.001,0.925,0.985,1,0.97,0.054,0.569,0.099,0.961,0.759,1,0.164,0.098,0.043,1,0.074,0.583,0.012,1,0.875,0.195,1,0.592,0,0.423,0.987,0.998,0.861,0.554,0.017,0.85,0.363,0.895,0.716,1,0.998,0.871,0.029,0.963,0.898,0.638,0.707,0.676,0,0.617,0.634,0.993,0.858,0.498,0.612,0.561,0,0.95,0.175,1,0.934,0.299,0.701,0.915,0.457,0.331,0.938,0.347,0.436,0.832,0.088,0.009,0.957,0.715,0.728,0.662,0.521,0,0.295,0.312,0.181,0.539,1,0.105,0.862,0.781,0.414,0.129,1
0.175,0.944,0.101,0,0.93,0.997,1,0.953,0.661,1,0.035,0.234,0.016,0.772,1,0.022,0.138,0.612,0.305,1,0.379,0.065,0.702,0.998,0.425,0,0.97,0.912,1,0.27,1,0.561,0.004,1,0.93,0,0.405,0.101,0.817,0.665,0,0.004,1,0.932,0,0.867,0.881,0.971,0.243,1,0.019,0,0.874,0,0.59,0.958,0.466,0.667,0.648,0.183,0.872,1,0.989,0.959,0.993,0.967,0.005,1,1,0.544,0.876,0.434,0.122,0.87,0.005,0.988,0.774,0.988,1,0.362,0.087,0.843,0.177,0.039,0.999,1,1,1,0.841,1,0.976,0.999,0.002,0.31,1,0.304,0.523,0.345,0.021,0.915,1,0.466,0.821,0,0,0.017,1,0.585,0.262,0.084,0.98,0.949,0.876,0.998,1,0.548,0.914,0.67,0.549,0.941,0.318,0.39,0.368,0.754,0.006,0.048,0.236,0.212,0.149,0.363,1,0.817,1,0.841,0.438,0.002,0.103,0.866,0.862,0.551,0.403,0.207,0.156,0.72,0.002,1,1,0.689,0.082,0.999,1,0,0.996,0.474,0.994,1,1,1,0.491,0.648,0.048,0.814,0.233,0.993,0.967,0.99,0.684,0.982,1,0.836,0.776,0.412,0.296,0.476,0.769,0.999,0.716,0.276,0.884,0.012,0.2,0.91,0.008,0.714,0.988,0.991,0.001,0.775,0.988,0.472,0.002,0.088,0.054,0.065,1,1,0.025,0.468,1,0.963,0.931,0.783,1,0.924,0.987,0,0.214,0.963,1,0.997,0.418,0.992,0.999,0.725,0.029,0.345,0.799,0.874,0,0.692,1,0.586,0.765,0.696,0.756,0.382,0.656,0.304,0.076,0.002,0.333,0.177,0.991,0.828,0.307,0.346,0.647,0.492,0.993,0.759,0.543,0.982,1,0.527,0.683,0.729,1,0.996,0.912,0.896,0.918,0.61,0.986,0.767,0.519,0.546,1,0.321,0.495,0.48,0.929,0,0.752,0.488,0.507,0.37,0.556,0.001,0.705,0.53,0.374,0.257,0.997,0.999,0.977,0.722,0.502,0.954,0
0.149,1,0.576,1,0.722,0.942,0.968,0.443,0.419,0.017,0.076,0.009,0.728,0.358,0.06,0.991,0.001,0.998,0.71,0.478,0.701,0,0.513,0.173,0.581,0.905,0.202,0,0.998,0.856,0.955,0.901,0.024,0.621,0.607,0.004,0.499,0.014,0.336,0.294,0,0.961,0.999,0.822,0,1,0.758,1,0.982,1,0.999,1,0.193,0.978,0.564,0.04,1,0.297,0.954,0.034,0.096,0,0.593,0.886,0.951,0.066,0.977,0.114,0.002,0.973,0.471,0.506,0.892,0.974,1,0.497,1,0.957,0.849,0.619,0.786,0.904,0.541,0.526,0.805,0.98,0.189,0.313,0.558,0.337,0.795,0.198,0.033,0.085,1,1,0.789,1,0.013,0.998,0.999,0.053,0.99,0.998,0.675,1,0.103,0.968,0.96,1,0.004,0.68,1,0.94,1,0.48,1,0.522,0.977,0.22,0.353,0.407,0.545,0.646,0.99,0.812,0.411,0.987,0.998,0.437,0.382,0.393,0.998,0.374,0.773,0.977,0.971,0.265,0.507,0.744,0.259,0.01,1,0.255,0.97,0,0.958,0.094,1,0,1,0,0.416,0.316,0.01,1,0.029,0.516,0.349,0.596,1,0,1,0.817,0.854,0.033,0.991,0.362,0.389,1,0.012,0.72,1,0.316,0.601,1,0.761,0.039,0.653,0.199,0.574,0.365,0.042,0.971,0.946,0.985,0.997,0.634,1,0.616,0.408,0.363,0.4,0.973,1,1,0.018,0.949,1,0.058,0.951,0.381,0.875,1,0.995,1,0.593,0.723,0.013,0.997,0.261,0.022,0.987,0.032,1,0.04,0.788,0.797,0.039,0.663,1,0.324,0.213,0.726,0.975,0.635,0.463,0.148,0.986,0.999,0.998,0.394,1,0.996,0.253,0.549,0.532,1,0.006,0.8,0.512,0.999,1,0.534,0.169,0.632,0.991,0.993,0.961,0.771,0.722,0.246,0.61,0.857,0.483,0.092,0.089,0.985,0.196,0.997,0.979,0.003,0.007,0.314,0.494,0.692,0.03,1,0.201,0.447,0.453,0.988,0.999,1,0.997,0.67,0.037,0.98,0
0.002,1,0.062,0.392,0.917,0.999,0.296,0.008,0.65,1,0.107,0.385,0.177,0.931,0.005,1,0.996,1,0.582,1,0.816,0.024,0.79,0.019,0.277,1,0.001,0.19,0,0.019,1,0.621,1,0.947,0.297,0.999,0.628,0.011,0.972,0.638,1,0.624,0.188,0.659,0.003,0.986,0.468,0.099,0.467,0.998,0.37,1,0.046,1,0.65,0.01,0.873,0.651,0.897,0.212,0.083,1,1,0.028,0.001,0.977,0.997,0.999,0.976,0.503,0.147,0.484,0.966,0.282,0.931,0.985,0.23,0.879,0.703,0.576,0.773,0.577,0.823,0.94,0.996,0.865,0.994,0.079,0.923,0.035,0,0.996,1,0.826,1,1,0.455,0.941,0,0.329,0.007,0.479,0.997,1,0.109,1,0.269,0.637,0.993,0.289,0.082,0.621,0.822,0.734,0.917,0.523,1,1,0.987,0.056,0.054,0.056,0.598,0.785,0.21,0.586,0.394,0.436,0.187,0.72,1,0.803,0.958,0.141,0.125,0.035,0.603,0.579,0.884,0.689,0.484,0.863,0.144,0.253,1,0.002,1,0.124,0.169,0.938,0.875,0.985,0.844,0.324,0.967,0.3,0.836,1,0.391,0.043,0.058,0.468,0.948,0.86,0.3,0.381,1,0.999,0.813,0.998,0.98,0.45,0.119,0.237,0.616,1,0.321,1,0.969,0.002,0.753,0.32,0.976,0.151,0.998,0.813,1,0.998,0.653,0.963,1,0.951,0.804,0.784,1,1,0.014,0.049,0.77,0.999,0.901,0.403,0.992,0,1,0.337,0.844,0.454,1,0,0.123,0.254,0.997,0.769,0.007,0.558,0.995,0.459,0.988,0.989,0,0.625,0.989,0.587,0.005,0.382,0.733,0.177,0,0,0.235,0.059,0.997,0.251,0.357,0.563,0.994,0.871,0.992,0.862,0.665,0.01,0.329,0.456,0.437,0.485,0,0,0.044,0.976,0.833,0.404,0,0.407,0.549,0.672,0.739,0.54,0.255,0.198,0.169,1,0.075,1,0.709,0.98,0,0,1,0.657,0.099,0.441,0.719,0.997,0.654,0.295,0.246,1,0
0.812,0.133,0.644,0.05,0.081,0.861,0.249,0.997,0.451,0.998,1,1,0.037,0.301,0.229,0.897,0.932,0.35,0.616,0.191,0.793,0.997,0.152,0.004,0.387,0.989,1,0,1,0.69,0.324,0.278,0.995,0.999,0.952,0,0.6,0.979,0.494,0.315,1,0.039,0.577,0.759,0,0.031,0.035,0.646,0.299,0,0.985,0.163,0.013,1,0.901,0.998,0.835,0.873,0.004,0.945,0.808,1,0.19,0.008,0.996,0.996,0.973,0.002,1,0.675,0.741,0.499,0.951,0.023,0.882,0.995,0.984,0.925,0.997,0.5,0.995,0.715,0.825,0.596,0.139,1,1,1,0.998,1,0.019,0.006,0,0.766,0.993,0.995,0.383,1,1,0.435,0.061,0.977,0.69,1,1,0.004,0.412,0.016,0.948,1,0.003,0.931,0.999,0.357,1,0.467,0.999,0.244,0.009,0.035,0.816,0.282,0.234,0.316,0.065,0.05,0.47,0.957,0.959,0.125,1,0.671,0.436,0.41,0.998,0.009,0.33,0.554,0.99,0.884,0.965,0.174,0,0.365,0.923,0.908,0.957,0.957,0.852,0.922,0.576,0,0.959,0.585,0.017,1,1,0.296,0.471,0.786,0.001,0.138,0.006,1,0.681,0.211,0.112,1,0.492,0.925,0.995,0.583,0.41,0.818,0.964,1,0.075,0.995,0.153,0.931,0.126,0.337,0.999,0.404,0.966,0.205,0.026,0.621,0.001,0.597,0.97,0.096,0.666,1,0,0.002,0.774,0.023,0,0.994,0.95,0.455,0.349,0.995,0.998,0.541,0.87,0.119,0.116,0.018,0.081,1,1,1,0.275,0.984,0.126,0.056,0.002,0.573,1,0.912,0.951,0.55,0.812,0.857,0.839,0.27,0.304,1,0.893,0.037,0.001,0.999,0.574,0.599,0.736,0.984,0.011,0.705,0.697,0.008,0.248,0.557,0.635,0.559,1,0.13,0.698,0.911,0.186,0.255,0.615,0.304,0.6,0.696,0.812,0.405,0.254,0.924,0.605,0.052,0.899,0.574,0.51,0.614,0.651,0.006,0.456,0.782,0.26,0.669,0.729,0.997,0.302,0.13,0.991,0.002,0.199
0.727,1,0.633,1,0.451,0.504,0.9,0.088,0.588,1,1,0.979,0.187,0.021,0.004,0.998,0.696,0.951,0.836,0.138,0.981,0.096,0.01,0.132,0.615,0,0,0.006,0,0.973,0.219,0.349,0.004,0.965,0.773,0.212,0.444,0.207,0.649,0.813,1,1,0.094,0.712,0,0.994,0.998,0.041,0.512,0,1,1,0.803,1,0.603,1,0.584,0.627,0.003,0.829,0.751,1,0.002,0.733,0.116,0.662,0.912,0.004,0,0.265,0.882,0.488,0.522,0.227,0.969,0,0.118,0.996,0.991,0.62,1,0.171,0.899,1,0.701,0.003,0.973,0.014,1,1,0.964,0.998,0.949,0.445,0,0.156,0.689,1,0,0.996,0.992,0.187,0.999,0.614,0.969,0,0.054,0.911,0.801,0.198,0,0.454,0.001,0.703,1,0.55,0.991,0.841,0.993,0.719,0.204,0.971,0.088,0.867,1,1,0.912,0.946,0.999,0.579,0.998,0.116,0.829,0.859,0.244,0.01,0.957,0.255,0.132,0.867,0.772,0.965,0,0.926,0.347,0,0.066,0.73,0.929,0.005,0.652,0.035,0.833,0.949,0.907,0.982,1,0.263,0.972,0.623,1,0,0.981,0.974,0.182,0.116,0.21,0.994,0.996,0.499,0.903,0.433,0.554,0.619,0.418,1,0.067,0.343,0.091,0.68,0.269,0.434,0.007,0.012,0.962,0.307,0.89,1,0.997,0.61,0.125,1,0.633,0.772,1,1,0.425,0.987,0,1,0.933,0.5,0.431,0.01,0.029,0.018,0.794,0.789,0.963,0,0.475,0.992,0.989,0.879,0.975,0.993,0.061,0.634,0.829,0.832,0.998,0.122,0.782,0.458,1,1,0.58,0.607,1,0.998,0.799,0.014,0.013,0.985,0.758,0.557,0.441,0.416,0,0.165,0.546,0.947,0.259,0.699,0.514,0.536,0,0.825,0.116,1,0.96,0.438,0,0.295,0.772,0.134,0.866,0.799,0.401,0.944,0.184,0.02,0.996,0.881,0.607,0.42,0.537,1,0.91,0.291,0.119,0.386,0.011,0.31,0.209,0.917,0.355,0.001,0
1,1,0.954,1,1,0.413,0.792,1,0.498,1,1,0.979,0.719,0.257,0.681,0,0.956,0.016,0.519,0.673,0.201,0.098,0.013,0.007,0.331,0.006,0.985,1,0.004,0.834,0.001,0.253,0.502,0.699,0.472,0.998,0.64,0.023,0.5,0.699,0,0.979,0.001,0.303,0,0.001,0.738,0.996,0.8,0.998,0.998,1,0.018,0.248,0.425,0.353,0.992,0.521,0.252,0.609,1,0,1,1,0.114,0.002,0.002,1,0.965,0.401,0.232,0.605,0.897,0.799,0.671,1,0.821,0.371,0.087,0.381,0.955,0.987,0.485,0.856,0.685,0.894,0.057,0.999,0.008,0.986,1,1,0.569,0.722,0,0.98,0.985,0.79,1,0.021,0.012,0.893,0.982,0,0.991,0,0.996,0.539,0.84,0.988,0.083,0.568,0,0.988,0.956,0.516,1,0.82,0.999,1,1,0.796,0.502,0.252,0.998,0.763,0.363,0.625,0.998,0.313,0.962,0.868,0.454,0.948,0.998,1,0.047,0.456,0.118,0.715,0.911,1,1,0.221,0.005,1,0,0.884,0.962,0,0.691,1,0.789,0.39,0.774,1,0.001,0.918,0.803,0.164,0.002,0.987,0.075,0.963,0.732,0.997,0.924,0.963,0.07,0.325,0.701,0.68,0.959,0.398,0.435,0.726,0.12,0.8,0.456,0.872,0.561,0.618,0.994,0.951,1,0.275,0.02,0.776,0.001,0.676,1,0.238,0.676,0.851,1,0.996,0.999,0.963,0.366,0.845,0.961,0.606,0.039,1,1,1,0.974,0.705,0.966,0,0.186,1,0.708,0.287,0.311,0.002,0.784,0.28,0.085,0.849,1,0.419,0.397,0.452,0.261,0.928,0.137,0.351,1,0,0.692,0.339,0.996,0,0.533,0.577,0.868,0.606,0,0.993,0.548,0.032,0.15,0.424,0.924,0.536,1,0.977,0.157,1,0.793,0.193,0.005,0.579,0.45,0.265,0.852,0.34,0.914,0.744,0.466,0.851,0.996,0.274,0.682,0.597,0.001,1,0.364,0.974,0.847,0.9,1,1,0.997,0.297,0.162,1,0
0.63,0.996,0.269,1,0.059,0.928,0.878,1,0.798,0.323,0.996,0.926,0.146,0.067,0.965,0.483,0.621,0,0.225,0.414,0.995,0.62,0.145,0.596,0.297,0,0,0.005,0,0.862,0.094,0.986,0.98,1,0.767,1,0.319,0.91,0.583,0.436,0,0.669,1,0.482,0,0.201,0.092,0.91,0.998,1,1,1,0.921,1,0.422,0,0.402,0.015,0.04,0.294,0.956,0.001,1,0.862,0.708,0.174,0.906,0.583,0.998,0.243,0.09,0.768,0.681,0.316,0.702,0.005,0.999,0.27,0.438,0.662,0.303,0.979,0.7,0.978,0.367,1,0.013,0.916,0.058,0.076,0.001,0.27,0.148,0.489,1,0.042,0.826,0.002,0,0.962,0.972,0.981,1,0.999,0.959,0,0.934,0.508,0.553,0.004,0.01,0.408,1,0.913,1,0.468,0.036,0.999,0.782,0.935,1,0.025,0.136,0.7,1,0.999,0.736,0.124,0.048,0.467,0.998,0.664,0.003,0.365,0.821,0.356,0.328,0.41,0.007,0.573,1,0.387,0.991,0.289,1,0.262,0.988,0.34,0.312,1,0.814,0,0.375,0.273,0.998,0.93,0,0.858,0.063,0.494,0,0,0.976,0.924,0.999,0.93,0.85,1,0.437,0.88,0.992,0.823,0.134,0.865,0.601,0.014,0.356,0.731,0.998,0.885,0.683,0.632,0,0.508,0.022,0.211,0.045,0.883,1,0.466,0.627,0.658,0.799,0.986,0.017,0,0.014,0.038,1,0.019,1,0.417,0.998,0,0.022,0.004,0.392,0.051,0.998,0,0.05,1,0.953,0.143,1,0.247,0.945,0.215,0.199,0.183,1,0.981,0.152,0.847,0.953,0.798,0.144,0.559,0.007,0,0.029,1,0.048,0.02,0.377,0.596,0.671,1,1,0.736,0.514,0.068,0.951,0.456,0.582,0.578,0.36,0.004,0.987,0.272,0.747,0.085,0,0.799,0.573,0.878,0.298,0.612,0.677,0.28,0.435,1,0.344,0.225,0.384,0.651,0,0.998,0.536,0.624,0.336,0.485,0.004,1,1,0.079,0.06,0.151,0
0.369,1,0.228,0.742,0.909,0.723,0.046,1,0.487,1,0.997,0.333,0.18,0.544,0.006,0.923,1,0,0.64,0.272,0.891,0.663,0.628,0.204,0.645,0,0.989,0,0.023,0.844,0.965,0.838,1,0.006,0.962,1,0.592,0.03,0.793,0.709,1,1,0.188,1,1,1,0.501,0.917,0.445,0,0.997,1,0.319,0.988,0.561,0.226,0.388,0.616,0.777,0.249,0,0.881,0.977,0.21,0.232,0.004,0.998,1,0.998,0.306,0.767,0.966,0.941,0.389,0.012,0.986,0.997,0.532,0.519,0.696,0.111,0.577,0.536,0.661,0.627,0.99,0.007,0.18,0.023,0.093,0.13,0.688,1,0.853,0,0.034,0.729,1,0.968,0.861,1,0.089,0,0.164,0,1,1,0.2,0.202,0.866,1,0.613,0.994,0.986,0,0.52,1,0.754,0.986,1,0.944,0.076,0.777,0.335,0.99,0.278,0.424,0.354,0.951,0.797,1,0.754,1,0.871,0.98,0.015,0.42,0.98,0.082,0.56,0.009,0.005,0.997,0.6,0.275,1,1,0.083,0.914,1,0.028,0,0.968,0.823,1,0.996,0.997,0.98,1,0.543,0.186,0.054,0.948,0.641,0.987,1,0.984,1,0.89,0.621,0.391,0.582,0.791,0.753,0.672,0.018,0.248,0.26,0.922,1,0.815,0.485,0.807,0.354,0.425,0.652,0.999,0.902,0.778,0.346,0.102,0.771,0.09,0.088,1,1,0.599,0.018,1,0.799,0.999,0.437,1,1,0.979,0.992,0.254,0.757,1,1,0.959,0,0.006,0.01,0.997,0.102,0.995,0.778,0,0.322,0,0.997,0.162,0.591,0.978,0.997,0.882,0.653,1,1,0.82,0.618,0.967,0,0.7,0.478,0.765,0.645,0.204,0.115,0.387,0.365,0.696,0.579,0.607,0.447,0.824,0.007,0.043,0.02,0.686,0.667,0.999,0.953,0.466,0.455,0.426,0.453,0.187,0.241,0.651,0.968,0.019,0.241,0.382,0.481,0.002,1,0.996,0.871,0.275,0.25,0.953,1,0.408,0.492,0.106,0.998,1
0.952,1,0.736,0,0.61,0.142,1,0.02,0.282,0.241,0.24,0.008,0.669,0.856,0.005,0.978,1,1,0.455,0.724,0.148,0.278,0.017,0.123,0.289,0,0,0,1,0.986,0.191,0.243,0.136,0.009,0.77,0.689,0.76,0.919,0.485,0.625,0,0.925,0.884,0.533,0.152,0.102,0.002,0.364,0.786,0.089,0.998,0,1,1,0.588,0.011,0.527,0.114,1,0.843,0.042,0.006,0.848,0.999,0,0.353,0.22,0.001,0.017,0.74,0.96,0.851,0.887,0.85,0.311,1,0.802,0.297,0.144,0.371,0.761,0.201,0.793,1,0.735,0,0.997,0.945,0.98,0,1,0.994,0.98,0.513,0,0.013,0.458,0.977,0.224,0.007,0.996,1,0.968,0.047,0.005,0.892,0.463,0.762,1,1,0.002,0.472,0.689,0.274,1,0.419,0,0.862,0.023,1,0.4,0.602,0.999,0.59,0.829,0.266,0.517,0.999,0.984,0.846,0.935,0.5,0.975,0.727,0.506,0.091,0.265,0.648,1,0.613,1,0.895,0.998,0.341,0.942,0.606,0.957,0.076,0.893,0,1,0.995,0.212,0.243,0.999,1,0,0.462,0.895,0.621,0.002,0,0.177,0.709,0.828,1,0,1,0.957,0.992,0.483,0.492,0.204,0.628,0.711,0.296,0.271,0.815,0.651,0.942,0.706,0.343,0.983,0.717,1,0.386,0,0.94,1,0.678,1,0.015,0.951,0.001,0,0,0.013,1,1,0.966,0.004,0.697,0.903,1,0.031,0.989,0.259,0.015,0.065,0,0.347,0.95,0.949,1,0.039,0.005,0.827,0.826,0.999,0.708,1,0.34,0.971,0.608,0.995,0.886,0.175,0.175,0,0,0.079,0.664,0.944,0.074,0.477,0.529,0.678,0.289,0.003,0.849,0.544,0.692,0.982,0.55,0.481,0.592,0.002,0,1,0.707,0.699,0.208,0.057,0.606,0.423,0.664,0.848,0.915,0.186,0.778,0.602,0,0.437,0.458,0.529,0.518,0.667,1,0.821,0.506,0.563,0.316,0.895,0.56,0.436,0.808,0.965,0.903,0.073
0.266,1,0.643,1,0.095,0.902,0.462,1,0.65,0.861,0.549,0.012,0.987,0.86,0.135,0.843,0.38,1,0.36,0.032,0.035,0.003,0.929,0.919,0.555,0,0.959,0,0.136,0.4,1,0.648,1,0.923,0.342,0.016,0.609,0.877,0.754,0.391,0,0.471,0.006,0.721,1,0.979,0.002,0.023,0.605,0.964,0.993,0.984,0.257,0,0.4,0.204,0.833,0.007,0.578,0.5,0.002,1,1,0.999,0.962,0.991,1,0.607,0,0.991,0.085,0.608,0.036,1,1,0.918,0.724,0.846,0.859,0.408,0.917,0.477,0.389,0.411,0.654,0.163,1,0.025,0.887,1,0.821,0.225,0.082,0.777,0.008,1,0.978,0.011,0.018,0.881,0.918,0.789,0,0.989,0.931,1,0.977,0.02,0.464,1,0.595,0.622,1,0.296,1,0.561,0.992,0.468,1,0.861,0.708,0.027,0.994,0.485,0.004,0.936,0.216,0.347,0.479,0.773,0.022,0.984,0.111,0.952,0.832,0.183,0.789,0.7,0.103,0.505,0.999,0.001,1,0.344,0.047,1,0.108,0.063,0.319,0.017,0.99,0,0.355,0.797,1,0.383,0.999,0.93,0.072,0.144,0,0.997,1,0.919,0.286,0.966,0.155,0.963,0.217,0.827,0.959,0.535,0.71,0.98,0.409,0.006,0.813,0.052,0.813,0.989,0.339,0.359,0.001,0.023,0.274,0.526,0.004,0.758,0.009,0.629,0,1,0.62,0.149,1,0.017,0.249,0.857,1,0.084,0.996,0.597,0.007,0.998,0.996,0.984,0.972,0.333,0,1,0.783,0.994,0.152,0.998,0.267,0.999,0.091,0.042,0.038,0.218,0.806,0.083,0.14,0.558,1,0.135,0.519,0.497,0.148,0.486,0.968,0.174,0.062,0.002,0.962,0.497,0.686,0.958,0.998,0.587,0.512,1,0.359,0.433,0.437,0.49,1,0.939,0.016,0.538,0.58,0.636,0.081,0.994,0.531,0.579,0.617,0.616,0.511,0.639,0.272,1,0.991,0.654,0.375,0.351,0.001,1,0.424,0.236,0.78,0.875,0.012,0.191,0.472,0.994,0.947,0.048,0
0.998,0.003,0.15,0,0.397,0.418,0.013,0.997,0.716,1,0.459,0.094,0.436,0.288,0.107,1,0.028,0.027,0.341,0.99,0.196,0.139,0.85,0.978,0.359,0,0.91,0.988,0.996,0.897,0.987,0.278,0.147,0.005,0.463,0.999,0.775,0.93,0.48,0.283,1,1,0.998,0.705,0.004,0.425,0.051,0.068,0.706,0.871,1,0,0.211,0,0.772,0.022,0.09,0.152,0.041,0.05,0.955,0,1,0.295,0.347,0.206,0.364,0.001,0,0.731,0.809,0.648,1,0.297,1,0.953,0.792,0.973,0.062,0.623,0.803,0.992,0.98,0.97,0.412,0.958,0.507,0.022,0.208,0.828,0.999,0.795,0.144,0.74,1,0.01,0.332,1,0,0.999,0.975,0.853,0.977,0,0.937,1,0.993,0.009,0.065,0.153,0.416,0.316,0.007,0.396,1,0.474,0.999,0.441,0.996,0.153,0.504,0.085,0.117,0.999,1,0.847,0.885,0.865,0.64,0.86,0.977,0.249,0.276,0.999,0.472,0.123,0.898,0.918,0.916,0.823,0.999,0.832,0.05,0.903,0.982,1,0.925,0.708,0.419,0.997,0.979,1,0.418,0.725,0.32,0.766,1,0.998,0.971,0.728,0.687,0,0.05,0.469,0.97,0.01,0.853,0.145,0.763,0.946,0.945,0.556,0.047,0.883,0.581,1,0.6,0.664,0.698,0.927,0.163,0.575,0.996,0.895,0.874,0.556,0.011,0.35,0,0.873,1,0.802,0.632,0.001,0.003,0,0.092,0.842,0.082,0.997,0.99,0.475,0.274,0,1,0,1,0.732,1,0.403,0.993,0.493,1,0.984,0.998,1,0.808,0.989,0.87,0.146,0,0.17,0.892,0.597,0.06,0.082,0.551,0.374,1,0.047,0.276,0.859,0.129,0.998,0.989,0.586,0.733,0.916,0,0.75,0.573,0.023,0.409,0.575,1,0.524,0.003,0,0.816,0.98,0.864,0.067,0.802,0.367,0.444,0.99,0.546,0.48,0.373,0.829,0.499,1,0.996,0.98,0.459,0.421,0.008,1,0.831,0.251,0.839,0.131,1,1,0.968,0.852,0.073,0.133,0
0.64,0,0.403,0.999,0.489,0.866,0.994,0.001,0.399,0.999,0.664,0.991,0.222,1,0.631,1,0.02,1,0.683,0.799,0.727,0.779,0.984,0.748,0.613,0.933,0.575,0.992,1,0.218,1,0.833,0.966,0.992,0.68,0.054,0.575,0.959,0.929,0.99,0.742,0.939,0.875,0.241,1,0.034,0.697,0.038,0.583,1,0.868,0.995,0.728,1,0.479,0.884,0.194,0.927,0.998,0.748,0.002,0.001,0,0.501,1,0.938,1,0.996,0.996,0.401,0.993,0.657,0.243,0.174,0.015,0.999,0.915,0.888,0.756,0.486,0.998,0.226,0.999,0.994,0.727,0.677,1,0.021,0.271,0.954,1,0.866,0.003,0.967,0.024,0.019,0.76,0.183,0.081,0.024,1,0.111,0.992,0.019,0.783,0.004,1,0.012,0.297,0.995,0.115,0.847,1,0.927,0.301,0.494,0.023,0.906,0.076,0.028,0.655,0.281,0.973,0.362,0.999,0.988,0.218,0.05,0.065,0.799,0.007,0.724,0.988,0.709,0.61,0.999,0.418,0.71,0.056,0.575,0.979,0.003,0.997,0.628,0.063,1,1,0.07,0.959,0.009,0.496,0,0.924,0.48,0.046,0.003,0,0.013,0.962,0.019,1,0,0.625,0.127,0.124,0.425,0.477,0.009,0.908,0.006,1,0.565,0.882,0.244,0.851,0.485,0.85,0.055,0.329,0.88,0.608,0.668,0.001,0.016,0.392,0.196,0.998,0.856,0.127,0.66,0.999,0.482,0.528,0.849,0.999,0,0.866,0.521,1,0.03,0.129,0.501,0.093,0.786,0.031,0.988,0.912,0.401,0.108,0,0.08,0.997,0.943,0.34,0.61,0.024,1,0.187,0.02,0.166,1,0.289,0.64,0.532,0.875,0.908,0.699,0.735,0.998,1,0.312,0.195,0.943,0,0.294,0.631,0.42,0.893,0.007,0.053,0.589,0.924,0.101,0.424,0.955,0.509,0.001,1,0.083,1,0.172,0.081,0.001,0.093,0.343,0.455,0.998,0.911,0.409,0.295,0.396,1,0.992,0.528,0.84,0.83,0.568,1,0.716,0.909,1,0.948,0.012,0,0.505,0.766,1,0.902,1
0.01,1,0.313,1,0.183,0.321,0.829,1,0.361,0.999,0.976,0.659,0.271,0.01,0.003,0.979,1,0.116,0.796,0.523,0.982,0.855,0.768,0.107,0.401,0,0.031,0.002,1,0.916,0.991,0.42,0.039,0.991,0.293,0,0.613,0.976,0.756,0.755,0.205,0.994,1,0.692,0.914,0,0.156,0.868,0.461,1,0.996,0.998,0.005,0.712,0.448,0.772,0.749,0.652,1,0.541,0.907,0.047,1,0.011,0.001,0.848,0.89,0.145,0.002,0.329,0.647,0.32,1,0.459,0.778,0,0.269,0.971,0.807,0.499,0.895,0.997,0.127,0.984,0.983,0.906,0.782,0.87,0.025,0.001,0.002,0.04,0.005,0.754,1,0.003,0.586,0.515,1,0.841,0.984,0.84,0.86,0,0.183,0.97,0.002,0.742,0.329,0.996,0.16,0.81,0.928,0.625,0.001,0.5,0,0.571,0.938,0.972,0.089,1,0.929,0.432,0,0.541,0.177,0.948,0.905,0.105,1,0.966,0.065,0.099,0.345,0.012,1,0.959,0.838,0.645,0.952,0.943,0.032,0.259,0.926,1,0,0.994,0.098,0.966,0.085,0,0.214,0.29,0.999,0.916,0.993,1,1,0.032,0.34,1,0.354,0.943,0.882,0.969,0.347,0.996,1,0.013,0.321,0.546,0.987,0.702,0.581,0.535,0.255,0.921,0.555,1,0.624,0.387,0.963,0.799,0.007,0.721,0.001,0.732,1,0.492,0.25,0.996,0.266,0.997,0,0.624,0.979,1,1,0.292,0.984,0.766,0.002,0,0.965,0.001,1,0.197,0.004,0.002,0.128,0.352,0.004,0.008,0.471,0.104,0.033,0.61,0.131,0.713,0,0.142,0.176,0.402,0.446,0.956,0.523,0.187,1,0,0.953,0.011,1,0.053,0.675,0.466,0.611,0.533,1,0.252,0.416,0.615,0.902,0.454,0.303,0.429,0.071,0.04,1,0.148,0.773,0.659,0.015,0.946,0.513,0.102,0.322,0.71,0.957,0.914,0.809,0.998,1,0.862,0.656,0.519,0.107,0.996,0.989,0.5,0.978,0.744,0.916,1,0.783,0.101,0.277,0.886,1
0.836,1,0.608,0,0.999,0.834,0.07,0.591,0.599,0,0.805,0.16,0.875,0.741,0.544,0.003,0.005,0,0.727,0.951,0.195,0.795,0.008,0.553,0.344,0,0.962,0.014,0,1,0.011,0.314,0.98,0.943,0.572,1,0.551,0.294,0.391,0.34,0.015,1,0.227,0.711,0.422,1,0.002,0.73,0.75,0.713,1,0,0.956,1,0.343,0.061,0.988,0.844,0.95,0.997,0.696,1,0.572,0.006,0.006,1,0.005,0.015,0,0.225,0.072,0.642,0.055,0.139,0.743,0.997,0.243,0.994,0.382,0.577,0.411,0.768,0.449,0.335,0.206,0.842,0,0.76,0.843,1,0.986,0.967,0.972,0.936,1,0.572,0.401,1,0.04,0.019,0.218,0.435,1,1,0.575,1,1,0.988,0.926,0.971,0.994,0.441,1,0.969,0.054,0.435,0.989,0.921,0.949,0.104,0.566,0.835,0.774,0.357,0.996,0.019,0.325,0.758,0.84,0.596,1,0.099,0.822,0.598,0.196,0.392,0.539,0.863,0.858,0.989,0.93,0.012,0.997,0.363,0.953,0.086,0.78,0.872,0.986,1,0.882,0.976,0.273,0.461,0.963,0.197,0.707,0.781,0.988,0.134,0.007,0,1,0.118,0.06,0.954,0.982,0.013,0.293,0.993,0.958,0.445,1,0.582,0.565,0.93,0.658,0.999,0.97,0.485,0.627,0.704,0.727,0.954,0.773,0.699,0.21,0.862,0.002,0.592,0.008,0.957,0.641,0,0,0.893,0.215,0.956,0,0.838,0.928,0.409,0,0,0.992,0.017,0.945,0.024,0.969,0.997,0.619,0.004,0.021,0.892,0.895,1,0.926,1,0.998,0.737,0.005,0.957,0.245,0.65,0.852,0.967,0.908,0.426,0,0.808,0.125,0.016,0.325,0,0.623,0.452,0.345,0.981,0,0.99,0.364,0.952,0.192,0.41,0.555,0.529,0,0,0.889,1,0.349,0.922,0,0.707,0.536,0.315,0.728,0.567,0.602,0.894,0.992,0.004,0.479,0.185,0.475,0.419,0,0.326,0.908,0.729,0.219,0.817,0.727,0,0.122,0.873,0.983,0,0.787
1,0.241,0.611,0.021,0.818,0.529,0.212,0.998,0.633,0.505,0.996,0.959,0.111,0.967,0.985,0.634,0.258,0,0.929,0.28,0.376,0.911,0.321,0.008,0.459,0.944,0.931,1,0.001,0.997,0.009,0.421,0.984,0.162,0.396,1,0.839,1,0.693,0.473,0.921,0.032,1,0.754,0,0.134,0.825,0.948,0.78,0,1,0.12,0.625,0.995,0.564,0.959,0.747,0.595,0.999,0.098,0,1,1,0.475,0,0.681,0.092,0.873,0.995,0.665,0.679,0.563,0.985,0.124,0.164,0.994,0.493,0.207,0.258,0.935,0.977,0.777,0.887,0.937,0.765,0,1,0.039,0.769,0.467,0.53,0.932,0.001,0.319,1,0.004,0.849,0.005,0,0.988,0.871,1,0,0.005,0.571,1,0.985,0.071,0.692,0.914,1,0.576,0.369,0.504,1,0.502,1,0.109,0.975,0.033,0.139,1,1,0.501,1,0.068,0.95,0.717,0.565,0.992,0.288,0.501,0.363,0.087,0.965,0.011,0.048,0.728,0.01,0.499,1,0.036,1,0.579,0.023,0,1,0.85,0.048,0.557,0.441,0.007,1,0.454,0.024,0.935,0,0.072,0.47,0.14,0.232,1,0.185,0.569,0.934,0.79,0.066,0.25,0.643,0.004,0.992,0.432,0.93,0.682,0.506,1,0.063,0.949,0.158,0.999,0.086,0.404,0.14,0.019,0.088,0.616,0.014,0.718,0.034,0.651,0.201,0.109,0.673,0.001,1,1,0.995,0.012,0.993,0.94,0.026,0.515,0.116,0.029,0.381,0.986,0.156,0.802,0,1,0.055,0.294,0.243,1,0.198,0.001,0.917,0.819,0.863,0.142,1,0.395,0.66,0.557,0.025,0.449,0.963,0.38,0,1,0.384,0.296,0.979,0.013,0.588,0.599,0.909,0.859,0.947,0.035,0.397,0.062,0.528,0.513,0.941,0.461,1,0.999,0.021,0.982,0.852,0.62,0.258,0.058,0.574,0.664,0.957,0.316,0.568,0.712,0.15,0,0.975,0.431,0.456,0.633,0.003,0.998,0.94,0.564,0.824,0.395,0.937,0.643,0.574,0.679,0.039,0.643,0
0.293,0,0.62,0,0.967,0.689,0.032,0.388,0.372,1,0.99,0.878,0.139,0.038,0.947,0.04,0.279,0.054,0.362,0.776,0.037,1,0.678,0.776,0.559,0.972,1,0.009,0.992,0.913,1,0.697,0.991,0.879,0.358,0.051,0.387,0.971,0.317,0.488,0.002,1,0.999,0.804,1,1,0.052,0.165,0.215,1,0.988,0.918,0.237,1,0.558,0.885,0.748,0.679,0.158,0.782,0.174,0,1,0.79,0,0.472,1,0.001,0,0.645,0.892,0.469,0.995,0.065,0.942,1,0.971,0.843,0.973,0.392,0.162,1,0.642,0.811,0.865,0.858,0.001,0.023,0.377,0.97,0.228,1,0.979,0.591,1,0.103,0.271,0.87,0.411,1,0.784,0.312,0,0.029,0.002,0,1,0.013,0.794,0.709,0.003,0.454,0.001,1,0,0.641,0,0.951,1,0.01,0.92,0.468,0.745,0.102,0.987,0.099,0.387,0.535,0.957,0.995,1,0.22,0.239,0.824,1,0.008,0.049,0.671,0.818,0.666,0.93,0,0,0.5,0.251,0.002,0.039,0.248,0.97,0.995,0.522,0,0.886,0.672,0.969,0.665,0,0.782,0.014,0.111,0,1,0.009,1,1,1,0.89,0.983,0.869,0.045,1,0.413,0.831,0.336,0.731,0.099,0.995,0.547,0.87,0.039,0.117,0.7,1,0.154,0.847,0.663,0.08,0.29,0.437,0.684,0.313,0.032,0.046,0.102,1,0.001,0.232,0.533,0.572,0.951,0.95,0.556,0.226,1,0.321,0.002,0.495,0.996,0.993,1,0.077,1,0.912,0.398,1,0.996,1,0.978,0,0.132,1,0.521,0.937,0.548,0.889,0.625,0.823,0.365,0.054,0.002,0.165,0.945,1,0,0.484,0.782,0.295,0.106,0.373,0.81,0.395,0.925,0.957,0.464,0.246,0.445,0.102,0.999,0.268,0.086,0.092,0.106,0.693,0.477,0.786,0.865,0.994,0.788,0.689,0.237,0.353,0.977,0.016,0.594,0.628,0.638,0.033,0.998,0.564,0.919,0.762,0.594,0.965,0.571,0.097,0.987,0.067,0.006,0.002
0.226,1,0.094,1,0.949,0.956,0.665,1,0.714,0.177,0.988,0.027,0.944,0.972,0.003,0.001,1,0.999,0.486,0.367,0.048,0.001,0.741,0.225,0.253,0.955,0.997,0.044,1,0.922,0.222,0.533,1,1,0.819,0.801,0.947,0.093,0.473,0.832,1,0.614,0.993,0.956,0.993,0,0.128,1,0.28,0.06,0.88,0.135,0.986,0,0.475,0.944,0.412,0.209,0.994,0.92,0.983,1,0.738,1,1,1,1,0.996,0,0.818,0.999,0.421,0.141,0.501,0.003,0,0.872,0.113,0.658,0.798,0.061,0.57,0.479,1,0.281,0.926,0,0.739,0.976,1,1,0.992,1,0.873,0.003,0.934,0.154,0.991,0.014,0.724,0.382,0.986,0.259,0.88,0.003,1,0.999,0.011,0.068,1,0.74,0.57,0.001,1,1,0.503,0.017,0.997,1,0.974,0.792,1,0.507,0.145,0.047,0.413,0.246,0.286,0.108,0.712,0.034,0.366,0.216,0.521,0.016,0.005,0.858,0.572,0.864,0.289,0.645,0.976,1,0.611,0.139,0.992,0,0.134,0.891,1,0.989,1,0.252,0.965,0.961,0.967,0.999,0.974,0.187,0.028,0.883,0.726,0.989,0.051,0.057,0.289,0.845,0.997,0.34,0.153,0.897,0.429,0.555,0.627,0.564,0.994,0.421,1,0.38,0.411,0.574,0.593,0.232,0.674,0.928,0.327,0.96,0.298,0.884,0.624,0.79,0.292,0.056,0.555,0,0,0.878,0.815,1,1,0.916,0.376,0.999,0.571,0.884,0.996,0.772,0.173,0.719,0.156,0.637,0.773,0.007,0.654,0.873,1,0.361,0.355,1,0.752,0.879,1,0.821,0.6,0.991,0.299,0.999,0.574,0,1,1,0.945,0.935,0.12,0.911,0.566,0.796,0.848,0.427,0.206,0.531,0.107,0.297,0.54,0.768,0.604,0.277,0.782,0.878,0.325,0.962,0.24,0.004,0.279,0.558,0.276,0.025,0.506,0.174,1,0.998,1,0.902,0.85,0.573,0.707,0.799,0.972,0.224,0.829,0.78,0.655,0.256,1,0.375,0.726,0.122,0,1
0.033,1,0.295,0.962,0.075,1,0.594,0.31,0.883,0.961,0.07,1,0.276,0.719,0.711,0.177,0.198,0.992,0.301,0.086,0.499,0.001,0.146,0.995,0.298,0,0.004,0.001,1,0.06,0.739,0.621,0,0.211,0.476,0.918,0.361,1,0.993,0.493,1,0.761,0.999,0.582,1,0,0.009,1,0.819,0.245,0.979,0.993,0.999,0,0.693,0.738,0.508,0.098,0.865,0.795,0.855,1,1,0.065,0.032,0.991,0.64,1,1,0.666,1,0.444,0.999,0.982,0.006,0.996,0.842,1,0.87,0.804,0.244,0.906,0.616,0.989,0.084,0,0.968,0.019,0.166,0.664,0.005,0.243,0.928,0.624,1,0.861,0.439,0.994,0.93,0.583,0.888,0.997,0.033,0,0.001,1,0.989,0.308,0.998,0.987,0.932,0.507,0.99,0.255,1,0.528,1,0.882,0.01,0.424,0.075,0.995,0.901,0.5,0.663,0.99,0.605,0.724,1,0.947,0.717,0.675,0.204,0.481,0.075,0.116,0.814,0.998,0.938,0.838,0.761,0.539,1,0.628,0.666,0,0.939,0.299,1,0,0.528,0.018,0.697,0.998,0.815,0.999,0,0.314,0.024,0.182,0.957,0.988,0.41,0.871,1,0.931,0.816,0.05,0.1,0.84,0.427,0.431,0.235,0.591,0.382,1,0.913,0.033,0.711,0.235,0.831,0.914,1,0.751,0.999,0.23,0.832,0.55,0,0.582,0.025,0.945,0.679,0.029,0,1,0.273,0.853,0.999,1,0.033,0.825,1,0.999,0.668,0.03,0.409,0.497,0,1,0.099,0.009,0.756,0.009,0.958,0.001,0.547,0.769,0.663,0.368,1,0.201,1,0.534,0.355,1,0.145,0.245,0.023,0.915,0.725,0.988,0.948,1,0.466,0.6,0.987,0.995,0.955,0.378,0.486,0.227,0.751,0.508,0.716,0.726,0.996,0.07,0.036,0.662,0.493,0.078,0.018,0.095,0.888,0.587,0.117,0.677,0.29,0.869,0.286,0,0.066,0.21,0.933,0.332,0.617,1,0.241,0.727,0.971,0.942,0.991,0.004,0.721,0.703,0.98,0,1
0.007,0,0.247,0,0.169,1,0.861,0.999,0.574,1,1,1,0.027,0.025,0.007,0.993,0.042,0.025,0.573,0.042,0.832,0.955,0.997,0.884,0.517,0,1,1,0.001,1,1,0.406,0.969,0.997,0.997,1,0.439,0.033,0.676,0.335,0,0.991,1,0.534,1,1,0.001,0.376,0.709,0.029,0.707,1,0.01,1,0.558,0.849,0.838,0.039,0.158,0.39,0,1,1,0.983,0.508,1,0.744,0.999,0.989,0.31,0.469,0.626,0.025,0.998,0.564,0.894,0.845,1,1,0.549,0.238,0.623,0.713,0.322,0.956,0.289,1,0.982,0.952,0,1,0.002,0.943,1,1,0.857,0.999,0.013,1,1,0.339,0.257,0,0,0.062,0,0.044,0.141,0.591,0.025,0.939,0.611,0,0.426,0,0.475,0.001,1,0.015,0.239,0.103,0.928,0.599,0.993,1,0.066,0.443,0.689,0.819,0.06,0.454,0.753,0.263,0.75,0.945,0.037,0.605,0.737,0.029,0.51,0.125,0,0,0.418,0.958,0,0,0.999,1,0,0.365,0.938,0.561,0.474,1,0.838,0,0.968,1,0.296,0.922,1,0.932,0.997,0.993,0.999,0.03,0,0.585,0.482,0.934,0.609,0.997,0.664,0.522,0.028,0.99,0.391,0.419,0.008,0.281,0.388,1,0.034,0.938,0.97,0.847,0.704,0.992,0.644,1,0.334,0.391,0.008,1,0.988,0.073,0.973,1,0.783,0.983,0.466,1,0.998,0.225,0.045,0.991,0.683,0.998,1,0.323,0.382,0.395,0.993,0.975,1,0.448,0.831,0.019,0.273,0.988,0.39,0.287,0.44,0.997,0.622,0.975,0.132,0.998,0.998,0.608,0.017,0.629,0.023,0.465,0.845,0.338,0.78,0.007,0.092,0.382,0.384,0.7,0.425,0.824,0.45,1,1,0.201,0.994,0.821,0.593,0.768,0.626,0.656,0.359,0.276,0.643,0.248,0.522,0.425,0.119,0.996,0.976,0.528,0.725,0.597,1,0.77,0.74,0.673,0.39,0.546,1,0.883,0.041,0.616,0,0
0.024,1,0.876,0,0.855,0.997,0.895,1,0.969,0.313,0.94,0.003,0.173,0.199,0.016,0.994,0.801,0,0.999,0.293,0.029,0.207,0.173,0.976,0.839,0.958,0.168,0,1,0.821,0.949,0.634,0,0.526,0.345,0.012,0.52,0.897,0.539,0.379,0.018,0.142,0.984,0.863,0.017,1,0.939,1,0.993,1,0.953,0.995,0.999,1,0.641,0.994,0.915,0.172,0.457,0.237,0.002,0.045,1,0.354,0.03,0.443,0.002,0.162,0,0.939,0.576,0.622,0.352,0.307,0.356,1,0.958,0.093,0.068,0.676,0.084,0.314,0.719,0.36,0.171,0,0.07,0.235,0.178,0.986,0,0.599,0.005,0.187,0,0.903,0.499,0.039,0.138,0.971,0.433,0.814,0.025,0.999,0.109,1,0.969,0.156,0.738,0.978,0.151,0.567,0.011,0.786,0,0.444,0.363,0.045,0.942,1,0.029,0.96,0.725,0.73,0,0.05,0.657,0.098,0.062,1,0.999,1,0.671,0.327,0.851,0.047,0.26,0.483,0.308,0.48,0.028,0.89,1,0.242,0.997,0.967,1,0.578,1,1,1,0.998,0.737,0.945,0.124,1,1,1,0.983,0.574,0.023,0.493,1,0.096,0.487,0.051,0.924,1,0.949,0.003,0.367,0.595,0.119,0.29,0.382,0.983,0.544,0.967,0.372,1,0.305,0.458,0.483,0.578,0.329,0.502,0.001,0.788,1,0.374,0,0.997,0.064,0.008,0,0.014,1,0.929,0.915,0.058,0.89,0.386,0.942,1,0.708,0,0.841,0.602,0.996,0.03,0.286,0.996,0.158,0.063,0.038,1,0.863,0.099,0.088,0.752,1,0.999,0.928,0.421,0.664,0.545,0.395,0.53,1,1,0.778,0.222,0.103,1,0.66,0.471,0.852,0.356,0.017,1,0.821,1,0.769,0.497,0.752,0.447,0.052,0.547,0.977,0.978,0.688,0.1,0.016,1,0.59,0.722,0.881,0.711,0.227,0.756,0.962,0.999,0.264,0.999,0.632,0.887,0.551,1,0.31,0.998,0.995,0.689,1,1,0.559,0.143,0.034,1,0.016
0.997,0.728,0.434,0,0.971,0.088,0.034,0.798,0.457,1,0.016,0.016,0.378,0.44,0.933,1,0.589,0,0.583,0.954,0.605,0.167,0.027,0.297,0.708,1,1,0.32,1,0.963,0.154,0.597,0.861,0.396,0.674,0.4,0.598,1,0.247,0.97,0.396,0.525,0.269,0.972,1,0.769,0.578,0.991,0.688,0.892,0.983,1,0.997,0.005,0.514,0.974,0.719,0.013,0.971,0.988,0.799,0,1,0.326,1,0.137,0.01,0.213,0,0.564,0.118,0.588,1,0.994,0.995,0,0.192,0.627,0.617,0.597,0.951,0.511,0.971,0.775,0.196,0.031,0,0.998,0.012,0.985,1,1,0.989,0.992,1,0.914,0.723,0.991,0.056,0.516,0.3,0.206,1,0.988,0.977,0.001,0.948,0.716,0.371,0.992,0.001,0.526,0.983,0.897,0.996,0.468,0,0.286,1,0.286,0.799,0.704,0.822,0.991,0.222,0.749,0.208,0.764,0.085,0.771,0.313,0.143,0.091,0.998,1,0.871,0.48,0.838,0.987,0.651,0.949,0.048,0.001,0.8,1,1,0.827,0.909,0.941,1,0.289,1,0.165,0.889,0.593,0.982,0.98,0.962,1,0.049,0.942,1,0.937,0.997,0.046,1,0.007,1,0.943,1,0.247,0.447,0.829,0.681,0.802,0,0.073,0.902,0.256,0.935,0.276,0.835,0.155,1,0.898,0.471,0,0.708,1,0.898,0.116,0.334,0.241,0.762,0,0.999,0.206,0.868,1,0.072,0.973,0.471,0.154,0,0.95,0.954,0.784,0.825,0.001,0,0.568,0.792,0.203,0.053,0.916,0.121,0.218,0.992,0,0.862,1,0.105,0.997,0.412,0.903,0.092,0.502,0.18,1,1,0.873,0.987,0.989,0.003,0.325,0.375,0.657,0.461,0.74,0.031,0.473,0.936,0.984,0.419,0.987,0.55,0.992,0.973,0.896,0.08,0.999,0.14,0.804,0.601,0.397,0.811,1,0.518,0.778,0.178,0.504,0.274,1,0.996,0.403,0.886,0,0,0.71,0.278,1,0.678,0.994,1,0.095,0.363,0.997,0,0
0.075,0.985,0.115,0.88,0.91,0.798,1,0.993,0.974,0.996,0.095,0.011,0.058,0.635,0.002,0.866,0.992,0.929,0.472,0.047,0.251,0.762,0.908,0.898,0.761,0,1,0.916,0,0.986,0.253,0.722,0.977,0.975,0.492,0,0.373,0.989,0.497,0.587,1,1,1,0.254,0,1,0.09,0.967,0.26,0,0.011,1,1,0.143,0.583,1,0.936,0.144,0.979,0.178,0.735,0.987,1,0.626,0.955,0.007,1,0.001,0,0.433,0.088,0.574,0.384,0.043,0.333,0.367,0.884,0.427,0.309,0.948,0.837,0.928,1,0.001,0.937,0.017,0,0.226,0.999,0.968,1,1,0.916,0.264,0,0.105,0.729,0.999,1,0.96,0.192,0.803,0,0.991,0.312,1,1,0.82,0.512,1,0.66,0.489,1,0.833,0.799,0.531,1,0.947,0.266,1,0.889,0.504,1,0.815,0.001,0.998,0.793,0.3,0.576,0.86,1,0.188,0.317,1,0.865,0.551,0.378,0.291,0.891,0.981,0.019,0.984,1,0.399,0.779,0,0.99,0.343,0.852,1,1,0.407,0.254,0.161,0.999,0.006,1,0.965,0.026,0.168,0.002,0.996,0.72,1,0.98,1,0.003,0.003,0.721,0.203,0.332,0.482,0.363,0.215,0.492,0.817,0.676,0.842,0.373,0.552,0.563,0.869,0.387,0.203,0.999,0.622,1,0.992,0.145,0.479,0.005,0.907,0.772,0.064,0,0,0.007,0.988,0,0.989,0.109,0.456,1,0.016,0.546,0.024,0.899,0.737,0.999,0.003,0.066,0.975,0.137,0.009,0.898,0.907,0.158,0.965,0.954,0.492,0,0.243,1,0.495,0.539,0.999,0.743,0.336,1,0,0.818,0.968,0.502,0.044,0.842,0.88,0.746,0.248,0.007,0.21,0.55,0.221,1,0.502,0.87,0.59,0.043,0,0.993,0.485,0.692,0.73,0.012,0.098,0.502,0.467,0.604,0.489,0.511,1,0.301,0,0.665,0.814,0.418,0.921,0.038,0.076,1,0.947,0.866,0.309,0.204,0.998,0.122,0.314,0.849,0.029,0.995
0.832,1,0.733,1,0.991,0.872,0.553,0.005,0.472,1,0.166,0.306,0.904,0.032,0.1,0.398,0.063,1,0.508,0.905,0.088,0.135,0.741,0.83,0.668,0.999,0.001,0.986,1,0.565,0.76,0.418,0.18,0.115,0.867,1,0.494,0.997,0.602,0.323,0.999,0.042,0.722,0.354,1,0,0.252,0.998,0.845,1,0.459,0,0.387,1,0.722,0.542,0.141,0.006,1,0.743,0.157,1,1,0.974,0.976,1,0.038,0.994,1,0.626,0.645,0.579,0.998,0.819,0.98,0.155,0.732,0.083,0.416,0.828,0.313,0.994,0.764,1,0.85,0.898,1,0.175,0.284,0.994,0.001,0.356,0.108,0.654,1,0.001,0.516,1,0.993,1,0.013,0.937,1,0.047,0.002,1,0.999,0.273,0.977,0.001,0,0.6,0,0.867,1,0.46,0.984,1,0.032,0.915,0.097,0.02,0.843,0.73,0.001,0.804,0.661,0.764,0.921,0.254,0.001,0.828,0.241,0.701,0.096,0.934,0.848,0.828,0.798,0.427,0.987,0.167,0,0.944,0.253,0,0.234,0.282,1,1,0.865,1,0.572,0.862,0.536,1,0.056,0.415,0.315,0.022,0.636,1,0.035,0.239,0.325,1,0.776,0.682,0.028,0.135,0.038,0.83,0.94,0.251,0.842,0.014,0.116,0.929,0.64,1,0.537,0.741,0.999,0.069,1,0.77,0.481,0.639,0.999,0.355,0.997,1,0.226,0,1,0,0.787,0.244,1,1,0.999,0.495,0.853,0.026,1,0.094,0.224,0.023,0.055,0.071,0.064,0.984,0.009,0.023,0.926,0.938,0.661,0.133,0.829,0.136,1,0.915,0.666,0.514,0.68,0.49,0.785,0.588,0.001,0,0.431,0.787,0.13,0.982,0.542,0.558,0.507,1,0.002,0.997,0.48,0.953,0.14,0.476,0.214,0.492,0.126,0.013,0.947,1,0.993,0.987,0.944,0.071,0.915,0.124,0.942,0.349,0.418,0.499,0.714,0.549,1,0.909,0.792,0.839,0.028,0.433,0.742,0.74,1,0.569,0.006,0.919,0.975,0.257,0.658,0.02,0.999
0.253,0.089,0.612,1,0.664,0.997,0.993,0.975,0.447,0.383,1,0.999,0.999,0.086,0.661,0.008,0.926,0.823,0.895,0.857,0.353,0.005,0.151,0.006,0.578,0.744,0,0,0.998,0.008,0.537,0.224,0.999,0.004,0.75,0,0.735,1,0.79,0.93,1,0.196,1,0.998,0.004,0,0.823,1,0.277,0.004,1,0.006,0.068,0,0.476,0.016,0.776,0.128,1,0.018,1,1,1,0.401,0.012,0.615,0.441,1,0.337,0.656,0.865,0.49,0.062,0.036,0.475,1,0.769,0.942,1,0.695,0.913,0.391,0.245,0.974,0.383,0,0.996,1,0.02,0.001,0.354,0.017,0.032,0.167,0.139,0.96,1,1,0.674,0.333,0.959,0.427,1,0.006,0.015,0,0.799,0.637,0.776,0.989,0.034,0.631,0.081,0.92,0,0.488,0.007,0.932,1,0.94,0.851,0.979,0.978,0.109,0.998,1,0.748,1,0.772,0.982,0.072,0.08,0.991,0.199,1,0.434,0.865,0.605,0.001,0.487,0.999,0.961,0.733,0.267,0.899,1,0.987,0.998,0.126,1,0.881,0.994,0.502,0.727,1,0.048,0.994,0.939,0.132,0.455,1,0.105,1,0.748,0.033,1,0.653,0.023,0.115,0.399,0.986,0.529,0.834,0.241,0.663,0.989,0.66,1,0.356,1,0.53,0.552,0.968,0.053,0.546,0.386,0.001,0.546,0.01,0.549,0.003,0.98,0.465,1,1,1,0.77,0.08,1,1,0.816,0.601,0.001,0.08,0.018,0.999,0.999,0.856,0.033,0,0.636,0.999,0.454,0.996,0.421,1,0.1,0.05,0,0.44,1,0.759,0.434,0.404,0.04,0.089,0.813,0.672,0.025,0.1,0.916,0.999,0.199,1,0.984,0.456,0.299,0.535,0,0.044,0.806,0.735,0.054,0.521,0.634,0.486,0,0,0.9,0.023,0.425,0.066,0.125,0.763,0.525,0.989,0.222,0.668,0.61,0.761,0.793,1,0.999,0.803,0.507,0.685,0,0.102,0.998,0.577,0.436,0.467,0.911,0.426,0.507,0.208,1,0.687,1
0.98,1,0.224,0,1,0.167,0.791,0.988,0.548,0.999,0.965,0.866,0.551,0.866,0.269,1,0.917,0.059,0.553,0.995,0.041,0.983,0.685,0.721,0.245,0,0.08,0.021,1,0.465,0.629,0.974,0.006,0.873,0.411,0,0.591,0.42,0.94,0.626,0.999,1,0.004,0.362,0,1,0.002,0.021,0.449,1,0.401,0.029,0.154,0.369,0.507,0.688,0.467,0.929,0.018,1,0.082,0.001,1,0.153,0.984,0.029,0.94,0.4,0,0.659,0.913,0.942,0.066,0.98,1,1,0.334,1,0.546,0.597,0.263,0.099,0.396,1,0.93,0,0.987,0.372,0.983,0.071,0.853,1,0.233,0.996,1,0.945,0.9,0.982,1,0.013,0.996,0.843,1,1,0.023,1,0.009,0.147,1,0,0.023,0.941,0.064,0.905,1,0.443,0.059,0.134,0.995,0.929,0.294,0.968,0.946,0.998,0.057,0.33,0.663,0.874,0.81,1,1,0.364,0.044,0.985,0.827,0.995,0.051,0.553,0.936,0.627,0.996,0.002,0.993,0.413,1,0,1,0.191,0.922,0,0.986,0,0.358,0.549,0,0.014,1,0.999,0.861,0.027,0.075,0.002,0.756,0.546,0.927,0.985,0.308,0.29,0.11,1,0.093,0.622,0.992,0.539,0.632,1,0.884,0.836,0.386,0.79,0.131,0.453,0.988,0.014,0.899,0.756,0.692,0.944,0.998,0.546,0.999,0.934,0.576,0.073,1,0,0.325,0.669,0.954,0.119,0.459,0.546,0.001,0,0.583,0,0.442,0.767,0,0,0.245,0.075,0.883,0.999,0.699,1,0.357,0.204,1,0.317,0.642,0.849,1,0.475,0.334,0.213,0.451,0.571,0,1,0.245,0.815,0.935,1,0.439,0.674,0.515,0.963,1,0.295,0.562,0.004,0.73,0.545,0.264,0.511,0.999,1,0.01,0.99,0.47,0.256,0.758,0.171,0.505,0.672,0.827,0.378,0.564,0.746,0.387,1,0.902,0.406,0.578,0.453,0.038,0,0.765,0.605,0.07,0.463,0.324,0,0.184,0.162,0.714,0,0.001
0.924,1,0.139,1,0.355,0.98,0.139,0.048,0.792,0,0.98,0.817,0.011,0.044,0.155,1,0.844,0,0.572,0.053,0.957,0.003,0.655,1,0.578,0,0,0.599,0,0.204,0.004,0.326,1,0.138,0.773,0.997,0.505,0.483,0.989,0.847,0,0.988,1,0.879,0,0.992,0.049,0.031,0.917,0.491,1,0.236,0.173,1,0.833,0.246,0.652,0.107,0.009,0.99,0.112,1,0.034,0.99,0.001,0.998,0.001,0.011,0,0.583,0.334,0.701,0.979,0.041,0.052,1,0.998,0.57,0.189,0.506,0.168,0.47,0.978,1,0.659,0.729,0,0.1,0.454,0.001,0.788,0.419,0.988,0.646,1,0.999,0.499,1,0.002,0.999,0.006,0.141,0.047,0.993,0.864,0.999,0.005,0.206,0.67,0,0.906,0.619,0.548,0.037,0.898,0.532,0,0.166,0.708,0.629,0.802,1,0.474,0.303,0,0.18,0.791,0.567,0.097,0.842,0.998,0.924,0.792,0.225,0.393,0.809,0.705,0.994,0.999,0.621,0.997,0.003,0.418,0.567,1,1,0.007,0.073,0.526,0,0.145,0.005,0.689,0.318,1,0.015,0.012,0.704,0.945,0.176,0.997,0.997,0.999,0.798,0.843,0.983,1,1,0.788,0.001,0.959,0.397,0.902,0.832,0.485,0.359,0.997,0.413,0.999,0.887,0.56,0.566,0,0.259,0.137,0.31,0.002,0.601,1,0.803,0.139,0.977,0.306,0.935,0,0.035,0.79,0.351,0.12,0.201,0,0.589,0.175,1,0.159,1,0.459,0.962,0.988,0.005,0.623,0.222,0.947,0.458,0.106,0.001,1,0.025,0.404,0.991,1,0.949,0.97,0.447,0.134,0.945,0.678,0.176,0.009,0.988,0.743,0.014,0.002,0.999,0.793,0.566,0.676,0.43,0.023,0.901,0.73,0.922,0.662,0.485,0.287,0.475,1,0.025,0.216,0.009,0.26,0.94,0.55,0.229,0.393,0.669,0.828,0.598,0.623,0.891,0.531,0,0.765,0.611,0.547,0.463,0.001,0.341,0.602,0.718,0.892,0.636,0.023,1,0.109,0.104,0.295,0.958,0
0.429,1,0.079,1,0.832,0.724,0.981,0.994,0.582,0.003,1,1,0.077,0.941,0,1,1,0.029,0.865,0.356,0.237,0.005,0.495,0.8,0.298,0.918,0,0.005,1,0.011,0.991,0.65,0.807,0.891,0.213,1,0.67,0.339,0.878,0.923,0,0.998,0.989,0.657,0,1,0.037,0.112,0.999,1,0.002,0.992,0.023,1,0.593,0.017,0.999,0.475,0.945,0.04,0,0,0.997,1,1,0,0.009,0.989,0.983,0.99,0.93,0.425,0.321,0.08,0.911,0.003,1,0.958,0.105,0.447,1,0.189,0.729,0.761,0.901,0.002,0.958,0.431,0.151,0,0.029,0.001,0.993,0.283,0.989,0.208,0.593,0.002,0.996,0.91,1,0.898,1,1,0.883,0.973,1,0.059,0.315,0.607,0.108,0.756,1,0.985,1,0.533,0,0.816,1,0.351,0.295,0.994,0.882,0.387,0,0.648,0.56,0.402,0.983,0.89,0.86,0.323,0.159,0.778,0.45,0.006,0.912,0.73,0.01,0.794,1,0.048,0.995,0.768,0.911,0,0.029,0.192,0.043,0.005,0.063,0,0.981,0.768,0.011,0.947,0.96,0.911,1,0.168,0.002,0.009,0.009,0.544,0.995,0.998,0.022,0.008,0.057,0.213,0.154,0.642,0.973,0.446,0.498,0.064,0.282,0.786,0.625,0.999,0.245,0.599,0.119,0.887,0.838,0.682,0.894,0.57,0.998,0.458,0.043,0.179,0.258,0.303,1,1,0.751,0.426,0,0.121,1,0.661,0.979,0,0.432,1,0.808,0.028,0.994,0.969,0.744,0.944,0.765,0.121,0.869,0.983,0.966,0.924,0.995,0.628,0.001,0.437,0.993,0.503,0.416,0.886,0.666,0.55,1,0.03,0.799,1,0.002,0,0.278,0.529,0.79,0.683,0.036,0.718,0.455,0.999,0.819,0.446,0.259,0.498,1,0.014,0.223,1,0.301,0.068,0.045,0.987,0.417,0.792,0.046,0.71,0.329,0.205,0.733,0.603,1,0.679,0.636,0.424,0.038,0.829,0.825,0.348,0.928,0.158,0.999,1,0.881,0.426,0.701,1,1
0.94,0,0.814,0,0.569,1,0.464,1,0.526,0.097,1,0.133,0.693,0.019,0.082,0.739,0.982,0.003,0.452,0.82,0.026,1,0.221,0.732,0.396,0.972,0.963,0.152,0,0.928,0.969,0.486,0.164,0.998,0.976,1,0.411,0.876,0.59,0.887,1,0.376,0.524,0.494,0.996,1,0,0.999,0.303,0,1,0,0.164,1,0.523,0.016,0.976,0.113,0.003,0.763,0.053,0,0,0.947,0.035,1,0.018,0.791,0.003,0.325,0.805,0.58,0.629,0.051,0.016,0.99,0.517,1,1,0.546,0.972,1,0.929,0.999,0.714,1,0.48,0.789,0.026,1,0.948,1,1,0.85,1,0.969,0.871,0.006,0.939,0.421,0.982,1,0.386,0.019,0,0,0.427,0.971,0.752,1,1,0.648,1,0.966,1,0.402,1,0.676,0.922,0.004,0.111,0.896,0.768,0.237,1,0.965,0.227,0.588,0.19,0.145,1,0.36,0.107,0.337,0.995,0.764,0.982,0.453,0.981,0.925,0.003,0.001,1,0.608,0.998,1,0,0.504,1,0.078,0.975,0.016,0.182,0.89,0.988,0.991,1,1,0.533,0.042,0.097,0.194,1,0.83,1,0.98,0.998,0.026,0.156,0.041,0.914,0.487,0.994,0.589,0.958,0.996,0.109,0.632,0.249,0.036,0.432,0.495,0.022,0.017,1,0.236,0.002,0.225,0.019,0.375,1,0.043,0.205,0.001,0,0.001,0.963,0.673,1,0.411,0.476,0.573,0.987,0.036,0.109,0.08,0.997,0.994,0.888,0,0.146,0.984,1,0.24,0.341,0.961,0.21,0.364,0.001,0.385,0.001,0.08,0.637,0.523,0.962,0.385,0.762,0.656,0.984,0.027,0.043,0.017,1,0.995,0.652,0.484,0.292,0.161,0,0.692,0.483,1,0.72,0.565,0.846,0.514,0.99,1,0.248,0.426,0.471,0.261,0.683,0.324,0.405,0.935,1,0.954,0.206,0.459,0.564,0.021,0.017,0.45,0.585,0.714,0.679,0,0.716,0.676,0.993,0.781,0.341,0.01,0.936,0.076,0.067,0,0.007
0.014,0.076,0.635,0.004,0.373,0.668,0.136,0.992,0.517,0.999,0.983,0.604,0.026,0.239,0.641,1,0.44,0,0.674,0.867,0.732,0,0.015,0.382,0.408,0,0.547,1,0,0.682,0.997,0.938,0.017,1,0.671,0,0.555,0.824,0.563,0.509,1,0.972,1,0.347,0.004,0,0,1,0.578,1,0.31,0.999,0.035,0,0.697,0.186,0.232,0.777,1,0.944,0.081,1,0,0.846,0.968,0.988,0.166,1,0,0.49,0.57,0.688,0.971,0.999,0.19,0.016,0.781,0.837,0.89,0.458,0.482,0.295,0.702,0.943,0.124,0.001,1,0.275,0.809,0.995,1,1,0.828,0.917,1,1,0.812,0.485,0,0.934,1,0.759,0.994,1,0.06,1,0.97,0.191,0.064,0.232,0.002,0.4,0,0.923,1,0.379,0.012,0.815,0.265,0.911,0.753,1,0.195,0.713,0.014,0.16,0.361,0.811,0.024,0.395,0.99,0.916,0.439,0.971,1,0.684,0.338,0.327,0.149,0.612,0.008,0.046,0.031,0.434,0.443,1,0.002,0.08,0.498,0,0.691,0.174,0.703,0.516,0.969,0.019,0.097,0.093,0.688,0.563,0.795,0,0.715,1,0.5,0.074,0.082,0.017,1,0.119,0.159,0.494,0.807,0.537,0.49,1,0.788,0.08,0.577,0.994,0.462,0.547,0.07,0.009,0.903,0.423,0.165,0.677,1,0.398,1,0.571,0.09,0.009,0,1,0.49,0.255,1,1,0,0.619,0.022,1,0.346,0,0.64,0.007,0.18,1,0.967,0.012,0.049,1,0.992,0.019,0.172,0.285,0.936,0.855,0.002,0.08,0.426,0.559,1,0.665,0.83,0.33,0,1,0.734,0.989,1,0.988,0.634,0.644,0.914,0.199,0.766,0.825,0.726,0.552,0.786,0.612,0.777,0.449,0.998,0,0.381,0.007,0.357,0.159,0,0.999,0.53,0.18,0.396,0.447,0.543,0.843,0.888,0,0.026,0.995,0.923,0.477,0.56,1,0.666,0.683,0.754,0.239,0.023,0,0.999,0.117,0.908,0,1
0.893,0,0.075,0,0.624,0.208,0.028,1,0.362,1,1,0.061,0.018,0.028,0.065,0.986,0.997,0.184,0.946,0.738,1,0.085,0.663,0.954,0.791,0,0.89,0,0,1,0.061,0.687,1,0.953,0.886,0.003,0.675,0.995,0.316,0.473,0,0.136,1,0.73,0.964,0,0.845,1,0.396,0,1,0.022,0.312,1,0.411,0.927,0.733,0.585,0.01,0.767,0.464,0.031,1,1,0.001,0.292,0.99,0.999,0,0.271,0.275,0.729,0.966,0.288,0.954,0.003,0.89,0.992,0.977,0.693,0.038,0.999,0.865,0.936,0.393,0,0.108,0.369,0.187,0,0.987,1,1,0.213,0.075,1,0.464,0.285,0,0.774,0.752,0.998,0.998,0.996,0.108,1,0,0.018,0.531,1,0.401,0.438,0.066,0.711,1,0.542,0.993,0.414,1,0.993,0.333,0.874,0.117,1,0.105,0.394,0.505,0.306,0.245,0.374,1,0.118,1,0.763,0.993,0.931,0.801,0.674,0.019,0.396,0.162,0.556,0.999,0.833,0.206,0,1,0.322,0.706,0.004,0.962,1,0.343,0.984,0.943,0.967,0.999,0.015,1,0.702,0.009,0.022,0.918,0.198,0.82,0.454,0.08,1,0.89,0.946,0.977,0.553,0.485,0.388,0.524,1,0.737,0.036,0.776,0.015,0.122,0.462,1,0.19,0.047,0.624,0.673,0.865,0,0.964,1,0.021,0.231,0.032,1,1,0.917,0.777,0,0.943,0.356,0.442,0.279,1,0.829,0.064,0.661,0.587,0.242,0.002,0.099,0.654,1,0.963,0.121,0.957,0.868,1,0.918,0.145,0.292,0.822,0.574,0.632,0.59,0.979,0.415,0.183,0,0.856,0.968,0.235,1,1,0.405,0.428,0.368,0.972,0.002,0.254,0.544,1,0.995,0.463,0.766,0.515,0.991,0.001,0.68,1,0.543,0.059,0.956,0.301,0.737,0.317,0.999,0.458,0.589,0.689,0.381,1,0.913,0.813,0.593,0.527,0.001,0,0.404,0.563,0.913,0.573,0.654,0.989,0.744,0.46,0.311,0.729,1
0.136,0.857,0.362,0,0.342,0.904,0.372,0.687,0.625,1,0.381,0.503,0.93,0.159,0.013,1,0.417,0,0.633,0.764,0.664,0.097,0.982,0.065,0.323,1,0.047,0.888,0,0.999,0.829,0.621,1,0.322,0.998,0,0.7,0.845,0.548,0.422,1,0.701,0.998,0.481,0.063,1,0.318,0.262,0.901,0.545,0.926,1,0.839,0.993,0.616,0.998,0.956,0.004,0.379,0.967,0.311,1,0.006,0.97,0.854,1,0.069,1,0,0.569,0.998,0.576,0.027,0.682,0.934,0.2,0.364,0.541,0.934,0.763,0.643,0.716,0.241,0.477,0.507,0.003,0,0.854,0.263,0.005,0.983,0.004,0.128,0.742,0.999,0.85,0.996,0,0,0.098,0.608,0.683,0,0,0.979,1,0.02,0.869,0.997,0.996,0.999,0.612,0.002,1,1,0.442,0.001,0.978,0.007,0.889,0.997,0.363,0.898,0.085,0.04,0.323,0.685,0.745,0.066,0.947,1,0.989,0.896,0.793,0.654,0.788,0.157,0.272,1,0.358,0.064,0.853,0.132,0.556,0.999,0,0.005,0.049,0.052,1,0.834,0.011,0.702,0.693,0.824,0.966,0.007,0.017,0.975,0.252,0.026,1,0.955,0.847,0.948,0.991,0.012,0.946,0.646,1,0.067,0.515,0.178,0.653,0.622,0.988,0.189,0.988,0.438,0.012,0.302,0.432,0.999,0.004,0.898,0.609,0.855,0.541,0.958,0.866,0.546,0.517,0.191,0.778,0.001,0.999,1,0.24,1,1,1,0.509,0.083,1,1,1,0.992,0.098,0.004,0,0.239,0.999,1,0.929,0.307,0.97,1,0.034,0.032,0.104,0.174,0.841,0.788,0.496,1,0.991,0.401,0.22,0.998,1,0.526,0.544,1,0.986,0.922,0.806,0.42,0.981,0.938,0.932,0.475,1,0.692,0.636,0.562,0.525,0.999,0,1,0.03,0.212,0.239,0.658,0.222,0.629,0.069,0.66,0.732,0.75,0.985,0.767,0,0.509,0.742,0.598,0.488,0.002,1,0.779,0.179,0.133,0.416,0.991,1,0.663,0.489,0.293,0.396,0
0.833,0.999,0.319,1,0.137,1,1,0.883,0.711,0.012,0.962,0.716,0.043,0.998,0.709,0.022,0.005,0.104,0.699,0.792,0.996,0.001,0.825,0.715,0.479,0.949,1,0.97,1,0.631,0.008,0.256,0.001,0.412,0.556,0.996,0.512,0.671,0.882,0.515,0,0.999,1,0.421,0,0.009,0.007,0.022,0.9,0.995,0.999,0,0.155,1,0.436,0.289,0.116,0.024,0.066,0.451,0.857,1,0.456,0.987,0.935,1,0.401,0.972,0,0.68,0.83,0.429,1,0.986,1,0,0.457,0.998,0.868,0.474,0.04,0.659,0.445,0.967,0.285,0.891,0.341,0.107,0.096,1,0.995,0.522,0.449,1,0.012,0.122,0.696,0.889,1,0.211,1,0.853,0,0,0.114,0.396,0.235,0.025,0.127,1,0.877,0.541,0.241,0.063,1,0.629,0.024,0.22,0.299,0.011,0.4,0.944,0.967,0.209,1,0.815,0.342,0.954,0.883,0.129,0.562,0.555,0.898,0.898,0.105,0.844,0.762,0.4,0.246,0.689,0.986,0,0,0.745,0.154,0.007,0.372,0.364,0.949,0.044,0.17,0.788,0.677,0.518,0.996,0.267,1,0.996,0.26,0.162,0.062,0.966,0.999,0.947,0.996,0.952,0.004,0.999,0.064,0.004,0.852,0.491,0.659,0.652,0.627,1,0.166,0.198,0.176,0.131,0.235,0.605,0.947,0.012,0.022,0.457,0,0.362,1,0.442,0.983,1,0.05,0.81,0.739,0.998,0.02,0.329,1,1,0,0.383,0.998,1,0.957,0.971,0.545,0.015,0.49,1,0.503,0.99,0.542,0.251,0.733,0.447,0.771,0.775,0.97,0.385,1,0.65,0.281,0.688,0.044,1,0.454,0.357,1,1,0.999,0.02,0.006,0.001,0.615,0.429,0.462,0.998,0.957,0.411,0.451,0.429,0.679,0.427,0.505,0.455,0.477,0.084,0.994,0.47,0.983,0.076,0.01,0.44,0.439,0.061,0.037,0.996,0.477,0.429,0.999,1,0.999,0.108,0.617,0.756,0.043,1,0.743,0.483,0.115,0.224,1,1,0.817,0.966,0.268,0.95,1
0.007,0.999,0.617,0,0.212,0.948,0.848,0.859,0.348,0,1,0.02,0.994,0.264,0.714,0.13,0.295,1,0.681,0.879,0.114,0.015,0.091,0.873,0.575,0,0.293,0.976,0.013,0.018,0.93,0.763,0.119,0.373,0.532,0.993,0.593,0.383,0.633,0.674,1,0.973,0.024,0.423,1,0.282,1,0.807,0.986,0.993,0.637,0.998,0.453,1,0.366,0.145,0.769,0.65,0.152,0.236,0.002,1,1,0.989,0,0.001,1,1,0,0.629,0.822,0.899,0.814,0.821,0.006,1,0.449,0.929,0.337,0.308,0.816,0.929,0.385,1,0.645,0,0.997,0.151,0.095,0.033,0,0.106,0.01,0.781,1,0.051,0.691,0.858,0.936,0.929,0.509,0.788,0.013,1,0.999,0,1,0.094,0.103,0.995,0.078,0.345,1,0.882,1,0.487,0.024,0.978,0.44,0.97,0.075,1,0.644,0.757,0.996,0.403,0.782,0.062,1,0.833,1,0.089,0.277,0.269,0.979,1,0.135,0.498,0.002,0.32,0.301,0.918,0,0.293,0.003,1,0,0.976,0.72,0.996,0.055,0.006,0.288,0.911,0.007,0.132,0.99,0.606,0.923,0.136,0.051,0.976,0.178,0.297,0.037,1,0.826,0,1,0.998,1,0.669,0.458,0.265,0.63,0.999,0.851,0.62,0.446,0.275,0.157,0.64,1,0.755,0.604,0.195,0,0.913,1,0.39,0.001,0.014,0.9,0.878,0,0,0.04,0.996,1,0.967,0.15,0.468,0.726,1,0.902,0.001,0.957,0.057,1,1,0.271,0.058,1,0.019,0.995,0.652,0.318,0.999,0.891,0.896,0.061,0.882,0.84,0.556,0.016,0.165,0.098,0.794,0.039,0.181,0.808,1,0.429,0,0.855,0.446,0.456,0.76,0.01,0.542,0.494,0.965,0.622,0.54,0.358,0.576,0.985,1,1,1,0.69,0.754,0,0.305,0.84,0.108,0.049,0.355,0.68,0.969,0.701,1,0.008,0.738,0.478,0.597,0.031,0.817,0.454,0.958,0.958,0.786,1,1,0.106,0.672,0.575,0.996,0.918
0.09,1,0.179,1,0.844,0.47,0.995,1,0.848,1,0.88,0.936,0.795,0.787,0.096,0.266,0.976,0.034,0.898,0.26,0.577,0.783,0.643,0.404,0.378,0.907,0.036,0.003,1,0.017,1,0.707,0.441,0.783,0.925,1,0.707,0.839,0.393,0.547,0,0.796,1,0.691,0.996,1,0.728,0.017,0.729,0,0.211,0.599,0.264,1,0.467,0.917,0.272,0.067,1,0.325,0,0.395,1,1,0.962,1,0,0.022,0,0.954,0.82,0.429,1,0.59,0.949,1,0.511,0.459,0.197,0.706,0.813,0.844,0.812,0.032,0.887,0.834,0.008,0.721,1,0.994,1,0.504,0.018,0.957,1,0.001,0.677,1,0,0.889,0.378,0.918,0.135,0.998,0.068,0,0.991,0.02,0.8,0.01,0.832,0.567,1,0.081,1,0.536,0.103,0.998,0.999,0.998,0.602,0.925,0.999,0.473,0.327,0.892,0.281,0.986,0.807,0.648,0.992,0.761,0.02,0.794,0.579,0.798,0.285,0.422,0.011,0.88,1,1,1,0.454,0.995,0,0.15,0.769,0.999,0.997,0.467,0.002,0.753,0.598,1,0.068,0.155,0.974,0.041,0.241,0.992,0,0.005,0.093,0.102,0.932,0.735,0.104,0.368,0.958,0.042,0.488,1,0.554,0.825,0.964,0.568,0.804,0.153,0.028,0.111,0.502,0.003,1,0.691,0.267,0.968,0.246,0.001,0.467,0.995,1,0.191,0.078,1,1,0.037,0.265,1,0.029,0,0.501,1,0.18,0.99,0,0.999,0.027,0.989,0.998,0.352,0.957,0.313,0.999,0.532,1,0.283,0.266,0.423,0.791,1,0.94,0.761,0.54,0.318,0.121,0.93,0.81,0.99,0.993,0.621,0.847,0.913,1,0.693,0.553,0.971,0.693,0.995,0.253,0.536,0.951,0.794,0.498,0.994,0.434,1,0,0.958,0.843,0.793,0.039,0,0.214,0.719,0.067,0.079,0.786,0.621,0.788,0.719,1,0,1,0.426,0.981,0.883,0.001,0.939,0.667,0.4,0.206,0.098,0,0.964,0.726,0.992,1,0.97
0.801,0,0.419,0,0.763,0.9,0.954,0.992,0.814,1,1,0.382,0.824,0.203,0.421,0.002,0.969,0.994,0.325,0.319,0.264,0.928,0.652,0.858,0.43,0.707,0.004,0.986,0,0.781,0.935,0.592,1,0.234,0.433,0,0.485,0.185,0.624,0.524,0,1,0,0.642,1,0.002,0.001,0.975,0.545,0.993,1,0.914,0.847,1,0.637,0.925,0.315,0.726,0.994,0.382,0.64,0,0.921,0.235,0,0.369,1,0.976,0,0.281,1,0.49,0.182,1,0.054,1,0.961,0.08,0.098,0.6,0.353,0.813,0.471,0.199,0.252,1,0.126,0.951,0.042,0.039,0.004,0.001,0.969,0.916,0.997,0.917,0.92,1,0.966,0.956,0.028,0.597,0.024,0.003,0.928,0.001,0.993,0.167,0.941,1,0.357,0.347,0.998,0.998,0.113,0.547,1,0.458,1,0.407,0.2,0.66,0.15,0.93,1,0.402,0.399,0.077,0.915,0.752,0.999,0.408,0.987,0.908,0.138,0.252,0.986,0.932,0.007,0.368,0.016,1,1,0.585,0.727,0,0,0.685,0.803,0,0.915,0.009,0.609,0.196,0.693,0.315,0,0.006,0.143,0.66,0.829,0,0.007,0.987,0.627,0.832,0.87,0.005,0.09,0.111,1,0.577,1,0.213,0.737,0.982,0.71,1,0.77,1,0.58,0.514,1,0.012,0.875,0.751,0.987,0.996,0.997,0.821,0.156,0.991,0.6,0.915,0.381,0,0.674,0.054,0.999,0.906,0.668,0.467,0.011,0,1,1,0.776,0.873,0.035,1,0.278,0.971,0.905,0.009,0.942,1,0.966,0.394,0.049,0.669,0.997,0.818,0.912,0.668,0.835,0.984,0.803,0.499,0.995,1,0.11,0.981,0.993,1,0.544,0.529,0.665,0.788,0.067,0.065,0.378,0.903,0.224,0.505,0.323,0.509,1,0.963,0.807,0.952,0.998,0.605,0,0.97,0.621,0.415,0.239,0.382,0.98,0.59,0.853,0,0.842,0.234,0.741,0.492,0.002,0.17,0.808,0.679,0.469,0.213,0.059,0.952,0.663,0.998,0.887,0.02,0.998
0.155,0.346,0.093,1,0.991,0.555,0.827,1,0.537,0.999,0.046,0.993,0.209,0.447,0.763,0.001,1,0.984,0.382,0.843,0.017,0.925,0.008,0.187,0.385,0.634,0.734,0.01,0.66,0.006,0.998,0.183,0.745,0.002,0.669,0.917,0.351,0.029,0.742,0.655,1,0.06,0.495,0.317,0,0,0.799,0.967,0.827,1,0.048,0.435,0.096,0.998,0.565,0.041,0.207,0.699,0.948,0.732,0.999,1,0.986,1,0.977,0.264,0.16,0.997,0,0.482,0.981,0.859,0.948,0.016,0.994,0.336,0.649,0.812,0.819,0.589,0.06,0.944,0.787,0.116,0.378,0.976,0.916,0.301,0.907,0.234,0.981,0.013,0.912,0.894,1,0.109,0.309,0.999,0.973,0.241,0.995,0.962,0.357,0,0.001,1,0.014,0.472,0.6,1,0.274,0.378,0.091,0.997,1,0.485,0.998,0.252,0.372,0.99,0.775,0.964,0.829,0.13,0.98,0.307,0.978,0.912,0.297,0.533,0.996,0.457,0.822,0.684,0.861,0.12,0.85,0.491,0.505,0.596,0.934,0.005,0.004,0.484,0.314,0.003,0.04,0.975,0.994,1,0.968,0.978,0.162,0.46,0.076,0.007,0,0.002,0.096,0.17,0.989,0.019,0.017,0.224,1,0.436,0.228,0.998,0.76,0.166,0.46,0.559,0.704,0.505,0.352,1,0.064,0.027,0.252,0.919,0.722,0.621,0.349,0.766,0.978,0.245,1,0.887,0,0.497,0.02,0.982,0.284,0.634,1,1,0.941,0.768,1,0.972,0.001,0.553,0.027,0,0.768,0.994,0.986,0.006,1,0,0.638,0.799,0.988,0.002,0.989,0.021,0.504,0.913,0.665,0.487,0,1,0.519,0.473,0.542,0.801,0.39,0.401,0,0.992,0.833,0.93,0.006,1,0.876,0.481,0.295,0.131,0,0.789,0.481,1,0.115,0.468,0.7,0.431,0,0.007,0.016,0.842,0.922,0.374,0.018,0.082,0.474,0.059,0.008,0.734,0.661,0.567,0.766,1,0.008,0.836,0.433,0.505,0.58,0.01,0.395,0.467,0.156,0.997,1,0,1,0.67,0.03,0.035,0.034
1,0,0.976,1,0.093,0.974,0.795,0.024,0.433,1,0.416,1,0.775,1,0.071,0,0.977,0.999,0.768,0.073,0.85,0.005,0.27,0.005,0.598,0,1,0.932,0,0.936,0.333,0.47,0.774,1,0.666,0.08,0.406,0.675,0.468,0.992,0.003,0.387,1,0.925,0.775,0,0.683,0.952,0.125,1,0.272,0.99,0.654,1,0.521,0.077,0.905,0.099,0.012,0.129,0.892,0.183,1,0.951,0.005,0.008,0.946,1,0,0.895,0.333,0.49,0.926,0.033,0.993,1,0.242,0.852,0.963,0.364,0.426,0.257,0.583,0.983,0.388,0,0.002,0.758,0.056,0.999,1,0.994,0.001,0.561,0,0.003,0.739,0.427,0,0.99,0.702,0.948,0,0.998,0.169,1,0.716,0.618,0.734,0.487,0.92,0.684,0.999,0.507,1,0.649,0.234,1,0.889,0.95,0.165,0.001,0.093,0.883,1,0.229,0.216,0.155,0.353,0.123,0.001,0.556,0.931,0.993,0.927,0.643,0.717,0.259,0.966,0.429,0.784,0.978,0.074,0.489,0.959,0,0.025,0.829,0.013,1,1,0.993,0.653,0.686,1,0.067,0,0.675,0.995,0.556,0.109,0.007,0.999,0.123,0.023,0.546,0.002,0.985,0.381,0.231,0.485,0.633,0.926,0.336,0.466,1,0.657,0.401,0.74,0.058,0.124,0.492,0.354,0.464,0.419,0.917,0.95,1,0.107,0.772,0.995,0.006,0.059,0.038,0,0,0.187,0.999,1,0.469,0.055,0.607,1,0.992,0.11,0.059,0.314,0.808,0.838,0.997,0.682,0.868,0.019,0.165,1,0.29,0.079,0.927,0.038,0.765,0.103,0.691,0.307,0.398,0.228,0.99,0.717,0.176,0.211,0,0.065,0.341,0.506,1,0.446,0.408,0.999,0.272,0.913,0.999,0.589,0.016,0.103,0.627,1,0.757,0,0.044,0.034,1,0.894,0.793,0.037,0.817,0.602,0.241,1,0.622,0.737,0.774,0.891,0,0.802,0.895,0.614,0.679,0.011,0.926,0.974,0.702,0.997,0.897,0.932,1,0.435,0.958,0.886,0.245,0.997
1,1,0.943,1,0.753,0.079,0.783,1,0.505,0.648,0.002,0.174,0.031,0.825,0.846,0.012,1,0.006,0.986,0.152,0.02,0.993,0.431,0.708,0.563,0,0.002,1,0.227,1,1,0.614,0.319,0.978,0.29,1,0.47,0.512,0.441,0.457,1,0.475,0.994,0.742,0.007,1,0.03,0.392,0.691,0.001,0.054,1,0.536,0,0.397,0.994,0.732,0.226,0.917,0.053,0.613,1,1,1,0.998,0.95,0.115,1,0.061,0.586,0.545,0.621,0.032,0.897,0.034,1,0.812,0.033,0.849,0.52,0.033,0.438,0.289,0.95,0.449,0,0.087,0.844,0.716,0.003,0.151,1,0.086,0.411,0,0.543,0.804,0.573,0,0.666,0.933,0.517,1,1,0.999,0.732,0.999,0.637,0.092,1,0.143,0.503,0,0.126,1,0.553,0.982,0.182,0.12,0.983,1,1,0.999,0.196,0.085,0.875,0.41,0.121,0.124,1,0.997,0.702,0.03,0.753,0.722,0.821,1,0.952,0.97,0.475,1,0.885,0.012,0.52,0.996,1,0.957,0.644,0.064,0,0.194,0.001,0.36,0.672,0.261,1,1,1,0.745,0.574,0.263,0.326,0.829,0.89,0.456,0.032,0.087,0.957,0.972,0.003,0.172,0.594,0.836,0.854,0.491,0.999,0.054,0.255,0.13,0.004,0.366,0.733,0.191,0.296,0.477,0.836,0.077,0.382,0.337,0.521,0.993,0.956,0.067,0,1,0,0.736,0.329,0.975,0.962,0.002,0.645,0.949,0.007,0.387,0,0.18,0.699,1,0.829,0.724,1,0.001,0.239,0.485,0.001,0.375,0.735,0.965,0.686,0.388,0.994,0.778,0.834,0.221,0.095,0.992,0.57,0.094,0.93,0.289,0.1,0.993,0.991,0.756,0.573,0.309,0.811,1,0.438,0.421,0.9,0.853,0.536,0.792,0.553,0.943,0.013,0.834,0.997,0.229,0.255,0.675,0.828,0.42,0.036,0.819,0.863,0.619,0.378,0.688,0,0.312,0.436,0.591,0.515,0.608,1,0.245,0.641,0.949,0.173,0.962,1,0.38,0.233,0.141,0.969,1
0.807,0,0.786,0.997,0.809,0.958,0.784,0.159,0.381,0.009,0.557,0.003,0.022,0.023,0.792,1,0.977,0.055,0.515,0.962,0.187,0.01,0.198,0.006,0.423,0.991,0.978,0.936,1,0.866,0.997,0.422,0.344,1,0.801,1,0.865,0.328,0.519,0.335,1,0.31,0.003,0.98,1,0.652,0.046,0.543,0.709,0.022,0.035,1,0.836,1,0.605,0.181,0.285,0.607,0.933,0.727,0.24,1,0.165,0,0.77,0.999,0.952,0.991,0.993,0.767,0.857,0.613,0.991,0.394,0.899,0.987,0.931,0.684,0.787,0.342,0.045,0.522,0.537,0.996,0.744,0,0.889,0.185,0.849,0.052,0.991,1,0.002,0.997,1,0.239,0.586,0.705,0.725,0.095,1,1,0.009,0,0.003,1,0.006,0.694,0.196,0.327,0.875,0.54,0.994,0.999,0,0.425,0.002,0.849,0.483,0.012,0.241,0.022,0.264,0.897,0.153,0.899,0.395,0.787,1,0.16,0.996,0.974,0.954,0.213,0.648,1,0.978,0.37,0.191,0.422,0.074,0,0,0.675,0.989,1,0.044,0.502,0.039,1,0.992,0,0.198,0.884,0.999,1,0.984,0.964,0.927,0.533,0.004,0.041,0.386,0.823,0.227,0.769,0.896,0.422,0.978,0.275,0.999,0.663,0.914,0.987,0.67,1,0.364,0.014,0.916,0.004,0.566,0.506,0.995,0.02,0.491,0.579,0,0.266,0.763,0.568,0.001,1,0.822,0.882,0,0,0.006,0.369,1,0.524,0.235,0.484,0.913,1,0.524,0.999,0.926,1,1,1,0.229,0.934,0.006,0.989,0.027,0,0.959,0.012,0.065,0.617,1,0.402,0.824,0.43,0.31,0.502,0.989,0.435,0.89,0.316,0.049,0.975,0,0.17,0.683,0.699,0.961,1,0.024,0.238,0.489,0.715,0.859,0.54,0.97,0.651,0.989,0.004,1,0.997,0.687,0.697,0,0.397,0.444,0.998,0.989,0.563,0.384,0.513,0.562,0,0.054,0.764,0.609,0.369,0.031,1,0.875,0.446,0.922,0.717,1,0.999,0.249,0.698,0.806,0.84,1
0.986,1,0.672,1,0.091,0.57,0.89,0.981,0.767,1,0.377,0.916,0.756,0.129,0.989,1,0.871,0,0.647,0.924,0.29,0.976,0.018,0.819,0.495,0,0.06,0,0.001,0.143,0.007,0.589,0.956,0.239,0.472,0.996,0.923,0.794,0.662,0.407,0.368,0.997,0.901,0.5,0,0.138,0.003,0.31,0.728,0.996,0.698,0.805,1,0.811,0.517,1,0.997,0.111,0,0.64,0.212,1,1,0.992,0,0,0.302,0.981,0.975,0.7,0.962,0.584,1,0.948,0.182,0.993,0.578,0.51,0.796,0.463,0.713,0.968,0.82,1,0.529,0.005,0.11,0.222,0.318,0.999,0.988,0.999,0.391,0.209,0,0.974,0.831,0.981,0.031,0.019,0.021,0.175,0.025,1,0.858,0.996,0.969,0.657,0.373,0,0.992,0.872,0.996,0.1,0,0.688,0.719,0.964,0.044,1,0.431,0.99,0.829,0.954,0.999,0.995,0.553,0.092,0.976,0.194,1,0.644,0.028,0.106,0.373,0.173,0.742,0.946,0.301,0.31,1,0.998,1,0.436,0.975,1,1,0.423,0.038,0,0.114,0,0.891,1,0.983,0.958,0,1,0.229,0.021,0.082,0,0.305,0.657,0.873,0.919,0.999,0.838,0.279,1,0.11,0.501,1,0.407,0.638,0.998,0.852,0.468,0.558,0.134,0.651,0.476,1,0.996,0.988,0.996,0.879,0.752,0.235,0.386,0,0.024,0.869,0.859,0,1,0.845,0.113,0.587,0.625,0.001,0.72,0.921,0.157,0.926,0,0.594,0.207,0,1,0.924,1,0.008,0.01,0.999,1,0.653,0.02,0.303,0.942,0,0.098,0.843,0.422,0.863,0.953,0.718,0.338,0.84,0.999,0.033,0.917,0.866,0,0.614,0.496,0.39,0.223,1,0.131,0.406,0.778,0.928,0.529,0.334,0.437,1,0.554,0.006,1,0.479,0.297,0.001,0.975,0.629,0.735,0.018,0.61,0.874,0.572,0.853,0.005,0.042,0.382,0.372,0.328,0,1,0.278,0.607,0.569,0.423,0.367,0.96,0.197,0.36,0.837,0,1
0.532,0,0.105,0.001,0.823,0.07,0.311,1,0.507,0.998,0.731,0.914,0.687,0.891,0.82,0.087,0.95,0.001,0.429,0.225,0.016,0.808,0.245,0.129,0.512,0,0.996,0.968,1,0.992,0.428,0.445,0.998,0.001,0.689,1,0.511,0.95,0.665,0.764,0.086,0.952,0.986,0.561,1,1,0.993,0.254,0.924,0.994,0.99,1,0.837,1,0.9,0.012,0.952,0.973,0.999,0.301,0,0,0.002,0.259,1,1,0.986,1,1,0.658,0.965,0.515,0.011,0.22,0.192,1,0.711,0.122,0.929,0.492,0.551,0.551,0.445,0.022,0.99,0,0.613,0.689,0.881,0.015,0.999,0.994,1,0.769,0.018,0.252,0.351,0.992,0.982,1,0.916,0.693,0.001,1,0.056,1,1,0.211,0.895,0.993,0.909,0.393,1,0.89,0.434,0.454,0,0.93,0.998,0.788,0.989,1,0.313,0.785,1,0.568,0.862,0.193,0.443,0.944,1,0.216,1,0.233,0.318,0.863,0.708,0.169,1,0.388,0.969,0.99,0.792,0.408,0.543,0.04,1,0.746,1,1,1,0.998,0.994,0.635,0.488,0.017,0,1,0.943,0.033,0.985,0.023,0.524,0.794,0.398,0.607,0.001,1,0.839,0.131,0.994,0.466,0.439,0.436,0.465,0.009,0.085,0.997,0.34,0.077,0.147,0.378,0.942,0.625,0.996,0.432,0.846,0.223,1,0.688,1,0.017,0.598,0.328,0.003,1,0.992,1,0.212,1,1,0.891,0.002,0.001,0.288,1,0.474,0.701,0.999,0.011,0.737,0.005,0.881,0.561,0.785,0.267,0.959,0.341,0.025,0.655,1,0.996,0.482,0.519,0.792,0.236,0.622,0.382,0.999,0,0.531,0.803,0.001,1,0.483,0.439,0.378,0.833,0.959,0.954,0.607,0.987,0.149,0.593,0.99,0.447,0.983,0.287,0.021,1,0.423,0.689,0.659,0.093,0.568,0.966,0.495,0.76,0.702,0.417,0.959,1,0.389,0.99,0.62,0.633,0.215,0.003,0.335,0.991,0.819,0.747,0.218,1,0.158,0.338,0.996,0.998,0.375
