0.033,0.993,0.82,0.01,0.074,0.436,0.322,0.999,0.308,0.025,0.653,0.204,0.902,0.947,0.108,0.085,0.978,0.026,0.535,0.001,0.044,0.963,0.106,0.882,0.294,0.99,0.031,0.993,0.009,0.964,0.053,0.871,0.02,0.068,0.481,0.993,0.483,0.048,0.75,0.929,0.981,0.999,0.015,0.404,0.989,0.995,0.025,0.971,0.988,0.306,0.036,0.065,0.995,0.998,0.909,0.86,0.976,0,1,0.001,0.052,0.997,0.996,0.022,0.975,0.838,0.112,0.058,0.99,0.406,0.841,0.585,0.511,0.982,1,0.98,0.998,0.819,0.996,0.622,0.874,1,0.183,1,0.851,0.959,0.033,0.008,0.944,0.237,0.443,1,0.073,0.858,0.521,0.101,0.953,0.091,0.995,0.075,0,0.82,0.017,0.996,0,0.076,0.03,0.862,0.009,0.895,0.932,0.594,1,0.991,0.996,0.53,0.006,0.217,0.078,0.698,0.969,0.979,1,0.974,0.999,0.962,0.748,1,0.591,0.812,0.935,0.049,0.933,0.95,0.216,0.995,0,0.923,0.764,0.531,0.243,0,0.254,0.671,0.048,0.013,0.004,0.09,1,0.998,0.971,0.003,0.757,0.297,0.091,0.334,0.978,0.083,0.995,0.032,0.928,0.95,0.984,1,0.118,0.165,0.09,1,0.822,0.808,0.159,0.648,0.982,0.346,0.666,0.562,0.49,0.846,0.497,0.959,0.264,0.73,1,0.929,0.116,0.907,0.064,1,0.998,0.961,0.803,0.08,0.125,0.879,0.993,0.008,0.121,0.997,0.016,1,0.763,0.691,0.965,0.996,0.095,0.019,0.217,0.925,0.84,0.009,0.197,0.997,0.995,0.986,1,0.001,0.103,0.023,0.001,0.885,0.998,0.893,0.507,0.569,0.913,0.17,0.931,0.759,0.021,0.141,0.717,0.444,0.969,0.02,0.449,0.551,0.837,0.207,0.998,0.984,0.586,0.996,0.854,0.581,0.969,0.606,0.051,0.012,0.026,1,0.336,0.666,0,0.029,0.524,0,0.934,0.613,0.077,0.949,0.981,0.013,0.958,0.983,0.594,0.967,0,0.995,0.962,0.386,0.301,0.777,0.997,0.997,0.553,0.92,0.04,0.992,0.994
0.979,0.01,0.01,0.987,0.969,1,0.113,0.257,0.241,0.998,1,0.922,0.001,0.924,1,0.993,0.95,1,0.538,0.986,0.776,0.052,0.769,0,0.305,0,1,0.996,0.994,0.001,0.981,0.861,0.635,0.066,0.991,0.01,0.432,0.058,0.508,0.838,0.011,0.122,0.998,0.792,0.99,0.976,0.026,0.972,0.563,0.977,0.997,0.996,0.995,0.952,0.588,0.986,0.356,0.132,0.987,0.874,0.957,0.998,0.998,0.998,0.012,0.995,0.961,0.881,0.988,0.415,0.404,0.707,0.956,0.43,1,0.959,0.995,0.32,0.975,0.844,0.224,0.876,0.792,0.146,0.24,0.01,1,0.152,0.908,0.996,0.996,1,0.144,0.994,0.166,0.269,0.366,0.997,0.995,0.102,0.898,1,0.998,0.065,0.948,0.991,0.634,0.864,0.308,0.033,0.934,0.54,0.998,0.111,0.026,0.466,0.995,0.683,0.997,0.2,0.966,0.861,0.979,0.141,0.003,0.96,0.689,0.998,0.973,0.639,0.992,0.244,0.11,0.304,1,0.134,0.02,0.957,0.91,0.985,0.995,0.001,0.995,0.761,0.051,0.995,0.967,0.127,0.665,0.992,0.001,0.058,0.743,0.997,0.994,0.998,0.992,0.083,1,0.469,0.01,0.997,0.212,0.923,0.122,1,0.001,0.231,0.932,0.927,1,0.656,0.644,0.212,0.689,1,0.339,0.14,0.062,0.972,0.267,0.707,0.966,0.927,0.792,0.908,1,0.957,0.998,0.691,0.896,1,0.787,0,0.987,0.966,0.147,0.129,1,1,0.011,0.416,0,0.993,1,0.761,0.989,0.001,0.011,0.994,0.913,0.039,0.012,0.974,1,0,0.931,0.933,0.017,0.826,0.999,0.96,0.754,0.652,0.929,1,0.792,0.005,0.993,0.016,0,0.24,0.023,0.71,0.409,0.71,0.753,0.15,0.979,0.149,0.572,0.995,0.072,0.653,0.995,0.619,0.792,0.007,0.784,1,0.08,0.823,0.926,0.012,0.642,0.507,0.848,0.66,0.885,0.166,0.348,0.008,0.96,0.98,0.607,0.649,0.715,0.194,0.924,0.828,0.381,0.825,0.05,0.997,1,0.154,0.159,0.052,0.009
0.936,0.995,0.814,0.008,0.586,1,0.108,0.059,0.825,0.018,0.999,0.943,0.881,0.082,0.966,0.998,0.981,0.998,0.802,0.003,0.941,1,0.868,0,0.702,0.993,1,0.01,0.007,0.001,0.035,0.117,0.969,1,0.696,0.991,0.841,0.274,0.899,0.481,0.993,0.986,0.019,0.555,0.012,0.987,0.019,0.204,0.626,0.997,0.034,0.724,0.008,0.998,0.536,0.996,0.881,0,1,0.004,0.07,0.007,0.021,0.983,0.001,0.999,0.993,0.914,0.992,0.915,1,0.9,0.149,0.032,0.094,0.096,0.512,0.953,0.807,0.895,0.064,0.979,0.151,1,0.539,0.99,1,0.849,0,0.103,0.655,0.997,1,0.499,0.999,1,0.797,0.029,0.782,0.998,0,1,0.998,0.008,0.01,0.993,0.982,0.301,0.912,0.026,0.001,0.738,1,1,0.998,0.363,0.008,1,0.073,1,0.585,0.974,0.226,0.377,0.773,0.626,0.248,0.758,0.982,0.758,0.044,0.863,0.981,0.718,1,0.049,0.927,0.497,0.943,0.941,0.01,0.956,0.988,0.25,1,0.996,0,0.869,1,0.271,0.156,0.965,0.661,0.802,0.414,0.586,0.996,0.289,0.327,0.86,0.018,0.995,0.962,1,0.431,0.985,0.269,0.207,0.274,0.101,0.984,0.797,0.875,0.242,0.924,0.699,0.866,0.281,0.041,0.961,0.447,0.616,0.057,0.925,0.883,0.906,0.065,0.999,0.023,0.661,0.996,1,0.128,0.911,0.996,0.571,0.129,0.112,0.996,0.157,0.088,0.866,0.782,0.995,0.109,0.014,0.944,0.087,0.008,0.008,0.482,0.016,0.237,0.999,0.128,0.965,1,0.934,0.966,0.475,0.999,0.91,0.576,0.596,0.941,0.185,0.278,0.723,0.997,0.992,0,0.836,0.003,0.991,0.249,0.491,0.599,0.6,0.996,0.162,0.534,0.995,0.663,0.603,0.479,0.584,1,0.978,0.32,0.999,0.46,0.246,0.004,0.909,0.931,0.907,1,0.702,0.824,0.955,0.863,0.996,0.95,0.871,0.572,0.583,0,0.994,0.966,0.886,1,0.695,0.047,0.014,0.86,0.992,0.991,0.011,0.009
0,0.993,0.262,0.994,0.964,0.867,0.183,0.998,0.944,0.999,1,1,0.897,0.434,0.105,0.98,0.985,1,0.611,0.984,0.951,1,0.065,0.197,0.669,0.004,1,0.014,0.004,0.179,0.023,0.527,0.237,0.052,0.661,1,0.657,0.881,0.754,0.915,0.991,1,0.027,0.573,0.996,0.998,0.943,0.747,0.959,0.012,1,0.04,0.009,0.998,0.638,0.36,0.6,0.001,1,0.89,1,0.995,0.998,0.606,0.968,1,1,0.252,0.007,0.206,0.42,0.593,1,0.837,1,0.001,0.784,0.172,0.473,0.013,0.887,0.974,0.801,0.123,0.748,0.003,0.051,0.819,0.951,0.017,0.118,0.06,1,0.195,0.982,0.645,0.97,0.04,0.006,0.998,0,0.997,0.011,0.992,0.934,0.018,0.849,0.001,0.936,0.114,0.931,0.534,1,0.228,0.019,0.536,0.997,0.211,0.903,0.13,0.904,0.982,1,0.124,0.992,0.006,0.665,0.852,0.967,0.019,0.076,0.62,0.998,0.123,0.163,0.922,0.005,0.816,1,0.738,0.256,0,0.997,0.382,0.999,0.994,0,0.855,0.972,0.856,0.978,0.989,0.791,0.687,0.979,1,0.992,0.072,0.12,0.554,0.847,0.031,0.097,0.907,1,0.15,0.082,0.803,0,0.97,1,0.556,0.252,0.289,0.592,1,0.369,0.968,0.936,0.328,0.932,0.513,1,0.912,0.223,0.914,0.052,0.718,0.997,0.911,0.985,0.999,0.143,0.007,0.021,0.995,0.899,0.065,0.998,0.966,0.092,0.849,0.001,0.953,1,0.99,0.91,0.585,0.355,0.011,0.593,0.018,0.009,0.996,0.144,0.003,0.711,0.111,0,0.793,0.465,0.955,0.699,0.808,0.235,0.568,0.295,0.442,0.888,0.989,0.937,0.756,0.008,0.008,0.909,0.617,0.607,0.998,0.011,0.163,0.433,0.988,0.949,0.556,0.856,0.507,1,0.977,0.102,1,0.561,0.571,0.938,0.93,0.607,0.02,0.072,0.703,0.526,0.249,0.982,0.992,0.959,0.998,0.822,0.675,0,0.555,0.017,0.913,0.216,0.716,1,0.998,0.976,0.951,0.993,0.02,0.993
0.001,0.043,0.344,0.018,0.937,0.296,0.159,1,0.799,0.997,0.97,0.136,0.657,0.97,0.087,0.998,0.298,0.066,0.456,0.002,0.009,0.063,0.654,0,0.677,0.01,0.041,0.013,0.039,0.089,0.999,0.397,0.997,0.061,0.999,0.993,0.494,0.044,0.742,0.514,0.011,1,0.998,0.796,0.01,0.995,0.036,0.935,0.694,0.995,0.99,0.022,0.003,0.073,0.527,0.646,0.967,0.799,0.23,0.874,0.994,0.015,0.028,0.966,0.145,0.994,0.999,0.97,0.999,0.956,0.342,0.737,0.238,0.624,0.065,0.003,0.6,1,0.698,0.055,0.077,0.998,0.94,1,0.045,0.003,0.047,0.833,0.947,0.806,0.997,1,0.099,0.203,0.995,0.066,0.666,0.997,0.995,0.696,0.945,1,0.985,0.289,0.95,0.994,0.525,0,0.943,0.026,0.002,0.756,0.995,1,0.012,0.56,0.995,1,0.999,1,0.752,0.688,0.996,0.85,0.997,0.082,0.665,0.322,0.97,0.949,0.894,0.909,0.98,0.542,1,0.035,0,0.84,0.249,0.603,0.991,0.001,0.995,0.508,0.034,0.995,0,0.867,0.294,0.006,0,0.003,0.536,0.819,1,1,0.403,1,0.952,0.181,0.914,0.014,0.998,0.297,1,0.998,0.002,0.021,0.958,0.082,0.557,0.554,0.998,0.971,0.7,1,0.858,0.126,0.178,0.923,0.582,0.455,0.085,0.911,0.978,0.901,0.057,0.985,1,0.689,0.338,0.059,0.828,0,0.995,0.004,0.127,0.075,0.025,1,0.994,0.637,0.132,0.288,0.994,0.939,0.855,0.916,0.013,0.945,0.898,0.02,0.011,0.977,1,0.962,0.993,0,0.002,0.323,0.998,0.6,0.984,0.627,0.037,0.463,0.074,0.727,0.998,0.995,0.052,0.119,0,0.958,0.086,0.601,0.593,0.952,0.999,1,0.623,0.461,0.142,0.551,0.68,0.565,0.397,0.991,0.856,1,0.219,0.959,0,0.921,0.716,0.133,0.993,0.947,0.118,0.854,0.219,0.996,0.959,0.981,0.724,0.697,0,0.996,0.057,0.919,0.98,0.702,1,0.1,0.893,0.707,0.813,0.079,0.003
0.956,0.996,0.696,0.994,0.05,0.17,0.102,0.535,0.778,0.955,0.991,0.056,0.001,0.974,0.094,0.024,0.986,0.207,0.47,0.98,0.825,0.314,0.068,0,0.914,0.006,0.98,0.999,0.997,0.062,0.998,0.523,0.997,1,0.806,0.984,0.715,0.86,0.423,0.865,0.997,0.128,0.989,0.318,0.995,0.994,0.999,0.972,0.892,0.057,0.999,0.998,0.011,0.998,0.56,0.928,0.712,0.813,0.019,0.89,0.066,1,0.997,0.033,0.838,1,0.844,0.997,0.879,0.925,0.138,0.755,0.969,0.907,1,0.966,1,1,0.042,0.89,0.968,1,0.962,0.82,0.864,0.005,1,0.75,0.939,0.996,0.998,1,0.027,0.434,0.996,0.061,0.589,0.998,0.01,0.939,0,0.999,0.016,0.996,0.936,0.008,0.998,0,0.946,0.882,0.952,0.796,0.346,0.094,0.998,0.472,0.986,1,0.162,0.124,0.975,0.963,0.937,0.137,0.988,0.95,0.22,0.123,0.969,0.925,0.055,0.018,0.376,0.081,1,0.918,0.001,0.969,0.999,0.633,0.561,0.968,0.013,0.934,0.952,0.008,0.967,0.867,0.496,0.006,0.974,0.964,0.044,0.899,0.994,1,0.031,0.076,1,0.026,0.953,0.972,0.996,0.467,0.998,1,0.002,0.481,0.012,0.084,0.999,0.655,0.941,0.459,0.698,0.953,0.172,0.994,0.9,0.419,0.176,0.396,0.12,0.918,0.024,0.897,0.059,0.504,0.169,0.682,0.998,1,0.726,0.457,0.013,0.993,0.122,0.89,0.999,1,0.058,0.272,0.967,0.008,0.992,0.02,0.896,0.21,0.99,0.995,0.723,0.996,0.992,0.162,1,0.971,0.127,0.932,0,0.108,0.971,0.888,0.984,0.575,0.999,1,0.735,0.741,0.018,0.995,0.346,0.576,0.978,0.371,0.391,0.537,0.922,0.592,0.013,0.135,0.786,0.31,0.517,0.537,0.925,0.594,1,0.994,0.406,1,0.867,0.881,0.799,0.938,0.64,0.077,0.123,0.589,0.19,0.935,0.216,0.996,0.946,0.432,0.751,0.468,0.678,0.999,0.038,0.612,1,0.34,0.052,0.997,0.355,0.228,0.993,0.907,0.394
0.952,0.648,0.018,0.994,0.897,1,0.2,0.997,0.837,0.998,1,0.997,0.914,0.973,0.078,0.48,0.015,1,0.755,0.994,0.79,0.9,0.066,0.035,0.434,0.008,1,0.966,0.004,0.054,0.472,0.111,0.067,0.068,0.895,0.012,0.611,0.115,0.558,0.841,0.997,0.98,0.997,0.641,0.99,0.998,0.919,0.002,1,0.025,1,0.999,0.995,0.998,0.541,0.994,0.864,0.068,0.991,0.001,0.924,0.013,0.998,0.998,0.064,0.997,0.761,0.326,0.994,0.959,0.167,0.692,0.995,0.937,1,0.967,0.97,0.142,0.362,0.52,0.067,1,0.315,0.435,0.032,0.008,0.035,0.643,0.943,0.174,0.976,0.057,0.997,0.204,0.01,0.871,0.378,0.993,0.078,0.063,0.016,0.996,0.993,0.995,0.944,0.009,0.999,0.855,0.955,0.118,0.18,0.817,0.998,0.113,0.998,0.431,0.013,1,0.098,0.125,0.968,0.979,0.294,0.826,0.008,0.953,0.879,0.114,0.919,0.928,0.163,0.784,0.934,0.471,0.159,0.179,0.942,0.918,0.983,0.822,0.338,0,0.994,0.561,0.524,0.991,0,0.793,0.997,0.993,0.973,0.798,0.437,0.319,1,1,0.146,0.165,0.998,0.144,0.998,0.013,0.458,1,1,0.16,0.973,0.999,0.935,0.085,1,0.604,1,0.426,0.709,0.799,0.128,0.996,0.067,0.969,0.309,0.897,0.993,0.916,0.028,0.027,1,0.572,0.999,0.618,0.85,0.971,1,0.008,0.981,0.998,0.126,1,0.995,0.881,0.003,0.48,0.97,0.009,0.173,0.985,1,0.113,0.241,0.009,0.532,0.935,0.995,0.966,0.122,0.984,0.124,0.91,0.969,0.249,0.998,0.853,0.495,0.61,0.946,0.955,0.915,0.148,1,0.179,0.002,0.999,0.975,0.018,0.855,0.859,0.695,1,0.996,1,0.549,0.174,0.42,0.603,0.97,0.517,0.974,0.004,0.972,0.975,0.689,0.025,0.863,0.578,0.664,0.883,0.135,0.9,0.34,0.465,0.237,0.993,0.003,0.635,0.539,0.777,0,0.999,0.554,0.435,0.23,0.355,0.064,0.011,0.863,0.549,0.995,0.943,0.995
0.349,0.984,0.158,0.995,0.275,0.615,0.101,0.998,0.673,0.996,1,0.963,0.916,0.014,1,0.017,0.147,1,0.689,0.012,0.95,0.06,0.941,0,0.397,0.985,1,0.018,0.009,0.001,0.996,0.508,0.993,0.088,0.646,0.016,0.526,0.063,0.852,0.814,0.009,1,0.028,0.516,0.011,0.01,0.029,0.969,0.572,0.997,0.099,0.015,0.995,0.218,0.651,0.25,0.516,0.069,0.994,0.178,0.065,0.011,0.017,0.029,0,0.054,0.046,0.019,0.01,0.388,0.182,0.597,1,0.801,0.089,0.001,0.771,0.391,0.96,0.439,0.223,0.994,0.151,0.105,0.881,0.006,0.943,0.92,0,0.984,0.987,1,0.036,0.917,0.009,0.999,0.359,0.995,0.997,0.954,0.104,0.214,0.063,0.01,0,0.006,0.998,0,0.087,0.021,0.947,0.598,0.853,0.17,0.998,0.428,0.35,0.373,1,0.133,0.491,0.004,0.198,0.114,0.918,0.958,0.522,0.875,0.724,0.931,1,0.785,0.88,0.569,0.465,0.166,0.794,0.59,1,0.733,0.871,0.159,0.008,0.593,0.999,0.009,0.964,0.867,0.616,0.994,0.987,0.994,0.926,0.797,0.374,1,0.023,1,1,0.039,0.013,0.978,0.002,0.214,0.975,1,0.936,0.152,0.04,0.068,0.957,0.552,0.437,0.662,0.723,0.627,0.622,0.87,0.888,0.002,0.662,0.658,0.902,0.21,0.022,0.543,1,0.654,0.999,0.688,0.967,0.803,0.181,0.919,0.006,0.184,0.129,0.948,0.996,1,0.007,0.888,0.97,0.017,1,0.998,0.586,0.1,0.011,0.014,0.908,0.187,0.003,0.193,0.763,0.971,0.998,0.914,0.001,0.817,0.999,0.883,0.979,0.65,0.04,0.349,0.911,0.745,0.998,0.032,0.943,0.817,0.973,0.009,0.893,0.763,0.617,0.936,0.999,0.147,0.451,0.257,0.593,0.596,0.574,0.65,0.997,0.006,0.911,1,0.966,0.617,0.931,0.958,0.585,0.904,0.332,0.584,0.774,0.388,0.246,0.992,0.947,0.848,0.632,0.62,0,0.998,0.953,0.256,1,0.762,0.096,0.995,0.968,0.168,0.996,0.006,0.009
0.965,0.021,0.843,0.008,0.876,0.926,1,0.996,0.423,0.97,0.998,0.181,0.133,0.001,0.108,0.177,0.005,1,0.742,0.329,0.024,0.042,0.066,0.813,0.446,0.004,1,0.742,0.004,0.969,0.045,0.872,0.999,1,0.7,0.993,0.537,0.234,0.397,0.951,0.991,1,0.962,0.407,0.992,0.996,0.998,0.974,0.853,0.994,0.024,0.015,0.006,0.015,0.671,0.348,0.961,0.815,0.239,0.886,0.912,0.01,0.026,0.067,0.969,0.057,0.444,0.447,0.008,0.93,0.997,0.66,0.669,0.095,1,0.974,0.431,0.969,0.131,0.854,0.169,0.451,0.959,1,0.654,0.991,0.042,0.916,0.939,0.012,0.015,1,0.998,0.821,0.997,0.055,0.662,0.999,0.989,0.095,0.109,0.382,0.985,0.013,0.952,0.01,0.046,0.843,0.588,0.998,0.264,0.647,0.023,1,0.702,0.417,0.013,0.965,0.911,1,0.959,0.961,0.227,0.659,0.994,0.967,0.611,0.199,0.959,0.006,0.849,0.411,0.129,0.791,1,0.029,0.091,0.093,0.066,0.776,0.968,0.002,0.944,0.599,0.028,0.992,0.001,0,1,0.118,0.985,0.003,0.488,0.768,0.839,1,0.04,0.999,0.931,0.027,0.998,0.964,1,0.609,0.137,1,0.975,0.965,0.355,0.843,0.997,0.659,0.96,0.962,0.606,0.993,0.003,0.962,0.361,0.154,0.262,0.389,0.182,0,0.007,0.257,0.983,0.796,0.998,0.662,0.997,0.945,0.166,0.91,0.995,0.011,0.117,0.972,0.998,0.992,0.209,0.654,0,0.999,0.103,0.094,0.801,0.428,0.009,0.993,0.293,0.979,0.995,0.078,0.154,0.91,0.387,0.926,0.957,0.084,0.996,0.942,0.988,0.604,0.96,0.923,0.058,0.096,0.032,0.991,0.003,0.921,0.976,0.996,0.839,0.723,0.941,1,0.011,0.152,0.669,0.986,0.421,0.687,1,0.555,0.048,0.997,0.998,0.075,0.187,0.708,0.008,0.777,0.663,0.001,0.271,0.753,0.738,0.903,0.224,0.012,0.009,0.419,0.76,0.623,0.002,0.997,0.562,0.923,0.24,0.991,1,0.847,0.932,0.206,0.996,0.012,0.006
0.001,0.997,0.435,0.009,0.964,0.392,0.175,0.019,0.925,0.999,1,0.997,0.906,0.95,0.097,0.286,0.982,0.973,0.998,0.984,0.224,0.959,0.084,0.01,0.71,0.003,0.048,0.012,0.003,0.381,0.265,0.419,0.014,1,0.719,0.008,0.934,0.963,0.396,0.949,0.994,0.993,0.435,0.399,0.992,0.993,1,0.981,0.753,0.01,0.929,0.997,0.996,0.998,0.473,0.246,0.767,0,0.927,0.232,1,0.995,0.244,0.998,0.981,1,0.091,0.012,0.99,0.296,0.08,0.817,0.77,0.784,0.161,0.021,0.89,0.808,0.464,0.121,0.064,0.493,0.68,0.125,0.338,0.007,0.999,0.012,0.003,0.967,0.058,0.061,0.857,0.84,0.875,0.073,0.892,0.997,0.027,0.317,0.955,0.206,0.011,0.998,0,0.029,0.201,0.005,0.042,0.998,0.918,0.615,0.997,0.134,0.369,0.706,0.008,0.995,1,0.19,0.969,0.002,0.419,1,0.997,0.953,0.47,0.419,0.966,0.083,1,0.047,0.287,0.381,0.18,0.232,0.956,0.81,0.112,0.808,0.011,0,0.01,0.275,0.032,0.112,0,0.893,0.999,0.023,0.98,0.992,0.877,0.835,0.022,0.072,0.225,0.998,1,0.146,0.987,0.058,0.995,0.98,0.994,0.152,0.951,0.043,0,0.068,1,0.592,0.549,0.78,0.909,0.195,0.362,0.087,0.928,0.117,0.387,0.877,0.071,0.047,0.97,0.801,0.036,1,0.499,0.712,0.962,0.793,0.845,0,0.996,0.993,0.118,0.137,0.998,0.118,0.996,0.817,0.899,0.011,0.977,0.998,0.233,0.001,0.01,0.993,0.752,0.109,0.024,1,0.128,0.93,0.714,0.019,0.001,0.682,0.997,0.494,0.036,0.606,0.994,0.929,0.326,0.193,0.986,0.996,0.086,0.863,0.976,0.997,0.894,0.559,0.75,0.203,0.011,0.155,0.479,1,0.846,0.562,0.976,0.635,0.056,0.928,0.622,1,0.806,0.029,0.004,0.955,0.737,0.885,0.323,0.797,0.413,0.888,0.95,0.99,0.946,0.972,0.948,0.674,0.557,0.939,0.758,0.13,0.988,0.239,0.226,0.993,0.94,0.454,0.008,0.011,0.012
0.839,0.996,0.574,0.994,0.647,0.27,0.735,0.041,0.636,0.018,0.998,0.631,0.891,0.01,0.107,0.998,0.032,0.999,0.808,0.991,0.951,0.043,0.109,0.885,0.754,0.007,0.999,0.929,0.006,0.302,0.044,0.803,0.244,0.075,0.904,0.995,0.806,0.027,0.407,0.036,0.996,1,0.043,0.765,0.006,0.586,0.996,0.001,0.429,0.134,0.024,0.012,0.993,0.998,0.545,1,0.113,0.822,0.016,0.892,0.959,0.743,1,0.988,0.967,0.066,0.066,0.223,0.992,0.121,1,0.74,0.485,0.69,1,0.976,1,0.973,0.084,0.871,0.998,0.995,0.966,1,0.846,0.008,1,0.886,0.949,0.006,0.958,1,0.651,0.974,0.996,1,0.941,0.994,0.896,1,0.953,1,0.013,0.87,0.943,0.989,0.706,0,0.936,0.999,0.941,0.567,0.988,1,0.997,0.545,0.977,0.984,1,0.124,0.89,0.976,0.997,0.986,0.997,0.822,0.697,0.343,0.594,0.917,0.598,0.917,0.114,0.641,0.999,0.961,0.948,0.901,1,0.766,0.997,0,0.907,0.837,0.994,0.01,0.969,0.828,0.977,0.178,0.979,0.318,0.919,0.324,0.994,0.918,0.994,1,0.844,0.542,0.907,0.979,0.015,0.992,1,0.584,0.001,0.823,0.96,1,0.141,0.768,0.244,0.92,0.729,0.403,0.738,0.93,0.804,0.766,0.603,0.67,0.998,0.163,0.05,0.898,0.053,0.986,0.983,0.705,0.03,0.985,0.131,0.913,0.943,0.994,1,0.078,0.996,0.114,0.004,0.104,0.954,0.996,0.306,0.862,0.722,0.921,0.996,0.386,0.381,0.247,0.998,0.075,0.141,0.977,0.396,0.816,0.955,0.037,0.011,0.002,0.983,0.65,0.871,0.886,0.829,0.75,0.997,0.016,0.94,0.27,0.975,0.864,0.722,0.48,0.852,0.847,0.088,0.164,0.649,0.198,0.461,0.554,0.737,0.621,1,0.002,0.471,1,0.948,0.456,0,0.852,0.718,0.885,0.063,0.654,0.879,0.945,1,0.004,0.958,0.954,0.884,0.417,0.784,0.996,0.759,0.334,1,0.348,0.054,0.149,0.981,0.32,0.997,0.99,0.996
0.013,0.996,0.226,0.009,0.296,0.137,0.614,0.022,0.518,0.018,0.17,0.057,0.002,0.918,0.099,0.999,0.001,1,0.616,0.004,0.849,0.925,0.105,0.069,0.329,0.002,0.048,0.018,0.993,0,0.996,0.887,0.96,1,0.474,0.007,0.588,0.998,0.815,0.882,0.008,0.998,0.006,0.986,0.994,0.022,0.951,0.655,0.679,0.022,0.999,0.998,0.958,0.581,0.601,1,0.086,0,0.576,0.855,0.052,0.98,1,0.999,0.976,1,0.065,1,0.91,0.896,0.999,0.627,1,0.98,1,0.004,0.465,1,0.913,0.872,0.995,0.996,0.287,0.104,0.823,0.005,1,0.856,0,0.013,0.034,0.967,1,0.488,0.992,0.943,0.455,0.018,0.98,1,0.951,0.263,0.994,0.01,0.931,0.004,0.019,0.863,0.179,0.999,0.936,0.713,0.094,1,0.166,0.573,0.993,0.522,0.108,1,0.972,0.978,0.185,0.111,0.989,0.015,0.542,0.136,0.939,0.94,0.687,0.758,0.764,0.929,1,0.976,0.934,0.96,0.145,0.726,0.196,0.962,0.992,0.416,0.152,0.994,0.658,0.876,0.825,0.993,0.003,0.986,0.485,0.682,0.984,0.055,0.622,1,1,0.047,0.165,0.997,0.023,0.434,0.134,1,0.964,0.997,0.924,0.999,0.143,0.647,0.989,0.479,0.67,0.877,0.793,0.495,0.65,0.953,0.143,0.764,1,0.002,0.008,0.902,1,0.707,0.997,0.674,0.975,0.342,0.125,0.286,0.993,0.992,0.992,0.071,0.023,1,0.06,0.767,0.964,0.993,0.989,1,0.485,0.265,0.036,0.009,0.707,0.999,0.992,0.986,1,0.976,0.849,0.001,0.001,0.774,0.998,0.166,0.953,0.671,0.995,1,0.111,0.394,0.017,0.996,0.001,0.075,0.97,0.087,0.129,0.653,0.661,0.952,0.998,0.148,0.518,0.038,0.384,0.555,0.947,0.502,0.031,0.005,0.025,1,0.053,0.756,0.006,0.78,0.608,0.883,0.977,0.383,0.863,0.007,0.765,0.993,0,0.845,0.739,0.673,0,0.017,0.053,0.101,0.221,0.263,0.999,0.011,0.893,0.946,0.992,0.989,1
0.094,0.997,0.282,0.994,0.454,0.998,0.097,0.939,0.692,0.995,1,0.988,0.889,0.172,0.113,1,0.983,1,0.596,0.019,0.965,0.98,0.066,0.01,0.644,0.005,0.041,0.008,0.996,0.006,0.755,0.888,0.019,1,0.801,0.022,0.533,0.995,0.443,0.956,0.996,0.139,0.99,0.817,0.024,0.998,0.043,0.959,0.368,0.994,1,0.013,0.992,0.031,0.492,0.427,0.339,0.001,0.997,0.002,0.059,0.996,0.996,0.996,0.016,0.997,0.996,0.998,0.003,0.909,1,0.687,0.999,0.8,1,0,0.395,0.934,0.919,0.082,0.634,0.967,0.518,0.114,0.019,0.008,1,0.432,0.951,0.811,0.313,1,1,1,0.993,1,0.991,0.232,0.012,0.244,0.952,0.198,0.007,0.008,0.001,0.007,0.343,0.878,0.934,0.99,0.945,0.631,0.026,0.117,0.014,0.587,0.006,0.274,0.992,1,0.954,0.976,0.992,0.291,0.947,0.888,0.56,0.632,0.978,0.919,1,0.387,0.514,0.941,0.995,1,0.09,0.098,0.065,0.708,0.974,0.959,0.042,0.457,0.034,0.994,0.976,0.869,1,0.009,0.683,0.014,0.855,0.855,0.176,0.094,0.868,1,1,0.339,0.906,0.994,0.969,0.989,0.225,0.602,0.988,0.607,0.95,0.982,1,0.632,0.213,0.401,0.617,0.982,0.892,0.992,0.745,0.217,0.156,0.616,0.067,0.003,0.972,0.887,1,0.461,0.948,0.783,0.983,0.959,0.129,0,0.993,0.009,0.364,1,0.031,0.093,0.994,0.702,0.151,0.999,0.109,0.98,0.975,0.025,0.978,0.996,0.897,0.195,0.994,0.918,0.999,0.972,0.295,0.925,0.962,0.85,0.998,0.918,0.987,0.621,0.03,0.223,0.155,0.725,0.989,0.993,0.953,0.054,0,0.996,0.885,0.544,0.637,0.502,0.013,0.998,0.53,0.996,0.31,0.547,0.985,0.554,0.038,0.974,0.873,1,0.052,0.924,0,0.849,0.81,0.894,0.204,0.51,0.351,0.902,0.353,0.995,0.96,0.63,0.646,0.935,0.849,0.017,0.955,0.228,0.932,0.446,0.062,0.982,0.997,0.178,0.487,0.985,0.995
0.001,0.021,0.824,0.085,0.947,0.887,0.893,0.832,0.282,0.939,1,0.887,0.921,0.612,0.077,0.984,0.005,1,0.968,0.989,0.884,0.217,0.076,0,0.337,0.991,0.038,0.997,0.979,0.974,0.943,0.704,0.998,1,0.81,0.014,0.634,0.989,0.69,0.711,0.999,0.137,0.84,0.475,0.425,0.035,0.025,0.974,0.827,0.016,0.792,0.012,0.993,0.899,0.677,0.917,0.786,0,0.187,0.613,0.068,0.991,0.999,0.029,0.969,1,0.048,0.989,0.004,0.783,0.146,0.85,0.438,0.843,0.065,0.963,1,0.966,0.096,0.319,1,1,0.314,0.114,0.846,0.005,1,0.011,0.944,0.965,0.994,0.999,0.22,0.661,0.008,1,0.813,0.998,0.996,0.088,0.94,1,0.991,0.015,0.952,0.996,0.998,0.751,0.472,0.027,0.938,0.602,0.199,0.489,0.994,0.476,0.994,1,0.998,0.146,0.965,0.032,1,0.572,0.502,0.962,0.443,0.335,0.971,0.356,0.05,0.901,0.971,0.022,0.172,0.998,0,0.169,0.792,0.671,0.036,0.974,0.616,0.719,0.108,0.006,0,0.869,0.165,0.993,0.975,0.006,0.083,0.58,0.552,0.902,0.982,0.104,1,0.617,0.988,0.998,0.989,0.385,0.991,0.219,0.004,0.985,0.951,0.067,1,0.622,0.482,0.676,0.708,0.999,0.01,0.902,0.073,0.962,0.61,0.548,1,0.005,0.39,0.91,0.065,1,0.996,0.814,0.988,0.969,0.151,0.029,0.013,0.008,0.998,0.964,0.996,0.361,0.016,0.148,0.007,0.995,0.991,0.997,0.311,0.33,0.995,0.995,0.802,0.485,0.985,0.937,1,0.018,0.942,0.002,0.948,0.528,0.996,0.904,0.006,0.605,0.116,0.902,0.043,0.75,0.997,0.995,0.092,0.997,0.002,0.582,0.645,0.751,0.835,0.887,0.991,0.986,0.676,0.03,0.486,0.585,0.65,0.626,1,0.953,0.292,0.075,0.045,0.393,0,0.843,0.764,0.246,0.999,0.983,0.304,0.778,0.241,0.994,0.958,0.872,0.648,0.839,0.807,0.998,0.579,0.106,1,0.481,1,0.034,1,0.869,0.987,0.991,0.996
0.001,0.017,0.036,0.996,0.97,0.993,0.992,1,0.767,0.739,0.891,0.977,0.807,0.982,0.103,0.993,0.987,0.042,0.952,0.002,0.283,0.219,0.134,0.903,0.635,0.009,0.19,0.01,0.005,0.004,0.986,0.764,0.999,0.93,0.758,0.999,0.635,0.303,0.993,0.879,0.015,0.923,0.996,0.595,0.994,0.996,0.03,0.976,0.433,0.993,0.54,0.993,0.009,0.999,0.774,0.883,0.886,0,0.796,0.892,0.049,0.999,0.999,1,0.968,1,0.987,0.035,0.004,0.433,0.386,0.8,0.964,0.921,1,0.001,0.999,0.165,0.995,0.86,0.952,0.367,0.668,0.999,0.683,0.989,0.999,0.908,0.94,0.997,0.025,0.047,1,0.395,0.609,0.176,0.325,1,0.014,0.186,0.003,0.225,0.994,0.974,0.934,0.007,0.999,0,0.96,0.998,0,0.586,0.025,0.1,0.999,0.429,0.003,0.76,0.062,0.142,0.917,0.002,0.239,0.885,0.008,0.927,0.65,0.113,0.344,0.929,1,0.265,0.712,0.961,0.997,0.842,0.111,0.463,0.568,0.501,0.993,0.973,0.997,0.676,0.031,0.993,0.919,0,0.331,0.996,0.001,0.959,0.746,0.391,1,0.395,0.028,1,0.612,0.026,0.978,0.998,0.039,0.696,1,1,0.007,0.507,0.955,0.967,0.379,0.63,1,0.731,0.764,0.906,0.87,0.862,0.839,0.805,0.327,0.508,0.538,0.02,0.228,0.903,0.997,0.684,1,0.593,0.959,1,0.631,0.912,0.027,0.992,0.976,0.964,0.013,1,0.989,0.194,0.978,0.007,1,0.026,0.233,0.069,0.987,0.008,0.903,0.998,0.005,0.985,0.142,0.973,0.968,0.143,0.933,0.325,0.999,0.011,0.988,0.781,0.992,0.725,0.156,0.746,0.027,0.668,0.717,0.027,0.04,0.983,0.026,0.467,0.617,0.993,0.959,0.147,0.64,0.063,0.345,0.606,1,0.607,1,0.005,0.842,1,0.907,0.675,0.003,0.107,0.635,0.195,0.957,0.455,0.872,0.103,0.95,0.994,0.954,0.935,0.602,0.628,0,0.994,0.955,0.901,0.219,0.986,1,0.998,0.998,0.943,0.994,0.982,0.998
0.967,0.995,0.757,0.996,0.303,0.135,0.11,0.994,0.961,0.015,1,0.867,0.188,0.918,0.967,1,0.594,0.999,0.712,0.001,0.926,0.999,0.606,0,0.644,0.005,1,0.058,0.973,0.615,0.032,0.699,0.021,0.064,0.717,0.005,0.648,0.569,0.67,0.803,0.993,0.916,0.998,0.912,0.998,0.079,0.032,0.98,0.532,0.997,1,0.996,0.992,0.998,0.465,0.104,0.169,0,0.255,0,0.054,0.992,0.999,0.065,0.006,0.923,1,0.998,0.006,0.97,0.937,0.811,1,0.875,1,0.961,0.973,0.373,0.985,0.87,0.93,0.309,0.25,1,0.842,0.008,1,0.933,0.942,0.991,0.262,0.87,0.79,0.991,0.995,0.061,1,0.206,0.014,0.172,0.067,0.211,0.973,0.994,0.389,0.01,0.981,0.876,0,0.05,0.932,0.716,0.994,0.1,0.998,0.557,0.988,0.586,0.688,0.126,0.967,0.964,0.242,0.14,0.994,0.937,0.234,0.799,0.42,0.859,1,0.069,1,0.07,0.174,0.167,0.957,0.855,0.052,0.626,0.491,0.967,0.013,0.203,0.89,0.992,0.971,0.876,0.206,0.019,0.867,0.008,0.677,0.989,0.332,1,0.984,1,0.13,0.064,0.48,0.904,0.975,0.504,0.163,1,0.106,0.89,0.945,0.941,0.51,0.634,0.999,0.751,0.613,0.994,0.866,0.062,0.793,0,0.144,0.7,1,0.93,0.974,0.904,0.061,1,0.298,0.657,0.997,0.174,0.993,0.899,0.994,0.007,0.999,0.904,0.022,1,0.008,0.78,0.003,0.01,0.983,0.177,0.944,0.922,0.997,0.994,0.034,0.998,0.995,0.95,0.126,0.971,0.342,0.927,0.963,0.88,0.996,0.937,0.93,0.622,0.194,0.895,0.222,0.04,0.51,0.014,0.952,0.878,0.973,0.029,0.214,0.587,0.361,0.96,0.012,0.158,0.615,0.995,0.574,0.56,0.872,0.568,0.045,0.994,0.347,0.083,0.913,0.297,0.001,0.798,0.684,0.875,0.082,0.628,0.301,0.051,0.514,0.993,0.959,0.343,0.674,0.787,0,0.077,0.893,0.921,0.207,0.854,0.999,0.996,0.872,0.152,0.997,0.94,0.004
0.956,0.011,0.824,0.998,0.009,0.993,0.222,0.999,0.793,0.998,0.999,0.141,0.915,0.954,1,0.148,0.979,0.029,0.873,0.988,0.81,0.062,0.053,0.902,0.429,0.005,1,0.997,0.996,0.095,0.971,0.158,0.998,0.061,0.557,0.995,0.46,0.218,0.484,0.916,0.998,0.993,0.329,0.998,0.993,0.996,0.88,0.967,0.334,0.095,0.999,0.012,0.992,0.01,0.775,0.062,0.086,0.785,0.943,0.886,0.061,0.988,0.982,0.999,0.002,0.068,0.997,0.703,0.993,0.58,0.436,0.95,0.326,0.859,0.059,0.981,0.869,0.739,0.337,0.915,0.47,0.999,0.755,1,0.019,0.007,0.092,0.917,0.939,0.998,0.184,0.999,1,1,0.011,0.978,0.887,0.999,0.972,0.943,0.009,0.465,0.011,0.007,0.935,0.005,0.872,0,0.009,0.446,0.002,0.623,1,0.103,0.997,0.446,0.869,0.973,0.077,1,0.912,0.272,0.493,0.83,0.997,0.906,0.661,0.758,0.818,0.929,1,0.89,0.965,0.781,0.896,0.989,0.937,0.203,0.115,0.592,0.008,0.973,0.997,0.591,0.036,0.994,0.966,0.879,0.447,0.015,0.973,0.967,0.455,0.483,0.998,0.044,0.009,0.25,0.676,0.545,0.874,0.08,0.908,0.922,0.734,0.14,0.131,0.978,0.922,0.709,0.691,0.668,0.999,0.503,0.752,0.08,0.871,0.314,0.618,0.964,0.158,0.692,0.989,0.884,0.975,0.893,0.055,0.626,0.999,0.777,0.997,1,0.133,0,0.071,0.996,0.143,0.606,0.999,1,0.993,0.662,0.799,0.999,1,0.471,1,0.917,0.986,0.992,0.817,0.97,0.011,0.696,1,0.049,0.956,0,0.969,0.102,0.998,0.633,0.993,0.658,0.099,0.732,0.87,0.763,0.987,0.03,0.952,0.151,0,0.993,0.822,0.506,0.591,0.21,0.009,1,0.433,0.033,0.096,0.578,0.958,0.545,0.037,0.989,0.998,0.213,0.034,0.919,0.894,0.085,0.714,0.909,0.939,0.842,0.855,0.866,0.242,0.996,0.051,1,0.799,0.473,0.009,0.999,0.97,0.429,1,0.74,0.331,0.995,0.114,0.26,0.008,0.034,0.008
0.977,0.998,0.847,0.009,0.642,0.071,0.982,0.521,0.753,0.765,0.163,0.042,0.931,0.975,0.093,0.998,0.977,1,0.777,0.978,0.522,0.902,0.119,0.903,0.301,0.004,0.043,0.936,0.991,0.983,0.949,0.638,0.956,0.079,0.648,0.013,0.596,0.996,0.726,0.956,0.995,0.455,0.996,0.873,0.988,0.906,0.024,0.982,0.58,0.011,0.033,0.08,0.997,0.015,0.712,0.891,0.474,0.82,0.104,0.858,0.069,0.008,0.026,0.037,0.977,1,0.994,0.942,0.993,0.061,0.974,0.607,0.844,0.033,1,0,0.713,0.139,0.993,0.888,0.766,0.34,0.898,0.11,0.265,0.013,0.999,0.041,0.015,0.011,1,0.999,0.979,0.515,0.008,0.824,0.356,0.019,0.996,0.073,0.946,0.212,0.009,0.548,0.853,0.994,1,0,0,0.998,0.943,0.708,0.99,0.112,0.996,0.579,0.009,0.819,0.526,1,0.34,0.089,0.991,0.976,0.01,0.032,0.985,0.886,0.259,0.562,0.999,0.074,0.146,0.68,1,0.813,0.945,0.948,0.069,0.721,0.994,0.004,0.996,0.403,1,0.993,0.973,0.861,0.997,0.991,0.976,0.993,0.092,0.885,1,0.049,0.981,0.085,0.991,0.569,0.719,0.977,0.967,0.942,0.866,1,0.949,0.987,0.491,0.985,0.998,0.569,0.683,0.441,0.586,0.094,0.793,0.975,0.942,0.966,0.278,0.223,0.595,0.912,0.22,0,0.997,0.972,0.999,0.775,0.016,0.375,0.13,0.893,0.996,0.037,1,1,1,1,0.988,0.803,0.938,0.995,0.109,0.998,0.691,0.004,0.997,0.991,0.884,0.031,0.997,0.361,0.996,0.967,0.558,0.923,0,0.909,0.947,0.947,0.014,0.654,0.025,0.999,0.09,0.384,0.179,0.996,0.949,0.009,0.973,0.021,0.917,0.465,0.996,0.938,0.989,1,0.553,0.017,0.332,0.61,0.88,0.548,0.042,0.993,0.542,0.067,0.81,0.668,0,0.613,0.694,0.913,0.983,0.629,0.737,0.65,0.998,0.993,0,0.743,0.519,0.673,0.707,0.718,0.5,0.365,0.223,0.409,0.949,0.013,0.958,1,0.993,0.025,0.992
0.969,0.012,0.686,0.006,0.871,0.971,0.964,0.749,0.842,0.997,1,0.056,0,0.956,0.117,0.997,0.849,1,0.838,0.991,0.071,0.043,0.054,0.022,0.588,0.004,0.033,0.009,0.997,0.018,1,0.247,0.99,0.061,0.855,0.008,0.559,0.796,0.726,0.101,0.023,0.954,0.994,0.862,0.005,0.059,0.996,0.973,0.97,0.996,1,0.997,0.997,0.999,0.682,1,0.654,0.82,0.027,0,0.976,0.013,0.999,0.993,0.975,0.996,0.042,0.996,0.006,0.456,0.955,0.727,0.998,0.257,0.078,0.979,0.871,1,0.534,0.889,0.179,0.988,0.143,1,0.035,0.074,0.999,0.017,0,0.993,0.106,1,0.977,0.984,0.995,0.976,0.663,0.995,0.013,1,0.947,0.263,0.979,0.994,0.111,0.009,0.201,0.859,0.942,0.025,0.071,0.849,0.121,0.984,0.999,0.476,0.995,0.218,1,1,0.013,0.197,0.221,0.899,0.008,0.06,0.338,0.247,0.981,0.926,0.043,0.855,0.126,0.088,0.999,0.978,0.001,0.886,0.088,0.585,0.015,0.966,0.994,0.645,0.995,0.994,0,0.878,0.939,0.992,0.976,0.955,0.951,0.999,0.049,0.256,0.011,1,0.946,0.195,0.109,0.991,0.998,0.514,0.162,0.859,0.921,0.998,0.95,1,1,0.628,0.255,0.774,0.624,0.986,0.278,0.02,0.813,0.961,0.284,0.262,0.988,0.913,0.951,0,0.061,1,0.996,0.627,0.992,0.972,0.147,0.909,0.011,0.006,0.999,0.999,1,1,0.074,0.666,0.062,0.971,0.82,0.999,0.24,0.046,0.051,0.996,0.032,0.605,0.006,1,1,0.087,1,0.889,0,0.746,0.99,0.95,0.981,0.642,0.032,0.869,0.415,0.741,0.712,0.995,0.946,0.87,0,0.966,0.926,0.644,0.761,0.684,0.01,0.174,0.659,0.987,0.883,0.555,0.771,0.627,0.034,0.952,0.203,1,0.945,0.32,0.854,0.945,0.563,0.85,0.964,0.443,0.516,0.927,0.241,0.012,0.956,0.788,0.763,0.742,0.698,0.01,0.162,0.189,0.22,0.507,1,0.08,0.932,0.909,0.338,0.108,0.992
0.057,0.971,0.026,0.012,0.963,0.993,1,0.959,0.728,0.998,0.156,0.242,0,0.945,1,0.035,0.072,0.781,0.439,0.982,0.57,0.051,0.718,0.885,0.448,0.011,1,0.924,0.994,0.198,1,0.662,0.026,1,0.946,0.005,0.455,0.103,0.794,0.841,0.01,0.117,0.996,0.939,0.01,0.9,0.989,0.977,0.299,0.997,0.041,0.013,0.994,0.019,0.628,0.969,0.494,0.826,0.684,0.013,0.982,0.996,0.998,0.946,0.977,0.998,0.029,0.994,0.995,0.61,0.91,0.61,0.122,0.886,0.072,0.974,0.963,0.999,0.999,0.015,0.084,0.98,0.151,0.123,0.866,0.993,1,0.946,0.947,0.999,0.978,1,0.04,0.303,0.997,0.15,0.573,0.339,0.03,0.965,0.952,0.35,0.867,0.012,0,0.01,1,0.846,0.334,0.08,0.939,0.945,0.911,0.999,0.997,0.48,0.935,0.838,0.5,1,0.22,0.507,0.216,0.796,0.008,0.016,0.213,0.177,0.042,0.219,1,0.875,1,0.892,0.202,0.028,0.002,0.964,0.944,0.651,0.371,0.033,0.151,0.707,0.039,0.99,0.979,0.865,0.148,0.996,0.977,0.007,0.966,0.513,0.996,1,0.992,1,0.518,0.651,0.05,0.822,0.221,0.997,1,1,0.688,0.983,0.936,0.964,0.935,0.554,0.248,0.432,0.827,1,0.818,0.25,0.943,0.003,0.205,0.914,0.062,0.91,0.981,0.913,0.062,0.971,0.984,0.656,0.018,0.07,0.137,0.026,0.994,0.992,0.137,0.409,1,1,0.944,0.884,0.977,0.944,1,0.02,0.279,0.926,0.995,0.992,0.599,0.994,0.995,0.804,0.13,0.376,0.834,0.916,0,0.821,0.997,0.727,0.959,0.721,0.746,0.332,0.859,0.027,0.051,0.006,0.246,0.19,0.978,0.862,0.098,0.434,0.721,0.548,0.992,0.994,0.607,0.975,0.976,0.628,0.838,0.746,1,0.993,0.913,1,0.954,0.638,0.932,0.823,0.621,0.893,1,0.427,0.625,0.506,0.996,0.007,0.962,0.574,0.631,0.489,0.771,0.015,0.897,0.655,0.231,0.263,1,0.995,0.996,0.833,0.686,0.969,0.006
0.053,0.995,0.834,1,0.874,0.948,0.996,0.451,0.306,0.022,0.158,0.036,0.91,0.326,0.105,0.996,0.001,1,0.763,0.965,0.844,0.042,0.455,0.122,0.68,0.93,0.048,0.009,0.996,0.956,0.976,0.898,0.036,0.793,0.706,0.014,0.541,0.026,0.432,0.117,0.009,0.987,0.994,0.84,0.007,0.994,0.95,0.976,0.982,0.996,1,0.999,0.006,0.99,0.624,0.065,0.982,0.789,0.976,0,0.053,0.008,0.649,0.902,0.966,0.065,0.996,0.095,0.008,0.957,0.464,0.651,0.921,0.954,1,0.886,1,0.996,0.841,0.904,0.894,0.998,0.561,0.325,0.875,0.986,0.062,0.383,0.944,0.324,0.784,0.1,0.048,0.158,0.992,1,0.826,0.996,0.016,1,0.946,0.22,0.995,0.992,0.856,0.989,0.108,0.855,0.947,0.998,0.001,0.758,1,0.997,0.995,0.436,0.996,0.53,0.998,0.115,0.31,0.389,0.356,0.552,0.988,0.95,0.387,0.986,0.971,0.465,0.375,0.495,1,0.383,0.658,0.983,0.942,0.129,0.388,0.81,0.238,0,0.995,0.225,0.984,0.008,0.969,0,1,0.011,0.974,0.011,0.391,0.349,0.026,1,0.028,0.49,0.309,0.628,0.996,0.009,0.998,0.865,0.991,0.173,0.982,0.372,0.459,1,0.152,0.779,1,0.367,0.768,1,0.851,0.045,0.743,0.181,0.623,0.292,0.064,0.906,0.971,0.917,1,0.865,0.998,0.741,0.432,0.263,0.212,0.906,0.996,0.997,0.133,0.976,0.997,0.093,0.948,0.206,0.937,0.991,1,1,0.605,0.852,0.016,0.995,0.223,0.029,0.997,0.083,1,0.004,0.869,0.905,0.015,0.814,1,0.253,0.053,0.752,0.966,0.625,0.439,0.002,0.993,0.993,0.956,0.381,0.968,0.992,0.094,0.637,0.666,1,0.022,0.994,0.518,0.998,0.982,0.596,0.37,0.674,1,0.989,0.958,0.988,0.905,0.243,0.915,0.887,0.585,0.004,0.093,0.988,0.087,0.946,1,0.012,0,0.475,0.621,0.757,0,0.995,0.058,0.454,0.243,0.998,1,0.997,1,0.805,0.009,0.982,0.008
0,0.997,0.007,0.328,0.96,1,0.229,0.037,0.812,0.997,0.17,0.306,0.032,0.967,0.108,0.998,0.988,1,0.641,0.987,0.91,0.05,0.85,0.005,0.318,0.993,0.059,0.15,0.012,0.004,0.998,0.687,1,1,0.477,0.992,0.681,0.019,0.957,0.83,0.994,0.659,0.173,0.671,0.007,0.987,0.134,0.005,0.523,0.996,0.372,0.997,0.01,0.996,0.674,0.062,0.924,0.818,0.912,0.064,0.068,0.997,0.999,0.051,0.001,0.999,1,0.998,0.986,0.566,0.158,0.664,0.994,0.249,1,0.979,0.374,0.952,0.697,0.865,0.857,0.749,0.857,0.995,0.883,0.864,1,0.064,0.934,0.028,0.015,1,1,0.832,0.997,1,0.569,0.96,0.005,0.26,0,0.303,0.992,0.993,0.021,0.993,0.241,0.849,0.953,0.273,0.021,0.669,0.829,0.602,0.947,0.53,0.994,1,1,0.122,0.007,0.007,0.289,0.847,0.2,0.762,0.424,0.4,0.046,0.94,1,0.904,0.997,0.101,0.161,0.042,0.824,0.636,0.956,0.792,0.443,0.97,0.119,0.249,0.999,0.009,0.971,0.001,0.162,0.96,0.984,0.983,0.89,0.414,0.97,0.127,0.841,1,0.347,0.029,0.06,0.486,0.949,0.904,0.134,0.214,0.967,0.998,0.934,1,1,0.541,0.239,0.274,0.741,1,0.396,0.996,0.936,0,0.764,0.138,0.995,0.009,0.969,0.912,1,1,0.639,0.951,0.998,0.988,0.892,0.893,0.993,0.996,0.126,0.072,0.895,1,0.934,0.25,0.967,0.011,1,0.272,0.887,0.876,0.994,0.008,0.101,0.242,0.995,0.788,0.154,0.806,0.997,0.705,0.967,0.886,0.02,0.727,0.989,0.69,0.017,0.379,0.873,0.033,0.02,0.008,0.081,0.055,0.971,0.218,0.212,0.646,0.999,0.895,0.995,1,0.651,0.027,0.331,0.509,0.61,0.513,0.041,0.007,0.06,1,0.941,0.562,0,0.411,0.651,0.896,0.735,0.631,0.19,0.041,0.196,0.994,0,1,0.747,0.987,0,0.012,0.955,0.818,0.209,0.423,0.829,0.992,0.627,0.259,0.042,0.993,0.01
0.956,0.117,0.825,0.022,0.028,0.87,0.164,0.997,0.464,0.999,1,1,0.004,0.259,0.117,0.883,0.968,0.128,0.707,0.003,0.848,1,0.123,0,0.41,0.994,1,0.014,0.991,0.912,0.365,0.133,0.995,1,0.976,0.012,0.674,0.973,0.567,0.143,0.994,0.121,0.589,0.817,0.009,0.028,0.031,0.968,0.388,0.006,0.982,0.157,0.011,1,0.897,0.999,0.87,0.832,0.015,0.874,0.96,0.99,0.15,0.034,0.964,1,1,0.029,0.994,0.751,0.74,0.652,0.981,0.026,0.994,0.977,1,0.98,0.993,0.809,1,0.841,0.873,0.538,0.02,0.993,1,0.938,0.963,0.997,0.019,0.064,0.047,0.791,0.994,1,0.471,0.998,0.994,0.405,0.001,1,0.712,0.997,0.949,0.006,0.374,0,0.941,0.999,0,0.915,0.995,0.252,1,0.484,0.993,0.239,0.068,0.131,0.924,0.166,0.2,0.321,0.054,0.009,0.451,0.98,0.978,0.002,1,0.766,0.15,0.443,1,0.028,0.294,0.708,0.999,0.904,0.976,0.087,0.006,0.383,0.948,0.952,0.968,0.865,0.869,0.943,0.978,0.008,0.96,0.579,0.031,1,0.994,0.191,0.43,0.788,0.009,0.125,0.015,1,0.877,0.147,0.117,0.999,0.718,0.989,1,0.669,0.359,0.847,0.947,1,0.027,0.987,0.083,0.957,0.137,0.212,1,0.868,0.969,0,0.063,0.842,0.026,0.726,0.978,0.105,0.743,0.915,0.006,0.017,0.993,0.062,0.013,1,0.954,0.348,0.468,0.989,1,0.503,0.936,0.26,0.099,0.014,0.05,0.996,0.991,1,0.131,0.973,0.124,0.007,0.002,0.617,0.998,0.941,0.984,0.62,0.805,0.925,0.908,0.724,0.262,0.996,0.951,0.031,0.001,0.993,0.816,0.629,0.771,0.991,0.015,0.984,0.738,0.027,0.234,0.607,0.777,0.626,1,0.127,0.646,1,0.088,0.224,0.788,0.296,0.697,0.883,0.836,0.514,0.154,0.951,0.747,0.023,0.958,0.669,0.63,0.67,0.816,0.014,0.435,0.89,0.215,0.781,0.793,0.998,0.201,0.188,0.994,0.006,0.139
0.948,0.996,0.793,0.996,0.465,0.509,0.975,0.082,0.681,1,1,0.977,0.055,0,0.093,1,0.805,1,0.854,0.004,0.967,0.069,0.053,0.063,0.687,0.002,0.04,0.011,0.01,0.97,0.184,0.376,0.022,1,0.855,0.157,0.497,0.214,0.728,0.941,0.996,1,0.068,0.728,0.006,0.988,1,0.001,0.517,0.002,1,0.997,0.994,0.997,0.644,1,0.662,0.823,0.018,0.886,0.928,0.992,0.021,0.751,0.019,0.673,0.983,0.036,0.012,0.171,0.941,0.689,0.397,0.195,1,0.001,0.374,1,0.992,0.865,1,0.317,0.909,1,0.812,0.009,1,0.002,0.952,0.998,0.962,1,0.992,0.482,0.007,0.096,0.744,0.995,0.006,1,0.949,0.219,0.997,0.624,0.942,0.011,0.061,0.84,0.935,0.156,0,0.566,0.018,0.802,0.999,0.561,0.983,0.925,1,0.996,0.106,0.966,0.191,0.924,0.999,0.963,0.962,0.946,0.971,0.911,0.997,0.042,0.948,0.903,0.187,0.017,0.956,0.079,0.1,0.858,0.793,0.962,0.01,0.911,0.34,0.007,0.003,0.885,0.974,0.016,0.979,0.038,0.927,0.963,0.916,1,0.994,0.115,0.989,0.623,0.997,0.008,0.98,0.99,0.131,0.146,0.19,0.991,0.935,0.211,0.999,0.562,0.462,0.71,0.612,0.999,0.01,0.34,0.028,0.862,0.271,0.349,0.056,0,0.966,0.01,0.996,1,0.999,0.73,0.14,1,0.724,0.897,0.994,0.995,0.126,0.991,0.014,1,0.933,0.593,0.614,0.009,0.119,0.023,0.894,0.882,0.975,0.01,0.806,0.996,0.997,0.959,1,0.971,0.101,0.877,0.931,0.905,0.997,0.022,0.963,0.547,0.996,1,0.754,0.734,1,0.998,0.933,0.021,0.002,0.988,0.901,0.581,0.543,0.466,0.016,0.15,0.583,0.944,0.237,0.716,0.623,0.61,0.052,0.856,0.13,1,0.956,0.515,0,0.257,0.777,0.012,0.887,0.863,0.442,0.955,0.207,0.009,0.958,0.942,0.696,0.526,0.842,0.998,0.936,0.163,0.222,0.385,0.058,0.251,0.235,0.987,0.187,0.012,0.006
0.958,0.996,0.847,0.998,0.968,0.463,0.862,1,0.468,0.998,1,0.988,0.904,0.088,0.975,0.025,0.965,0.033,0.603,0.986,0.166,0.053,0.059,0,0.341,0.004,0.999,0.997,0.013,0.952,0.029,0.148,0.559,0.991,0.592,0.99,0.672,0.036,0.548,0.889,0.006,0.997,0.019,0.429,0.012,0.011,0.904,0.97,0.772,0.993,0.999,0.994,0.01,0.207,0.471,0.294,0.962,0.671,0.205,0.742,1,0.012,0.999,0.999,0.184,0.054,0.051,0.998,0.98,0.365,0.206,0.759,0.965,0.79,0.483,0.975,0.977,0.336,0.074,0.065,0.995,1,0.482,0.977,0.824,0.921,0.036,0.922,0,0.982,0.999,1,0.464,0.77,0.013,1,0.982,0.855,0.999,0.089,0,0.999,0.993,0.015,0.937,0.01,0.995,0.833,0.941,0.995,0.025,0.693,0.018,0.997,0.986,0.518,0.994,0.976,1,1,0.969,0.927,0.341,0.246,0.988,0.926,0.313,0.604,0.975,0.169,0.979,0.887,0.259,0.937,1,1,0,0.455,0.085,0.795,0.929,0.975,0.997,0.237,0.026,0.997,0,0.893,0.983,0.014,0.988,0.994,0.881,0.424,0.784,1,0.012,0.958,0.866,0.157,0.012,0.983,0.061,0.974,0.55,1,0.922,0.962,0.001,0.164,0.828,0.726,0.992,0.418,0.655,0.759,0.041,0.794,0.559,0.94,0.625,0.767,1,0.907,0.974,0,0.044,0.975,0.016,0.774,0.998,0.183,0.805,0.903,0.993,0.99,1,0.976,0.36,1,0.962,0.776,0.034,0.991,1,0.998,0.992,0.834,0.978,0.006,0.246,0.999,0.98,0.172,0.123,0.001,0.881,0.253,0.036,0.896,0.999,0.349,0.328,0.561,0.28,0.973,0.038,0.317,0.999,0.014,0.942,0.322,0.959,0.006,0.675,0.632,0.873,0.633,0.014,1,0.627,0.042,0.143,0.498,0.994,0.618,0.999,0.972,0.184,1,0.91,0.158,0.002,0.648,0.634,0.095,0.906,0.458,0.883,0.879,0.286,0.919,0.953,0.41,0.752,0.659,0,1,0.306,0.902,1,0.939,1,0.998,0.999,0.22,0.012,0.996,0.005
0.864,0.995,0.189,0.994,0.028,0.931,0.871,0.998,0.942,0.276,1,0.95,0.025,0.009,1,0.5,0.692,0.03,0.387,0.754,0.954,0.545,0.12,0.75,0.315,0.004,0.042,0.014,0.005,0.961,0.09,0.904,0.982,1,0.847,0.988,0.394,0.93,0.623,0.48,0.011,0.7,0.997,0.552,0.006,0.166,0.034,0.982,0.999,0.996,1,0.997,0.997,0.997,0.468,0.044,0.375,0.001,0.035,0.124,1,0.007,1,0.866,0.939,0.074,0.948,0.536,0.988,0.134,0.12,0.798,0.701,0.312,0.796,0,1,0.189,0.424,0.881,0.186,1,0.73,0.999,0.251,0.992,0.038,0.919,0,0.046,0.016,0.18,0.068,0.533,0.997,0.071,0.824,0.015,0.009,0.985,0.971,1,0.997,0.993,0.949,0.007,0.949,0.864,0.808,0.027,0,0.581,0.999,0.93,0.998,0.475,0.04,1,0.919,1,0.972,0.001,0.198,0.751,0.993,0.965,0.773,0.138,0.004,0.711,0.998,0.748,0.113,0.388,0.991,0.329,0.212,0.345,0.06,0.711,0.993,0.748,0.993,0.276,1,0.217,0.972,0.567,0.246,0.997,0.976,0.009,0.372,0.312,0.997,0.999,0.01,0.924,0.138,0.509,0.011,0.01,0.983,0.946,1,0.999,0.865,0.996,0.624,0.98,1,0.836,0.258,0.871,0.729,0.065,0.533,0.709,0.932,0.943,0.712,0.758,0.066,0.907,0.009,0,0.063,0.996,0.998,0.58,0.658,0.669,0.81,0.901,0.014,0.005,0.12,0.057,1,0.109,0.997,0.244,0.978,0.009,0.103,0.012,0.379,0.012,0.997,0.009,0.017,0.997,0.997,0.119,1,0.161,0.975,0.289,0.223,0.068,0.996,0.959,0.019,0.837,0.952,0.787,0.045,0.694,0.017,0.011,0,0.994,0,0.033,0.217,0.639,0.768,1,0.997,0.41,0.572,0.074,0.912,0.544,0.75,0.641,0.192,0.014,0.984,0.102,0.877,0.071,0,0.879,0.672,0.893,0.251,0.698,0.858,0.128,0.338,0.991,0.173,0.334,0.561,0.733,0,0.999,0.639,0.779,0.231,0.493,0.059,0.998,1,0.161,0.012,0.177,0.007
0.398,0.996,0.489,0.782,0.962,0.734,0.106,1,0.476,0.996,1,0.31,0.052,0.859,0.092,0.951,0.985,0.035,0.722,0.004,0.931,0.711,0.676,0.299,0.731,0.004,1,0.008,0.016,0.954,0.984,0.886,0.998,0.068,0.968,0.999,0.648,0.034,0.822,0.905,0.995,1,0.189,0.997,0.996,0.993,0.246,0.974,0.535,0.01,1,0.997,0.061,0.991,0.609,0.191,0.405,0.792,0.767,0.113,0.061,0.917,0.992,0.213,0.273,0.048,0.999,1,0.991,0.241,0.774,0.961,0.973,0.38,0.079,0.973,1,0.517,0.538,0.882,0.091,0.693,0.509,0.706,0.808,0.994,0.03,0.143,0,0.085,0.137,0.757,1,0.885,0.008,0.072,0.802,0.999,0.968,0.932,0.956,0.224,0.012,0.111,0,0.994,0.995,0.035,0.172,0.898,0.944,0.662,0.997,0.997,0.017,0.524,0.991,0.868,1,1,0.972,0.016,0.956,0.284,0.989,0.236,0.355,0.309,0.978,0.937,1,0.853,1,0.923,1,0.026,0.658,0.978,0.07,0.652,0.016,0.001,0.997,0.637,0.222,0.997,0.968,0,0.961,0.997,0.001,0.003,0.954,0.871,0.996,1,0.989,1,1,0.54,0.171,0.048,0.947,0.636,1,1,0.964,0.996,0.951,0.483,0.187,0.647,0.847,0.795,0.758,0.057,0.222,0.238,0.94,0.97,0.827,0.435,0.895,0.734,0.52,0.915,1,0.996,0.777,0.552,0.094,0.771,0.124,0.038,0.996,0.993,0.154,0.074,0.995,1,0.991,0.28,0.967,0.996,1,0.997,0.328,0.868,0.996,0.99,0.91,0.024,0.011,0.077,1,0.021,1,0.882,0,0.246,0.017,0.956,0.024,0.649,0.976,0.998,0.91,0.748,0.999,0.996,0.95,0.633,0.975,0.014,0.875,0.534,0.787,0.71,0.192,0.157,0.466,0.346,0.703,0.626,0.775,0.517,0.948,0.006,0.044,0.062,0.839,0.725,0.935,0.943,0.601,0.815,0.418,0.542,0.065,0.079,0.629,0.986,0,0.352,0.546,0.551,0,0.997,0.957,0.902,0.226,0.249,0.999,0.999,0.38,0.395,0.009,0.992,0.996
0.953,0.997,0.828,0.011,0.738,0.166,1,0.038,0.128,0.196,0.179,0.044,0.919,0.962,0.098,0.985,0.989,1,0.559,0.99,0.184,0.139,0.077,0.02,0.324,0.003,0.034,0.012,0.993,0.972,0.172,0.106,0.135,0.062,0.829,0.704,0.751,0.929,0.591,0.794,0.012,0.983,0.893,0.609,0.148,0.102,0.022,0.301,0.79,0.092,0.998,0.01,0.991,0.997,0.618,0.055,0.607,0.018,1,0.875,0.063,0.008,0.918,0.999,0.001,0.256,0.118,0.016,0.007,0.866,0.976,0.866,0.897,0.852,0.107,0.976,0.97,0.248,0.153,0.041,0.875,0.344,0.792,1,0.871,0.006,1,0.93,0.947,0.012,0.997,0.999,0.999,0.553,0.008,0.065,0.532,0.981,0.19,0.073,0.947,1,0.977,0.047,0,0.932,0.43,0.867,0.94,0.999,0.002,0.627,0.69,0.191,0.999,0.389,0.006,0.973,0.058,1,0.375,0.842,1,0.666,0.84,0.2,0.42,1,0.963,0.935,0.97,0.601,0.999,0.771,0.294,0.082,0.114,0.785,1,0.708,0.995,0.976,0.992,0.353,0.964,0.705,0.969,0,0.957,0.012,0.98,0.993,0.111,0.324,1,1,0.007,0.368,0.955,0.619,0.015,0.011,0.139,0.756,0.968,1,0.001,0.996,0.955,1,0.313,0.562,0.249,0.701,0.791,0.33,0.667,0.838,0.775,0.966,0.757,0.186,1,0.908,0.964,0.895,0.054,1,0.998,0.75,0.997,0.047,0.981,0,0.008,0.012,0.125,1,0.997,1,0.014,0.861,0.942,0.998,0.098,0.992,0.312,0,0.06,0.009,0.615,0.956,0.996,1,0.122,0.003,0.901,0.909,0.947,0.871,1,0.281,0.99,0.695,0.988,0.949,0.06,0.004,0.019,0.016,0.01,0.638,0.971,0.065,0.478,0.58,0.734,0.34,0.013,0.922,0.613,0.714,0.971,0.643,0.641,0.642,0.04,0.009,0.993,0.944,0.861,0.207,0.029,0.767,0.552,0.87,0.915,0.932,0.089,0.928,0.567,0.012,0.669,0.58,0.635,0.597,0.815,1,0.946,0.577,0.238,0.289,0.992,0.573,0.426,0.841,0.994,0.935,0.047
0.145,0.995,0.791,0.995,0.04,0.92,0.238,0.999,0.728,0.855,0.643,0.053,0.919,0.96,0.1,0.878,0.35,1,0.453,0.003,0.015,0.041,0.973,0.882,0.693,0.005,1,0.008,0.081,0.534,0.998,0.815,0.999,1,0.522,0.014,0.651,0.868,0.79,0.224,0.011,0.472,0.037,0.778,0.997,0.985,0.029,0.001,0.643,0.976,0.996,0.984,0.01,0.023,0.504,0.175,0.923,0,0.515,0.747,0.061,0.993,0.999,0.998,0.972,0.999,0.998,0.643,0.003,0.967,0.111,0.731,0.114,0.979,1,0.978,0.932,0.944,0.888,0.208,0.982,0.519,0.433,0.264,0.776,0.119,0.998,0.016,0.938,0.997,0.831,0.103,0.052,0.811,0.006,1,0.971,0.017,0.017,0.92,0.953,0.901,0.013,0.988,0.937,0.997,0.982,0,0.612,0.997,0.897,0.725,1,0.222,0.999,0.532,0.996,0.453,1,1,0.896,0.001,1,0.47,0.004,0.954,0.239,0.279,0.55,0.93,0.058,0.914,0.122,0.94,0.989,0.128,0.934,0.864,0.077,0.622,0.992,0,0.996,0.311,0.05,0.996,0.014,0,0.291,0.017,0.971,0.01,0.334,0.881,0.998,0.203,0.991,0.99,0.14,0.161,0.006,0.992,0.996,0.944,0.148,1,0.146,0.962,0.13,0.937,1,0.683,0.759,0.976,0.6,0.046,0.874,0.055,0.895,0.971,0.295,0.194,0.059,0,0.288,0.897,0.056,0.967,0.021,0.735,0.015,0.999,0.714,0.148,0.999,0.013,0.127,0.916,0.997,0.103,0.989,0.722,0.002,0.993,1,0.992,0.996,0.536,0.007,0.992,0.869,0.997,0.009,1,0.158,0.965,0.129,0.006,0.008,0.175,0.862,0.019,0.021,0.622,0.995,0.19,0.623,0.746,0.11,0.48,0.945,0.163,0,0.016,0.922,0.565,0.735,0.964,0.995,0.888,0.584,0.999,0.376,0.529,0.613,0.546,1,0.956,0.031,0.749,0.744,0.824,0.078,0.957,0.638,0.761,0.718,0.726,0.681,0.833,0.223,0.994,0.949,0.735,0.567,0.442,0,0.999,0.395,0.097,1,0.903,0.054,0.18,0.426,0.999,0.996,0.045,0.009
0.979,0.013,0.068,0.006,0.42,0.426,0.1,0.998,0.881,1,0.501,0.106,0.916,0.134,0.103,0.999,0.009,0.034,0.481,0.985,0.193,0.072,0.893,0.893,0.428,0.01,1,0.984,0.994,0.958,0.996,0.213,0.133,0.05,0.603,0.991,0.784,0.942,0.524,0.099,0.994,1,0.992,0.769,0.012,0.435,0.027,0.002,0.755,0.88,0.999,0.012,0.008,0.01,0.792,0.05,0.041,0.275,0.034,0,0.998,0.007,0.999,0.272,0.585,0.157,0.222,0.015,0.005,0.864,0.865,0.753,1,0.268,1,0.977,0.972,0.998,0.067,0.891,0.909,1,0.957,0.999,0.446,0.961,0.186,0.011,0.001,0.864,0.998,0.879,0.076,0.758,0.996,0.077,0.421,0.993,0.008,1,0.955,0.971,0.982,0.01,0.948,0.996,0.992,0,0.008,0.103,0.739,0.469,0.025,0.282,0.997,0.486,0.991,0.424,1,0.119,0.639,0.026,0.187,1,0.997,0.918,0.914,0.916,0.868,0.922,0.99,0.263,0.157,0.953,0.279,0.129,0.942,0.964,0.981,0.824,0.995,0.968,0.039,0.898,0.983,0.995,0.974,0.886,0.391,0.994,0.976,0.992,0.368,0.784,0.321,0.926,0.995,1,0.992,0.713,0.691,0.005,0.08,0.474,1,0.135,0.833,0.142,0.938,0.997,1,0.66,0.216,0.918,0.66,1,0.626,0.695,0.8,0.948,0.158,0.64,1,0.911,0.927,0.91,0.061,0.492,0.019,0.868,0.994,0.885,0.717,0,0.015,0.013,0.145,0.9,0.065,1,0.984,0.5,0.482,0.013,1,0.017,1,0.924,0.992,0.393,0.907,0.49,0.994,0.997,1,0.976,0.872,0.939,0.966,0.025,0.018,0.075,0.988,0.671,0.061,0.17,0.665,0.692,0.998,0.064,0.125,0.863,0.001,0.996,0.915,0.632,0.776,0.935,0.014,0.989,0.606,0.034,0.401,0.621,1,0.582,0.042,0.006,0.838,1,0.941,0.034,0.908,0.361,0.562,0.896,0.441,0.607,0.327,0.934,0.376,0.996,0.949,0.99,0.593,0.498,0,0.997,0.948,0.091,1,0.211,1,0.998,0.987,0.952,0.011,0.116,0.012
0.805,0.009,0.582,0.996,0.557,0.877,0.995,0.017,0.32,0.995,0.9,0.994,0.26,0.978,0.937,1,0.003,0.999,0.709,0.981,0.779,0.879,0.988,0.895,0.508,0.962,0.644,0.992,0.996,0.175,1,0.892,0.966,1,0.759,0.056,0.627,0.944,0.91,0.954,0.802,0.982,0.86,0.382,0.995,0.031,0.891,0.001,0.668,0.999,0.898,0.994,0.998,0.998,0.564,0.912,0.137,0.834,0.998,0.881,0.057,0.014,0.021,0.578,0.971,0.954,1,0.995,0.992,0.385,0.995,0.736,0.172,0.193,0.071,0.975,0.996,0.969,0.747,0.577,1,0.334,0.964,1,0.867,0.667,1,0.007,0.037,0.966,0.999,0.944,0.046,0.962,0.02,0.067,0.779,0.173,0.049,0.082,0.947,0.199,0.994,0.016,0.937,0.012,0.999,0,0.265,0.998,0.041,0.854,0.999,0.977,0.27,0.461,0.019,0.989,0.073,0.146,0.827,0.212,0.988,0.34,0.993,0.964,0.22,0.114,0.007,0.931,0.051,0.819,0.999,0.841,0.266,0.998,0.53,0.822,0.06,0.654,0.98,0,0.997,0.607,0.066,0.998,0.976,0,0.994,0.011,0.982,0.007,0.953,0.537,0.066,0.049,0.007,0.084,0.995,0.022,0.995,0.015,0.631,0.223,0.152,0.284,0.49,0.022,0.948,0.087,1,0.651,0.968,0.241,0.877,0.482,0.866,0.038,0.304,0.941,0.64,0.807,0.056,0,0.388,0,1,0.992,0.092,0.744,1,0.465,0.339,0.904,0.995,0.011,1,0.508,0.997,0.11,0.121,0.51,0.055,0.828,0.111,0.994,0.948,0.657,0.093,0.007,0.048,0.999,0.992,0.242,0.484,0.003,1,0.097,0.003,0.034,0.998,0.266,0.84,0.592,0.883,0.917,0.798,0.752,0.999,0.995,0.229,0.162,0.968,0.01,0.088,0.637,0.582,0.914,0.014,0.149,0.571,0.917,0.089,0.529,0.991,0.604,0.033,0.991,0.091,1,0.051,0.045,0,0.044,0.506,0.883,0.997,0.922,0.643,0.153,0.302,0.995,0.952,0.627,0.828,0.856,0.741,0.993,0.858,0.927,1,0.968,0.041,0.017,0.488,0.885,0.992,0.91,0.996
0,0.992,0.414,0.991,0.12,0.358,0.912,0.999,0.214,1,1,0.716,0.335,0,0.108,0.977,0.989,0.029,0.821,0.987,0.964,0.938,0.822,0.016,0.417,0.002,0.041,0.015,0.996,0.968,0.994,0.333,0.057,1,0.475,0.006,0.674,0.983,0.777,0.941,0.162,0.998,0.997,0.754,0.959,0.014,0.024,0.97,0.491,0.995,0.992,0.994,0.008,0.77,0.567,0.683,0.837,0.789,0.998,0.833,0.994,0.024,0.999,0.036,0.002,0.918,0.974,0.154,0.006,0.248,0.659,0.561,1,0.457,0.946,0.001,0.439,0.993,0.815,0.45,0.982,1,0.093,1,0.86,0.934,0.822,0.912,0,0.009,0.019,0.063,0.041,0.77,0.995,0.071,0.627,0.526,0.99,0.882,0.949,0.997,0.917,0.014,0.776,0.985,0.017,0.862,0.344,0.996,0.103,0.814,0.962,0.578,0.026,0.503,0.008,0.585,0.993,1,0.013,0.972,0.98,0.377,0.006,0.664,0.191,0.967,0.977,0.003,1,0.914,0.142,0.058,0.198,0.037,0.944,0.975,0.953,0.711,0.963,0.97,0.028,0.249,0.937,0.998,0.001,0.87,0.17,0.97,0,0.002,0.127,0.335,0.999,0.995,0.993,1,1,0.032,0.328,0.995,0.33,0.97,0.994,1,0.343,0.998,0.942,0.069,0.187,0.638,0.999,0.76,0.728,0.537,0.215,0.905,0.674,0.97,0.679,0.239,0.982,0.92,0.001,0.898,0.062,0.963,0.999,0.662,0.274,1,0.157,0.917,0.011,0.668,1,1,0.996,0.103,0.982,0.866,0.001,0.007,0.999,0.014,1,0.189,0.011,0.005,0.111,0.372,0.013,0.073,0.182,0.039,0.111,0.765,0.134,0.874,0.019,0.053,0.048,0.502,0.446,0.977,0.676,0.013,1,0.013,0.954,0.026,0.973,0.049,0.867,0.56,0.665,0.552,1,0.152,0.458,0.581,0.911,0.544,0.478,0.519,0.043,0.024,0.999,0.076,0.915,0.713,0,0.95,0.623,0.002,0.282,0.735,0.865,0.928,0.876,0.996,0.95,0.905,0.722,0.618,0.044,0.99,0.96,0.503,1,0.816,0.998,0.997,0.872,0.171,0.055,0.898,0.992
0.953,0.997,0.854,0.014,0.965,0.844,0.086,0.642,0.701,0.02,0.978,0.136,0.908,0.938,0.741,0.022,0.003,0.038,0.749,0.987,0.138,0.817,0.064,0.902,0.317,0.009,0.999,0.025,0.007,0.973,0.032,0.23,0.981,1,0.673,0.991,0.623,0.31,0.469,0.195,0.007,1,0.209,0.781,0.395,0.993,0.027,0.959,0.779,0.735,0.999,0.013,0.994,0.999,0.43,0.08,0.978,0.799,0.963,0.895,0.116,0.995,0.624,0.027,0.001,1,0.044,0.02,0.003,0.14,0.097,0.737,0.12,0.124,0.97,0.969,0.39,0.999,0.404,0.848,0.28,0.97,0.458,0.183,0.1,0.855,0.043,0.849,0.945,0.992,0.988,0.999,0.996,0.957,0.995,0.289,0.487,1,0.031,0.062,0.086,0.271,0.996,0.992,0.945,0.993,0.999,0.842,0.956,0.985,0.934,0.615,1,0.994,0.039,0.457,0.988,0.991,0.993,0.125,0.778,0.963,0.945,0.341,0.994,0.002,0.283,0.831,0.96,0.888,1,0.051,0.957,0.619,0.186,0.314,0.876,0.953,0.878,0.983,0.938,0,0.995,0.339,0.969,0.059,0.951,0.894,0.997,0.993,0.978,0.975,0.248,0.516,0.959,0.081,0.729,0.91,0.999,0.125,0.019,0.014,0.993,0.19,0.132,1,0.972,0.018,0.171,0.999,1,0.535,1,0.616,0.679,0.953,0.804,0.994,0.92,0.622,0.665,0.858,0.764,0.918,0.888,0.904,0.064,0.992,0.016,0.747,0.015,0.993,0.733,0,0.006,0.941,0.138,0.993,0.016,1,0.932,0.29,0.001,0.007,1,0.03,0.976,0.003,0.958,0.994,0.684,0.025,0.008,0.944,1,0.974,0.963,0.922,0.96,0.885,0.02,0.952,0.071,0.733,0.829,0.988,0.903,0.717,0.016,0.833,0.023,0.026,0.184,0.009,0.803,0.552,0.428,0.992,0.013,1,0.411,0.957,0.179,0.486,0.71,0.555,0.044,0.003,0.903,1,0.283,0.947,0,0.842,0.63,0.321,0.762,0.626,0.716,0.948,1,0.006,0.906,0.371,0.598,0.503,0,0.316,0.949,0.902,0.217,0.868,0.9,0.009,0.159,0.971,0.993,0.009,0.848
0.975,0.211,0.735,0.006,0.889,0.548,0.122,0.998,0.729,0.523,1,0.967,0.005,0.974,1,0.639,0.18,0.028,0.95,0.003,0.445,0.917,0.264,0,0.475,0.965,1,0.995,0.01,0.97,0.037,0.355,0.99,0.068,0.573,0.996,0.854,0.997,0.738,0.47,0.968,0.124,0.999,0.767,0.008,0.143,0.981,0.973,0.813,0.009,0.999,0.107,0.998,0.997,0.629,0.949,0.793,0.764,0.998,0.008,0.068,0.996,0.999,0.452,0.001,0.572,0.076,0.889,0.992,0.774,0.719,0.737,0.996,0.124,0.076,0.982,0.694,0.212,0.245,0.874,0.999,0.966,0.921,0.999,0.869,0.008,1,0.022,0.958,0.487,0.524,0.99,0.043,0.341,0.998,0.05,0.87,0.016,0.007,0.998,0.947,1,0.008,0.01,0.917,0.994,0.984,0.023,0.907,0.939,0.945,0.688,0.263,0.406,0.998,0.492,0.998,0.221,0.999,0.137,0.053,0.972,1,0.538,0.997,0.027,0.947,0.768,0.798,0.934,0.273,0.641,0.172,0.057,0.999,0.039,0,0.89,0.07,0.603,0.995,0,0.996,0.554,0.043,0.008,0.966,0.882,0.146,0.56,0.344,0.011,0.968,0.453,0.04,0.999,0.008,0.095,0.401,0.153,0.202,0.996,0.226,0.617,1,0.936,0.048,0.247,0.832,0.078,1,0.568,0.977,0.635,0.659,1,0.021,0.953,0.104,0.971,0.124,0.342,0.11,0,0.056,0.9,0.065,0.952,0.043,0.735,0.191,0.081,0.772,0,0.996,0.997,1,0.071,0.997,1,0.018,0.663,0.089,0.024,0.24,0.993,0.217,0.909,0.01,0.994,0.019,0.285,0.014,1,0.13,0.004,0.966,0.911,0.939,0.048,0.999,0.387,0.9,0.684,0.025,0.441,0.931,0.641,0.013,0.995,0.484,0.284,0.972,0.016,0.789,0.631,0.923,0.885,0.969,0.154,0.447,0.069,0.541,0.586,0.991,0.541,1,0.991,0.025,1,0.946,0.641,0.664,0.033,0.707,0.898,0.977,0.468,0.799,0.872,0.225,0.013,0.947,0.553,0.579,0.704,0,0.997,0.956,0.63,1,0.385,0.989,0.652,0.595,0.521,0.004,0.612,0.009
0.297,0.016,0.712,0.007,0.965,0.725,0.108,0.382,0.261,0.997,1,0.919,0.315,0,1,0.046,0.229,0.04,0.469,0.985,0.015,1,0.702,0.901,0.574,0.988,1,0.01,0.992,0.972,1,0.813,0.994,1,0.515,0.036,0.48,0.961,0.417,0.543,0.007,1,0.996,0.855,0.995,0.996,0.025,0.032,0.316,0.995,0.99,0.936,0.009,0.997,0.593,0.925,0.813,0.806,0.139,0.88,0.069,0.01,0.998,0.834,0,0.382,1,0.013,0.006,0.76,0.899,0.677,0.999,0.044,1,0.971,1,0.924,0.973,0.095,0.104,1,0.713,0.923,0.898,0.88,0.042,0.011,0.404,0.96,0.213,1,0.998,0.602,0.997,0.059,0.387,0.889,0.415,0.999,0.92,0.216,0.019,0.021,0,0.007,0.999,0,0.918,0.741,0.001,0.563,0.019,1,0.011,0.647,0.006,0.998,1,0.127,0.967,0.462,0.719,0.145,0.993,0.049,0.363,0.438,0.975,0.936,1,0.156,0.137,0.874,1,0.027,0,0.796,0.93,0.752,0.937,0.001,0.013,0.452,0.228,0.011,0,0.024,0.996,0.994,0.965,0.003,0.939,0.782,0.968,0.793,0.01,0.836,0.124,0.109,0.01,0.995,0.026,1,1,1,0.882,0.992,0.923,0.088,1,0.575,0.889,0.348,0.781,0.127,0.879,0.575,0.917,0.031,0.156,0.845,1,0.011,0.929,0.906,0.064,0.456,0.411,0.787,0.334,0.055,0.125,0.11,0.995,0.011,0.122,0.479,0.628,1,0.963,0.766,0.221,0.996,0.171,0.033,0.552,0.921,0.989,0.994,0.03,0.998,0.998,0.286,1,0.964,1,0.926,0,0.02,0.998,0.65,0.985,0.61,0.867,0.521,0.917,0.516,0.042,0.011,0.011,0.949,0.973,0.012,0.709,0.784,0.408,0.197,0.321,0.999,0.448,0.918,0.95,0.568,0.474,0.461,0.056,0.992,0.254,0.057,0.008,0.092,0.825,0.538,0.78,0.907,0.994,0.838,0.855,0.083,0.296,0.99,0,0.642,0.728,0.688,0,0.993,0.7,0.918,1,0.588,0.999,0.611,0.122,1,0.004,0.01,0.007
0.131,0.996,0.028,0.994,0.973,0.958,0.503,0.998,0.89,0.169,1,0.051,0.935,0.965,0.107,0.029,0.981,1,0.59,0.085,0.023,0.056,0.799,0.468,0.317,0.975,0.999,0.031,0.99,0.97,0.186,0.579,1,0.999,0.878,0.843,0.941,0.084,0.545,0.942,0.995,0.702,0.993,0.969,0.996,0.011,0.033,0.983,0.382,0.035,0.887,0.127,0.993,0.018,0.563,0.967,0.42,0.593,0.992,0.88,1,0.994,0.81,1,0.962,1,1,0.996,0.002,0.94,1,0.587,0.138,0.507,0.075,0,0.993,0.146,0.669,0.882,0.082,0.655,0.469,1,0.196,0.939,0.053,0.891,0.951,0.995,0.997,1,1,0.883,0.009,0.99,0.28,0.99,0.019,0.783,0.291,1,0.214,0.908,0,0.995,0.997,0,0.011,0.999,0.922,0.701,0.022,1,0.998,0.477,0.015,1,1,1,0.891,0.968,0.226,0.147,0.057,0.522,0.257,0.267,0.015,0.923,0.072,0.364,0.131,0.607,0.174,0.028,0.942,0.645,0.961,0.487,0.673,0.974,0.998,0.582,0.112,0.995,0,0.003,0.953,0.993,0.974,0.996,0.22,0.986,0.952,0.999,0.994,0.998,0.153,0.027,0.889,0.711,0.996,0.145,0.12,0.154,0.827,0.998,0.208,0.096,0.997,0.57,0.569,0.699,0.705,0.995,0.674,0.998,0.439,0.506,0.617,0.665,0.172,0.909,0.949,0.606,1,0.483,0.896,0.735,0.787,0.23,0.13,0.894,0.004,0.004,1,0.892,0.993,1,0.915,0.164,0.977,0.589,0.988,0.996,0.824,0.136,0.689,0.123,0.741,0.792,0.009,0.628,0.993,0.976,0.293,0.487,0.948,0.878,0.912,0.938,0.976,0.672,0.979,0.266,0.907,0.743,0.014,0.996,0.959,0.944,0.969,0.11,0.92,0.606,0.83,0.879,0.378,0.163,0.561,0.128,0.305,0.595,0.9,0.635,0.088,0.805,0.878,0.143,0.945,0.327,0.002,0.278,0.641,0.18,0.072,0.591,0.02,0.959,1,0.994,0.96,0.922,0.689,0.754,0.832,0.979,0.089,0.91,0.994,0.725,0.109,0.996,0.311,0.845,0.009,0.006,0.991
0.002,0.996,0.235,0.977,0.021,1,0.498,0.306,0.938,0.973,0.148,1,0.517,0.968,0.997,0.146,0.129,1,0.447,0.002,0.664,0.048,0.106,0.903,0.28,0.006,0.039,0.009,0.994,0.008,0.755,0.762,0.017,0.058,0.617,0.935,0.421,0.995,0.991,0.574,0.996,0.864,0.997,0.641,0.993,0.008,0.028,0.977,0.85,0.197,0.986,0.994,0.993,0.005,0.702,0.732,0.545,0.023,0.877,0.866,0.729,0.996,0.999,0.086,0.002,0.998,0.631,0.997,0.992,0.823,1,0.613,0.999,0.974,0.075,0.975,0.987,1,0.86,0.904,0.142,0.998,0.657,0.999,0.007,0.009,0.998,0.008,0.001,0.662,0.02,0.119,0.984,0.648,0.995,0.974,0.511,0.996,0.935,0.553,0.943,1,0.043,0.009,0,0.988,0.994,0.838,0.942,0.994,0.934,0.628,0.997,0.185,1,0.526,0.992,0.987,0.059,0.151,0.008,0.967,0.989,0.406,0.651,0.966,0.674,0.76,0.982,0.937,0.768,0.777,0.141,0.495,0.153,0.094,0.942,0.979,0.984,0.871,0.77,0.956,0.993,0.617,0.639,0.005,0.959,0.187,1,0.013,0.952,0.022,0.814,1,0.804,1,0.019,0.207,0.123,0.154,0.97,0.988,0.429,0.914,1,0.999,0.833,0.043,0.003,0.948,0.223,0.559,0.245,0.678,0.579,0.999,0.889,0.032,0.856,0.355,0.808,0.9,1,0.913,0.977,0,0.996,0.699,0.02,0.701,0.035,0.99,0.538,0.002,0.009,0.994,0.131,0.901,0.995,1,0.038,0.883,0.983,0.993,0.685,0.028,0.477,0.787,0.01,0.999,0.069,0.022,0.992,0.08,1,0.001,0.524,0.883,0.921,0.353,0.997,0.101,0.989,0.621,0.351,1,0.038,0.601,0.037,0.947,0.93,0.987,0.976,0.991,0.557,0.639,0.985,0.996,0.963,0.162,0.509,0.192,0.765,0.61,0.867,0.701,0.999,0.044,0.044,0.91,0.6,0.037,0,0.043,0.9,0.892,0.092,0.755,0.24,0.95,0.239,0.013,0,0.342,0.918,0.483,0.834,0.995,0.064,0.831,1,0.965,0.999,0.015,0.754,0.815,0.994,0.009,0.994
0,0.01,0.19,0.013,0.119,1,0.941,0.999,0.614,0.995,1,1,0.001,0,0.117,0.995,0.016,0.029,0.644,0.002,0.882,0.993,1,0.9,0.497,0.008,1,0.996,0.009,0.982,1,0.457,0.977,1,0.995,0.995,0.497,0.026,0.704,0.14,0.013,1,0.997,0.632,0.991,0.993,0.029,0.479,0.726,0.038,0.715,0.997,0.004,1,0.625,0.85,0.911,0.012,0.126,0.387,0.066,0.995,1,0.984,0.936,1,0.846,0.996,0.992,0.175,0.472,0.736,0.097,0.979,0.442,0.976,0.992,1,0.992,0.706,0.171,0.866,0.737,0.182,0.885,0.233,1,0.936,0.952,0.013,0.998,0.085,0.987,1,1,0.977,0.998,0.024,0.997,1,0.241,0.216,0.014,0.012,0.01,0.01,0.042,0,0.744,0.029,0.941,0.713,0.018,0.328,0.02,0.473,0.008,1,0.078,0.142,0.024,0.96,0.416,0.993,0.993,0.015,0.414,0.656,0.967,0,0.474,0.857,0.174,0.835,0.999,0.053,0.92,0.891,0.057,0.634,0.108,0,0.012,0.403,0.974,0.007,0,0.858,1,0.006,0.06,0.945,0.635,0.488,0.999,0.97,0.006,0.993,1,0.305,0.929,0.995,0.951,1,1,1,0.024,0.02,0.891,0.318,1,0.673,1,0.709,0.67,0.064,0.882,0.42,0.502,0,0.279,0.312,1,0,0.944,0.909,0.99,0.936,0.995,0.767,0.999,0.191,0.19,0,0.989,0.993,0.126,0.991,0.998,0.999,0.988,0.462,0.975,0.994,0.118,0.027,0.998,0.811,0.992,0.994,0.365,0.36,0.661,1,1,0.973,0.426,0.931,0.004,0.324,0.995,0.428,0.132,0.504,0.989,0.758,0.928,0,0.999,0.991,0.92,0.032,0.978,0.022,0.441,0.847,0.422,0.826,0.021,0.165,0.443,0.368,0.732,0.52,0.948,0.541,0.999,0.991,0.191,1,0.946,0.641,0.878,0.78,0.734,0.585,0.246,0.715,0.137,0.587,0.302,0.069,0.962,0.998,0.669,0.786,0.796,0.997,0.902,0.877,0.698,0.394,0.488,0.997,0.915,0.165,0.916,0.006,0.01
0.001,0.996,0.861,0.01,0.924,0.999,0.955,0.998,0.953,0.292,1,0.046,0.078,0.054,0.094,0.998,0.868,0.037,0.994,0.006,0.012,0.102,0.122,0.885,0.844,0.98,0.042,0.01,0.995,0.941,0.972,0.779,0.021,0.367,0.496,0.016,0.562,0.91,0.62,0.239,0.017,0.167,0.99,0.906,0.016,0.996,0.999,0.978,0.993,0.999,0.972,0.995,0.994,0.997,0.681,0.998,0.95,0.381,0.427,0.085,0.064,0.021,0.999,0.348,0.007,0.302,0.053,0.167,0.009,0.961,0.52,0.705,0.338,0.338,0.076,0.964,1,0.146,0.076,0.866,0.075,0.328,0.713,0.222,0.025,0.005,0.038,0.237,0.004,0.984,0.021,0.547,0.037,0.243,0.011,0.969,0.573,0.045,0.122,0.993,0.473,0.988,0.028,0.994,0.033,0.993,0.985,0.002,0.901,0.991,0.351,0.638,0.022,0.808,0.023,0.448,0.359,0.221,0.991,1,0.002,0.966,0.598,0.737,0.011,0.014,0.751,0.146,0.006,0.921,1,0.929,0.264,0.401,0.995,0.058,0.373,0.549,0.209,0.605,0.025,0.968,0.996,0.239,0.998,0.986,0.967,0.882,1,0.993,0.977,0.993,0.844,0.971,0.106,1,0.99,1,0.999,0.551,0.037,0.468,0.997,0.19,0.323,0.154,0.933,0.998,0.961,0.067,0.148,0.668,0.211,0.277,0.6,0.992,0.848,0.966,0.352,0.965,0.299,0.467,0.422,0.84,0.337,0.881,0.058,0.985,0.999,0.602,0.02,0.995,0.115,0.004,0.007,0.01,1,0.975,0.966,0.119,0.903,0.221,0.965,0.997,0.908,0.013,0.908,0.689,0.992,0.024,0.25,0.993,0.004,0.088,0.118,0.979,0.893,0.032,0.055,0.903,1,0.95,0.989,0.536,0.691,0.507,0.386,0.723,0.996,0.996,0.954,0.192,0,0.992,0.908,0.545,0.872,0.39,0.029,1,0.829,0.998,0.742,0.598,0.906,0.495,0.044,0.52,0.983,1,0.85,0.077,0,0.954,0.666,0.894,0.924,0.795,0.109,0.896,0.995,0.992,0.014,1,0.702,0.893,0.768,0.996,0.179,0.926,1,0.785,1,0.995,0.535,0.206,0.007,0.993,0.017
0.975,0.783,0.69,0.006,0.968,0.125,0.094,0.831,0.462,1,0.171,0.042,0.808,0.723,0.491,1,0.672,0.04,0.708,0.995,0.678,0.079,0.065,0.637,0.781,0.992,1,0.236,0.991,0.968,0.121,0.776,0.866,0.07,0.734,0.379,0.629,0.997,0.347,0.95,0.382,0.564,0.259,0.977,0.995,0.796,0.693,0.976,0.692,0.909,0.991,0.993,0.992,0.023,0.577,0.984,0.79,0,0.981,0.867,0.952,0.015,0.998,0.304,0.97,0.099,0.035,0.172,0.005,0.64,0.124,0.746,1,0.98,1,0,0.409,0.691,0.623,0.848,0.996,0.579,0.954,0.957,0.056,0.039,0.042,0.929,0,0.987,0.999,1,1,0.995,0.998,0.983,0.743,0.99,0.051,0.469,0.171,0.22,0.994,0.992,0.945,0.008,0.942,0.864,0.421,0.998,0,0.641,0.995,0.966,0.999,0.486,0.009,0.27,1,0.124,0.933,0.896,0.971,0.992,0.201,0.879,0.229,0.818,0.013,0.927,0.291,0.102,0.12,0.962,1,0.893,0.787,0.964,1,0.721,0.956,0.001,0.014,0.804,1,0.994,0.968,0.866,0.988,0.995,0.045,0.991,0.082,0.945,0.59,1,0.972,0.998,1,0.068,0.933,0.995,0.927,0.999,0.133,1,0.008,0.999,0.954,1,0.159,0.566,0.949,0.714,0.807,0.032,0.027,0.918,0.198,0.957,0.278,0.9,0.079,0.923,0.955,0.914,0.059,0.958,0.997,0.898,0.111,0.257,0.135,0.871,0.008,0.991,0.122,0.943,1,0.093,0.978,0.407,0.113,0.008,0.997,0.972,0.878,0.917,0.013,0.01,0.79,0.779,0.011,0.075,1,0.044,0.187,0.915,0,0.904,0.999,0.037,0.981,0.555,0.905,0.191,0.575,0.01,0.998,0.997,0.954,0.982,0.963,0.006,0.156,0.488,0.737,0.481,0.803,0.169,0.526,0.928,0.98,0.559,0.999,0.624,0.999,0.98,0.898,0.069,0.951,0.128,0.916,0.627,0.531,0.895,1,0.579,0.891,0.048,0.399,0.197,0.952,0.999,0.57,0.895,0,0.016,0.861,0.131,1,0.751,1,0.998,0.146,0.291,0.995,0.015,0.004
0.005,0.996,0.058,0.942,0.949,0.787,1,0.988,0.937,0.993,0.162,0.047,0.013,0.768,0.099,0.882,0.98,1,0.566,0.001,0.235,0.872,0.938,0.895,0.844,0.007,1,0.915,0.011,0.973,0.223,0.804,0.982,1,0.648,0.007,0.451,0.992,0.59,0.644,0.993,1,0.997,0.409,0.005,0.996,0.039,0.972,0.353,0.009,0.039,0.996,0.994,0.116,0.613,1,0.953,0.172,0.99,0.067,0.908,0.993,0.998,0.653,0.969,0.05,1,0.024,0.006,0.444,0.103,0.742,0.372,0.028,0.085,0.546,0.992,0.41,0.315,0.884,0.944,0.995,0.97,0.115,0.875,0.016,0.038,0.223,0.953,0.977,0.999,1,0.989,0.284,0.007,0.066,0.743,0.996,0.997,0.985,0.035,0.99,0.01,0.995,0.633,0.99,0.992,0.855,0.705,0.998,0.861,0.589,0.998,0.943,0.851,0.503,0.991,0.996,0.16,1,0.946,0.594,1,0.876,0.014,0.971,0.845,0.276,0.855,0.919,1,0.167,0.159,0.958,0.995,0.467,0.425,0.197,0.972,0.968,0.019,0.977,0.999,0.402,0.752,0.011,0.974,0.685,0.909,0.995,0.985,0.397,0.157,0.283,0.997,0.047,0.997,0.996,0.119,0.197,0.013,0.997,0.752,1,1,1,0.003,0.013,0.956,0.11,0.196,0.58,0.314,0.227,0.655,0.847,0.787,0.842,0.398,0.747,0.642,0.897,0.281,0.099,0.969,0.902,1,1,0.135,0.664,0.021,0.959,0.889,0.031,0.009,0.015,0.122,0.999,0.01,1,0.105,0.402,0.971,0.008,0.326,0.031,0.944,0.85,0.993,0.003,0.029,0.977,0.004,0.094,1,0.979,0.14,0.912,0.967,0.745,0.013,0.112,0.979,0.636,0.555,1,0.894,0.263,0.999,0.01,0.934,0.961,0.912,0.033,0.917,0.898,0.755,0.296,0.017,0.149,0.585,0.228,0.972,0.599,0.954,0.602,0.031,0.006,0.99,0.505,0.809,0.801,0.001,0.038,0.617,0.875,0.543,0.573,0.783,0.954,0.245,0.009,0.956,0.905,0.579,0.931,0,0.069,0.961,0.931,1,0.291,0.072,0.995,0.151,0.231,0.997,0.045,0.992
0.951,0.996,0.839,0.998,0.958,0.873,0.447,0.021,0.431,0.994,0.153,0.267,0.903,0.001,0.108,0.358,0.034,1,0.571,0.982,0.053,0.045,0.776,0.895,0.774,0.989,0.033,0.983,0.983,0.809,0.784,0.355,0.167,0.082,0.941,0.994,0.559,0.994,0.698,0.11,0.996,0.102,0.754,0.481,0.998,0.008,0.048,0.979,0.858,0.995,0.438,0.013,0.202,0.998,0.765,0.514,0.108,0,0.998,0.891,0.062,0.989,0.999,0.973,0.973,1,0.061,0.996,0.995,0.723,0.708,0.729,1,0.84,1,0.01,0.956,0.138,0.408,0.883,0.217,1,0.798,1,0.871,0.909,1,0.148,0.403,0.99,0.008,0.211,0.067,0.644,0.996,0.071,0.585,0.999,0.993,1,0.001,0.999,0.992,0.043,0,0.995,0.998,0.803,0.957,0.025,0,0.677,0.015,0.954,0.998,0.468,0.99,1,0.073,1,0.017,0,0.986,0.78,0.013,0.895,0.705,0.813,0.977,0.023,0.044,0.892,0.123,0.775,0.152,0.941,0.937,0.928,0.924,0.562,0.986,0.009,0.011,0.934,0.208,0.01,0.185,0.051,1,0.996,0.975,0.99,0.606,0.919,0.538,1,0.056,0.266,0.28,0.027,0.616,0.998,0.038,0.301,0.147,1,0.814,0.7,0,0.086,0.154,0.846,0.993,0.266,0.84,0.046,0.079,0.948,0.769,0.97,0.596,0.864,1,0.012,0.969,0.909,0.062,0.904,0.996,0.603,0.996,1,0.149,0,0.995,0.006,0.998,0.181,0.999,1,0.991,0.569,0.944,0.016,1,0.073,0.258,0.003,0.059,0.04,0.023,0.979,0.011,0.085,1,0.971,0.651,0.084,0.924,0.02,0.999,0.937,0.886,0.576,0.683,0.404,0.877,0.728,0.02,0.009,0.551,0.806,0.001,0.989,0.601,0.608,0.606,1,0.013,1,0.521,0.961,0.113,0.522,0.434,0.569,0.053,0.022,0.938,1,0.952,0.946,0.929,0.026,0.9,0.029,0.948,0.455,0.398,0.544,0.858,0.538,0.956,0.966,0.822,0.852,0,0.425,0.904,0.885,1,0.64,0.051,0.945,0.992,0.192,0.942,0.03,0.989
0.212,0.07,0.73,0.997,0.816,0.994,0.998,0.98,0.452,0.402,1,0.998,0.91,0.004,0.939,0.022,0.973,0.99,0.907,0.99,0.382,0.036,0.124,0,0.692,0.713,0.044,0.014,0.994,0,0.517,0.118,0.998,0.072,0.835,0.004,0.731,1,0.792,0.952,0.995,0.219,1,0.996,0.015,0.01,0.985,0.971,0.349,0.012,1,0.009,0.005,0.012,0.544,0.049,0.847,0.021,0.996,0,1,0.995,0.998,0.43,0,0.535,0.292,0.998,0.244,0.791,0.907,0.615,0.106,0.032,0.264,0.976,0.974,0.988,0.995,0.887,0.959,0.387,0.229,1,0.309,0.01,0.999,0.904,0,0.013,0.333,0.06,0.032,0.224,0.099,0.997,1,0.998,0.665,0.281,0.946,0.251,0.994,0.018,0.001,0.009,0.819,0.853,0.926,0.987,0.008,0.692,0.054,0.979,0.017,0.487,0.001,0.994,1,1,0.95,0.97,1,0.128,0.995,0.963,0.798,1,0.953,0.942,0.088,0.042,1,0.148,1,0.379,0.949,0.76,0.06,0.61,0.988,0.967,0.751,0.266,0.941,0.998,0.97,0.87,0.175,0.997,0.987,0.988,0.555,0.816,0.998,0.057,0.995,0.992,0.157,0.463,0.998,0.075,0.996,0.723,0.127,1,0.702,0.029,0.009,0.218,1,0.644,0.954,0.246,0.72,0.995,0.811,0.989,0.349,0.968,0.549,0.655,0.999,0,0.673,0.052,0.054,0.756,0.02,0.704,0.014,0.997,0.302,0.907,0.995,0.995,0.997,0.089,0.995,1,0.833,0.785,0,0.063,0.111,1,1,0.905,0.043,0.012,0.776,0.996,0.533,0.999,0.156,0.974,0.136,0.007,0,0.558,0.997,0.881,0.332,0.526,0.035,0.171,0.925,0.73,0.027,0.081,0.953,0.994,0.086,0.996,0.935,0.546,0.423,0.552,0.015,0.141,0.789,0.738,0.052,0.598,0.802,0.536,0.037,0.006,0.925,0.071,0.451,0.053,0.245,0.811,0.668,0.895,0.168,0.752,0.74,0.918,0.922,0.994,0.951,0.882,0.622,0.72,0,0.106,0.965,0.724,0.221,0.455,0.992,0.399,0.471,0.209,0.993,0.696,0.994
0.964,0.997,0.081,0.009,0.971,0.196,0.757,0.994,0.535,0.999,1,0.899,0.775,0.966,0.101,0.998,0.961,0.046,0.67,0.988,0.017,0.997,0.763,0.873,0.284,0.005,0.033,0.023,0.995,0.709,0.636,0.903,0.024,0.999,0.55,0.008,0.667,0.435,0.944,0.826,1,1,0.024,0.458,0.007,0.996,0.029,0.001,0.493,0.996,0.403,0.03,0.011,0.375,0.599,0.738,0.451,0.798,0.03,0.891,0.062,0.015,0.997,0.148,0.97,0.063,0.983,0.375,0.01,0.737,0.951,0.934,0.123,0.972,1,0.97,0.464,1,0.596,0.881,0.115,0.33,0.391,1,0.881,0.008,1,0.552,0.943,0.075,0.879,1,0.117,0.999,0.995,0.997,0.921,0.984,0.995,0.093,0.936,0.988,0.998,0.996,0.007,0.994,0.022,0.002,0.937,0.031,0.004,0.929,0.056,0.974,0.998,0.456,0.064,0.229,1,1,0.292,0.962,0.995,1,0.037,0.355,0.736,0.929,0.948,0.926,1,0.341,0.117,0.954,0.99,0.999,0.001,0.663,0.987,0.691,0.995,0,0.991,0.404,1,0.011,0.97,0,0.973,0.015,0.983,0.008,0.372,0.551,0.017,0.044,0.994,0.999,0.9,0.028,0.068,0.014,0.754,0.558,0.998,1,0.309,0.317,0.006,1,0.151,0.662,0.999,0.565,0.752,0.999,0.879,0.85,0.416,0.938,0.146,0.432,1,0,0.951,0.922,0.29,0.999,1,0.691,0.999,0.99,0.283,0.037,0.991,0.006,0.122,0.736,0.989,0.104,0.498,0.633,0.001,0.011,0.511,0.02,0.487,0.85,0.006,0.003,0.39,0.068,0.997,1,0.963,0.974,0.312,0.119,0.968,0.273,0.718,0.936,0.979,0.583,0.336,0.208,0.514,0.725,0.018,0.998,0.261,0.825,0.978,0.996,0.382,0.7,0.592,0.97,0.997,0.147,0.642,0.024,0.764,0.594,0.457,0.59,1,0.992,0.021,1,0.461,0.25,0.921,0.12,0.636,0.877,0.824,0.479,0.71,0.889,0.247,0.996,0.943,0.518,0.653,0.531,0,0.02,0.903,0.759,0.22,0.413,0.168,0.014,0.144,0.185,0.99,0.011,0.006
0.959,0.998,0.119,0.991,0.407,0.977,0.134,0.055,0.899,0.019,1,0.869,0,0.001,0.114,0.999,0.921,0.035,0.644,0.003,0.958,0.047,0.693,0.9,0.662,0.004,0.048,0.602,0.009,0.138,0.026,0.267,0.997,0.07,0.841,0.992,0.595,0.494,0.988,0.946,0.009,0.998,1,0.872,0.004,0.996,0.024,0.001,0.877,0.498,0.999,0.261,0.013,0.995,0.838,0.172,0.757,0.012,0.021,0.893,0.063,0.996,0.033,0.991,0,0.998,0.054,0.021,0.005,0.599,0.303,0.78,0.992,0.039,0.068,0.977,1,0.619,0.188,0.702,0.111,0.525,0.964,1,0.808,0.713,0.037,0.057,0.789,0.013,0.747,0.327,1,0.694,0.994,1,0.542,0.999,0.007,1,0,0.198,0.04,0.994,0.949,0.992,0.017,0.566,0.929,0.022,0.942,0.702,0.501,0.098,0.925,0.502,0.005,0.222,0.809,0.287,0.924,0.978,0.297,0.262,0.011,0.183,0.748,0.509,0.014,0.927,1,0.907,0.933,0.226,0.198,0.827,0.93,0.969,1,0.71,0.991,0,0.407,0.515,1,0.993,0,0,0.487,0.008,0.002,0.006,0.808,0.356,0.998,0.055,0.024,0.646,0.985,0.205,0.993,0.995,0.996,0.871,0.993,1,0.972,0.999,0.939,0.076,1,0.536,0.973,0.8,0.682,0.343,0.882,0.379,0.941,0.945,0.614,0.604,0.067,0.311,0.059,0,0.064,0.849,0.998,0.861,0.122,0.997,0.188,0.901,0.012,0.027,0.999,0.303,0.086,0.116,0.005,0.7,0.184,0.995,0.097,0.996,0.485,0.923,0.99,0.007,0.846,0.235,0.992,0.296,0.132,0,1,0.001,0.879,0.901,0.996,0.956,0.991,0.569,0.134,0.973,0.778,0.024,0.025,0.995,0.92,0.037,0,0.996,0.924,0.636,0.791,0.467,0.025,1,0.728,0.939,0.682,0.566,0.502,0.563,1,0.023,0.217,0.073,0.156,0.942,0.606,0.267,0.544,0.878,0.875,0.712,0.753,0.938,0.426,0.01,0.962,0.708,0.648,0.551,0,0.311,0.705,0.851,1,0.616,0.06,0.998,0.115,0.156,0.099,0.954,0.007
0.569,0.997,0.021,0.992,0.912,0.735,0.999,0.998,0.694,0.019,1,1,0.067,0.963,0.122,1,0.986,0.035,0.877,0.928,0.284,0.051,0.385,0.889,0.3,0.952,0.04,0.012,0.996,0,0.995,0.782,0.818,1,0.451,0.992,0.683,0.346,0.871,0.954,0.011,1,0.998,0.673,0.012,0.995,0.031,0.004,1,0.992,0.032,0.99,0.006,0.997,0.627,0.046,0.971,0.786,0.959,0,0.058,0.011,0.998,0.998,0.977,0.052,0.031,0.99,0.99,0.964,0.958,0.637,0.294,0.076,0.998,0.001,1,0.991,0.112,0.671,1,0.329,0.753,0.837,0.887,0.007,0.997,0.655,0,0.01,0.027,0.065,1,0.302,0.987,0.089,0.65,0.016,0.995,0.887,0.95,0.991,0.997,0.998,0.945,0.989,1,0.001,0.202,0.628,0.032,0.791,0.997,1,0.997,0.495,0.01,0.961,1,0.112,0.192,0.974,0.81,0.341,0.009,0.71,0.626,0.36,0.974,0.929,0.915,0.268,0.138,0.852,0.249,0.044,0.955,0.877,0.077,0.818,0.995,0,0.996,0.804,0.898,0.008,0.001,0.634,0.138,0.011,0.001,0.009,0.959,0.793,0.032,0.999,0.954,0.967,1,0.153,0.01,0.025,0.019,0.582,1,1,0.028,0.022,0,0.096,0.149,0.702,0.996,0.475,0.643,0.098,0.26,0.8,0.813,0.967,0.249,0.731,0.104,0.921,0.935,0.9,0.911,0.812,0.998,0.62,0.045,0.12,0.166,0.701,0.996,0.984,0.989,0.341,0.014,0.104,0.996,0.809,0.968,0.007,0.308,0.998,0.881,0.007,0.994,0.983,0.827,0.962,0.995,0.094,0.999,0.973,0.993,0.93,0.967,0.865,0.02,0.452,0.985,0.588,0.403,0.926,0.783,0.733,0.998,0.033,0.947,0.999,0.001,0.011,0.111,0.566,0.821,0.73,0.027,0.988,0.497,0.996,0.797,0.557,0.46,0.548,1,0.016,0.19,1,0.32,0.038,0.134,0.957,0.552,0.875,0.081,0.732,0.364,0.056,0.912,0.635,0.953,0.721,0.683,0.515,0,0.867,0.929,0.22,1,0.256,1,0.998,0.89,0.313,0.982,0.992,0.99
0.969,0.009,0.85,0.004,0.797,1,0.374,1,0.618,0.093,1,0.113,0.893,0.003,0.107,0.743,0.988,0.034,0.544,0.983,0.01,1,0.133,0.906,0.416,0.985,1,0.112,0.006,0.976,0.984,0.633,0.152,1,0.983,0.994,0.485,0.898,0.637,0.954,0.996,0.373,0.51,0.604,0.989,0.996,0.023,0.977,0.387,0.011,1,0.011,0.004,0.997,0.556,0.051,0.964,0.031,0.022,0.878,0.049,0.01,0.029,0.953,0.002,1,0.04,0.799,0.005,0.267,0.865,0.69,0.598,0.048,0.068,0.986,0.65,1,0.993,0.852,0.993,1,0.928,1,0.841,0.997,0.297,0.848,0,0.995,0.963,1,1,0.872,0.997,0.997,0.902,0.026,0.947,0.264,0.945,1,0.403,0.017,0,0.009,0.388,0.861,0.912,1,0.94,0.698,0.998,0.988,0.997,0.422,0.991,0.749,0.994,0.109,0.033,0.959,0.957,0.184,0.997,0.956,0.256,0.502,0.081,0.003,0.997,0.334,0.143,0.355,1,0.718,0.941,0.411,0.997,0.934,0.01,0,0.999,0.594,1,0.996,0,0.867,1,0.054,0.976,0.015,0.073,0.904,0.986,1,0.996,1,0.526,0.039,0.094,0.182,0.995,0.877,1,1,0.982,0.052,0.023,0.074,0.999,0.616,1,0.587,0.953,0.997,0.053,0.608,0.244,0.011,0.389,0.523,0.069,0,0.967,0,0.053,0.492,0.02,0.564,0.999,0.074,0.161,0,0.013,0.008,1,0.695,0.997,0.222,0.494,0.674,0.976,0.032,0.115,0.063,0.998,0.915,0.886,0.006,0.165,0.973,0.995,0.145,0.126,0.981,0.189,0.66,0,0.423,0.023,0.014,0.825,0.59,0.972,0.403,0.877,0.744,0.991,0.019,0,0.028,0.974,0.993,0.83,0.587,0.411,0.262,0.012,0.169,0.528,0.999,0.74,0.648,0.939,0.568,1,0.988,0.257,0.346,0.486,0.19,0.83,0.328,0.515,0.903,1,0.967,0.06,0.452,0.499,0.013,0,0.577,0.703,0.771,0.842,0.019,0.871,0.796,1,0.8,0.151,0.021,0.964,0.163,0.01,0.008,0.019
0.002,0.057,0.75,0.005,0.388,0.693,0.125,0.997,0.587,0.998,1,0.568,0,0.394,0.956,1,0.46,0.04,0.734,0.992,0.815,0.041,0.08,0.892,0.42,0.007,0.555,0.996,0.01,0.811,0.998,0.898,0.035,1,0.778,0.004,0.624,0.823,0.559,0.661,0.993,0.994,1,0.452,0.009,0.011,0.035,0.972,0.64,0.995,0.315,0.996,0.014,0.017,0.743,0.157,0.189,0.811,0.996,0.88,0.052,0.991,0.018,0.837,0.965,0.999,0.082,1,0.008,0.485,0.584,0.747,0.992,0.978,0.06,0.001,0.968,0.874,0.884,0.351,0.414,0.341,0.694,0.996,0.01,0.01,1,0.278,0.959,0.986,0.998,1,0.873,0.939,0.999,1,0.86,0.531,0.005,0.979,0.948,0.764,0.995,0.993,0.081,0.993,0.964,0.091,0.004,0.219,0,0.517,0.019,0.976,1,0.419,0.019,0.939,0.135,0.998,0.9,0.973,0.207,0.78,0.016,0.124,0.376,0.868,0,0.279,0.993,0.922,0.217,0.952,1,0.662,0.227,0.226,0.109,0.699,0.01,0.001,0.029,0.465,0.409,0.996,0.001,0,0.355,0.006,0.979,0.164,0.825,0.521,0.968,0.051,0.093,0.093,0.641,0.551,0.81,0.013,0.749,1,0.172,0.154,0.067,0.042,0.958,0.098,0.15,0.618,0.943,0.535,0.663,0.999,0.872,0.061,0.781,0.959,0.37,0.616,0.079,0,0.941,0.894,0.055,0.913,1,0.6,0.996,0.57,0.129,0.005,0.004,0.993,0.115,0.226,0.999,1,0.005,0.81,0.019,0.994,0.205,0.021,0.784,0.001,0.139,0.994,0.916,0.02,0.008,1,1,0.003,0.125,0.261,0.957,0.896,0.02,0.028,0.376,0.633,0.997,0.65,0.897,0.743,0.011,0.995,0.926,0.993,0.97,0.99,0.823,0.685,0.926,0.245,0.753,0.999,0.757,0.555,0.824,0.656,0.901,0.532,1,0.006,0.343,0.085,0.328,0.166,0,0.956,0.663,0.217,0.35,0.558,0.562,0.954,0.953,0.009,0,1,0.902,0.56,0.725,0.998,0.823,0.869,1,0.248,0.056,0.015,1,0.182,0.996,0.008,0.993
0.966,0.012,0.011,0.006,0.673,0.257,0.088,0.999,0.205,0.998,1,0.085,0,0.001,0.095,0.992,0.989,0.03,0.962,0.988,0.966,0.077,0.712,0.888,0.731,0.007,0.998,0.013,0.008,0.971,0.066,0.841,0.999,1,0.89,0.01,0.718,0.99,0.446,0.45,0.005,0.175,0.999,0.775,0.985,0.012,0.99,0.971,0.454,0.015,0.999,0.019,0.016,0.996,0.512,0.945,0.786,0.8,0.019,0.879,0.097,0.013,0.997,0.999,0.001,0.187,1,1,0.011,0.145,0.213,0.794,0.994,0.276,0.997,0.001,0.993,0.997,0.969,0.886,0.057,1,0.904,0.998,0.395,0.006,0.052,0.745,0,0.008,0.994,1,1,0.259,0.021,1,0.526,0.283,0.01,0.8,0.888,1,1,0.993,0.015,0.996,0.014,0,0.864,0.999,0.86,0.576,0.042,0.709,0.998,0.523,0.992,0.398,1,1,0.256,0.969,0.19,1,0.114,0.505,0.489,0.275,0.159,0.417,1,0.063,1,0.812,1,0.95,0.947,0.825,0.064,0.53,0.163,0.964,0.996,0.82,0.2,0.004,0.966,0.366,0.611,0.014,0.976,0.995,0.28,0.994,0.959,0.999,0.995,0.098,1,0.724,0.016,0.029,0.921,0.254,0.986,0.358,0.066,1,0.94,0.993,1,0.64,0.48,0.396,0.672,1,0.844,0.041,0.866,0.001,0.159,0.422,1,0.029,0.01,0.909,0.905,0.99,0.021,0.943,0.997,0.053,0.157,0.058,0.995,0.992,1,0.822,0.019,1,0.373,0.372,0.357,0.995,0.93,0.043,0.699,0.883,0.247,0.011,0.067,0.689,0.993,0.993,0.131,0.978,0.922,0.905,0.958,0.025,0.241,0.923,0.78,0.682,0.592,0.986,0.443,0.003,0.018,0.883,0.955,0.229,0.974,0.994,0.356,0.493,0.444,0.978,0.012,0.168,0.605,0.998,0.984,0.585,0.885,0.592,1,0.006,0.687,1,0.659,0.026,0.929,0.251,0.768,0.37,0.998,0.544,0.712,0.865,0.277,0.997,0.952,0.894,0.675,0.669,0,0.019,0.452,0.666,1,0.552,0.66,0.994,0.78,0.35,0.217,0.771,0.997
0.086,0.871,0.513,0.007,0.338,0.919,0.287,0.699,0.719,0.996,0.314,0.482,0.914,0.112,0.091,0.997,0.433,0.043,0.699,0.99,0.864,0.066,0.988,0.002,0.319,0.993,0.036,0.917,0.018,0.967,0.858,0.742,0.999,0.078,0.998,0.008,0.716,0.869,0.606,0.372,0.996,0.805,0.997,0.557,0.035,0.996,0.076,0.165,0.923,0.532,0.947,0.999,0.995,0.996,0.665,0.999,0.957,0,0.344,0.882,0.08,0.997,0.017,0.971,0.978,1,0.062,0.999,0.014,0.692,1,0.722,0.102,0.681,1,0.091,0.48,0.458,0.939,0.888,0.697,0.917,0.187,0.356,0.63,0.008,0.041,0.884,0.009,0.013,0.984,0.067,0.064,0.805,0.993,0.957,0.996,0.009,0.009,0.119,0.765,0.698,0.011,0.005,0.942,0.998,0.019,0.866,0.933,1,0.943,0.656,0.025,1,0.998,0.42,0.009,1,0.066,1,0.966,0.327,0.99,0.142,0.037,0.302,0.734,0.8,0.003,0.922,1,0.901,0.791,0.844,0.899,0.816,0.012,0.153,1,0.504,0.034,0.96,0.111,0.592,1,0.004,0.001,0,0.113,0.994,0.981,0.025,0.81,0.7,0.807,0.999,0.016,0.091,0.99,0.261,0.022,0.993,0.964,0.87,0.999,1,0.008,0.956,0.92,1,0.148,0.617,0.225,0.663,0.756,0.994,0.074,0.988,0.63,0.002,0.294,0.304,1,0,0.96,0.9,0.997,0.752,0.965,0.843,0.539,0.434,0.168,0.884,0.005,0.994,1,0.209,0.999,1,0.987,0.521,0.04,0.997,1,0.998,0.998,0.104,0.018,0.011,0.207,0.997,0.993,0.975,0.135,0.976,1,0.001,0.007,0.009,0.15,0.933,0.966,0.59,0.992,0.987,0.328,0.212,0.998,0.995,0.843,0.537,0.974,0.981,0.916,0.838,0.497,0.989,0.952,1,0.527,0.997,0.746,0.7,0.712,0.582,1,0.01,1,0.076,0.093,0.193,0.789,0.17,0.722,0.001,0.635,0.763,0.879,0.944,0.91,0.011,0.952,0.848,0.673,0.574,0,0.997,0.889,0.041,0.215,0.47,1,0.998,0.747,0.31,0.069,0.415,0.005
0.951,0.997,0.314,0.996,0.091,1,1,0.909,0.879,0.031,1,0.701,0.003,0.965,0.979,0.031,0.006,0.043,0.751,0.988,0.954,0.049,0.881,0.89,0.464,0.961,0.999,0.966,0.992,0.94,0.029,0.177,0.022,0.118,0.634,0.992,0.571,0.663,0.896,0.607,0.013,1,0.998,0.546,0.011,0.013,0.028,0,0.902,0.994,0.998,0.013,0.007,0.997,0.514,0.266,0.098,0.001,0.062,0.634,0.978,0.993,0.432,0.981,0.972,1,0.201,0.983,0.005,0.8,0.885,0.638,1,0.972,1,0.001,0.651,1,0.887,0.328,0.083,0.845,0.423,0.998,0.1,0.904,0.142,0.113,0,0.997,0.997,0.445,0.294,1,0.011,0.084,0.775,0.912,0.997,0.174,0.947,0.991,0.009,0.01,0.061,0.342,0.248,0,0.035,0.999,0.929,0.652,0.181,0.095,0.998,0.588,0.018,0.225,0.215,0.13,0.432,0.963,1,0.24,0.997,0.883,0.315,0.968,0.968,0.005,0.551,0.773,0.986,0.924,0.152,0.867,0.942,0.393,0.1,0.759,0.984,0,0.013,0.742,0.143,0.003,0.543,0.878,0.983,0.045,0,0.795,0.801,0.58,0.994,0.083,0.994,1,0.308,0.151,0.058,0.97,0.998,0.955,1,1,0.003,0.995,0,0.082,0.958,0.584,0.836,0.685,0.712,1,0.235,0.194,0.115,0.092,0.209,0.791,0.991,0,0.006,0.904,0.06,0.533,0.999,0.626,0.98,1,0.126,0.891,0.791,0.989,0.136,0.27,0.998,1,0.007,0.167,0.979,0.994,0.997,0.991,0.583,0.004,0.524,0.994,0.693,0.99,0.908,0.129,0.434,0.614,0.848,0.886,0.96,0.407,1,0.796,0.092,0.698,0.054,1,0.557,0.575,0.998,0.995,0.967,0.037,0,0.002,0.805,0.482,0.528,0.997,0.979,0.146,0.495,0.4,0.695,0.52,0.625,0.532,0.419,0.07,0.992,0.492,0.946,0.057,0.003,0.479,0.536,0.001,0.071,0.992,0.572,0.423,1,0.994,0.953,0.307,0.719,0.776,0,0.996,0.862,0.522,0.233,0.252,1,0.995,0.859,0.994,0.03,0.947,0.995
0.001,0.997,0.717,0.007,0.169,0.968,0.904,0.888,0.182,0.012,1,0.05,0.908,0.129,0.98,0.124,0.277,0.999,0.762,0.994,0.087,0.041,0.08,0.911,0.681,0.009,0.088,0.983,0.013,0.002,0.951,0.881,0.133,0.088,0.655,0.997,0.64,0.388,0.657,0.832,0.99,0.991,0.036,0.522,0.994,0.282,0.999,0.975,0.974,0.989,0.648,0.996,0.718,0.997,0.449,0.121,0.833,0.797,0.093,0.069,0.059,0.993,0.999,0.996,0,0.052,1,0.997,0.011,0.762,0.889,0.876,0.883,0.814,0.068,0.976,0.573,0.986,0.354,0.001,0.858,0.999,0.374,1,0.798,0.011,1,0.212,0,0.04,0.021,0.067,0.048,0.838,0.995,0.062,0.715,0.877,0.95,0.982,0.652,0.978,0.017,0.991,0.948,0.013,0.994,0,0.018,0.993,0.061,0.503,1,0.92,0.997,0.466,0.017,1,0.313,1,0.01,0.979,0.829,0.816,0.994,0.39,0.728,0.118,0.981,0.927,1,0.033,0.141,0.271,1,1,0.046,0.547,0.049,0.513,0.302,0.967,0.011,0.286,0.037,0.995,0,0.872,0.757,0.993,0.001,0.009,0.211,0.956,0.032,0.049,0.991,0.586,0.975,0.152,0.057,0.98,0.187,0.348,0.132,1,0.823,0.027,0.952,1,1,0.708,0.43,0.273,0.716,0.999,0.887,0.612,0.473,0.271,0.159,0.759,1,0.932,0.744,0,0.067,0.996,1,0.612,0.018,0.062,0.874,0.905,0.007,0.008,0.125,0.999,0.998,1,0.131,0.497,0.882,0.998,0.988,0.015,0.989,0.036,0.991,0.994,0.286,0.053,0.993,0.086,1,0.916,0.335,0.915,0.943,0.906,0.044,0.928,0.97,0.64,0.02,0.171,0.013,0.728,0.026,0.183,0.963,0.998,0.662,0.008,0.921,0.482,0.583,0.779,0.016,0.15,0.516,0.976,0.675,0.634,0.534,0.599,0.999,0.989,0.996,1,0.84,0.818,0,0.372,0.865,0.008,0.053,0.457,0.838,0.946,0.853,0.995,0,0.841,0.602,0.668,0,0.848,0.472,0.923,1,0.857,1,0.998,0.126,0.819,0.838,0.989,0.947
0.022,0.997,0.289,0.993,0.92,0.508,1,0.999,0.942,0.999,0.997,0.948,0.901,0.963,0.103,0.234,0.972,0.032,0.918,0.002,0.744,0.855,0.694,0.884,0.372,0.952,0.045,0.016,0.993,0,0.999,0.864,0.395,0.985,0.949,0.998,0.707,0.844,0.455,0.727,0.01,0.853,0.996,0.752,0.989,0.992,0.926,0.001,0.814,0.016,0.177,0.601,0.109,0.999,0.548,0.944,0.265,0.415,0.996,0.331,0.057,0.327,0.997,0.998,0.981,1,0.054,0.029,0.004,0.958,0.854,0.634,1,0.609,1,0.981,0.678,0.471,0.195,0.895,0.878,0.986,0.813,0.116,0.879,0.851,0.036,0.821,0.947,0.996,0.999,0.336,0.052,0.967,0.998,0.069,0.754,0.997,0.006,0.954,0.468,0.99,0.11,0.994,0.013,0.012,0.988,0,0.937,0.028,0.91,0.636,0.999,0.11,0.998,0.534,0.09,1,1,1,0.75,0.958,1,0.426,0.326,0.942,0.273,0.995,0.954,0.924,0.998,0.839,0.126,0.883,0.366,0.818,0.133,0.45,0.074,0.915,0.996,0.976,0.997,0.46,0.995,0.01,0.053,0.874,1,0.992,0.627,0.012,0.875,0.636,0.999,0.057,0.115,0.999,0.117,0.235,0.985,0.011,0.017,0.157,0.122,1,0.738,0.097,0.342,0.997,0.133,0.589,1,0.61,0.851,0.978,0.866,0.827,0.11,0.005,0.145,0.529,0.057,0.938,0.84,0,1,0.459,0.019,0.668,0.99,1,0.134,0.502,0.991,0.992,0.142,0.216,0.996,0.109,0.007,0.593,0.979,0.162,1,0.02,1,0.006,0.984,0.989,0.426,0.949,0.068,1,0.245,0.973,0.218,0.176,0.753,0.895,0.998,0.944,0.958,0.625,0.328,0.206,0.918,0.735,0.993,0.988,0.778,0.863,0.962,0.998,0.884,0.597,0.976,0.749,0.997,0.168,0.588,0.944,0.812,0.557,1,0.518,1,0.002,0.958,0.996,0.919,0.013,0,0.113,0.771,0.003,0.083,0.814,0.846,0.933,0.902,0.996,0,1,0.553,0.967,0.831,0.019,0.968,0.779,0.238,0.244,0.06,0.018,0.981,0.863,0.994,0.993,0.98
0.936,0.009,0.83,0.009,0.842,0.903,0.981,0.996,0.94,0.999,1,0.355,0.932,0.057,0.091,0.02,0.988,0.998,0.475,0.007,0.256,0.97,0.685,0.885,0.439,0.755,0.038,0.99,0.012,0.955,0.968,0.675,0.998,0.071,0.557,0.009,0.551,0.183,0.682,0.53,0.014,1,0.018,0.69,0.996,0.012,0.028,0.976,0.576,0.997,1,0.922,0.997,0.998,0.665,0.958,0.299,0.832,0.989,0.512,0.212,0.01,0.954,0.166,0.003,0.179,1,0.983,0.007,0.188,1,0.646,0.172,0.981,0.07,0.977,1,0.155,0.108,0.877,0.275,0.969,0.438,0.134,0.133,0.993,0.052,0.941,0,0.04,0.026,0.056,0.996,0.942,0.995,0.993,0.905,1,0.97,0.988,0,0.558,0.024,0.014,0.949,0.007,0.992,0.017,0.957,0.999,0.571,0.537,0.998,1,0.067,0.537,0.996,0.43,1,0.14,0.069,0.81,0.216,0.957,0.996,0.449,0.379,0.124,0.981,0.939,1,0.455,1,0.937,0.159,0.194,0.938,0.957,0.07,0.516,0.018,0.969,0.994,0.569,0.768,0.006,0,0.883,0.853,0.006,0.984,0.009,0.82,0.303,0.687,0.16,0.007,0.081,0.143,0.69,0.851,0.009,0.016,0.994,0.562,0.964,0.871,0.021,0.004,0.093,1,0.682,1,0.248,0.776,0.985,0.812,0.995,0.868,0.957,0.655,0.533,1,0,0.925,0.907,0.999,1,0.998,0.833,0.161,1,0.712,0.905,0.339,0.011,0.124,0.088,0.998,1,0.684,0.401,0.005,0.003,1,0.998,0.857,0.907,0.04,0.996,0.313,0.969,0.994,0.076,1,0.978,0.989,0.566,0.022,0.881,0.995,0.957,0.983,0.756,0.847,0.99,0.888,0.618,0.999,0.994,0.016,0.989,0.968,0.993,0.636,0.584,0.688,0.837,0.044,0.15,0.457,0.909,0.221,0.548,0.518,0.561,1,0.963,0.813,1,0.955,0.742,0,0.955,0.697,0.692,0.205,0.498,0.885,0.694,0.97,0.014,0.96,0.357,0.791,0.571,0,0.16,0.938,0.799,0.236,0.224,0.048,0.981,0.714,1,0.995,0.023,0.992
0.047,0.344,0.021,0.993,0.971,0.586,0.911,1,0.592,0.996,0.153,0.999,0.108,0.837,0.994,0.025,0.984,0.999,0.516,0.983,0.009,0.966,0.06,0.192,0.421,0.609,0.94,0.024,0.765,0,0.998,0.042,0.762,0.069,0.81,0.945,0.463,0.031,0.765,0.842,0.995,0.111,0.509,0.42,0.013,0.018,0.96,0.979,0.827,0.997,0.046,0.425,0.009,0.997,0.604,0.055,0.132,0.832,0.96,0.86,1,0.995,0.995,0.999,0.975,0.145,0.092,0.996,0.003,0.539,0.99,0.848,0.96,0.006,1,0.272,0.82,0.891,0.819,0.873,0.064,0.999,0.779,0.102,0.546,0.983,0.962,0.316,0.938,0.241,0.98,0.063,0.964,0.93,0.995,0.077,0.381,0.997,0.987,0.22,0.963,1,0.349,0.008,0,0.994,0.027,0.869,0.859,0.999,0.369,0.548,0.065,1,0.999,0.52,0.993,0.231,0.257,1,0.907,0.978,0.85,0.159,0.984,0.271,0.994,0.952,0.311,0.858,0.998,0.544,0.946,0.804,0.97,0.121,0.95,0.505,0.307,0.675,0.947,0,0.007,0.496,0.266,0.008,0.006,0.877,0.998,0.993,0.979,0.975,0.074,0.512,0.068,0.058,0.007,0.083,0.125,0.177,0.984,0.021,0.027,0.287,1,0.207,0.229,0.999,0.95,0.103,0.258,0.624,0.649,0.508,0.538,0.998,0.017,0.033,0.192,0.936,0.657,0.676,0.17,0.9,0.969,0,1,0.997,0.021,0.647,0.032,0.998,0.172,0.783,0.995,0.992,1,0.813,1,1,0.009,0.665,0.007,0.013,0.792,0.999,0.991,0,0.994,0.009,0.694,0.827,0.991,0.072,0.999,0.002,0.486,0.923,0.799,0.633,0.018,0.955,0.651,0.58,0.503,0.858,0.354,0.703,0.014,0.991,0.953,0.934,0.001,0.996,0.918,0.564,0.438,0.221,0.012,0.996,0.503,0.997,0.081,0.524,0.878,0.503,0.04,0.014,0.033,0.998,0.957,0.362,0.007,0.031,0.592,0,0.058,0.762,0.799,0.704,0.936,0.996,0.001,0.912,0.591,0.594,0.741,0.025,0.357,0.52,0.229,0.997,1,0.012,1,0.808,0.01,0.046,0.021
0.975,0.011,0.842,0.999,0.037,0.975,0.876,0.045,0.371,1,0.415,1,0.919,0.961,0.092,0.023,0.983,0.999,0.795,0.005,0.929,0.046,0.205,0,0.651,0.012,0.999,0.956,0.004,0.967,0.306,0.541,0.772,1,0.811,0.068,0.516,0.684,0.566,0.961,0.006,0.371,0.999,0.946,0.873,0.009,0.775,0.965,0.311,0.995,0.292,0.992,0.992,0.996,0.587,0.09,0.94,0.046,0.02,0.023,0.986,0.08,1,0.95,0.002,0.056,0.989,0.998,0.007,0.959,0.335,0.685,0.977,0.026,1,0.981,0.424,0.936,0.967,0.021,0.325,0.331,0.597,1,0.333,0.009,0.042,0.827,0,0.996,0.995,0.999,0.048,0.541,0.014,0.054,0.787,0.42,0.014,0.997,0.876,1,0.013,0.991,0.184,0.996,0.76,0.858,0.898,0.48,0.939,0.769,0.998,0.312,1,0.626,0.19,1,0.967,1,0.057,0,0.189,0.937,0.994,0.33,0.222,0.173,0.28,0.002,0.05,0.601,0.992,0.953,0.984,0.667,0.928,0.133,0.993,0.564,0.762,0.973,0.069,0.517,0.976,0.01,0,0.887,0.114,0.991,0.986,0.992,0.782,0.787,0.999,0.062,0.012,0.758,0.999,0.524,0.105,0.017,0.999,0.209,0.119,0.452,0.004,0.987,0.714,0.112,0.201,0.695,0.991,0.3,0.628,0.999,0.774,0.395,0.912,0.015,0.151,0.48,0.212,0.93,0.447,0.9,0.999,1,0.063,0.82,0.996,0.057,0.147,0.01,0.01,0.011,0.139,1,0.999,0.283,0.027,0.69,0.973,0.992,0.11,0.039,0.352,0.901,0.845,0.992,0.773,0.87,0.004,0.102,1,0.241,0.105,0.907,0.016,0.888,0.075,0.853,0.189,0.553,0.185,0.997,0.837,0.008,0.16,0.01,0.003,0.353,0.977,0.995,0.592,0.5,0.997,0.294,0.934,1,0.646,0.022,0.083,0.657,1,0.766,0.038,0.044,0.04,1,0.946,0.859,0.013,0.901,0.691,0.56,1,0.71,0.856,0.917,0.989,0.008,0.959,0.922,0.703,0.732,0,0.947,0.959,0.829,1,0.854,0.996,0.997,0.427,0.994,0.994,0.216,0.993
0.976,0.996,0.838,0.993,0.874,0.117,0.85,1,0.506,0.653,0.165,0.166,0,0.963,0.47,0.027,0.991,0.036,0.987,0.001,0.011,1,0.331,0.887,0.672,0.005,0.036,0.996,0.188,0.967,1,0.737,0.284,1,0.465,0.994,0.549,0.509,0.513,0.371,0.998,0.52,0.989,0.809,0.012,0.996,0.034,0.714,0.74,0.008,0.069,0.996,0.992,0.02,0.474,1,0.792,0.743,0.935,0,0.725,0.995,0.998,1,0.97,0.979,0.073,1,0.032,0.694,0.531,0.745,0.116,0.912,0.062,0.975,0.987,0.144,0.867,0.79,0.064,0.459,0.251,0.999,0.515,0.003,0.04,0.927,0.95,0.015,0.147,1,0.051,0.424,0.015,0.382,0.813,0.604,0.012,0.575,0.96,0.395,0.994,0.992,0.927,0.796,0.997,0.859,0.019,1,0.1,0.594,0.025,0.098,0.997,0.516,0.979,0.179,0.091,1,0.967,0.97,1,0.172,0.097,0.943,0.364,0.141,0.027,0.933,1,0.812,0.121,0.812,0.776,0.839,0.941,0.959,0.998,0.61,0.994,0.958,0.026,0.506,0.998,0.998,0.962,0.873,0.162,0.012,0.001,0.009,0.317,0.777,0.271,1,0.996,1,0.764,0.534,0.237,0.278,0.843,0.924,0.241,0.152,0.076,0.963,0.951,0.065,0.143,0.681,0.97,0.842,0.66,0.999,0.012,0.239,0.063,0,0.323,0.888,0.109,0.56,0.672,0.896,0.055,0.548,0.28,0.667,0.986,0.988,0.123,0,0.992,0.006,0.994,0.27,0.999,1,0.011,0.818,0.967,0.011,0.153,0.017,0.242,0.837,0.996,0.83,0.917,0.998,0.007,0.153,0.154,0.001,0.318,0.908,0.965,0.837,0.368,0.955,0.971,0.827,0.23,0.18,0.937,0.727,0.063,0.974,0.171,0.112,0.975,0.994,0.893,0.614,0.439,0.878,0.994,0.142,0.469,0.908,0.848,0.611,0.911,0.598,0.996,0.009,0.829,1,0.139,0.244,0.824,0.877,0.592,0,0.86,0.871,0.748,0.29,0.873,0.005,0.297,0.571,0.681,0.606,0.8,0.997,0.095,0.75,1,0.245,0.998,0.995,0.333,0.173,0.011,0.965,0.994
0.945,0.015,0.839,0.991,0.926,0.957,0.852,0.157,0.239,0.017,0.783,0.036,0,0.001,0.995,1,0.977,0.039,0.621,0.986,0.163,0.044,0.157,0,0.453,0.99,0.999,0.954,0.995,0.961,0.998,0.422,0.345,1,0.863,0.992,0.885,0.289,0.586,0.178,0.997,0.271,0.018,0.975,0.995,0.668,0.037,0.887,0.769,0.021,0.045,0.996,0.996,0.995,0.663,0.152,0.219,0.804,0.949,0.903,0.06,0.994,0.13,0.021,0.921,1,0.995,0.983,0.994,0.86,0.883,0.731,0.999,0.412,0.993,0.971,0.997,0.664,0.801,0.017,0.077,0.628,0.529,1,0.842,0.009,0.97,0.182,0.937,0.045,0.997,1,0.048,0.996,0.999,0.111,0.62,0.709,0.753,0.103,0.953,1,0.014,0.006,0,0.993,0.02,0.876,0.055,0.34,0.956,0.667,0.992,1,0.019,0.407,0.005,0.977,0.377,0.123,0.17,0.006,0.182,0.9,0.179,0.952,0.409,0.774,0.98,0.004,0.999,0.921,0.995,0.175,0.589,1,0.943,0.294,0.109,0.556,0.065,0,0.01,0.692,0.992,0.996,0.002,0.883,0.137,1,0.979,0.009,0.105,0.925,0.997,0.999,0.987,0.998,0.975,0.594,0.018,0.032,0.358,0.866,0.148,0.977,0.888,0.376,0.943,0.15,1,0.73,0.978,0.991,0.753,1,0.806,0.016,0.925,0,0.596,0.635,1,0,0.586,0.891,0.06,0.465,0.802,0.695,0.011,1,0.938,0.91,0.006,0.009,0.145,0.241,0.998,0.697,0.253,0.444,0.967,0.991,0.446,0.996,0.97,0.927,0.996,0.997,0.121,0.94,0.01,0.997,0.14,0,0.972,0,0.125,0.792,0.998,0.334,0.978,0.508,0.313,0.468,0.915,0.697,0.929,0.3,0,0.98,0,0.148,0.876,0.721,0.967,1,0.025,0.133,0.562,0.699,0.869,0.567,0.994,0.699,1,0.013,0.999,1,0.858,0.826,0,0.368,0.553,0.886,0.998,0.642,0.482,0.582,0.33,0.013,0,0.864,0.699,0.498,0,0.998,0.949,0.418,1,0.648,1,0.996,0.248,0.692,0.986,0.847,0.992
0.963,0.993,0.808,0.996,0.05,0.584,0.938,0.985,0.9,0.997,0.314,0.938,0.899,0.041,1,1,0.927,0.041,0.681,0.985,0.303,0.995,0.052,0.875,0.424,0.005,0.033,0.009,0.002,0.059,0.025,0.715,0.973,0.069,0.618,0.994,0.917,0.777,0.704,0.276,0.378,1,0.91,0.578,0.007,0.124,0.03,0.128,0.767,0.995,0.718,0.844,0.996,0.898,0.588,0.999,0.973,0.044,0.019,0.884,0.046,0.995,0.999,0.985,0.001,0.051,0.164,0.992,0.976,0.828,0.979,0.719,1,0.943,0.075,0.973,0.756,0.505,0.817,0.491,0.877,1,0.83,1,0.761,0.01,0.049,0.448,0.137,0.996,0.989,1,0.168,0.231,0.014,0.997,0.843,0.987,0.029,0.078,0,0.23,0.014,0.994,0.938,0.996,0.954,0.86,0.621,0.029,0.943,0.888,0.998,0.104,0.013,0.684,0.727,0.999,0.054,1,0.526,0.964,0.953,0.975,0.998,0.955,0.663,0.14,0.977,0.01,1,0.818,0.119,0.072,0.216,0.118,0.934,0.97,0.158,0.529,0.992,0.969,0.994,0.421,0.981,0.996,0.97,0.879,0.142,0.01,0.002,0.009,0.938,0.999,0.986,1,0.012,1,0.165,0.016,0.078,0.008,0.29,0.754,0.996,0.999,0.966,0.857,0.132,1,0.16,0.595,1,0.416,0.714,0.998,0.882,0.441,0.791,0.132,0.719,0.43,1,0.923,0.97,0.901,0.998,0.972,0.208,0.556,0.026,0.053,0.969,0.91,0.005,0.996,0.924,0.097,0.726,0.96,0.008,0.866,0.951,0.141,0.998,0.017,0.662,0.15,0.011,0.996,0.908,0.999,0.007,0.083,1,0.971,0.672,0.001,0.475,0.914,0.018,0.011,0.977,0.532,0.861,0.985,0.837,0.235,0.864,0.997,0,0.918,0.962,0.009,0.789,0.529,0.494,0.25,0.997,0.145,0.467,0.814,0.934,0.595,0.538,0.529,1,0.591,0.017,1,0.638,0.247,0,0.945,0.716,0.893,0.056,0.681,0.859,0.744,0.831,0.013,0,0.465,0.534,0.459,0,0.997,0.118,0.772,0.275,0.457,0.225,0.976,0.196,0.273,0.993,0.008,0.993
0.724,0.013,0.026,0.006,0.916,0.122,0.238,0.999,0.524,0.998,0.956,0.909,0.904,0.963,0.999,0.07,0.968,0.028,0.517,0.004,0.004,0.911,0.181,0.756,0.494,0.001,1,0.971,0.996,0.964,0.376,0.467,0.998,0.075,0.769,0.994,0.626,0.956,0.707,0.943,0.06,0.984,0.991,0.628,0.996,0.997,0.999,0.095,0.938,0.994,0.99,0.997,0.992,0.997,0.863,0.052,0.963,0.817,0.997,0.213,0.07,0.013,0.019,0.244,0.979,1,1,0.999,0.993,0.819,0.98,0.691,0.103,0.222,0.063,0.979,0.902,0.173,0.93,0.738,0.469,0.669,0.431,0.124,0.873,0.011,0.594,0.923,0.962,0.023,0.997,1,1,0.841,0.018,0.101,0.474,0.994,0.986,1,0.954,0.889,0.016,0.997,0.001,0.994,0.998,0.856,0.934,0.99,0.952,0.54,1,0.961,0.423,0.465,0.006,0.994,1,0.957,0.963,0.978,0.183,0.839,0.997,0.823,0.859,0.211,0.478,0.934,1,0.199,1,0.185,0.165,0.907,0.92,0.035,0.999,0.556,0.966,0.956,0.83,0.382,0.531,0.013,0.961,0.875,1,0.994,0.983,0.989,0.961,0.668,0.449,0.063,0.011,1,0.984,0.035,0.984,0.038,0.532,0.801,0.21,0.708,0.002,0.997,0.959,0.105,1,0.602,0.387,0.384,0.654,0.059,0.035,0.988,0.287,0.031,0.138,0.226,0.991,0.912,0.965,0.918,0.995,0.472,0.997,0.787,1,0.061,0.703,0.895,0.007,0.997,1,1,0.167,1,0.997,0.864,0,0.008,0.156,1,0.502,0.848,0.996,0.012,0.853,0.028,0.994,0.51,0.933,0.362,0.987,0.341,0.011,0.807,0.998,0.945,0.435,0.62,0.805,0.235,0.807,0.746,0.998,0.008,0.923,0.819,0,0.996,0.55,0.519,0.497,0.867,0.968,1,0.605,0.985,0.106,0.659,0.999,0.493,1,0.273,0.035,1,0.387,0.741,0.775,0.074,0.671,0.899,0.493,0.825,0.823,0.352,0.989,0.997,0.434,0.992,0.733,0.739,0.611,0.024,0.248,0.922,1,0.797,0.087,0.997,0.14,0.269,0.991,0.996,0.371
