0.489,1,0.661,0.634,0.37,0.497,0.626,1,0.453,0.299,0.649,0.592,0.646,0.712,0.455,0.479,0.944,0.423,0.425,0.484,0.527,0.757,0.519,0.668,0.554,0.701,0.229,0.817,0.605,0.958,0.274,0.915,0.146,0.244,0.345,0.882,0.461,0.341,0.68,0.754,0.678,0.997,0.135,0.346,0.811,0.908,0.516,0.921,0.995,0.746,0.075,0.576,0.888,1,0.936,0.768,0.999,0.438,1,0.385,0.572,0.978,1,0.109,0.784,0.862,0.597,0.506,0.802,0.519,0.78,0.381,0.673,0.996,0.983,1,0.94,0.679,0.99,0.551,0.675,1,0.34,1,0.77,0.663,0.213,0.292,0.998,0.861,0.704,1,0.551,0.855,0.775,0.597,0.968,0.513,0.845,0.06,0.153,0.797,0.503,0.902,0.423,0.752,0.06,0.654,0.301,0.953,0.896,0.578,0.965,0.941,0.99,0.534,0.361,0.164,0.208,0.828,0.92,0.966,0.999,0.983,0.985,1,0.694,0.999,0.697,0.646,0.914,0.364,0.714,0.988,0.545,0.932,0.33,0.791,0.603,0.416,0.557,0.55,0.721,0.649,0.361,0.612,0.624,0.525,0.993,1,0.822,0.363,0.648,0.315,0.156,0.85,0.799,0.224,0.966,0.486,0.913,0.713,0.96,1,0.171,0.173,0.514,1,0.665,0.616,0.228,0.593,0.97,0.567,0.553,0.657,0.584,0.806,0.608,0.902,0.485,0.637,1,0.814,0.479,0.6,0.522,0.999,0.988,0.983,0.865,0.332,0.579,0.728,0.797,0.567,0.548,0.995,0.001,1,0.614,0.59,0.999,0.942,0.191,0.282,0.115,0.99,0.945,0.27,0.498,1,0.988,0.866,0.95,0.34,0.248,0.408,0.654,0.967,1,0.804,0.517,0.488,0.845,0.091,0.933,0.628,0.287,0.643,0.756,0.721,0.995,0.293,0.529,0.518,0.758,0.15,0.929,0.976,0.667,0.995,0.912,0.55,0.914,0.541,0.724,0.524,0.284,1,0.51,0.62,0.472,0.347,0.394,0.363,0.913,0.537,0.403,0.994,0.957,0.603,0.739,0.977,0.488,0.979,0.545,0.961,0.976,0.491,0.838,0.677,0.882,0.995,0.756,0.754,0.636,0.98,0.995
1,0.131,0.424,0.889,1,1,0.315,0.515,0.42,1,0.986,0.795,0.465,0.645,0.658,0.952,0.908,0.771,0.48,0.971,0.653,0.485,0.615,0.385,0.485,0.521,0.794,0.88,0.927,0.173,0.913,0.71,0.808,0.584,0.99,0.096,0.427,0.389,0.519,0.686,0.49,0.144,1,0.797,0.939,0.942,0.471,0.844,0.527,0.97,0.997,0.988,0.688,0.927,0.5,0.98,0.486,0.549,0.921,0.742,0.642,0.86,1,1,0.554,0.933,0.759,0.745,0.649,0.526,0.678,0.567,0.887,0.797,1,0.902,0.898,0.585,0.953,0.603,0.772,0.728,0.745,0.653,0.511,0.406,1,0.509,0.744,1,0.971,0.998,0.675,0.991,0.71,0.736,0.347,0.998,0.887,0.549,0.921,1,0.924,0.692,0.678,1,0.759,0.608,0.517,0.25,0.961,0.427,1,0.071,0.288,0.506,0.958,0.651,0.994,0.914,0.999,0.709,0.825,0.327,0.134,0.982,0.61,0.987,0.987,0.56,0.991,0.487,0.438,0.483,0.989,0.543,0.489,0.882,0.887,0.99,1,0.532,0.998,0.804,0.484,0.799,0.726,0.504,0.767,0.843,0.199,0.723,0.71,0.993,0.996,0.901,0.999,0.186,1,0.704,0.215,0.99,0.542,0.908,0.261,0.938,0.419,0.562,0.992,0.91,1,0.6,0.68,0.313,0.548,1,0.549,0.531,0.367,0.886,0.65,0.612,0.92,0.711,0.666,0.849,0.997,0.806,1,0.607,0.894,1,0.615,0.352,0.879,0.647,0.658,0.585,1,1,0.556,0.536,0.27,1,0.999,0.85,0.989,0.41,0.212,1,0.973,0.412,0.365,0.95,1,0.159,0.833,0.899,0.706,0.737,1,0.954,0.646,0.605,0.882,0.998,0.674,0.421,0.843,0.14,0.214,0.579,0.615,0.939,0.495,0.694,0.812,0.071,0.715,0.433,0.509,0.978,0.323,0.668,0.984,0.57,0.833,0.514,0.852,1,0.408,0.726,0.7,0.258,0.517,0.571,0.784,0.615,0.883,0.457,0.537,0.055,0.981,0.959,0.487,0.59,0.763,0.575,0.793,0.693,0.707,0.746,0.424,0.999,1,0.435,0.562,0.594,0.576
0.714,0.995,0.664,0.334,0.719,1,0.443,0.079,0.702,0.014,0.952,0.94,0.603,0.53,0.599,0.999,0.997,0.733,0.756,0.481,0.85,0.994,0.849,0.412,0.597,0.837,0.988,0.314,0.533,0.345,0.169,0.4,0.977,0.83,0.628,0.958,0.832,0.536,0.943,0.526,0.971,0.954,0.045,0.516,0.13,0.848,0.387,0.529,0.677,1,0.024,0.945,0.379,1,0.45,0.931,0.879,0.437,0.998,0.497,0.531,0.134,0.001,0.942,0.148,0.958,0.981,0.973,0.962,0.854,0.999,0.932,0.246,0.275,0.546,0.631,0.453,0.909,0.786,0.816,0.209,0.82,0.335,1,0.604,0.79,0.995,0.68,0.299,0.591,0.82,0.972,0.958,0.514,0.95,0.983,0.746,0.136,0.618,0.985,0.081,1,1,0.126,0.482,0.986,0.959,0.598,0.704,0.126,0.349,0.732,1,1,1,0.442,0.627,0.994,0.243,0.997,0.645,0.933,0.489,0.576,0.94,0.661,0.468,0.656,1,0.639,0.023,0.756,0.95,0.717,0.898,0.488,0.714,0.548,0.723,0.96,0.156,0.555,0.984,0.426,0.998,1,0.349,0.677,1,0.75,0.523,0.9,0.706,0.718,0.599,0.783,1,0.602,0.546,0.788,0.494,0.913,0.91,1,0.698,0.894,0.855,0.747,0.576,0.447,0.894,0.843,0.9,0.407,0.962,0.769,0.702,0.498,0.351,0.954,0.645,0.573,0.353,0.654,0.905,0.767,0.661,0.951,0.209,0.531,1,0.992,0.417,0.851,0.999,0.803,0.812,0.368,0.961,0.493,0.565,0.911,0.796,1,0.062,0.338,0.944,0.501,0.086,0.565,0.584,0.149,0.683,0.953,0.166,1,1,1,0.986,0.558,0.999,0.805,0.558,0.493,0.892,0.28,0.524,0.592,0.999,0.957,0.343,0.741,0.543,0.947,0.466,0.431,0.538,0.637,0.962,0.266,0.497,0.992,0.741,0.553,0.324,0.563,0.952,0.915,0.635,0.996,0.611,0.545,0.693,0.913,0.934,0.722,0.991,0.718,0.656,0.971,0.691,0.906,0.996,0.788,0.383,0.497,0.469,1,1,0.827,1,0.779,0.052,0.004,0.775,0.904,0.715,0.38,0.51
0.489,1,0.506,0.954,0.996,0.899,0.537,0.995,0.889,1,1,1,0.694,0.644,0.772,0.957,1,0.799,0.55,0.715,0.875,0.979,0.537,0.656,0.78,0.548,0.881,0.524,0.259,0.741,0.151,0.578,0.621,0.3,0.574,0.836,0.619,0.816,0.731,0.746,0.922,0.996,0.129,0.564,0.823,0.931,0.618,0.672,0.969,0.068,1,0.544,0.316,1,0.59,0.833,0.689,0.476,1,0.933,0.909,0.946,1,0.881,1,0.999,0.972,0.763,0.428,0.412,0.556,0.402,1,0.798,0.939,0.651,0.655,0.345,0.591,0.443,0.722,0.753,0.824,0.089,0.697,0.518,0.614,0.806,0.882,0.22,0.467,0.355,0.983,0.274,0.864,0.816,0.974,0.246,0.398,0.994,0.278,0.914,0.494,0.956,0.675,0.86,0.775,0.556,0.879,0.512,0.689,0.423,0.969,0.557,0.003,0.55,1,0.253,0.883,0.292,0.726,0.997,0.997,0.323,0.912,0.267,0.581,0.775,0.918,0.431,0.091,0.715,0.986,0.396,0.174,0.794,0.422,0.734,0.973,0.634,0.726,0.515,0.996,0.474,0.996,0.966,0.315,0.616,0.898,0.835,0.67,0.864,0.661,0.598,0.967,1,0.841,0.157,0.152,0.529,0.678,0.54,0.588,0.893,0.97,0.089,0.527,0.725,0.238,0.75,1,0.451,0.292,0.466,0.392,1,0.619,0.983,0.979,0.611,0.862,0.551,1,0.663,0.466,0.671,0.514,0.526,0.967,0.942,0.915,0.974,0.525,0.49,0.889,0.862,0.567,0.287,1,0.827,0.576,0.715,0.282,0.956,1,0.79,0.85,0.747,0.752,0.384,0.555,0.035,0.556,0.917,0.345,0.284,0.81,0.507,0.444,0.601,0.678,0.995,0.606,0.885,0.54,0.684,0.489,0.51,0.66,0.897,0.715,0.841,0.563,0.317,0.849,0.585,0.521,0.999,0.249,0.341,0.452,0.964,0.966,0.481,0.721,0.493,0.993,0.773,0.366,0.999,0.598,0.512,0.862,0.857,0.495,0.42,0.289,0.652,0.558,0.462,0.844,0.965,0.951,0.996,0.843,0.615,0.551,0.75,0.184,0.884,0.526,0.642,0.932,1,0.94,0.945,1,0.489,0.999
0.187,0.543,0.523,0.87,0.934,0.431,0.704,1,0.711,0.995,0.797,0.708,0.623,0.997,0.664,0.999,0.741,0.737,0.378,0.328,0.368,0.694,0.812,0.542,0.567,0.509,0.606,0.49,0.708,0.524,1,0.52,0.996,0.318,0.997,0.998,0.52,0.332,0.695,0.567,0.515,1,1,0.741,0.274,0.969,0.405,0.768,0.743,0.974,0.976,0.47,0.293,0.411,0.51,0.811,0.994,0.654,0.805,0.658,0.934,0.597,0,0.923,0.641,0.943,0.999,0.921,0.935,0.885,0.515,0.688,0.624,0.608,0.079,0.517,0.504,0.994,0.76,0.463,0.549,0.918,0.966,1,0.419,0.474,0.432,0.671,0.62,0.942,1,1,0.596,0.214,1,0.375,0.702,0.99,0.984,0.79,1,0.995,0.76,0.775,0.742,0.941,0.708,0.498,0.95,0.149,0.396,0.707,0.884,1,0.037,0.576,0.816,1,0.931,1,0.603,0.741,0.954,0.766,1,0.354,0.587,0.535,1,0.952,0.942,0.914,0.824,0.685,1,0.332,0.349,0.718,0.687,0.568,1,0.598,1,0.617,0.08,0.96,0.489,0.996,0.488,0.165,0.192,0.42,0.567,0.743,1,0.992,0.775,0.995,0.871,0.51,0.768,0.66,1,0.288,1,0.946,0.321,0.095,0.777,0.495,0.715,0.497,0.963,0.971,0.619,1,0.737,0.318,0.491,0.868,0.523,0.527,0.497,0.991,1,0.927,0.57,0.83,1,0.541,0.881,0.292,0.658,0.273,0.932,0.251,0.472,0.299,0.211,0.959,0.954,0.566,0.729,0.772,0.894,0.849,0.874,0.793,0.26,0.621,0.789,0.199,0.577,0.837,0.953,0.878,0.984,0.298,0.542,0.494,1,0.633,0.999,0.592,0.304,0.584,0.366,0.701,1,0.928,0.489,0.631,0.215,0.898,0.385,0.55,0.565,0.945,0.999,0.834,0.59,0.692,0.372,0.474,0.556,0.568,0.922,0.998,0.795,0.996,0.489,0.958,0.403,0.827,0.703,0.514,0.95,0.951,0.424,0.674,0.304,0.93,0.96,0.975,0.616,0.657,0.652,1,0.296,0.952,0.611,0.634,1,0.454,0.808,0.569,0.798,0.64,0.367
0.762,1,0.576,0.839,0.377,0.228,0.334,0.645,0.655,0.86,0.865,0.557,0.388,0.932,0.474,0.025,1,0.755,0.359,0.754,0.667,0.748,0.476,0.318,0.889,0.448,0.629,0.996,0.98,0.514,0.993,0.553,1,0.798,0.67,0.92,0.71,0.908,0.411,0.701,0.895,0.206,0.97,0.223,0.893,1,0.794,0.955,0.877,0.573,1,1,0.45,1,0.508,0.841,0.712,0.76,0.174,0.987,0.512,1,1,0.254,0.786,0.992,0.861,1,0.572,0.824,0.328,0.717,0.922,0.953,1,1,0.998,1,0.115,0.915,0.829,0.984,0.995,0.912,0.801,0.444,1,0.728,0.927,0.937,1,1,0.424,0.559,1,0.53,0.562,1,0.465,0.834,0.385,0.967,0.447,0.986,0.996,0.584,1,0.419,0.804,0.892,0.868,0.765,0.721,0.164,1,0.521,0.999,1,0.76,0.479,0.986,0.909,0.923,0.334,1,0.996,0.404,0.334,0.814,0.914,0.008,0.262,0.769,0.355,0.968,0.915,0.4,0.987,0.971,0.591,0.762,0.998,0.118,0.967,0.939,0.205,1,0.822,0.66,0.67,0.927,0.707,0.297,0.85,0.983,0.988,0.565,0.092,1,0.473,0.789,0.786,0.999,0.502,0.872,1,0.287,0.87,0.373,0.548,0.876,0.575,0.906,0.535,0.545,0.971,0.499,0.997,0.849,0.644,0.5,0.479,0.535,0.923,0.328,0.593,0.785,0.334,0.549,0.644,1,1,0.613,0.663,0.608,0.999,0.54,0.77,1,0.999,0.509,0.456,0.936,0.577,0.963,0.323,0.837,0.544,0.999,0.779,0.586,1,1,0.52,0.967,0.955,0.23,0.938,0.397,0.447,0.926,0.76,0.982,0.467,0.999,1,0.703,0.542,0.342,1,0.61,0.899,0.999,0.765,0.501,0.497,0.903,0.704,0.346,0.575,0.826,0.594,0.739,0.5,0.828,0.519,0.911,0.905,0.694,0.988,0.743,0.791,0.596,0.893,0.629,0.536,0.556,0.506,0.438,0.964,0.317,1,0.927,0.374,0.662,0.406,0.527,0.985,0.261,0.601,0.979,0.594,0.493,0.992,0.507,0.498,0.963,0.706,0.787
0.936,0.818,0.438,0.985,0.799,0.999,0.547,1,0.708,0.992,0.966,0.991,0.722,0.837,0.467,0.896,0.313,0.801,0.738,0.589,0.665,0.648,0.513,0.544,0.526,0.602,0.924,0.698,0.462,0.627,0.717,0.423,0.609,0.52,0.859,0.2,0.619,0.573,0.496,0.689,1,0.942,1,0.642,1,1,0.621,0.037,1,0.497,1,0.922,0.971,1,0.528,0.968,0.825,0.533,0.962,0.418,0.626,0.282,1,1,0.643,0.987,0.945,0.644,0.715,0.936,0.384,0.566,0.992,0.938,0.944,0.999,0.79,0.223,0.511,0.498,0.304,0.983,0.396,0.66,0.401,0.541,0.711,0.579,0.969,0.667,0.885,0.111,0.85,0.237,0.112,0.861,0.292,0.981,0.84,0.188,0.585,0.885,0.996,1,0.87,0.597,1,0.574,0.99,0.534,0.606,0.781,0.994,0.29,0.998,0.49,0.342,0.993,0.452,0.646,0.933,1,0.538,0.728,0.09,0.895,0.885,0.335,0.783,0.994,0.306,0.668,0.713,0.563,0.234,0.581,0.999,0.852,0.833,0.826,0.651,0.315,0.881,0.589,0.894,0.866,0.563,0.551,0.988,0.986,0.913,0.835,0.519,0.357,1,0.999,0.682,0.438,0.974,0.508,1,0.483,0.723,1,0.93,0.271,0.993,1,0.822,0.375,0.956,0.55,1,0.542,0.576,0.892,0.531,1,0.327,0.986,0.576,0.834,0.855,0.748,0.28,0.511,0.745,0.475,1,0.456,0.728,0.885,0.96,0.491,0.651,1,0.521,1,0.997,0.681,0.48,0.516,0.94,0.321,0.485,0.8,1,0.528,0.705,0.287,0.608,0.956,0.938,0.815,0.744,0.983,0.25,0.917,0.912,0.508,1,0.765,0.572,0.54,0.942,0.896,0.963,0.487,0.986,0.665,0.305,0.991,0.893,0.403,0.681,0.903,0.695,1,0.796,0.768,0.597,0.469,0.567,0.528,0.877,0.503,0.697,0.401,0.934,0.877,0.6,0.425,0.595,0.661,0.618,0.902,0.346,0.888,0.502,0.506,0.385,0.967,0.618,0.608,0.426,0.802,0.512,0.997,0.601,0.546,0.474,0.618,0.465,0.025,0.789,0.74,0.783,0.74,0.738
0.793,0.788,0.566,0.783,0.56,0.741,0.405,1,0.588,0.992,1,0.886,0.76,0.396,0.708,0.197,0.459,0.919,0.681,0.67,0.951,0.489,0.956,0.484,0.599,0.933,0.98,0.798,0.558,0.32,0.97,0.53,0.958,0.657,0.511,0.54,0.477,0.457,0.875,0.627,0.473,1,0.109,0.522,0.554,0.338,0.567,0.977,0.568,0.989,0.324,0.344,0.788,0.739,0.607,0.594,0.556,0.572,0.941,0.54,0.516,0.245,0.001,0.192,0.332,0.227,0.584,0.066,0.548,0.502,0.443,0.384,1,0.739,0.144,0.433,0.609,0.518,0.931,0.501,0.568,0.895,0.34,0.245,0.972,0.577,0.65,0.926,0.421,0.86,0.97,1,0.255,0.901,0.442,0.911,0.315,1,0.963,0.864,0.553,0.336,0.678,0.356,0.497,0.323,0.979,0.498,0.485,0.184,0.998,0.531,0.863,0.69,1,0.478,0.9,0.616,1,0.672,0.628,0.176,0.31,0.298,0.698,0.917,0.617,0.803,0.658,0.878,1,0.644,0.919,0.637,0.714,0.564,0.746,0.575,0.996,0.649,0.905,0.693,0.117,0.625,0.999,0.189,0.785,0.688,0.719,0.95,0.957,0.999,0.856,0.842,0.555,1,0.521,0.998,0.999,0.493,0.335,0.782,0.049,0.23,0.955,0.997,0.817,0.488,0.501,0.526,0.679,0.489,0.53,0.637,0.633,0.7,0.628,0.898,0.749,0.194,0.602,0.578,0.721,0.676,0.258,0.517,0.883,0.507,0.993,0.581,0.864,0.668,0.604,0.658,0.793,0.774,0.504,0.839,1,0.998,0.352,0.753,0.975,0.496,1,0.997,0.674,0.529,0.332,0.299,0.825,0.479,0.242,0.623,0.813,0.989,0.999,0.757,0.454,0.682,1,0.788,0.871,0.543,0.381,0.59,1,0.635,0.93,0.753,0.849,0.696,0.863,0.28,0.837,0.776,0.581,0.907,0.836,0.713,0.479,0.555,0.716,0.542,0.451,0.673,0.968,0.4,0.966,0.984,0.991,0.702,0.697,1,0.478,0.82,0.596,0.546,0.629,0.483,0.334,0.944,1,0.852,0.543,0.572,0.477,0.976,0.893,0.452,1,0.644,0.535,1,0.901,0.375,0.869,0.285,0.542
0.827,0.453,0.935,0.599,0.785,0.919,0.995,0.998,0.512,0.982,0.967,0.551,0.537,0.433,0.825,0.592,0.115,1,0.694,0.597,0.462,0.477,0.691,0.648,0.531,0.691,1,0.569,0.646,1,0.358,0.794,1,0.998,0.677,0.921,0.505,0.476,0.384,0.967,0.92,1,0.95,0.327,0.834,0.941,0.841,0.935,0.887,1,0.003,0.208,0.378,0.153,0.592,0.681,0.961,0.884,0.613,0.787,0.621,0.336,0.009,0.219,0.935,0.297,0.791,0.722,0.537,0.856,0.984,0.567,0.858,0.531,0.991,1,0.3,0.885,0.343,0.601,0.492,0.473,0.95,1,0.572,0.894,0.161,0.905,0.998,0.274,0.169,0.95,0.916,0.833,1,0.25,0.593,0.995,0.777,0.379,0.699,0.779,0.76,0.506,0.83,0.291,0.297,0.713,0.615,1,0.654,0.588,0.122,0.999,0.749,0.457,0.521,0.813,0.935,0.993,0.979,0.881,0.527,0.731,1,0.935,0.681,0.599,0.843,0.33,0.875,0.637,0.272,0.77,1,0.305,0.478,0.33,0.263,0.75,0.979,0.573,0.912,0.608,0.251,0.999,0.47,0.357,1,0.737,0.921,0.359,0.572,0.776,0.889,0.924,0.576,1,0.907,0.482,0.992,0.794,0.993,0.698,0.307,0.954,1,0.918,0.618,0.945,0.941,0.609,0.874,0.924,0.409,0.995,0.305,0.931,0.584,0.489,0.514,0.543,0.633,0.419,0.229,0.507,0.959,0.655,0.97,0.554,0.999,0.92,0.425,0.993,0.882,0.619,0.352,0.908,1,0.79,0.626,0.567,0.214,0.871,0.342,0.664,0.782,0.64,0.513,0.883,0.565,0.936,1,0.249,0.29,0.857,0.619,0.951,0.804,0.459,1,1,0.999,0.566,0.918,0.856,0.337,0.498,0.565,0.865,0.439,0.815,0.987,0.999,0.685,0.75,0.967,1,0.338,0.525,0.642,0.987,0.571,0.734,0.998,0.53,0.163,0.848,1,0.102,0.47,0.619,0.562,0.672,0.596,0.371,0.529,0.719,0.611,0.752,0.444,0.196,0.524,0.373,0.7,0.569,0.554,0.996,0.598,0.996,0.593,0.973,0.985,0.864,0.847,0.717,0.953,0.669,0.628
0.338,0.963,0.561,0.339,0.982,0.489,0.5,0.014,0.934,0.995,1,0.997,0.73,0.758,0.608,0.653,1,0.603,0.995,0.727,0.546,0.721,0.626,0.489,0.609,0.5,0.644,0.657,0.282,0.655,0.6,0.523,0.153,0.957,0.715,0.626,0.955,0.977,0.39,0.819,0.839,0.969,0.67,0.346,0.999,0.893,0.963,0.985,0.71,0.18,0.967,1,0.858,0.999,0.447,0.581,0.788,0.52,0.822,0.67,0.983,0.937,0.482,0.978,0.991,0.996,0.567,0.102,0.82,0.493,0.111,0.839,0.817,0.71,0.682,0.58,0.713,0.831,0.624,0.497,0.349,0.591,0.788,0.065,0.607,0.384,0.902,0.366,0.535,0.916,0.63,0.066,0.64,0.809,0.825,0.266,0.924,1,0.552,0.632,0.893,0.557,0.385,0.822,0.329,0.687,0.657,0.543,0.453,0.979,0.7,0.52,0.997,0.61,0.796,0.784,0.495,0.926,1,0.718,0.888,0.093,0.838,0.999,0.969,0.919,0.568,0.619,0.865,0.415,1,0.343,0.739,0.535,0.207,0.662,0.831,0.689,0.599,0.824,0.132,0.573,0.203,0.465,0.284,0.896,0.304,0.721,0.999,0.615,0.971,0.852,0.754,0.781,0.054,0.456,0.719,0.906,1,0.498,0.916,0.611,0.988,0.967,0.807,0.216,0.841,0.416,0.295,0.422,0.999,0.48,0.615,0.787,0.923,0.31,0.527,0.439,0.878,0.506,0.621,0.782,0.138,0.543,0.985,0.498,0.478,0.999,0.737,0.63,0.882,0.833,0.68,0.423,1,0.962,0.503,0.673,1,0.011,0.99,0.695,0.915,0.505,0.924,0.99,0.213,0.366,0.278,0.99,0.622,0.613,0.602,1,0.191,0.706,0.634,0.513,0.352,0.633,1,0.609,0.289,0.515,0.996,0.947,0.498,0.496,0.914,0.98,0.61,0.869,0.969,0.914,0.763,0.559,0.665,0.202,0.331,0.673,0.504,1,0.798,0.485,0.932,0.712,0.619,0.672,0.876,1,0.727,0.409,0.551,0.99,0.697,0.664,0.6,0.764,0.535,0.773,0.768,0.922,0.919,0.941,0.973,0.602,0.534,0.936,0.715,0.408,0.915,0.415,0.816,1,0.878,0.685,0.17,0.215,0.829
0.852,0.978,0.519,0.892,0.707,0.323,0.608,0.039,0.542,0.059,0.925,0.922,0.603,0.568,0.41,1,0.426,0.937,0.808,0.938,0.915,0.391,0.484,0.654,0.657,0.533,1,0.648,0.437,0.62,0.392,0.671,0.639,0.426,0.896,1,0.843,0.23,0.373,0.285,0.851,1,0.346,0.682,0.622,0.79,0.743,0.122,0.463,0.635,0.028,0.493,0.999,1,0.497,1,0.357,0.616,0.215,0.824,0.683,0.822,0.999,0.974,1,0.106,0.117,0.567,0.861,0.368,1,0.622,0.639,0.792,0.907,0.778,0.997,0.965,0.238,0.585,0.986,0.869,0.994,0.991,0.751,0.518,0.834,0.73,0.695,0.401,0.937,1,0.825,0.952,0.955,0.995,0.947,0.982,0.875,1,1,0.928,0.528,0.846,0.944,0.929,0.916,0.493,0.864,0.998,0.84,0.486,0.878,0.988,0.999,0.54,0.727,0.891,0.999,0.541,0.733,0.998,0.978,0.952,0.931,0.758,0.604,0.54,0.598,0.92,0.754,0.998,0.337,0.667,0.892,0.862,0.901,0.77,0.999,0.734,1,0.66,0.702,0.871,0.949,0.085,0.949,0.589,0.987,0.887,0.996,0.9,0.874,0.318,0.988,0.853,0.998,0.995,0.736,0.579,0.675,0.798,0.141,0.987,1,0.786,0.336,0.868,0.816,0.978,0.128,0.799,0.168,0.885,0.714,0.479,0.66,0.942,0.708,0.855,0.748,0.613,0.931,0.581,0.373,0.61,0.262,0.867,0.975,0.614,0.406,0.909,0.454,0.909,0.956,0.997,0.999,0.257,1,0.446,0.249,0.421,0.82,0.915,0.632,0.641,0.757,0.926,0.972,0.786,0.554,0.547,0.829,0.546,0.636,0.958,0.752,0.737,0.93,0.402,0.006,0.128,0.94,0.642,0.901,0.815,0.711,0.765,0.998,0.492,0.811,0.568,0.96,0.647,0.595,0.437,0.82,0.838,0.703,0.32,0.632,0.515,0.616,0.497,0.574,0.56,0.892,0.645,0.733,0.985,1,0.631,0.527,0.747,0.629,0.955,0.267,0.683,0.814,0.998,0.998,0.163,1,0.918,0.9,0.337,0.556,1,0.675,0.505,0.746,0.43,0.149,0.71,0.95,0.572,0.908,0.999,0.805
0.567,1,0.508,0.556,0.486,0.22,0.814,0.015,0.549,0.011,0.044,0.493,0.479,0.63,0.424,0.991,0.171,0.998,0.575,0.38,0.708,0.697,0.505,0.563,0.453,0.545,0.746,0.591,1,0.247,0.981,0.957,0.85,0.996,0.344,0.67,0.583,0.992,0.843,0.733,0.592,0.979,0.033,0.987,0.948,0.488,0.634,0.627,0.695,0.706,1,0.975,0.743,0.725,0.623,0.998,0.269,0.456,0.906,0.82,0.645,0.878,1,0.998,0.989,1,0.527,1,0.852,0.778,0.994,0.385,1,1,0.828,0.508,0.382,0.982,0.891,0.635,0.956,0.846,0.478,0.072,0.678,0.375,0.904,0.721,0.294,0.24,0.249,0.778,0.997,0.544,0.997,0.956,0.465,0.055,0.76,0.994,0.907,0.544,0.986,0.534,0.694,0.496,0.093,0.652,0.499,0.999,0.737,0.621,0.569,0.996,0.503,0.634,0.898,0.682,0.585,1,0.999,1,0.39,0.22,0.892,0.254,0.686,0.434,0.868,0.991,0.749,0.727,0.61,0.925,0.941,0.984,0.833,0.999,0.616,0.686,0.518,0.676,0.908,0.523,0.532,1,0.882,0.648,0.704,0.887,0.226,0.753,0.61,0.74,0.971,0.137,0.857,0.981,0.993,0.562,0.611,0.983,0.235,0.475,0.311,1,0.904,0.994,0.824,0.902,0.202,0.658,0.962,0.549,0.612,0.863,0.62,0.678,0.629,0.926,0.445,0.688,1,0.587,0.187,0.634,0.809,0.531,1,0.535,0.89,0.601,0.491,0.63,1,0.77,0.66,0.222,0.033,0.988,0.491,0.61,0.867,0.879,0.98,0.989,0.485,0.586,0.459,0.243,0.598,1,0.763,0.899,1,0.909,0.935,0.325,0.355,0.617,1,0.511,0.791,0.582,1,1,0.431,0.537,0.202,0.998,0.34,0.543,1,0.63,0.42,0.658,0.586,0.952,0.993,0.327,0.523,0.277,0.635,0.489,0.842,0.463,0.322,0.212,0.249,1,0.372,0.676,0.556,0.672,0.459,0.908,0.961,0.31,0.774,0.201,0.774,0.906,0.498,0.789,0.736,0.648,0.525,0.06,0.298,0.374,0.715,0.43,0.893,0.049,0.822,0.914,0.883,0.855,0.783
0.531,1,0.534,0.997,0.593,0.997,0.268,0.95,0.623,0.979,0.996,0.933,0.618,0.573,0.52,0.992,0.991,0.746,0.523,0.559,0.999,0.779,0.588,0.475,0.523,0.535,0.214,0.482,0.963,0.468,0.931,0.816,0.132,0.774,0.732,0.639,0.481,1,0.434,0.893,0.988,0.18,0.965,0.817,0.647,0.999,0.544,0.797,0.354,0.842,1,0.12,0.929,0.511,0.48,0.724,0.578,0.448,1,0.348,0.512,1,1,0.991,0.572,0.955,0.884,0.999,0.581,0.794,0.995,0.552,0.989,0.835,0.948,0.168,0.263,0.823,0.904,0.453,0.769,0.863,0.614,0.203,0.346,0.509,0.947,0.611,0.693,0.632,0.684,0.999,1,1,1,0.966,0.993,0.52,0.55,0.551,0.836,0.222,0.314,0.231,0.544,0.545,0.571,0.595,0.899,0.961,0.939,0.546,0.614,0.232,0.005,0.66,0.474,0.507,0.886,1,0.854,1,0.902,0.666,0.901,0.771,0.747,0.607,0.988,0.963,1,0.561,0.793,0.921,0.948,0.979,0.497,0.356,0.535,0.636,0.972,0.971,0.56,0.596,0.314,0.975,0.943,0.964,0.978,0.325,0.615,0.504,0.726,0.777,0.498,0.575,0.868,0.985,0.999,0.669,0.731,0.9,0.904,0.992,0.618,0.672,0.98,0.776,0.972,0.787,1,0.569,0.149,0.526,0.404,0.978,0.939,1,0.649,0.575,0.453,0.526,0.181,0.476,1,0.907,0.846,0.149,0.777,0.721,0.914,0.838,0.409,0.428,0.936,0.384,0.825,1,0.001,0.065,0.979,0.608,0.564,0.994,0.159,0.783,0.955,0.522,0.836,0.927,0.833,0.501,0.791,0.897,0.911,1,0.507,0.992,0.712,0.643,1,0.779,0.969,0.565,0.203,0.449,0.403,0.592,0.804,0.985,0.953,0.46,0.356,0.992,0.697,0.511,0.655,0.567,0.646,0.933,0.532,0.996,0.488,0.536,0.958,0.488,0.564,0.732,0.77,0.959,0.338,0.827,0.435,0.743,0.859,0.748,0.506,0.485,0.5,0.755,0.551,0.852,0.844,0.549,0.534,0.952,0.651,0.116,0.862,0.427,0.803,0.552,0.236,0.942,0.992,0.384,0.677,0.85,0.754
0.293,0.505,0.66,0.747,0.871,0.878,0.91,0.875,0.411,0.928,0.991,0.757,0.888,0.678,0.509,0.913,0.165,0.779,0.983,0.989,0.744,0.692,0.547,0.384,0.436,0.637,0.561,0.963,0.854,0.997,0.935,0.605,0.999,0.776,0.77,0.53,0.678,0.973,0.706,0.599,1,0.057,0.882,0.427,0.772,0.443,0.425,1,0.788,0.324,0.846,0.249,0.808,0.931,0.662,0.783,0.724,0.468,0.584,0.719,0.724,0.92,1,0.13,0.964,1,0.443,0.953,0.402,0.68,0.31,0.861,0.61,0.742,0.613,1,1,0.874,0.258,0.516,1,0.999,0.49,0.274,0.875,0.454,0.884,0.386,0.792,0.78,1,0.956,0.71,0.598,0.086,1,0.791,0.999,0.997,0.314,0.952,0.994,0.802,0.554,0.716,0.998,1,0.683,0.554,0.322,0.989,0.496,0.67,0.746,0.924,0.501,0.852,0.994,0.928,0.428,0.869,0.418,1,0.69,0.753,0.972,0.547,0.732,0.916,0.514,0.029,0.944,0.803,0.219,0.305,0.998,0.216,0.376,0.828,0.565,0.398,0.642,0.827,0.691,0.486,0.242,0.494,0.867,0.426,1,0.847,0.399,0.373,0.696,0.835,0.926,0.763,0.518,0.993,0.565,0.884,0.998,0.976,0.51,0.936,0.479,0.368,0.985,0.856,0.281,1,0.517,0.616,0.611,0.576,0.999,0.39,0.835,0.37,1,0.567,0.572,0.994,0.51,0.687,0.65,0.724,0.985,0.95,0.806,0.935,0.977,0.536,0.532,0.488,0.601,0.741,0.868,1,0.578,0.649,0.422,0.449,0.856,0.881,0.887,0.388,0.582,0.986,0.955,0.656,0.871,0.808,0.782,1,0.442,0.859,0.347,0.674,0.61,1,0.839,0.1,0.547,0.338,0.82,0.37,0.612,0.96,0.997,0.544,1,0.173,0.806,0.604,0.695,0.885,0.872,0.73,0.658,0.729,0.228,0.613,0.612,0.488,0.573,1,0.667,0.577,0.034,0.335,0.592,0.445,0.697,0.731,0.531,0.999,0.996,0.484,0.683,0.536,0.983,0.99,0.784,0.515,0.828,0.55,1,0.646,0.349,0.853,0.729,0.994,0.505,0.997,0.684,0.734,0.994,0.855
0.434,0.659,0.453,0.944,0.983,0.984,0.984,1,0.655,0.901,0.723,0.868,0.7,0.982,0.562,0.993,0.994,0.308,0.946,0.328,0.6,0.866,0.545,0.911,0.55,0.712,0.751,0.45,0.396,0.477,0.897,0.703,0.965,0.923,0.655,1,0.657,0.588,0.999,0.725,0.616,0.926,0.999,0.571,0.972,0.987,0.547,0.944,0.373,0.95,0.668,0.977,0.305,0.999,0.799,0.803,0.829,0.42,0.666,0.999,0.515,0.985,0.999,1,0.953,1,0.81,0.36,0.516,0.517,0.52,0.752,0.879,0.884,0.998,0.198,0.978,0.308,1,0.6,0.797,0.353,0.735,0.927,0.643,0.744,0.984,0.83,0.938,0.934,0.36,0.142,1,0.506,0.901,0.708,0.287,1,0.505,0.486,0.4,0.471,0.917,0.91,0.958,0.663,0.998,0.396,0.967,1,0.283,0.448,0.167,0.211,1,0.463,0.254,0.804,0.125,0.17,0.79,0.231,0.457,0.785,0.2,0.787,0.612,0.351,0.534,0.77,1,0.486,0.852,0.999,0.871,0.715,0.598,0.518,0.811,0.391,0.972,0.988,0.987,0.735,0.175,0.929,0.802,0.247,0.533,0.988,0.409,0.656,0.664,0.469,1,0.726,0.75,0.995,0.73,0.454,0.839,1,0.352,0.73,0.999,0.998,0.462,0.748,0.898,0.768,0.678,0.579,1,0.829,0.752,0.929,0.922,0.843,0.704,0.657,0.577,0.526,0.817,0.542,0.469,0.825,0.728,0.51,0.998,0.457,0.94,0.999,0.549,0.8,0.724,0.971,0.955,0.948,0.087,0.991,0.998,0.449,0.9,0.155,0.949,0.495,0.192,0.481,0.814,0.358,0.901,1,0.441,0.987,0.286,0.999,0.9,0.547,0.672,0.533,0.996,0.214,0.903,0.806,0.99,0.827,0.473,0.55,0.376,0.816,0.676,0.277,0.638,0.794,0.302,0.449,0.595,0.993,0.693,0.38,0.572,0.43,0.522,0.56,1,0.572,1,0.318,0.756,0.998,0.817,0.627,0.526,0.459,0.551,0.561,0.891,0.423,0.96,0.352,0.803,0.999,1,0.887,0.57,0.599,0.52,1,0.955,0.817,0.544,0.985,1,1,0.995,0.79,0.76,0.822,0.938
0.913,1,0.664,1,0.51,0.167,0.529,0.987,0.984,0.011,0.999,0.748,0.552,0.8,0.588,1,0.711,0.85,0.694,0.348,0.815,0.904,0.531,0.5,0.558,0.382,0.954,0.665,0.629,0.828,0.164,0.588,0.041,0.753,0.594,0.397,0.669,0.763,0.66,0.661,0.999,0.881,0.99,0.907,0.738,0.523,0.531,0.997,0.505,0.956,0.998,0.999,0.986,0.99,0.429,0.324,0.409,0.528,0.613,0.412,0.46,0.917,1,0.402,0.543,0.917,1,1,0.487,0.996,0.863,0.784,1,0.845,0.996,0.821,0.795,0.48,0.984,0.648,0.755,0.237,0.394,0.985,0.8,0.458,1,0.977,0.829,1,0.655,0.934,0.95,0.993,1,0.325,1,0.647,0.322,0.698,0.489,0.201,0.966,1,0.645,0.192,0.953,0.862,0.183,0.623,0.753,0.679,0.982,0.183,1,0.61,0.771,0.625,0.793,0.226,0.959,0.986,0.533,0.418,0.995,0.808,0.495,0.69,0.542,0.636,1,0.459,0.995,0.335,0.2,0.568,0.733,0.734,0.417,0.524,0.723,0.878,0.498,0.37,0.907,0.817,0.866,0.937,0.485,0.575,0.588,0.473,0.639,0.987,0.469,0.972,0.949,0.999,0.163,0.59,0.761,0.89,0.982,0.584,0.552,1,0.759,0.928,0.715,0.727,0.856,0.525,0.99,0.669,0.432,0.995,0.987,0.37,0.663,0.227,0.436,0.659,0.976,0.752,0.994,0.662,0.881,0.986,0.645,0.516,0.996,0.495,0.877,0.711,0.797,0.258,0.742,0.806,0.011,0.993,0.369,0.622,0.297,0.468,0.866,0.728,0.894,0.795,0.999,1,0.446,1,0.901,0.79,0.155,0.966,0.552,0.821,0.995,0.995,1,0.921,0.768,0.543,0.451,0.819,0.489,0.509,0.783,0.257,0.899,0.961,0.801,0.541,0.431,0.557,0.253,0.94,0.366,0.6,0.575,1,0.562,0.501,0.731,0.499,0.187,0.988,0.799,0.154,0.752,0.541,0.483,0.681,0.637,0.748,0.366,0.554,0.527,0.311,0.819,0.99,0.921,0.2,0.584,0.775,0.53,0.418,0.745,0.865,0.302,0.903,0.91,1,0.784,0.376,0.78,0.752,0.419
0.779,0.283,0.855,1,0.162,0.997,0.592,0.998,0.708,0.999,0.938,0.536,0.891,0.715,0.733,0.544,0.997,0.481,0.844,0.842,0.704,0.592,0.439,0.96,0.531,0.42,0.756,0.954,0.81,0.542,0.977,0.434,0.998,0.523,0.429,0.98,0.415,0.467,0.433,0.807,0.971,0.983,0.576,0.999,0.899,0.994,0.568,0.902,0.306,0.619,1,0.229,0.875,0.016,0.789,0.366,0.304,0.544,0.842,0.837,0.405,0.997,0.982,1,0.526,0.21,0.862,0.791,0.693,0.573,0.561,0.978,0.513,0.811,0.23,0.878,0.653,0.749,0.492,0.736,0.842,0.957,0.752,1,0.377,0.534,0.709,0.898,0.782,0.966,0.552,0.974,0.969,1,0.179,0.728,0.86,1,0.702,0.946,0.501,0.647,0.741,0.251,0.989,0.273,0.921,0.521,0.358,0.893,0.451,0.585,1,0.25,1,0.488,0.626,0.87,0.143,0.915,0.809,0.528,0.734,0.915,0.992,0.759,0.774,0.932,0.661,0.786,1,0.872,0.791,0.68,0.854,0.904,0.994,0.394,0.561,0.51,0.056,0.782,0.955,0.616,0.225,0.946,0.831,0.698,0.606,0.191,0.935,0.666,0.552,0.475,1,0.045,0.361,0.585,0.773,0.536,0.671,0.612,0.856,0.907,0.823,0.064,0.55,0.928,0.72,0.812,0.751,0.557,0.994,0.599,0.662,0.076,0.796,0.527,0.571,1,0.526,0.643,0.893,0.751,0.922,0.646,0.534,0.49,0.998,0.776,1,0.999,0.596,0.445,0.735,0.981,0.649,0.735,0.997,1,1,0.546,0.633,0.993,0.981,0.78,1,0.842,0.863,0.934,0.655,0.931,0.659,0.941,0.994,0.576,0.876,0.272,0.76,0.473,1,0.673,1,0.639,0.504,0.885,0.764,0.604,0.811,0.538,0.999,0.501,0.701,1,0.658,0.498,0.517,0.23,0.711,0.946,0.48,0.171,0.367,0.502,0.905,0.465,0.596,0.794,0.995,0.49,0.315,0.882,0.654,0.439,0.709,0.997,0.864,0.851,0.768,0.722,0.398,0.88,0.554,1,0.81,0.403,0.582,1,0.995,0.525,0.937,0.654,0.699,1,0.128,0.574,0.281,0.535,0.543
0.891,0.998,0.763,0.516,0.634,0.055,0.868,0.736,0.645,0.819,0.153,0.138,0.987,0.969,0.494,0.976,0.929,0.982,0.74,0.654,0.666,0.69,0.514,0.804,0.506,0.515,0.606,0.667,0.76,0.979,0.838,0.629,0.953,0.448,0.572,0.473,0.551,0.999,0.654,0.996,0.944,0.563,0.996,0.91,0.968,0.9,0.643,1,0.633,0.17,0.042,0.612,0.918,0.074,0.676,0.787,0.614,0.664,0.725,0.643,0.427,0.509,0.002,0.15,0.889,1,0.956,0.941,0.998,0.295,0.947,0.42,0.722,0.345,0.98,0.072,0.574,0.222,0.996,0.651,0.798,0.225,0.869,0.189,0.524,0.777,0.843,0.48,0.57,0.217,0.99,0.954,0.79,0.578,0.091,0.624,0.295,0.046,0.899,0.425,0.99,0.237,0.362,0.809,0.75,0.993,1,0.51,0.293,0.95,0.944,0.684,0.964,0.478,0.965,0.625,0.303,0.754,0.863,0.969,0.57,0.5,0.868,0.94,0.27,0.398,0.961,0.894,0.469,0.573,1,0.417,0.295,0.766,1,0.696,0.965,0.83,0.358,0.59,0.986,0.61,1,0.527,1,0.892,0.997,0.721,0.992,0.83,1,0.981,0.37,0.841,1,0.154,0.787,0.225,0.937,0.539,0.925,0.925,0.964,0.937,0.856,0.998,0.879,0.952,0.59,0.94,0.824,0.447,0.739,0.56,0.424,0.124,0.647,0.956,0.991,0.984,0.496,0.438,0.932,0.907,0.593,0.395,0.7,0.799,1,0.78,0.166,0.641,0.646,0.9,0.835,0.743,0.83,0.994,1,0.995,0.866,0.688,0.767,0.85,0.302,0.977,0.769,0.423,1,0.877,0.733,0.284,0.963,0.692,0.96,0.862,0.713,0.799,0.391,0.926,0.937,0.971,0.207,0.546,0.258,0.998,0.404,0.518,0.873,1,0.99,0.169,0.649,0.506,0.991,0.434,0.998,0.942,0.766,1,0.58,0.064,0.519,0.548,0.759,0.529,0.484,0.967,0.775,0.003,0.709,0.606,0.445,0.75,0.634,0.691,0.929,0.62,0.626,0.616,0.985,0.997,0.475,0.601,0.342,0.629,0.552,0.832,0.568,0.476,0.283,0.507,0.882,0.211,0.923,0.998,0.999,0.755,0.976
0.985,0.093,0.66,0.479,0.77,0.952,0.951,0.822,0.687,1,1,0.368,0.355,0.849,0.486,0.968,0.707,0.961,0.859,0.683,0.419,0.415,0.449,0.612,0.699,0.583,0.464,0.399,0.899,0.55,1,0.431,0.938,0.352,0.848,0.3,0.515,0.857,0.745,0.372,0.647,0.927,0.995,0.849,0.268,0.541,0.889,0.998,0.971,1,1,0.996,0.729,1,0.626,0.998,0.623,0.634,0.291,0.326,0.677,0.166,1,0.992,0.785,0.947,0.295,0.966,0.506,0.557,0.919,0.576,0.994,0.506,0.573,0.968,0.659,1,0.756,0.948,0.513,0.848,0.32,0.998,0.426,0.684,0.995,0.455,0.402,0.883,0.507,0.982,0.785,0.974,0.982,0.802,0.683,0.992,0.466,1,0.896,0.661,0.932,0.996,0.591,0.203,0.451,0.92,1,0.231,0.559,0.883,0.616,0.909,1,0.519,0.986,0.172,0.968,0.871,0.286,0.627,0.125,0.817,0.119,0.426,0.459,0.663,1,1,0.01,0.768,0.345,0.358,0.931,0.873,0.374,0.748,0.494,0.485,0.161,0.823,0.991,0.666,0.966,0.934,0.169,0.736,0.867,0.997,0.999,0.68,0.95,1,0.158,0.677,0.324,1,0.879,0.557,0.6,0.854,1,0.528,0.494,0.778,0.776,1,0.992,1,0.883,0.55,0.311,0.711,0.448,0.987,0.539,0.191,0.692,0.921,0.525,0.466,0.963,0.706,0.851,0.338,0.323,0.966,0.936,0.42,0.967,0.849,0.727,0.975,0.533,0.477,0.929,0.963,1,0.973,0.524,0.523,0.521,0.891,0.826,1,0.229,0.461,0.771,0.993,0.38,0.786,0.367,0.999,0.836,0.593,0.996,0.89,0.404,0.67,0.913,1,0.882,0.597,0.238,0.889,0.579,0.878,0.832,0.997,0.98,0.784,0.484,0.777,0.925,0.628,0.722,0.72,0.354,0.759,0.677,0.977,0.87,0.552,0.645,0.578,0.193,0.713,0.493,1,0.944,0.567,0.587,0.887,0.509,0.686,0.901,0.4,0.544,0.839,0.224,0.567,0.967,0.75,0.76,0.749,0.526,0.006,0.397,0.415,0.366,0.624,1,0.465,0.872,0.739,0.622,0.654,0.997
0.537,0.887,0.435,0.773,0.91,0.992,1,0.977,0.621,1,0.053,0.581,0.378,0.708,0.952,0.386,0.505,0.847,0.351,1,0.824,0.521,0.609,0.987,0.538,0.6,0.974,0.673,0.997,0.591,1,0.628,0.28,1,0.936,0.436,0.426,0.312,0.83,0.677,0.361,0.013,1,0.955,0.469,0.677,0.72,0.975,0.333,0.991,0.121,0.379,0.789,0.015,0.666,0.909,0.601,0.591,0.827,0.402,0.7,1,0.983,0.879,0.879,0.92,0.236,1,0.751,0.597,0.928,0.433,0.338,0.83,0.184,0.964,0.78,0.993,1,0.404,0.439,0.849,0.303,0.136,0.997,0.962,0.969,0.998,0.746,0.997,0.989,0.995,0.217,0.381,0.991,0.651,0.612,0.587,0.552,0.875,1,0.603,0.641,0.327,0.397,0.634,0.997,0.782,0.614,0.491,0.904,0.975,0.719,0.997,1,0.605,0.874,0.648,0.732,0.895,0.496,0.745,0.583,0.696,0.479,0.279,0.396,0.553,0.417,0.473,1,0.8,0.999,0.792,0.708,0.214,0.456,0.911,0.72,0.555,0.678,0.644,0.658,0.728,0.189,0.923,0.997,0.667,0.233,0.885,0.999,0.408,0.999,0.5,0.992,1,0.975,1,0.628,0.614,0.476,0.634,0.541,0.998,0.969,0.995,0.571,0.921,1,0.748,0.865,0.432,0.429,0.656,0.802,0.998,0.69,0.502,0.91,0.328,0.565,0.93,0.262,0.626,0.989,0.991,0.498,0.771,0.963,0.476,0.284,0.452,0.446,0.505,0.857,0.973,0.395,0.679,1,0.971,0.91,0.809,1,0.681,0.983,0.338,0.273,0.953,0.966,0.749,0.653,0.981,0.991,0.659,0.225,0.682,0.872,0.809,0.343,0.658,0.99,0.705,0.78,0.694,0.856,0.492,0.824,0.514,0.554,0.252,0.606,0.518,0.932,0.877,0.379,0.376,0.673,0.575,0.775,0.706,0.579,0.93,1,0.544,0.732,0.791,1,0.827,0.838,0.932,0.89,0.594,0.81,0.702,0.542,0.732,1,0.341,0.576,0.548,0.917,0.423,0.692,0.545,0.545,0.434,0.54,0.248,0.808,0.638,0.483,0.487,0.988,0.983,0.981,0.672,0.688,0.914,0.363
0.521,0.931,0.729,0.913,0.819,0.944,0.927,0.589,0.44,0.08,0.073,0.226,0.655,0.638,0.494,0.942,0.027,0.893,0.788,0.682,0.795,0.335,0.732,0.566,0.558,0.561,0.663,0.581,0.727,0.752,0.873,0.879,0.265,0.818,0.677,0.49,0.539,0.217,0.403,0.412,0.259,0.981,0.999,0.847,0.733,0.997,0.61,1,0.985,0.925,0.999,0.995,0.541,0.943,0.574,0.398,1,0.627,0.88,0.351,0.588,0.137,0.837,0.937,0.77,0.527,0.907,0.625,0.608,0.978,0.595,0.503,0.919,0.936,1,0.789,1,0.973,0.838,0.67,0.733,0.897,0.647,0.795,0.848,0.716,0.653,0.594,0.872,0.719,0.866,0.474,0.57,0.128,1,0.995,0.831,1,0.534,0.994,0.996,0.108,0.83,0.979,0.626,0.792,0.523,0.856,0.928,1,0.339,0.767,0.994,0.927,1,0.482,0.876,0.602,0.959,0.509,0.533,0.612,0.701,0.85,0.991,0.887,0.547,0.985,0.994,0.543,0.496,0.606,0.992,0.504,0.889,0.96,0.98,0.379,0.749,0.778,0.539,0.554,1,0.42,0.927,0.282,0.911,0.453,1,0.284,0.998,0.584,0.532,0.399,0.081,0.994,0.561,0.691,0.519,0.596,0.999,0.244,0.999,0.846,0.846,0.074,0.905,0.646,0.573,0.995,0.059,0.769,1,0.447,0.61,1,0.72,0.237,0.608,0.546,0.56,0.481,0.274,0.953,0.911,0.982,0.934,0.698,1,0.684,0.733,0.618,0.623,0.807,0.854,0.804,0.344,0.986,1,0.116,0.786,0.411,0.736,1,0.988,1,0.624,0.669,0.695,0.764,0.524,0.325,0.932,0.438,1,0.594,0.771,0.738,0.548,0.638,0.994,0.469,0.289,0.786,0.954,0.689,0.563,0.443,0.828,0.966,0.996,0.68,1,0.879,0.394,0.613,0.554,1,0.482,0.71,0.521,0.998,0.998,0.563,0.168,0.69,0.848,0.811,0.941,0.826,0.789,0.514,0.782,0.819,0.501,0.407,0.438,0.992,0.415,0.997,0.964,0.486,0.146,0.321,0.492,0.747,0.513,1,0.298,0.498,0.573,0.992,0.986,1,0.998,0.637,0.289,0.805,0.279
0.285,0.975,0.363,0.794,0.96,1,0.531,0.024,0.69,1,0.22,0.828,0.507,0.88,0.515,0.998,0.998,1,0.595,0.996,0.87,0.614,0.7,0.591,0.471,0.736,0.386,0.89,0.303,0.428,1,0.628,0.998,0.881,0.373,0.838,0.683,0.14,0.969,0.643,1,0.694,0.441,0.684,0.485,0.835,0.833,0.423,0.534,0.913,0.559,0.969,0.528,1,0.705,0.25,0.894,0.61,0.974,0.488,0.534,1,1,0.294,0.275,0.972,0.958,1,0.64,0.655,0.35,0.486,0.96,0.517,0.852,0.927,0.237,0.864,0.853,0.587,0.734,0.647,0.864,0.966,0.997,0.596,0.934,0.535,0.87,0.457,0.111,0.992,0.998,0.812,0.978,1,0.513,0.954,0.688,0.591,0.172,0.571,0.964,1,0.527,0.987,0.543,0.586,0.987,0.689,0.482,0.679,0.951,0.903,0.947,0.618,0.849,1,0.964,0.36,0.28,0.259,0.768,0.725,0.857,0.734,0.547,0.652,0.325,0.823,1,0.846,0.922,0.4,0.302,0.533,0.614,0.599,0.754,0.728,0.846,0.68,0.853,0.408,1,0.539,1,0.484,0.236,0.961,0.867,0.726,0.813,0.379,0.949,0.559,0.643,0.998,0.578,0.523,0.745,0.784,0.979,0.883,0.499,0.49,1,0.992,0.786,0.962,0.984,0.457,0.203,0.413,0.591,1,0.56,1,0.94,0.093,0.722,0.4,0.915,0.55,0.996,0.791,0.998,1,0.807,0.977,1,0.92,0.735,0.65,0.998,1,0.304,0.34,0.812,0.999,0.746,0.461,0.912,0.298,1,0.748,0.864,0.83,0.999,0.683,0.521,0.739,0.996,0.872,0.075,0.817,0.992,0.69,0.868,0.989,0.002,0.636,0.994,0.564,0.109,0.516,0.7,0.492,0.55,0.094,0.489,0.473,0.97,0.721,0.434,0.594,1,0.89,0.978,0.78,0.664,0.194,0.501,0.469,0.527,0.503,0.253,0.351,0.505,0.975,0.924,0.726,0.485,0.601,0.615,0.642,0.924,0.572,0.464,0.319,0.358,0.995,0.258,1,0.719,0.992,0.479,0.044,0.999,0.706,0.234,0.542,0.818,0.988,0.724,0.529,0.482,0.92,0.499
0.726,0.637,0.656,0.699,0.275,0.861,0.475,1,0.509,0.998,1,0.996,0.546,0.599,0.62,0.955,0.974,0.9,0.731,0.617,0.708,0.953,0.553,0.38,0.5,0.62,0.975,0.41,0.99,0.811,0.638,0.454,0.988,1,0.983,0.246,0.597,0.981,0.551,0.392,0.996,0.078,0.752,0.793,0.503,0.686,0.468,0.86,0.415,0.225,0.984,0.678,0.301,1,0.924,0.999,0.829,0.756,0.218,0.965,0.643,0.985,0.408,0.101,0.906,0.991,0.913,0.177,0.994,0.65,0.855,0.507,0.949,0.289,0.913,0.993,0.992,0.952,1,0.589,0.985,0.776,0.845,0.709,0.341,0.849,0.999,1,0.99,0.995,0.396,0.077,0.1,0.752,0.911,0.949,0.431,1,1,0.688,0.277,0.978,0.813,1,1,0.602,0.618,0.455,0.948,1,0.302,0.955,0.954,0.567,1,0.548,0.995,0.352,0.099,0.249,0.815,0.481,0.323,0.536,0.559,0.244,0.574,0.951,0.951,0.286,1,0.658,0.808,0.552,1,0.362,0.538,0.635,0.987,0.931,0.931,0.81,0.046,0.555,0.82,0.847,0.784,0.924,0.939,0.666,0.678,0.431,0.956,0.607,0.092,1,1,0.524,0.609,0.716,0.349,0.646,0.211,1,0.667,0.38,0.541,1,0.65,0.811,0.995,0.623,0.467,0.798,0.978,1,0.436,0.989,0.389,0.853,0.474,0.415,0.996,0.687,0.949,0.395,0.732,0.617,0.128,0.643,0.977,0.502,0.61,0.995,0.577,0.553,0.665,0.253,0.025,1,0.774,0.515,0.698,0.806,0.995,0.916,0.869,0.686,0.633,0.617,0.439,1,0.998,1,0.486,0.905,0.374,0.439,0.562,0.555,1,0.905,0.958,0.591,0.762,0.845,0.803,0.594,0.732,0.989,0.921,0.416,0.191,0.972,0.681,0.605,0.733,0.991,0.558,0.629,0.762,0.132,0.412,0.58,0.717,0.62,0.991,0.715,0.633,0.953,0.386,0.486,0.554,0.496,0.611,0.778,0.716,0.433,0.466,0.913,0.62,0.658,0.937,0.641,0.516,0.623,0.607,0.155,0.519,0.782,0.443,0.678,0.93,0.98,0.497,0.465,0.975,0.626,0.765
0.857,0.953,0.603,1,0.578,0.581,0.851,0.172,0.598,1,1,0.967,0.5,0.374,0.468,0.982,0.809,0.747,0.886,0.525,0.978,0.532,0.442,0.509,0.593,0.489,0.252,0.525,0.356,0.911,0.52,0.513,0.252,0.897,0.792,0.745,0.477,0.488,0.64,0.871,0.905,1,0.489,0.688,0.261,0.895,0.962,0.286,0.639,0.143,1,0.962,0.717,1,0.604,1,0.665,0.552,0.163,0.75,0.613,1,0.024,0.854,0.611,0.822,0.793,0.149,0.376,0.379,0.878,0.493,0.759,0.483,0.919,0.076,0.13,0.997,0.988,0.65,1,0.191,0.915,1,0.711,0.56,0.865,0.26,0.999,0.978,0.866,0.999,0.842,0.494,0.155,0.538,0.714,1,0.37,0.987,0.998,0.312,0.845,0.937,0.965,0.339,0.39,0.827,0.793,0.571,0.169,0.482,0.292,0.661,0.994,0.646,0.744,0.906,0.983,0.686,0.495,0.986,0.185,0.849,1,1,0.918,0.955,1,0.699,0.998,0.384,0.75,0.827,0.497,0.366,0.931,0.293,0.527,0.874,0.689,0.975,0.163,0.947,0.669,0.162,0.597,0.895,0.931,0.471,0.729,0.648,0.826,0.95,0.947,0.956,1,0.654,0.977,0.596,0.978,0.267,0.938,0.977,0.464,0.241,0.609,0.971,1,0.863,0.921,0.461,0.719,0.675,0.457,1,0.369,0.56,0.264,0.801,0.49,0.498,0.293,0.436,0.97,0.488,0.708,1,0.985,0.587,0.515,1,0.602,0.848,0.914,1,0.664,0.952,0.003,1,0.964,0.581,0.754,0.539,0.235,0.724,0.823,0.686,0.927,0.537,0.78,0.989,0.95,0.783,0.973,0.932,0.211,0.78,0.648,0.781,0.989,0.33,0.778,0.484,1,0.999,0.687,0.612,1,0.932,0.734,0.323,0.452,0.835,0.784,0.62,0.522,0.463,0.38,0.662,0.534,0.878,0.549,0.765,0.51,0.53,0.213,0.869,0.617,1,0.927,0.662,0.421,0.491,0.815,0.473,0.791,0.858,0.551,0.952,0.403,0.832,0.996,0.912,0.615,0.403,0.745,0.995,0.922,0.372,0.25,0.477,0.162,0.612,0.323,0.867,0.581,0.552,0.294
0.99,0.991,0.94,0.994,0.999,0.545,0.732,1,0.523,0.998,1,0.903,0.667,0.513,0.618,0.129,0.89,0.704,0.56,0.783,0.522,0.556,0.447,0.376,0.452,0.736,0.816,0.996,0.637,0.76,0.057,0.417,0.73,0.645,0.536,0.781,0.679,0.225,0.523,0.746,0.31,0.98,0.07,0.337,0.41,0.304,0.617,0.992,0.845,0.895,1,0.998,0.398,0.551,0.477,0.646,0.989,0.498,0.602,0.587,0.988,0.104,0.999,1,0.809,0.087,0.27,1,0.954,0.507,0.333,0.63,0.91,0.752,0.908,0.999,0.849,0.469,0.221,0.442,0.928,0.994,0.546,0.918,0.671,0.626,0.481,0.957,0.202,0.961,1,1,0.76,0.737,0.389,0.924,0.982,0.864,0.984,0.295,0.182,0.886,0.774,0.59,0.906,0.411,0.984,0.53,0.833,0.93,0.499,0.621,0.093,0.979,0.915,0.516,1,0.834,0.998,0.999,1,0.867,0.619,0.602,0.918,0.927,0.59,0.757,0.994,0.485,0.983,0.818,0.684,0.931,0.995,0.999,0.303,0.511,0.503,0.756,0.866,0.996,0.988,0.415,0.137,0.827,0.291,0.856,0.971,0.578,0.77,0.943,0.775,0.507,0.863,0.999,0.644,0.953,0.87,0.517,0.368,0.822,0.467,0.976,0.898,0.998,0.91,0.911,0.32,0.665,0.817,0.708,0.974,0.526,0.473,0.811,0.43,0.768,0.617,0.777,0.562,0.704,0.985,0.852,0.999,0.472,0.501,0.844,0.073,0.721,0.996,0.464,0.644,0.675,0.808,0.766,0.99,0.916,0.584,0.897,0.838,0.609,0.634,0.999,1,1,0.981,0.622,0.79,0.754,0.584,1,0.634,0.612,0.564,0.122,0.784,0.576,0.581,0.89,1,0.523,0.517,0.493,0.524,0.914,0.343,0.518,1,0.123,0.817,0.824,0.988,0.199,0.628,0.564,0.882,0.694,0.454,0.973,0.559,0.353,0.444,0.519,0.975,0.563,0.999,0.729,0.495,1,0.775,0.426,0.483,0.701,0.54,0.475,0.791,0.382,0.92,0.695,0.665,0.823,0.975,0.328,0.75,0.625,0.469,1,0.491,0.977,0.82,0.903,1,0.998,0.996,0.481,0.563,0.997,0.356
0.791,0.976,0.488,0.842,0.26,0.932,0.959,1,0.852,0.71,0.999,0.847,0.476,0.516,0.824,0.757,0.779,0.377,0.258,0.63,0.994,0.803,0.53,0.547,0.469,0.464,0.15,0.489,0.336,0.734,0.6,0.983,0.973,1,0.758,0.995,0.413,0.857,0.595,0.535,0.154,0.823,1,0.509,0.322,0.613,0.79,0.897,1,0.998,1,1,0.824,0.995,0.47,0.143,0.483,0.49,0.51,0.545,0.83,0.534,1,0.962,0.831,0.454,0.919,0.763,0.909,0.369,0.268,0.814,0.791,0.577,0.841,0.366,1,0.43,0.565,0.666,0.544,0.986,0.737,0.961,0.473,0.974,0.325,0.839,0.51,0.549,0.164,0.536,0.778,0.572,0.956,0.35,0.886,0.084,0.269,0.968,0.933,0.98,1,0.888,0.842,0.491,0.97,0.692,0.7,0.221,0.458,0.473,1,0.974,1,0.496,0.639,0.997,0.732,0.872,0.998,0.158,0.316,0.788,1,1,0.697,0.462,0.18,0.598,0.999,0.647,0.182,0.548,0.841,0.676,0.565,0.489,0.318,0.603,1,0.741,0.858,0.452,1,0.76,0.962,0.549,0.609,0.915,0.89,0.389,0.549,0.333,0.998,0.943,0.413,0.915,0.191,0.522,0.336,0.286,0.931,0.951,0.999,0.973,0.717,0.998,0.595,0.807,0.994,0.872,0.216,0.835,0.624,0.027,0.563,0.806,0.992,0.814,0.666,0.637,0.139,0.728,0.179,0.367,0.564,0.91,1,0.514,0.82,0.795,0.847,0.953,0.651,0.289,0.351,0.29,1,0.049,0.999,0.482,0.988,0.36,0.129,0.674,0.487,0.491,0.906,0.356,0.344,0.998,0.916,0.456,1,0.661,0.929,0.681,0.712,0.438,1,0.976,0.237,0.893,0.915,0.843,0.391,0.537,0.694,0.39,0.299,1,0.305,0.511,0.458,0.657,0.68,0.999,0.902,0.827,0.579,0.302,0.908,0.49,0.636,0.666,0.734,0.506,0.983,0.498,0.724,0.527,0.489,0.786,0.6,0.946,0.549,0.634,0.762,0.415,0.573,1,0.592,0.262,0.418,0.679,0.461,0.961,0.644,0.671,0.572,0.593,0.133,0.999,1,0.376,0.349,0.691,0.242
0.67,0.996,0.587,0.833,0.912,0.802,0.36,1,0.516,1,0.995,0.642,0.46,0.735,0.553,0.949,1,0.247,0.678,0.53,0.8,0.589,0.556,0.582,0.663,0.816,0.877,0.272,0.675,0.756,0.966,0.881,1,0.205,0.97,1,0.587,0.297,0.819,0.705,0.996,1,0.67,1,0.924,1,0.749,0.881,0.511,0.414,0.994,0.948,0.619,0.909,0.576,0.513,0.54,0.563,0.862,0.511,0.417,0.939,0.96,0.523,0.669,0.099,0.984,1,0.783,0.434,0.804,0.988,0.938,0.613,0.253,0.938,0.995,0.65,0.683,0.697,0.481,0.592,0.575,0.793,0.704,0.772,0.496,0.505,0.347,0.58,0.736,0.793,1,0.904,0.165,0.568,0.766,1,0.743,0.789,1,0.163,0.277,0.708,0.347,1,1,0.561,0.55,0.741,0.999,0.57,0.924,0.993,0.009,0.599,0.922,0.822,0.976,0.999,0.956,0.323,0.795,0.512,0.884,0.526,0.647,0.538,0.972,0.777,1,0.785,1,0.844,0.974,0.444,0.659,0.988,0.389,0.595,0.202,0.445,0.916,0.706,0.795,0.991,0.883,0.396,0.936,1,0.073,0.36,0.959,0.858,1,0.973,0.981,0.978,0.999,0.552,0.641,0.597,0.864,0.679,0.992,1,0.979,1,0.829,0.819,0.502,0.558,0.817,0.72,0.7,0.024,0.536,0.653,0.904,1,0.775,0.515,0.905,0.662,0.651,0.646,0.981,0.929,0.924,0.329,0.462,0.922,0.497,0.561,0.952,0.851,0.777,0.212,1,0.773,0.992,0.474,1,0.998,0.968,0.845,0.354,0.673,0.995,0.972,0.921,0.117,0.261,0.224,0.987,0.485,0.996,0.748,0.424,0.513,0.005,0.987,0.238,0.574,0.972,0.999,0.865,0.686,0.997,1,0.753,0.793,0.869,0.51,0.711,0.52,0.748,0.646,0.725,0.579,0.451,0.611,0.682,0.616,0.67,0.474,0.861,0.487,0.436,0.039,0.676,0.622,0.894,0.919,0.529,0.595,0.683,0.437,0.391,0.33,0.741,0.884,0.165,0.284,0.423,0.539,0.464,0.995,0.993,0.868,0.356,0.459,0.909,1,0.52,0.666,0.453,0.964,1
0.863,0.927,0.714,0.687,0.737,0.251,1,0.049,0.372,0.482,0.357,0.254,0.793,0.792,0.437,0.929,1,0.994,0.543,0.662,0.657,0.663,0.405,0.513,0.469,0.483,0.289,0.368,0.997,0.943,0.513,0.397,0.535,0.304,0.799,0.824,0.796,0.878,0.537,0.675,0.154,0.932,0.828,0.584,0.745,0.584,0.489,0.529,0.804,0.834,0.995,0.101,0.999,0.999,0.577,0.237,0.65,0.461,1,0.863,0.489,0.572,0.884,1,0.246,0.638,0.612,0.123,0.708,0.789,0.957,0.909,0.956,0.905,0.593,1,0.832,0.474,0.379,0.424,0.699,0.237,0.793,1,0.713,0.5,0.932,0.874,0.932,0.116,0.999,0.966,0.905,0.62,0.023,0.402,0.504,0.984,0.708,0.222,0.986,1,0.757,0.854,0.421,0.933,0.687,0.692,0.999,1,0.386,0.531,0.842,0.498,0.99,0.457,0.266,0.914,0.194,1,0.571,0.847,0.998,0.603,0.881,0.46,0.697,0.999,0.981,0.813,0.954,0.659,0.938,0.675,0.651,0.684,0.522,0.649,1,0.647,1,0.728,0.884,0.522,0.857,0.826,0.732,0.396,0.898,0.342,1,0.802,0.425,0.295,1,0.999,0.333,0.674,0.897,0.608,0.36,0.225,0.462,0.764,0.892,1,0.321,1,0.931,0.967,0.591,0.513,0.299,0.622,0.739,0.501,0.672,0.804,0.657,0.959,0.678,0.437,0.913,0.626,1,0.574,0.357,0.971,1,0.701,1,0.133,0.924,0.495,0.211,0.469,0.346,0.999,1,0.974,0.506,0.708,0.755,0.986,0.194,0.831,0.344,0.384,0.558,0.353,0.693,0.903,0.874,0.999,0.25,0.291,0.801,0.723,0.971,0.734,1,0.473,0.984,0.651,0.989,0.897,0.401,0.445,0.172,0.228,0.433,0.619,0.864,0.601,0.512,0.533,0.744,0.424,0.495,0.885,0.606,0.899,0.966,0.604,0.547,0.607,0.521,0.367,1,0.789,0.699,0.594,0.619,0.757,0.457,0.651,0.846,0.927,0.413,0.78,0.697,0.478,0.658,0.544,0.565,0.516,0.585,1,0.903,0.573,0.648,0.543,0.916,0.746,0.572,0.849,0.945,0.703,0.694
0.58,1,0.614,1,0.296,0.943,0.804,1,0.636,0.892,0.578,0.333,0.979,0.894,0.57,0.771,0.633,0.993,0.404,0.244,0.366,0.427,0.819,0.796,0.562,0.594,0.766,0.386,0.907,0.688,0.996,0.716,1,0.83,0.379,0.593,0.601,0.775,0.756,0.463,0.201,0.647,0.176,0.72,0.981,0.98,0.404,0.124,0.649,0.927,0.987,0.945,0.609,0.1,0.428,0.553,0.881,0.487,0.775,0.677,0.502,0.997,1,0.994,0.82,0.966,0.993,0.908,0.269,0.992,0.222,0.648,0.145,1,1,0.96,0.771,0.849,0.941,0.475,0.858,0.535,0.502,0.593,0.649,0.873,0.999,0.363,0.8,0.998,0.718,0.657,0.672,0.78,0.484,1,0.988,0.138,0.767,0.831,0.966,0.837,0.254,0.772,0.774,0.802,0.957,0.496,0.625,0.999,0.798,0.669,0.998,0.543,1,0.54,0.798,0.609,1,0.835,0.813,0.122,0.992,0.662,0.263,0.896,0.417,0.513,0.628,0.825,0.041,0.978,0.563,0.963,0.811,0.767,0.722,0.729,0.705,0.535,0.994,0.361,1,0.474,0.306,0.972,0.654,0.371,0.439,0.8,0.99,0.369,0.465,0.801,1,0.64,0.916,0.897,0.233,0.513,0.317,0.901,0.997,0.923,0.466,0.968,0.618,0.896,0.574,0.707,0.98,0.54,0.771,0.977,0.477,0.016,0.781,0.304,0.801,0.957,0.532,0.438,0.123,0.462,0.528,0.529,0.577,0.771,0.283,0.618,0.181,1,0.58,0.602,0.996,0.823,0.571,0.817,1,0.209,0.943,0.62,0.409,0.83,0.993,0.936,0.978,0.654,0.366,0.799,0.704,0.989,0.502,0.988,0.516,0.994,0.324,0.402,0.532,0.497,0.824,0.278,0.219,0.573,0.997,0.273,0.622,0.74,0.667,0.773,0.901,0.517,0.589,0.335,0.962,0.517,0.666,0.979,0.791,0.554,0.525,1,0.523,0.483,0.486,0.508,1,0.692,0.289,0.695,0.671,0.844,0.628,0.991,0.557,0.545,0.618,0.681,0.608,0.691,0.453,1,0.983,0.7,0.429,0.37,0.471,1,0.51,0.345,0.812,0.862,0.225,0.574,0.687,0.999,0.93,0.551,0.167
0.986,0.491,0.484,0.197,0.55,0.606,0.182,0.997,0.771,1,0.539,0.645,0.812,0.544,0.533,1,0.218,0.512,0.382,0.983,0.528,0.565,0.761,0.938,0.488,0.437,0.754,0.737,0.756,0.811,0.953,0.457,0.723,0.221,0.488,0.899,0.781,0.952,0.504,0.344,0.99,1,0.972,0.756,0.574,0.764,0.531,0.341,0.752,0.878,1,0.045,0.559,0.013,0.836,0.331,0.185,0.536,0.296,0.375,0.785,0.054,0.999,0.567,0.746,0.497,0.654,0.123,0.713,0.729,0.79,0.725,1,0.548,0.998,0.934,0.813,0.974,0.224,0.674,0.75,0.993,0.983,0.957,0.528,0.673,0.915,0.401,0.54,0.875,0.998,0.864,0.552,0.846,0.997,0.443,0.412,0.999,0.347,0.993,0.936,0.892,0.778,0.302,0.792,0.941,0.978,0.379,0.28,0.749,0.755,0.374,0.509,0.629,1,0.535,0.962,0.504,0.994,0.577,0.695,0.256,0.244,1,1,0.81,0.851,0.822,0.759,0.856,0.99,0.578,0.606,0.995,0.589,0.51,0.918,0.907,0.802,0.841,0.997,0.643,0.528,0.892,0.979,1,0.727,0.631,0.577,0.857,0.985,0.978,0.52,0.698,0.679,0.732,0.975,1,0.962,0.778,0.575,0.25,0.255,0.583,0.965,0.024,0.731,0.472,0.717,0.844,0.939,0.599,0.078,0.924,0.644,1,0.537,0.646,0.655,0.839,0.553,0.567,0.957,0.881,0.834,0.763,0.659,0.378,0.051,0.891,0.977,0.897,0.58,0.387,0.565,0.508,0.422,0.896,0.496,0.995,0.895,0.575,0.845,0.295,1,0.243,1,0.825,1,0.925,0.982,0.728,1,0.972,1,1,0.8,0.962,0.876,0.375,0.02,0.397,0.896,0.625,0.421,0.181,0.601,0.542,0.914,0.558,0.497,0.758,0.534,0.987,0.993,0.594,0.743,0.907,0.434,0.699,0.615,0.291,0.531,0.673,1,0.541,0.3,0.598,0.741,0.98,0.864,0.444,0.592,0.585,0.485,0.991,0.844,0.516,0.515,0.814,0.597,0.968,0.996,0.978,0.501,0.473,0.54,0.991,0.835,0.328,0.878,0.321,1,0.99,0.976,0.795,0.371,0.842,0.735
0.63,0.161,0.585,0.924,0.63,0.949,0.993,0,0.446,0.993,0.752,0.959,0.589,1,0.592,0.999,0.183,0.967,0.682,0.732,0.646,0.656,0.891,0.64,0.722,0.585,0.927,0.79,0.826,0.596,1,0.834,0.898,0.987,0.681,0.874,0.595,0.896,0.938,0.996,0.81,0.943,0.945,0.329,0.794,0.5,0.597,0.22,0.586,1,0.854,0.873,0.862,1,0.542,0.814,0.333,0.891,0.993,0.819,0.397,0.758,0.015,0.729,0.997,0.964,0.999,0.994,0.715,0.541,0.996,0.691,0.508,0.614,0.336,0.971,0.929,0.907,0.817,0.516,0.998,0.285,0.999,0.994,0.833,0.563,0.996,0.359,0.635,0.8,1,0.912,0.196,0.984,0.578,0.495,0.802,0.484,0.655,0.188,1,0.224,0.853,0.571,0.66,0.634,0.999,0.452,0.494,0.958,0.535,0.839,1,0.947,0.57,0.526,0.594,0.903,0.418,0.235,0.747,0.495,0.987,0.543,0.948,0.986,0.424,0.255,0.192,0.785,0.019,0.685,0.99,0.854,0.79,0.993,0.632,0.701,0.618,0.605,0.948,0.47,0.942,0.628,0.612,0.998,0.922,0.391,0.961,0.556,0.721,0.245,0.91,0.534,0.176,0.17,0.396,0.094,0.955,0.47,0.989,0.143,0.807,0.194,0.426,0.53,0.747,0.153,0.967,0.343,1,0.562,0.889,0.418,0.901,0.574,0.875,0.314,0.484,0.789,0.559,0.678,0.18,0.437,0.579,0.387,0.961,0.891,0.444,0.698,0.997,0.722,0.731,0.653,0.921,0.228,0.758,0.709,1,0.078,0.817,0.498,0.518,0.85,0.237,0.977,0.913,0.673,0.626,0.256,0.464,0.996,0.854,0.663,0.778,0.257,1,0.49,0.505,0.386,1,0.551,0.648,0.495,0.825,0.949,0.672,0.856,0.95,1,0.576,0.692,0.85,0.26,0.386,0.694,0.496,0.887,0.526,0.44,0.597,0.84,0.337,0.478,0.967,0.539,0.431,0.947,0.566,1,0.339,0.443,0.599,0.383,0.404,0.765,0.994,0.937,0.656,0.378,0.514,1,0.977,0.561,0.89,0.875,0.542,0.979,0.7,0.914,1,0.944,0.235,0.027,0.609,0.71,1,0.699,1
0.338,1,0.569,0.994,0.399,0.484,0.781,1,0.398,0.995,0.994,0.612,0.589,0.253,0.424,0.892,1,0.66,0.823,0.824,0.963,0.693,0.671,0.479,0.488,0.599,0.66,0.725,1,0.826,0.958,0.508,0.518,0.944,0.355,0.189,0.639,0.967,0.775,0.789,0.721,0.993,1,0.672,0.636,0.054,0.653,0.909,0.544,0.992,0.997,0.885,0.209,0.789,0.527,0.938,0.744,0.584,1,0.728,0.758,0.872,1,0.155,0.39,0.747,0.785,0.475,0.636,0.421,0.741,0.329,1,0.691,0.88,0.064,0.32,0.973,0.843,0.516,0.851,0.998,0.228,0.984,0.989,0.628,0.837,0.815,0.371,0.376,0.192,0.181,0.304,0.797,0.988,0.365,0.634,0.705,0.96,0.913,0.951,0.854,0.883,0.512,0.818,0.654,0.07,0.662,0.554,0.979,0.576,0.86,0.917,0.774,0.137,0.52,0.266,0.632,0.94,0.979,0.321,1,0.949,0.603,0.313,0.708,0.346,0.919,0.893,0.223,1,0.948,0.412,0.289,0.484,0.412,1,0.963,0.767,0.631,0.899,0.792,0.717,0.43,0.831,1,0.39,0.975,0.267,0.905,0.195,0.674,0.424,0.394,1,0.879,0.859,1,1,0.496,0.689,0.977,0.64,0.953,0.86,0.966,0.708,0.989,1,0.389,0.497,0.572,0.997,0.72,0.564,0.712,0.508,0.862,0.658,1,0.631,0.449,0.986,0.723,0.08,0.692,0.462,0.782,1,0.517,0.635,0.999,0.563,0.927,0.09,0.93,0.932,1,0.997,0.486,0.876,0.83,0.305,0.175,0.933,0.34,0.999,0.528,0.327,0.496,0.516,0.633,0.227,0.248,0.683,0.717,0.131,0.601,0.647,0.703,0.004,0.369,0.259,0.489,0.698,0.952,0.677,0.499,0.995,0.171,0.964,0.303,0.987,0.555,0.683,0.534,0.635,0.592,0.999,0.58,0.483,0.786,0.87,0.524,0.357,0.482,0.543,0.629,0.999,0.35,0.744,0.611,0.524,0.931,0.555,0.435,0.731,0.675,0.972,0.925,0.859,0.979,1,0.902,0.707,0.612,0.619,0.972,0.99,0.562,0.991,0.715,0.827,1,0.779,0.406,0.517,0.681,0.985
0.907,0.987,0.819,0.173,1,0.857,0.393,0.68,0.655,0.02,0.805,0.529,0.784,0.683,0.526,0.137,0.102,0.164,0.777,0.925,0.468,0.853,0.381,0.738,0.519,0.546,0.819,0.577,0.551,1,0.3,0.51,0.901,0.87,0.604,0.977,0.602,0.755,0.484,0.403,0.812,1,0.497,0.713,0.925,0.978,0.458,0.731,0.713,0.841,1,0.272,0.849,0.995,0.37,0.463,0.993,0.696,0.872,0.998,0.902,0.983,0.691,0.081,0.328,1,0.36,0.275,0.547,0.369,0.192,0.679,0.132,0.358,0.679,0.972,0.22,0.998,0.523,0.591,0.618,0.79,0.624,0.549,0.466,0.599,0.234,0.703,0.742,1,0.916,0.991,0.963,0.946,0.997,0.918,0.505,1,0.593,0.255,0.549,0.58,1,0.958,0.916,0.964,1,0.95,0.929,0.886,0.975,0.483,1,0.955,0.523,0.49,0.928,0.944,0.905,0.503,0.818,0.953,0.779,0.499,0.907,0.139,0.507,0.717,0.817,0.697,1,0.36,0.744,0.6,0.473,0.834,0.705,0.898,0.95,0.995,0.947,0.4,0.904,0.445,0.858,0.727,0.593,0.829,0.966,0.996,0.887,0.688,0.49,0.487,0.945,0.497,0.926,0.743,0.987,0.499,0.584,0.449,1,0.17,0.28,0.948,0.954,0.197,0.515,0.92,0.946,0.521,0.999,0.684,0.547,0.947,0.642,0.992,0.967,0.721,0.607,0.763,0.858,0.897,0.837,0.826,0.688,0.877,0.096,0.609,0.314,0.943,0.61,0.39,0.38,0.854,0.725,0.929,0.01,0.917,0.773,0.516,0.133,0.228,0.983,0.488,0.957,0.354,0.809,0.803,0.573,0.133,0.497,0.809,0.863,0.999,0.931,0.999,0.954,0.71,0.266,0.977,0.354,0.713,0.79,0.971,0.9,0.569,0.108,0.934,0.559,0.28,0.687,0.353,0.635,0.531,0.416,0.986,0.523,0.96,0.412,0.964,0.484,0.434,0.597,0.562,0.166,0.305,0.802,1,0.481,0.942,0.468,0.797,0.52,0.538,0.856,0.622,0.619,0.942,0.989,0.554,0.724,0.233,0.549,0.427,0.453,0.659,0.919,0.766,0.402,0.793,0.677,0.134,0.274,0.824,0.974,0.367,0.83
0.999,0.686,0.6,0.656,0.798,0.632,0.617,0.998,0.638,0.686,0.998,0.888,0.429,0.903,0.889,0.793,0.518,0.314,0.961,0.517,0.646,0.945,0.643,0.449,0.566,0.565,0.778,0.914,0.806,0.982,0.213,0.498,0.944,0.516,0.406,1,0.875,0.999,0.689,0.516,0.86,0.05,1,0.837,0.435,0.846,0.673,0.923,0.75,0.158,1,0.612,0.791,0.991,0.614,0.98,0.745,0.575,0.987,0.496,0.32,0.954,1,0.677,0.393,0.905,0.492,0.917,0.714,0.667,0.811,0.601,0.979,0.556,0.485,0.988,0.492,0.29,0.511,0.951,0.955,0.81,0.896,0.943,0.792,0.429,0.976,0.489,0.718,0.781,0.761,0.935,0.214,0.464,0.996,0.285,0.884,0.059,0.222,0.967,0.91,1,0.531,0.74,0.765,0.996,0.977,0.605,0.764,0.928,1,0.636,0.857,0.681,0.996,0.544,0.997,0.181,0.94,0.297,0.42,1,1,0.668,0.984,0.327,0.955,0.688,0.714,0.981,0.511,0.67,0.604,0.301,0.96,0.434,0.327,0.761,0.378,0.54,0.995,0.732,0.975,0.654,0.412,0.28,0.915,0.787,0.2,0.789,0.522,0.579,0.994,0.547,0.114,0.89,0.233,0.292,0.751,0.534,0.872,1,0.703,0.63,0.901,0.81,0.668,0.562,0.625,0.301,0.987,0.429,0.944,0.825,0.533,1,0.412,0.926,0.434,0.999,0.426,0.475,0.514,0.43,0.485,0.617,0.395,0.746,0.501,0.626,0.592,0.3,0.612,0.372,0.967,0.859,0.96,0.131,0.96,0.94,0.358,0.598,0.556,0.616,0.583,0.82,0.212,0.7,0.225,0.985,0.424,0.594,0.583,1,0.585,0.194,0.898,0.794,0.66,0.435,0.996,0.65,0.715,0.602,0.24,0.555,0.956,0.562,0.276,0.981,0.62,0.608,0.913,0.489,0.633,0.626,0.942,0.859,0.902,0.388,0.468,0.486,0.667,0.576,0.957,0.529,0.978,0.947,0.324,0.993,0.817,0.573,0.703,0.318,0.601,0.871,0.909,0.349,0.64,0.724,0.326,0.209,0.95,0.459,0.454,0.639,0.494,0.988,0.951,0.537,0.803,0.488,0.962,0.788,0.664,0.878,0.301,0.821,0.339
0.627,0.199,0.566,0.242,0.941,0.704,0.267,0.522,0.415,1,0.997,0.797,0.664,0.402,0.763,0.506,0.523,0.571,0.431,0.714,0.37,0.997,0.623,0.684,0.64,0.584,1,0.536,0.731,0.912,0.997,0.698,0.963,0.783,0.411,0.667,0.462,0.92,0.387,0.558,0.559,1,0.996,0.841,0.991,1,0.538,0.505,0.31,1,0.978,0.894,0.572,1,0.566,0.809,0.812,0.788,0.556,0.743,0.641,0.205,1,0.757,0.254,0.727,0.997,0.03,0.364,0.703,0.937,0.513,0.998,0.436,0.88,0.995,0.972,0.874,0.967,0.448,0.399,1,0.668,0.897,0.836,0.618,0.218,0.36,0.649,0.78,0.566,1,0.991,0.639,0.994,0.496,0.361,0.805,0.785,0.999,0.871,0.489,0.152,0.605,0.376,0.528,1,0.428,0.789,0.855,0.452,0.535,0.198,1,0.031,0.753,0.249,0.962,1,0.206,0.956,0.647,0.805,0.374,0.854,0.396,0.545,0.675,0.954,0.996,1,0.408,0.484,0.772,1,0.345,0.332,0.688,0.719,0.707,0.87,0.317,0.382,0.529,0.638,0.816,0.523,0.482,0.962,0.815,0.647,0.331,0.852,0.672,0.987,0.828,0.295,0.864,0.034,0.622,0.356,0.983,0.247,1,0.998,1,0.738,0.948,0.904,0.356,1,0.46,0.875,0.523,0.755,0.191,0.992,0.701,0.824,0.52,0.428,0.721,1,0.527,0.914,0.617,0.578,0.282,0.717,0.725,0.673,0.223,0.376,0.585,1,0.524,0.543,0.833,0.739,0.956,0.812,0.643,0.639,0.97,0.521,0.591,0.579,0.987,0.893,0.93,0.464,0.999,0.818,0.685,1,0.977,1,0.99,0.404,0.351,1,0.734,0.949,0.542,0.837,0.777,0.897,0.527,0.58,0.603,0.407,0.932,1,0.591,0.621,0.797,0.341,0.167,0.898,0.721,0.488,0.973,0.946,0.552,0.268,0.443,0.83,0.977,0.568,0.121,0.245,0.533,0.582,0.643,0.848,0.789,0.994,0.838,0.713,0.358,0.507,0.706,0.196,0.674,0.686,0.667,0.495,0.96,0.633,0.909,0.765,0.684,0.912,0.877,0.187,0.981,0.424,0.408,0.528
0.576,1,0.45,0.985,0.943,0.962,0.897,0.999,0.761,0.436,0.995,0.485,0.927,0.975,0.473,0.109,0.998,0.909,0.517,0.58,0.461,0.364,0.64,0.582,0.447,0.604,0.904,0.637,0.894,0.963,0.714,0.563,1,1,0.851,0.952,0.952,0.531,0.471,0.876,1,0.74,0.98,0.974,0.765,0.235,0.59,1,0.355,0.567,0.904,0.858,0.93,0.003,0.51,0.899,0.525,0.586,0.991,0.864,0.861,0.929,0.796,1,0.995,1,1,0.992,0.529,0.844,1,0.451,0.237,0.686,0.189,0.019,0.898,0.239,0.665,0.862,0.406,0.693,0.55,1,0.516,0.648,0.358,0.822,0.97,1,0.998,0.987,0.996,0.924,0.622,0.821,0.197,0.969,0.537,0.688,0.671,0.987,0.722,0.635,0.453,1,1,0.441,0.328,1,0.832,0.597,0.155,1,1,0.541,0.513,0.994,0.999,0.943,0.737,1,0.661,0.438,0.743,0.647,0.471,0.502,0.305,0.79,0.052,0.53,0.467,0.645,0.082,0.287,0.924,0.599,0.771,0.324,0.815,0.946,1,0.626,0.692,0.894,0.344,0.495,0.893,0.974,0.99,0.996,0.463,0.976,0.929,0.935,0.943,0.962,0.389,0.488,0.71,0.845,0.979,0.07,0.309,0.475,0.715,0.97,0.511,0.516,0.863,0.45,0.625,0.56,0.601,0.998,0.675,1,0.547,0.703,0.558,0.615,0.606,0.639,0.955,0.548,0.785,0.305,0.898,0.662,0.936,0.501,0.463,0.769,0.209,0.125,0.755,0.8,1,1,0.757,0.459,0.965,0.806,0.863,0.888,0.844,0.519,0.846,0.733,0.638,0.877,0.344,0.832,0.921,1,0.684,0.634,0.996,0.801,0.877,1,0.849,0.634,0.97,0.497,0.996,0.551,0.2,0.958,1,0.865,0.944,0.867,0.911,0.575,0.825,0.832,0.769,0.508,0.604,0.598,0.584,0.538,0.821,0.655,0.707,0.566,0.816,0.437,0.974,0.68,0.433,0.507,0.593,0.5,0.265,0.533,0.377,0.999,0.998,0.894,0.864,0.854,0.572,0.714,0.674,0.949,0.321,0.859,0.838,0.64,0.524,1,0.57,0.714,0.49,0.398,0.964
0.5,0.998,0.512,0.663,0.249,1,0.772,0.451,0.931,0.976,0.108,1,0.573,0.906,0.616,0.753,0.623,0.855,0.337,0.459,0.723,0.371,0.469,0.987,0.455,0.531,0.57,0.504,0.791,0.352,0.851,0.624,0.125,0.571,0.504,0.644,0.406,1,0.996,0.612,0.985,0.788,0.994,0.628,1,0.157,0.575,0.999,0.809,0.683,0.969,0.89,0.994,0.041,0.741,0.87,0.632,0.49,0.903,0.737,0.857,0.962,1,0.489,0.491,0.999,0.812,1,0.91,0.681,1,0.446,0.999,0.968,0.154,0.953,0.856,1,0.843,0.846,0.465,0.931,0.69,0.994,0.242,0.527,0.958,0.346,0.524,0.83,0.268,0.516,0.815,0.659,0.932,0.741,0.491,0.994,0.71,0.791,0.79,1,0.815,0.226,0.349,0.843,0.977,0.641,0.992,0.905,0.805,0.526,0.916,0.452,1,0.571,0.948,0.875,0.108,0.82,0.262,0.984,0.908,0.764,0.816,0.974,0.608,0.709,1,0.97,0.821,0.665,0.497,0.603,0.225,0.495,0.729,0.998,0.925,0.886,0.862,0.778,0.988,0.749,0.831,0.195,0.963,0.543,1,0.395,0.598,0.629,0.643,1,0.783,0.995,0.229,0.57,0.089,0.522,0.799,0.828,0.846,0.901,1,0.958,0.669,0.512,0.362,0.718,0.561,0.496,0.349,0.636,0.424,1,0.866,0.235,0.821,0.756,0.875,0.923,1,0.651,0.995,0.419,0.674,0.539,0.012,0.621,0.519,0.96,0.799,0.408,0.491,0.931,0.605,0.816,0.978,1,0.744,0.907,0.996,0.978,0.8,0.517,0.484,0.732,0.224,0.994,0.484,0.135,0.922,0.321,0.926,0.208,0.714,0.729,0.815,0.527,0.997,0.435,1,0.547,0.596,1,0.356,0.523,0.518,0.704,0.714,0.989,0.865,1,0.56,0.663,0.988,0.998,0.684,0.617,0.543,0.693,0.711,0.507,0.8,0.777,0.984,0.625,0.415,0.738,0.598,0.412,0.532,0.349,0.924,0.725,0.472,0.719,0.485,0.858,0.474,0.726,0.413,0.286,0.955,0.338,0.576,0.977,0.302,0.73,0.973,0.926,0.959,0.121,0.873,0.665,0.98,0.456,0.978
0.289,0.354,0.5,0.25,0.477,1,0.817,1,0.591,1,1,1,0.441,0.326,0.447,0.963,0.289,0.524,0.607,0.333,0.746,0.797,0.964,0.849,0.633,0.649,0.992,0.98,0.533,1,1,0.549,0.879,0.96,1,0.952,0.503,0.274,0.753,0.387,0.311,0.994,1,0.62,1,1,0.42,0.6,0.672,0.52,0.863,1,0.284,1,0.614,0.89,0.866,0.525,0.512,0.58,0.394,0.998,1,0.991,0.915,1,0.637,0.998,0.644,0.401,0.612,0.665,0.096,0.993,0.784,0.91,0.865,0.999,1,0.549,0.505,0.648,0.723,0.472,0.941,0.744,1,0.94,0.894,0.336,0.991,0.072,0.84,1,1,0.747,0.998,0.166,0.989,1,0.639,0.445,0.405,0.263,0.521,0.371,0.183,0.494,0.6,0.504,0.913,0.627,0.111,0.661,0.051,0.516,0.363,1,0.141,0.712,0.342,0.948,0.695,0.987,0.999,0.316,0.553,0.778,0.889,0.148,0.553,0.695,0.515,0.825,0.915,0.61,0.774,0.736,0.494,0.525,0.592,0.365,0.34,0.508,0.916,0.301,0.461,0.998,1,0.174,0.511,0.637,0.566,0.584,1,0.904,0.254,0.968,1,0.621,0.788,0.953,0.879,0.998,0.981,0.999,0.404,0.034,0.726,0.759,0.924,0.645,0.997,0.642,0.543,0.062,0.953,0.772,0.554,0.257,0.503,0.469,0.998,0.496,0.87,0.959,0.638,0.758,0.957,0.658,0.992,0.727,0.607,0.51,0.981,0.912,0.576,0.983,1,0.854,0.938,0.547,1,0.884,0.614,0.572,0.995,0.598,0.965,1,0.576,0.687,0.853,0.973,0.956,0.995,0.609,0.884,0.481,0.569,0.949,0.568,0.377,0.45,0.992,0.632,0.967,0.419,0.869,0.887,0.753,0.327,0.791,0.785,0.522,0.893,0.375,0.854,0.544,0.544,0.442,0.66,0.702,0.47,0.87,0.488,1,0.999,0.511,0.994,0.856,0.58,0.594,0.822,0.687,0.597,0.51,0.651,0.453,0.587,0.519,0.733,0.993,0.997,0.548,0.777,0.568,0.997,0.796,0.751,0.752,0.506,0.734,1,0.896,0.308,0.59,0.375,0.405
0.383,0.956,0.826,0.312,0.84,0.999,0.842,0.998,0.978,0.582,0.956,0.312,0.531,0.524,0.623,0.988,0.894,0.363,0.997,0.546,0.374,0.655,0.562,0.862,0.869,0.598,0.861,0.409,0.947,0.726,0.904,0.651,0.228,0.773,0.395,0.559,0.58,0.838,0.589,0.417,0.589,0.29,0.991,0.892,0.64,0.956,0.751,1,0.994,0.997,0.984,0.913,0.987,1,0.744,0.979,0.942,0.564,0.7,0.517,0.459,0.68,1,0.607,0.738,0.69,0.228,0.467,0.647,0.939,0.771,0.632,0.528,0.572,0.81,1,0.965,0.165,0.221,0.637,0.445,0.354,0.71,0.555,0.383,0.512,0.507,0.55,0.695,0.849,0.145,0.745,0.345,0.271,0.064,0.922,0.562,0.334,0.686,0.934,0.671,0.792,0.588,0.873,0.558,0.983,0.92,0.527,0.713,0.924,0.785,0.648,0.218,0.879,0.016,0.477,0.767,0.079,0.912,1,0.168,0.934,0.756,0.677,0.179,0.269,0.675,0.38,0.204,1,1,0.998,0.897,0.602,0.857,0.393,0.665,0.562,0.674,0.505,0.337,0.74,1,0.432,0.985,0.666,0.998,0.525,1,0.878,1,0.944,0.731,0.946,0.362,0.991,0.987,1,0.981,0.555,0.679,0.895,1,0.135,0.669,0.138,0.769,0.998,0.909,0.301,0.588,0.645,0.199,0.444,0.396,0.987,0.739,0.987,0.542,0.992,0.52,0.523,0.741,0.577,0.545,0.655,0.347,0.817,0.998,0.396,0.042,0.994,0.474,0.58,0.179,0.647,0.997,0.875,0.889,0.095,0.741,0.462,0.846,0.999,0.691,0.39,0.839,0.572,0.988,0.665,0.505,0.963,0.517,0.342,0.268,0.991,0.891,0.564,0.629,0.708,1,0.998,0.928,0.457,0.821,0.61,0.512,0.697,0.987,1,0.729,0.531,0.512,1,0.751,0.501,0.866,0.489,0.575,0.995,0.849,1,0.755,0.528,0.752,0.505,0.519,0.793,0.954,0.973,0.692,0.473,0.512,0.997,0.659,0.644,0.846,0.715,0.472,0.765,0.937,0.883,0.537,0.998,0.631,0.898,0.55,1,0.361,0.999,0.989,0.681,1,1,0.651,0.505,0.253,0.993,0.632
0.97,0.909,0.613,0.246,0.972,0.189,0.303,0.9,0.503,1,0.035,0.349,0.691,0.67,0.93,1,0.875,0.435,0.655,0.946,0.583,0.629,0.475,0.677,0.715,0.935,0.998,0.753,0.908,0.875,0.475,0.696,0.9,0.856,0.736,0.764,0.588,0.995,0.296,0.971,0.768,0.638,0.566,0.974,0.929,0.841,0.558,0.988,0.746,0.71,0.98,0.998,0.967,0.269,0.534,0.934,0.668,0.45,0.934,0.959,0.624,0.431,1,0.745,1,0.646,0.312,0.548,0.355,0.64,0.246,0.669,1,0.974,0.994,0.14,0.208,0.721,0.729,0.593,0.909,0.493,0.985,0.753,0.42,0.679,0.185,0.989,0.286,0.82,0.984,1,0.915,0.997,1,0.794,0.723,0.968,0.611,0.7,0.59,0.369,0.983,0.77,0.838,0.477,0.952,0.621,0.586,0.972,0.332,0.533,0.887,0.869,0.974,0.523,0.422,0.438,1,0.526,0.859,0.828,0.831,0.974,0.655,0.807,0.376,0.715,0.264,0.749,0.391,0.458,0.476,1,0.998,0.779,0.67,0.86,0.956,0.69,0.894,0.502,0.183,0.78,1,0.859,0.862,0.874,0.918,0.999,0.495,0.895,0.342,0.874,0.741,0.937,0.773,0.955,1,0.562,0.781,0.997,0.859,0.999,0.208,1,0.498,1,0.945,1,0.488,0.497,0.85,0.656,0.822,0.001,0.395,0.913,0.517,0.884,0.483,0.851,0.724,0.99,0.874,0.564,0.445,0.768,1,0.923,0.521,0.582,0.522,0.636,0.269,0.975,0.576,0.835,0.999,0.153,0.858,0.476,0.573,0.41,0.915,0.759,0.801,0.934,0.455,0.442,0.722,0.726,0.771,0.502,0.881,0.504,0.493,0.989,0.251,0.929,1,0.297,0.999,0.445,0.856,0.2,0.631,0.474,0.943,1,0.834,0.975,0.994,0.672,0.441,0.399,0.654,0.514,0.561,0.343,0.498,0.852,0.982,0.475,0.993,0.581,0.904,0.757,0.909,0.214,1,0.572,0.621,0.596,0.411,0.761,1,0.561,0.805,0.297,0.603,0.753,1,0.997,0.457,0.919,0.46,0.06,0.75,0.384,1,0.642,0.974,1,0.227,0.577,0.998,0.32,0.532
0.396,0.947,0.503,0.945,0.856,0.848,0.997,0.988,0.979,0.988,0.124,0.324,0.572,0.589,0.421,0.902,0.983,0.75,0.51,0.382,0.554,0.651,0.783,0.765,0.792,0.548,0.997,0.658,0.179,0.904,0.543,0.702,0.923,0.907,0.547,0.245,0.392,0.969,0.539,0.595,0.905,1,0.997,0.317,0.563,0.991,0.59,0.988,0.331,0.247,0.052,1,1,0.49,0.573,0.996,0.922,0.562,0.977,0.615,0.605,0.738,1,0.805,0.97,0.158,0.993,0.068,0.598,0.562,0.206,0.599,0.572,0.347,0.625,0.719,0.922,0.532,0.565,0.96,0.781,0.947,0.998,0.022,0.908,0.668,0.095,0.513,0.989,0.815,1,1,0.806,0.365,0.112,0.743,0.782,0.996,0.997,0.923,0.473,0.826,0.281,0.778,0.686,1,0.996,0.713,0.626,0.98,0.607,0.555,0.992,0.805,0.832,0.564,1,0.954,0.525,1,0.915,0.662,1,0.794,0.223,0.996,0.782,0.509,0.8,0.862,1,0.494,0.555,1,0.842,0.748,0.595,0.399,0.781,0.988,0.263,0.889,1,0.501,0.847,0.424,0.814,0.555,0.907,0.999,1,0.773,0.458,0.215,0.999,0.114,0.993,0.93,0.112,0.65,0.428,0.93,0.839,0.999,0.987,0.999,0.438,0.13,0.816,0.574,0.512,0.489,0.515,0.41,0.513,0.875,0.618,0.811,0.548,0.782,0.547,0.91,0.715,0.562,0.998,0.624,0.979,0.998,0.51,0.515,0.245,0.862,0.702,0.522,0.336,0.649,0.376,0.984,0.004,0.984,0.567,0.525,1,0.775,0.846,0.52,0.916,0.652,0.922,0.514,0.403,0.987,0.486,0.189,0.833,0.92,0.414,0.978,0.744,0.616,0.009,0.336,1,0.482,0.863,1,0.841,0.537,0.991,0.317,0.922,0.895,0.76,0.583,0.82,0.912,0.76,0.322,0.549,0.47,0.555,0.556,1,0.511,0.865,0.586,0.509,0.456,0.958,0.596,0.674,0.675,0.501,0.366,0.545,0.653,0.754,0.531,0.682,1,0.42,0.255,0.819,0.836,0.489,0.939,0.518,0.661,1,0.95,0.839,0.484,0.505,0.987,0.272,0.526,0.808,0.558,0.921
0.738,1,0.692,0.863,0.995,0.861,0.72,0.021,0.482,1,0.248,0.631,0.785,0.344,0.716,0.682,0.233,0.995,0.523,0.844,0.542,0.778,0.615,0.716,0.664,0.717,0.299,0.909,0.999,0.768,0.69,0.503,0.576,0.49,0.902,0.983,0.534,0.998,0.657,0.355,0.958,0.068,0.844,0.419,0.998,0.429,0.658,0.994,0.85,0.998,0.622,0.2,0.661,1,0.742,0.77,0.323,0.443,1,0.686,0.603,0.996,0.999,0.927,0.807,0.996,0.323,0.992,0.999,0.635,0.64,0.612,0.999,0.776,0.973,0.533,0.753,0.162,0.668,0.875,0.567,0.996,0.841,1,0.832,0.625,1,0.521,0.769,0.987,0.118,0.588,0.492,0.743,0.961,0.261,0.54,0.998,0.866,1,0.187,0.929,0.948,0.655,0.381,0.968,1,0.581,0.975,0.106,0.287,0.627,0.038,0.845,1,0.494,0.975,1,0.284,0.876,0.331,0.13,0.863,0.704,0.395,0.741,0.587,0.726,0.915,0.359,0,0.797,0.723,0.668,0.26,0.807,0.801,0.82,0.707,0.411,0.964,0.632,0.262,0.957,0.571,0.56,0.708,0.499,1,1,0.862,0.967,0.642,0.868,0.701,1,0.624,0.78,0.619,0.429,0.817,1,0.442,0.383,0.673,1,0.865,0.822,0.168,0.474,0.107,0.888,0.944,0.421,0.866,0.016,0.503,0.904,0.661,1,0.546,0.74,0.988,0.629,1,0.786,0.78,0.692,0.985,0.403,0.982,0.998,0.506,0.395,1,0.38,0.7,0.488,1,1,0.974,0.554,0.91,0.579,0.998,0.651,0.302,0.45,0.525,0.707,0.393,0.957,0.287,0.338,0.882,0.834,0.851,0.623,0.63,0.367,1,0.885,0.763,0.509,0.658,0.703,0.77,0.548,0.317,0.177,0.626,0.723,0.499,0.81,0.559,0.596,0.556,1,0.411,0.987,0.502,0.899,0.395,0.45,0.233,0.497,0.596,0.579,0.881,1,0.992,0.952,0.768,0.32,0.95,0.503,0.966,0.399,0.543,0.576,0.684,0.817,1,0.931,0.86,0.871,0.527,0.71,0.75,0.789,1,0.575,0.179,0.904,0.976,0.634,0.769,0.512,0.79
0.594,0.793,0.568,0.788,0.783,0.998,0.975,0.973,0.526,0.608,1,0.983,0.988,0.442,0.58,0.265,0.896,0.863,0.918,0.806,0.608,0.449,0.518,0.419,0.604,0.907,0.392,0.366,0.765,0.286,0.773,0.368,0.997,0.288,0.735,0.539,0.725,1,0.798,0.937,0.875,0.38,1,0.999,0.587,0.247,0.645,1,0.328,0.614,1,0.627,0.58,0.033,0.544,0.269,0.772,0.501,0.998,0.252,0.987,1,1,0.672,0.647,0.783,0.715,0.988,0.793,0.648,0.851,0.484,0.193,0.262,0.719,0.995,0.789,0.943,1,0.753,0.918,0.429,0.383,0.972,0.534,0.368,0.962,1,0.296,0.51,0.863,0.271,0.308,0.276,0.686,0.868,0.999,1,0.83,0.646,0.894,0.513,0.995,0.491,0.593,0.1,0.875,0.574,0.765,0.92,0.627,0.628,0.757,0.886,0.007,0.546,0.473,0.972,1,0.948,0.834,0.963,0.983,0.395,0.979,1,0.758,0.997,0.888,0.982,0.155,0.348,0.978,0.445,1,0.707,0.844,0.675,0.205,0.504,0.998,0.809,0.938,0.454,0.811,0.992,0.808,0.993,0.358,0.995,0.887,0.971,0.621,0.734,1,0.407,0.881,0.904,0.232,0.794,0.999,0.812,1,0.823,0.159,1,0.81,0.261,0.419,0.704,0.991,0.547,0.851,0.439,0.683,0.993,0.64,1,0.485,0.997,0.698,0.594,0.889,0.532,0.696,0.499,0.535,0.607,0.164,0.553,0.183,0.958,0.696,0.994,0.982,1,0.706,0.453,1,1,0.886,0.641,0.267,0.69,0.148,0.973,0.999,0.776,0.52,0.268,0.626,1,0.715,0.996,0.636,0.999,0.338,0.429,0.344,0.568,1,0.741,0.472,0.402,0.314,0.198,0.897,0.647,0.498,0.616,0.882,0.99,0.794,0.961,0.99,0.459,0.328,0.557,0.569,0.388,0.844,0.7,0.247,0.527,0.688,0.506,0.314,0.341,0.85,0.074,0.561,0.469,0.669,0.69,0.525,0.976,0.625,0.677,0.599,0.783,0.783,0.998,1,0.845,0.532,0.701,0.516,0.468,1,0.641,0.651,0.583,0.837,0.69,0.598,0.417,1,0.941,0.925
0.971,0.976,0.471,0.602,1,0.281,0.856,0.992,0.553,1,0.976,0.76,0.543,0.814,0.675,0.997,0.889,0.827,0.566,0.997,0.421,0.87,0.62,0.619,0.424,0.596,0.55,0.627,0.873,0.733,0.801,0.972,0.305,0.904,0.467,0.288,0.61,0.693,0.946,0.68,0.832,1,0.068,0.459,0.521,0.982,0.433,0.176,0.486,1,0.692,0.525,0.685,0.657,0.551,0.646,0.556,0.823,0.405,0.999,0.517,0.491,1,0.624,0.851,0.38,0.831,0.658,0.444,0.662,0.903,0.979,0.227,0.963,1,0.989,0.321,1,0.712,0.611,0.658,0.111,0.477,1,0.947,0.487,0.885,0.676,0.986,0.572,0.915,1,0.598,0.996,1,0.846,0.939,0.944,0.935,0.167,0.987,0.825,0.99,0.956,0.637,0.922,0.148,0.535,1,0.112,0.541,0.947,0.455,0.874,1,0.495,0.657,0.194,0.993,0.896,0.632,0.96,0.917,0.992,0.521,0.541,0.648,0.855,0.841,1,1,0.532,0.403,0.98,0.813,0.947,0.373,0.654,0.855,0.638,0.996,0.407,0.945,0.481,1,0.519,1,0.388,0.914,0.101,0.984,0.531,0.568,0.583,0.011,0.21,0.991,0.985,0.95,0.499,0.509,0.544,0.672,0.609,0.889,0.983,0.693,0.592,0.373,0.991,0.247,0.611,0.993,0.711,0.691,1,0.823,0.802,0.549,0.937,0.449,0.513,0.94,0.387,0.88,0.732,0.811,0.959,0.998,0.592,0.979,0.894,0.814,0.516,1,0.301,0.614,0.677,0.907,0.265,0.878,0.575,0.233,0.119,0.761,0.205,0.546,0.662,0.191,0.589,0.621,0.517,0.779,0.998,0.688,1,0.531,0.522,0.995,0.517,0.741,0.842,1,0.545,0.594,0.377,0.569,0.56,0.504,1,0.675,0.713,0.821,1,0.5,0.663,0.572,0.962,0.999,0.546,0.595,0.159,0.721,0.524,0.27,0.583,0.967,0.995,0.264,0.993,0.558,0.517,0.606,0.486,0.555,0.657,0.881,0.416,0.579,0.723,0.607,0.985,0.872,0.509,0.6,0.484,0.527,0.075,0.833,0.712,0.134,0.702,0.634,0.045,0.36,0.545,0.91,0.45,0.51
0.826,1,0.514,0.999,0.628,0.98,0.536,0.104,0.778,0.028,0.976,0.884,0.399,0.388,0.592,1,0.948,0.335,0.659,0.347,0.907,0.386,0.577,0.993,0.544,0.628,0.269,0.818,0.282,0.585,0.139,0.504,0.984,0.484,0.78,0.813,0.571,0.727,0.997,0.854,0.071,0.992,1,0.921,0.239,0.872,0.512,0.201,0.936,0.78,1,0.707,0.514,0.997,0.879,0.748,0.739,0.487,0.278,0.975,0.558,0.992,0.203,0.961,0.312,0.979,0.234,0.227,0.408,0.588,0.585,0.737,0.966,0.343,0.487,1,0.999,0.679,0.454,0.514,0.62,0.476,0.992,1,0.626,0.814,0.264,0.408,0.685,0.186,0.942,0.667,0.94,0.725,0.933,0.988,0.524,1,0.386,1,0.175,0.269,0.609,0.782,0.706,0.793,0.121,0.606,0.856,0.1,0.765,0.606,0.754,0.181,0.869,0.553,0.15,0.231,0.817,0.783,0.768,1,0.58,0.496,0.131,0.567,0.803,0.722,0.238,0.88,0.996,0.847,0.739,0.481,0.536,0.72,0.673,1,0.991,0.665,0.983,0.384,0.772,0.615,1,1,0.702,0.38,0.664,0.497,0.313,0.514,0.75,0.435,1,0.257,0.517,0.899,0.92,0.537,0.956,0.966,0.994,0.822,0.823,0.991,0.997,1,0.774,0.209,0.97,0.424,0.888,0.857,0.509,0.438,0.994,0.593,0.994,0.811,0.542,0.577,0.058,0.596,0.29,0.393,0.36,0.613,1,0.832,0.777,0.972,0.585,0.737,0.351,0.67,0.664,0.607,0.407,0.379,0.268,0.601,0.59,0.989,0.512,0.961,0.591,0.864,0.87,0.616,0.76,0.536,0.835,0.876,0.418,0.162,1,0.293,0.89,0.985,1,0.917,0.974,0.487,0.566,0.936,0.658,0.505,0.485,0.953,0.704,0.363,0.227,0.921,0.821,0.581,0.685,0.494,0.831,0.808,0.706,0.859,0.671,0.531,0.312,0.533,1,0.561,0.534,0.023,0.385,0.889,0.531,0.565,0.408,0.626,0.787,0.616,0.607,0.88,0.633,0.492,0.854,0.676,0.586,0.485,0.518,0.84,0.613,0.755,0.88,0.732,0.371,1,0.237,0.378,0.567,0.745,0.252
0.69,1,0.439,0.892,0.811,0.825,0.945,0.998,0.613,0.068,1,1,0.618,0.951,0.385,1,1,0.519,0.88,0.764,0.713,0.497,0.852,0.903,0.462,0.588,0.335,0.508,0.984,0.246,0.988,0.667,0.724,0.818,0.24,0.952,0.64,0.613,0.886,0.943,0.238,1,0.957,0.748,0.365,1,0.487,0.271,0.998,0.98,0.032,0.862,0.376,0.994,0.557,0.215,1,0.726,0.949,0.324,0.345,0.623,0.997,1,0.995,0.02,0.43,0.958,0.683,0.994,0.961,0.437,0.49,0.463,0.834,0.302,1,0.948,0.322,0.556,1,0.222,0.754,0.812,0.919,0.555,0.814,0.684,0.471,0.284,0.518,0.04,0.984,0.348,0.755,0.566,0.673,0.035,0.808,0.96,1,0.926,1,0.928,0.882,0.884,1,0.557,0.524,0.79,0.526,0.812,1,0.973,0.997,0.533,0.372,0.83,0.999,0.591,0.503,0.991,0.93,0.569,0.033,0.62,0.536,0.599,0.986,0.908,0.912,0.511,0.652,0.77,0.561,0.376,0.87,0.728,0.294,0.824,1,0.497,0.887,0.847,0.973,0.281,0.548,0.592,0.147,0.515,0.146,0.73,0.979,0.825,0.054,0.87,0.911,0.934,1,0.523,0.417,0.477,0.158,0.63,0.999,0.999,0.612,0.178,0.269,0.767,0.354,0.698,0.98,0.574,0.493,0.093,0.493,0.875,0.723,0.986,0.472,0.624,0.461,0.785,0.812,0.762,0.88,0.602,0.978,0.506,0.573,0.552,0.568,0.675,0.996,0.943,0.658,0.65,0,0.172,0.997,0.661,0.867,0.266,0.627,1,0.822,0.508,0.908,0.89,0.645,0.876,0.843,0.671,0.848,0.929,0.965,0.929,0.893,0.732,0.13,0.598,0.998,0.505,0.631,0.887,0.644,0.561,1,0.519,0.735,0.997,0.277,0.206,0.409,0.588,0.803,0.806,0.618,0.659,0.491,0.999,0.766,0.463,0.272,0.519,0.991,0.559,0.693,0.998,0.557,0.421,0.76,0.973,0.448,0.836,0.325,0.768,0.566,0.308,0.734,0.919,1,0.733,0.68,0.455,0.514,0.851,0.838,0.453,0.917,0.376,0.999,1,0.938,0.608,0.83,0.903,0.998
0.926,0.047,0.782,0.384,0.819,1,0.653,1,0.61,0.48,1,0.468,0.634,0.346,0.511,0.866,0.968,0.632,0.479,0.766,0.366,0.996,0.739,0.62,0.511,0.621,0.929,0.694,0.245,0.851,0.947,0.638,0.525,0.975,0.986,0.975,0.431,0.816,0.56,0.902,0.973,0.45,0.72,0.521,0.77,0.948,0.36,0.999,0.387,0.319,1,0.146,0.484,1,0.557,0.274,0.972,0.514,0.173,0.689,0.482,0.168,0.001,0.921,0.527,1,0.51,0.891,0.868,0.447,0.821,0.602,0.721,0.396,0.306,0.909,0.522,1,0.999,0.577,0.982,1,0.939,1,0.689,0.915,0.763,0.688,0.341,0.999,0.839,1,1,0.858,0.911,0.951,0.896,0.096,0.709,0.8,0.985,1,0.775,0.62,0.22,0.246,0.791,0.941,0.744,0.992,0.999,0.706,1,0.97,1,0.468,0.999,0.695,0.885,0.074,0.375,0.861,0.769,0.544,1,0.966,0.454,0.819,0.448,0.305,1,0.53,0.365,0.512,0.991,0.924,0.98,0.502,0.926,0.935,0.159,0.265,1,0.62,0.989,0.863,0.235,0.699,0.999,0.686,0.972,0.606,0.362,0.913,0.987,0.985,0.998,1,0.675,0.519,0.574,0.7,1,0.905,1,0.975,0.953,0.226,0.445,0.611,0.895,0.512,0.998,0.65,0.98,0.997,0.467,0.775,0.526,0.412,0.616,0.564,0.406,0.383,1,0.423,0.426,0.235,0.382,0.409,1,0.25,0.519,0.471,0.665,0.765,0.881,0.827,1,0.553,0.762,0.605,0.966,0.631,0.26,0.838,1,0.959,0.881,0.531,0.543,0.975,0.999,0.557,0.571,0.882,0.334,0.776,0.512,0.54,0.055,0.255,0.681,0.514,0.979,0.546,0.747,0.63,0.818,0.481,0.327,0.274,1,0.862,0.641,0.528,0.356,0.264,0.405,0.898,0.521,1,0.723,0.606,0.881,0.501,0.833,0.893,0.549,0.547,0.555,0.499,0.562,0.548,0.431,0.865,1,0.969,0.436,0.553,0.681,0.64,0.179,0.486,0.606,0.721,0.634,0.037,0.739,0.684,0.997,0.807,0.602,0.36,0.943,0.345,0.347,0.309,0.592
0.368,0.567,0.576,0.576,0.516,0.738,0.393,0.995,0.537,0.995,0.993,0.764,0.463,0.726,0.569,0.999,0.646,0.275,0.696,0.902,0.687,0.274,0.424,0.84,0.53,0.433,0.803,0.994,0.713,0.615,0.995,0.939,0.429,1,0.688,0.304,0.597,0.773,0.619,0.595,1,0.97,1,0.429,0.542,0.123,0.401,1,0.619,1,0.525,0.921,0.458,0,0.764,0.499,0.439,0.649,0.998,0.891,0.547,1,0.005,0.907,0.928,0.956,0.764,1,0.486,0.561,0.681,0.734,0.97,0.986,0.695,0.227,0.846,0.897,0.912,0.522,0.644,0.348,0.689,0.934,0.337,0.5,1,0.555,0.706,0.904,1,1,0.88,0.92,1,0.999,0.816,0.846,0.312,0.894,0.999,0.885,0.836,0.911,0.738,0.874,0.945,0.56,0.311,0.624,0.315,0.414,0.267,0.902,0.999,0.482,0.569,0.856,0.479,0.973,0.761,0.999,0.362,0.694,0.623,0.517,0.517,0.775,0.089,0.498,0.992,0.916,0.664,0.958,1,0.825,0.536,0.432,0.509,0.675,0.117,0.503,0.496,0.559,0.724,1,0.642,0.412,0.729,0.342,0.836,0.736,0.689,0.59,0.965,0.36,0.647,0.4,0.83,0.573,0.86,0.337,0.927,1,0.79,0.144,0.477,0.292,0.998,0.482,0.25,0.545,0.825,0.62,0.525,1,0.756,0.38,0.697,0.965,0.736,0.587,0.595,0.397,0.864,0.545,0.666,0.732,0.999,0.437,1,0.751,0.531,0.628,0.309,0.915,0.725,0.544,1,1,0.297,0.737,0.566,0.997,0.532,0.277,0.658,0.34,0.673,0.859,0.959,0.244,0.565,1,0.973,0.437,0.435,0.559,0.737,0.838,0.063,0.311,0.508,0.613,1,0.775,0.798,0.618,0.426,1,0.685,0.975,1,0.842,0.657,0.685,0.938,0.3,0.831,0.776,0.785,0.753,0.841,0.657,0.785,0.475,0.919,0.529,0.654,0.035,0.485,0.594,0.567,0.999,0.56,0.566,0.643,0.519,0.53,0.855,0.909,0.144,0.26,0.998,0.952,0.49,0.548,0.966,0.694,0.732,0.742,0.43,0.297,0.059,0.999,0.458,0.856,0.488,0.906
0.796,0.074,0.442,0.271,0.627,0.262,0.269,1,0.423,1,1,0.341,0.398,0.37,0.517,0.925,0.993,0.677,0.973,0.702,0.995,0.53,0.611,0.805,0.867,0.41,0.894,0.363,0.327,0.998,0.504,0.793,1,0.978,0.901,0.783,0.752,0.991,0.372,0.493,0.438,0.186,1,0.703,0.88,0.211,0.655,1,0.495,0.195,1,0.741,0.592,1,0.454,0.849,0.727,0.572,0.247,0.683,0.735,0.664,1,0.999,0.514,0.562,0.979,0.997,0.359,0.377,0.465,0.788,0.99,0.702,0.944,0.231,0.929,0.991,0.98,0.736,0.32,1,0.933,0.901,0.555,0.413,0.569,0.826,0.488,0.289,0.951,1,0.999,0.301,0.624,1,0.551,0.568,0.51,0.842,0.69,0.994,0.891,0.814,0.537,0.995,0.019,0.435,0.775,0.997,0.864,0.47,0.486,0.819,1,0.548,0.785,0.451,1,0.981,0.504,0.897,0.213,0.999,0.607,0.732,0.618,0.482,0.541,0.576,1,0.4,1,0.722,0.982,0.807,0.863,0.652,0.385,0.455,0.472,0.899,0.981,0.856,0.543,0.482,0.986,0.519,0.846,0.561,0.95,0.996,0.533,0.985,0.959,0.968,0.896,0.136,1,0.678,0.562,0.519,0.915,0.263,0.808,0.574,0.51,1,0.864,0.826,0.972,0.565,0.562,0.506,0.562,1,0.67,0.276,0.755,0.336,0.467,0.486,1,0.544,0.215,0.621,0.561,0.89,0.039,0.976,1,0.199,0.528,0.693,0.903,0.824,0.827,0.929,0.002,0.947,0.733,0.489,0.674,1,0.893,0.609,0.688,0.772,0.891,0.571,0.472,0.821,0.987,0.905,0.49,0.869,0.826,1,0.705,0.389,0.584,0.837,0.679,0.686,0.767,0.988,0.567,0.444,0.205,0.885,0.98,0.524,1,0.941,0.499,0.472,0.397,0.965,0.58,0.52,0.534,1,0.987,0.521,0.821,0.579,0.858,0.405,0.822,1,0.661,0.426,0.884,0.487,0.763,0.562,0.982,0.503,0.603,0.721,0.473,0.993,0.902,0.84,0.578,0.56,0.448,0.136,0.563,0.61,0.886,0.627,0.787,0.976,0.807,0.63,0.716,0.594,0.903
0.707,0.868,0.609,0.089,0.517,0.902,0.629,0.786,0.602,1,0.447,0.727,0.826,0.652,0.569,1,0.645,0.252,0.646,0.701,0.89,0.539,0.948,0.419,0.533,0.782,0.495,0.876,0.354,0.993,0.879,0.612,1,0.654,0.999,0.345,0.71,0.799,0.601,0.52,0.961,0.801,0.988,0.49,0.716,1,0.716,0.623,0.915,0.915,0.934,0.99,0.761,0.97,0.667,0.987,0.974,0.478,0.67,0.922,0.715,0.866,0.077,0.932,0.874,1,0.646,1,0.567,0.694,1,0.632,0.102,0.872,0.873,0.78,0.38,0.67,0.907,0.792,0.605,0.81,0.366,0.63,0.6,0.553,0.15,0.767,0.55,0.318,0.908,0.056,0.54,0.747,0.944,0.735,0.998,0.004,0.306,0.33,0.781,0.752,0.301,0.399,0.94,0.995,0.221,0.767,0.997,0.998,0.989,0.685,0.417,1,1,0.516,0.511,0.985,0.037,0.842,0.992,0.57,0.886,0.326,0.467,0.509,0.671,0.685,0.23,0.933,1,0.997,0.959,0.754,0.698,0.716,0.399,0.364,0.991,0.402,0.254,0.676,0.65,0.576,0.995,0.518,0.363,0.323,0.159,0.998,0.916,0.827,0.699,0.735,0.912,0.985,0.476,0.104,0.986,0.603,0.419,1,0.911,0.875,0.941,0.991,0.553,0.876,0.75,0.999,0.165,0.545,0.259,0.722,0.662,0.997,0.427,0.965,0.673,0.341,0.489,0.447,0.997,0.321,0.956,0.706,0.666,0.577,0.925,0.898,0.793,0.828,0.502,0.654,0.534,0.762,0.998,0.476,1,1,1,0.537,0.48,0.958,1,0.942,0.994,0.601,0.566,0.13,0.528,0.992,0.997,0.843,0.548,0.889,1,0.348,0.535,0.329,0.484,0.886,0.797,0.507,1,0.985,0.49,0.516,0.984,1,0.723,0.732,0.995,0.798,0.939,0.84,0.478,0.982,0.678,0.884,0.516,0.996,0.787,0.749,0.63,0.561,0.974,0.415,0.999,0.082,0.403,0.522,0.546,0.554,0.646,0.392,0.774,0.706,0.857,0.984,0.73,0.376,0.812,0.763,0.605,0.576,0.519,1,0.765,0.254,0.249,0.549,0.966,0.993,0.775,0.755,0.574,0.77,0.233
0.72,0.993,0.51,0.837,0.401,1,1,0.937,0.739,0.182,0.97,0.839,0.518,0.987,0.613,0.212,0.141,0.618,0.72,0.896,0.98,0.424,0.722,0.618,0.544,0.551,1,0.732,0.801,0.902,0.204,0.45,0.173,0.716,0.589,0.783,0.53,0.804,0.894,0.581,0.205,0.998,1,0.476,0.25,0.621,0.546,0.144,0.912,0.899,0.999,0.14,0.458,1,0.49,0.62,0.285,0.519,0.584,0.65,0.668,0.963,0.618,0.947,0.751,0.999,0.854,0.968,0.434,0.748,0.795,0.434,1,0.985,1,0.123,0.516,1,0.866,0.479,0.356,0.673,0.536,0.979,0.435,0.611,0.734,0.613,0.383,1,0.969,0.69,0.716,1,0.567,0.526,0.699,0.924,1,0.485,0.995,0.848,0.263,0.331,0.578,0.77,0.487,0.502,0.394,1,0.724,0.606,0.647,0.304,1,0.635,0.83,0.326,0.567,0.141,0.595,0.906,0.972,0.389,0.994,0.748,0.55,0.979,0.887,0.328,0.674,0.803,0.858,0.862,0.279,0.751,0.728,0.486,0.782,0.75,0.955,0.386,0.307,0.764,0.501,0.608,0.775,0.695,0.949,0.627,0.358,0.565,0.68,0.568,0.988,0.711,0.957,0.995,0.47,0.516,0.511,0.777,0.994,0.966,0.988,0.978,0.387,0.982,0.25,0.361,0.942,0.531,0.644,0.632,0.613,1,0.58,0.562,0.453,0.474,0.613,0.716,0.863,0.355,0.176,0.58,0.372,0.364,0.998,0.488,0.916,1,0.446,0.635,0.834,0.777,0.422,0.584,1,1,0.15,0.43,0.997,1,0.915,0.8,0.6,0.392,0.8,0.831,0.676,0.95,0.743,0.741,0.91,0.721,0.771,0.685,0.797,0.526,1,0.78,0.322,0.733,0.395,1,0.64,0.521,1,0.974,1,0.389,0.32,0.457,0.651,0.472,0.469,0.999,0.727,0.653,0.531,0.819,0.689,0.454,0.558,0.52,0.766,0.698,0.98,0.677,0.962,0.479,0.521,0.604,0.453,0.403,0.282,0.994,0.565,0.521,1,0.998,1,0.123,0.604,0.811,0.518,1,0.73,0.543,0.223,0.413,1,1,0.852,0.973,0.461,0.763,0.894
0.341,0.946,0.615,0.451,0.49,0.95,0.789,0.883,0.396,0,1,0.427,0.933,0.534,0.611,0.504,0.574,1,0.713,0.812,0.582,0.545,0.458,0.732,0.558,0.5,0.721,0.727,0.665,0.351,0.859,0.754,0.492,0.686,0.583,0.795,0.557,0.662,0.686,0.642,0.998,0.984,0.24,0.482,1,0.72,0.969,0.854,0.989,0.841,0.741,0.925,0.695,0.996,0.415,0.671,0.743,0.586,0.481,0.482,0.446,0.999,1,0.966,0.285,0.062,1,0.973,0.464,0.624,0.833,0.91,0.865,0.721,0.217,1,0.492,0.919,0.489,0.367,0.922,0.96,0.573,1,0.649,0.509,0.991,0.694,0.613,0.492,0.039,0.505,0.408,0.79,1,0.642,0.679,0.953,0.708,0.89,0.72,0.808,0.507,0.984,0.98,0.285,1,0.434,0.408,0.964,0.675,0.402,1,0.915,0.998,0.499,0.565,0.989,0.623,0.934,0.321,1,0.628,0.719,0.967,0.571,0.883,0.313,1,0.821,1,0.352,0.584,0.589,0.995,1,0.569,0.615,0.318,0.377,0.619,0.777,0.246,0.432,0.184,0.992,0.41,0.972,0.799,0.782,0.151,0.503,0.4,0.931,0.049,0.608,0.84,0.767,0.903,0.477,0.475,0.962,0.529,0.416,0.237,1,0.715,0.12,1,0.972,1,0.687,0.5,0.456,0.646,0.997,0.78,0.86,0.557,0.603,0.528,0.666,1,0.843,0.757,0.372,0.309,0.922,1,0.426,0.129,0.134,0.936,0.701,0.522,0.333,0.486,0.998,1,0.973,0.66,0.514,0.84,0.939,0.845,0.5,0.963,0.583,1,0.999,0.489,0.271,1,0.405,0.994,0.917,0.502,0.996,0.661,0.867,0.493,0.856,0.834,0.547,0.206,0.329,0.261,0.792,0.781,0.857,0.862,1,0.716,0.109,0.87,0.498,0.504,0.793,0.511,0.706,0.54,0.907,0.818,0.566,0.407,0.634,0.959,0.998,0.993,1,0.703,0.683,0.493,0.671,0.881,0.439,0.322,0.397,0.657,0.982,0.686,1,0.12,0.819,0.497,0.667,0.481,0.951,0.528,0.955,0.961,0.797,0.996,1,0.229,0.644,0.731,0.981,0.603
0.612,1,0.589,0.983,0.824,0.561,0.99,1,0.883,1,0.916,0.972,0.85,0.717,0.546,0.6,0.986,0.561,0.925,0.508,0.754,0.642,0.585,0.712,0.562,0.564,0.495,0.422,0.946,0.367,1,0.751,0.711,0.859,0.937,0.994,0.748,0.79,0.446,0.639,0.699,0.848,1,0.738,0.774,0.972,0.589,0.139,0.737,0.525,0.52,0.822,0.784,1,0.507,0.957,0.47,0.62,0.999,0.573,0.372,0.746,1,1,0.791,1,0.203,0.192,0.597,0.962,0.863,0.489,1,0.744,0.894,1,0.574,0.574,0.306,0.746,0.854,0.887,0.781,0.147,0.894,0.606,0.579,0.646,1,0.921,0.999,0.822,0.517,0.969,1,0.158,0.7,0.998,0.591,0.852,0.82,0.958,0.702,0.971,0.499,0.174,0.997,0.433,0.749,0.408,0.708,0.563,0.99,0.366,1,0.554,0.684,1,0.995,0.99,0.719,0.886,0.998,0.609,0.745,0.843,0.501,0.972,0.788,0.752,0.992,0.711,0.286,0.863,0.68,0.868,0.53,0.543,0.441,0.916,1,0.984,0.996,0.525,0.948,0.484,0.667,0.735,0.999,0.927,0.574,0.536,0.797,0.654,1,0.496,0.853,0.955,0.136,0.592,0.943,0.395,0.139,0.174,0.388,0.918,0.932,0.616,0.556,0.887,0.171,0.51,1,0.556,0.865,0.984,0.829,0.929,0.4,0.388,0.49,0.555,0.194,0.995,0.808,0.443,0.824,0.286,0.124,0.501,0.955,1,0.438,0.761,0.975,0.989,0.398,0.547,1,0.047,0.308,0.556,0.966,0.905,0.995,0.247,1,0.444,0.844,0.77,0.588,0.897,0.63,0.992,0.728,0.995,0.57,0.561,0.764,0.757,0.999,0.924,0.823,0.609,0.77,0.256,0.91,0.838,0.835,0.991,0.578,0.804,0.797,0.968,0.681,0.574,0.972,0.74,0.94,0.532,0.566,0.903,0.769,0.514,0.999,0.451,0.999,0.348,0.881,0.918,0.798,0.38,0.458,0.401,0.765,0.38,0.392,0.825,0.7,0.84,0.716,0.884,0.044,1,0.467,0.987,0.79,0.201,0.94,0.655,0.52,0.36,0.575,0.101,0.979,0.695,0.993,0.998,0.893
0.72,0.068,0.713,0.514,0.734,0.896,0.897,0.989,0.848,1,1,0.688,0.713,0.481,0.695,0.098,0.955,0.955,0.401,0.565,0.55,0.912,0.601,0.732,0.534,0.526,0.365,0.78,0.495,0.864,0.854,0.622,0.999,0.596,0.475,0.219,0.577,0.651,0.625,0.558,0.173,1,0.007,0.679,0.841,0.27,0.45,0.96,0.561,0.864,1,0.701,0.94,1,0.629,0.861,0.47,0.646,0.947,0.601,0.793,0.217,0.926,0.467,0.452,0.787,1,0.917,0.765,0.415,1,0.559,0.413,1,0.285,1,0.978,0.195,0.286,0.633,0.639,0.801,0.498,0.487,0.481,0.968,0.824,0.967,0.46,0.548,0.239,0.012,0.872,0.942,0.973,0.816,0.947,1,0.758,0.921,0.288,0.718,0.612,0.684,0.778,0.777,0.99,0.538,0.891,1,0.688,0.38,0.933,1,0.437,0.613,0.985,0.54,1,0.624,0.354,0.778,0.251,0.895,1,0.592,0.5,0.364,0.962,0.73,0.997,0.536,0.953,0.888,0.371,0.601,0.984,0.936,0.345,0.415,0.24,1,0.967,0.594,0.663,0.691,0.28,0.683,0.855,0.227,0.895,0.548,0.774,0.304,0.811,0.61,0.116,0.079,0.303,0.628,0.689,0.342,0.159,0.997,0.752,0.911,0.716,0.12,0.315,0.678,1,0.584,1,0.425,0.781,0.99,0.666,1,0.732,1,0.612,0.534,1,0.378,0.822,0.729,0.935,0.996,0.967,0.839,0.566,0.982,0.589,0.745,0.791,0.559,0.885,0.404,0.997,0.93,0.827,0.501,0.513,0.196,1,0.999,0.791,0.875,0.545,1,0.527,0.924,0.807,0.293,0.906,1,0.982,0.647,0.572,0.844,0.977,0.917,0.93,0.73,0.809,0.978,0.778,0.528,0.893,0.999,0.505,0.945,0.969,1,0.549,0.579,0.734,0.805,0.63,0.467,0.459,0.908,0.509,0.482,0.385,0.476,0.992,0.7,0.698,0.966,0.998,0.723,0.531,0.97,0.643,0.548,0.488,0.455,0.969,0.599,0.835,0.286,0.883,0.255,0.805,0.528,0.545,0.547,0.829,0.673,0.581,0.416,0.26,0.966,0.64,0.99,0.801,0.511,0.794
0.491,0.727,0.474,0.954,0.992,0.638,0.766,1,0.563,0.977,0.07,0.97,0.54,0.819,0.644,0.175,1,0.833,0.457,0.775,0.346,0.768,0.423,0.565,0.49,0.835,0.831,0.564,0.805,0.273,0.997,0.364,0.938,0.245,0.66,0.886,0.412,0.272,0.757,0.664,1,0.107,0.856,0.376,0.292,0.129,0.656,0.943,0.805,1,0.117,0.759,0.613,0.995,0.578,0.458,0.37,0.594,0.881,0.682,0.948,1,0.952,1,0.834,0.515,0.567,0.968,0.386,0.585,0.969,0.892,0.957,0.187,0.997,0.639,0.663,0.836,0.804,0.617,0.355,0.935,0.784,0.379,0.636,0.688,0.962,0.569,0.927,0.703,0.897,0.187,0.901,0.931,0.988,0.51,0.342,0.996,0.933,0.523,0.973,0.978,0.896,0.263,0.341,1,0.148,0.827,0.731,0.997,0.679,0.407,0.539,0.999,0.998,0.554,0.845,0.316,0.619,0.988,0.906,0.967,0.875,0.431,0.961,0.488,0.98,0.887,0.586,0.66,0.997,0.613,0.761,0.731,0.902,0.495,0.788,0.57,0.852,0.618,0.885,0.498,0.607,0.558,0.654,0.577,0.803,0.962,0.997,0.932,0.968,0.756,0.368,0.521,0.262,0.152,0.246,0.019,0.291,0.52,0.984,0.718,0.323,0.306,1,0.642,0.625,0.998,0.886,0.568,0.615,0.56,0.814,0.583,0.365,1,0.392,0.215,0.402,0.823,0.844,0.574,0.845,0.658,0.957,0.451,0.999,0.924,0.056,0.504,0.24,0.975,0.537,0.584,0.987,0.987,0.87,0.857,1,0.984,0.243,0.573,0.346,0.224,0.902,0.845,0.986,0.287,0.999,0.501,0.611,0.942,0.976,0.129,0.99,0.509,0.643,0.882,0.563,0.579,0.03,1,0.623,0.487,0.725,0.801,0.526,0.544,0.267,0.932,0.789,0.855,0.316,0.986,0.883,0.493,0.354,0.21,0.417,0.703,0.524,1,0.349,0.495,0.735,0.447,0.065,0.477,0.316,0.824,0.923,0.564,0.537,0.312,0.52,0.38,0.147,0.766,0.628,0.622,0.768,1,0.149,0.852,0.474,0.549,0.536,0.5,0.523,0.596,0.336,0.995,1,0.028,1,0.682,0.29,0.564,0.64
0.997,0.111,0.954,0.962,0.324,0.989,0.734,0.06,0.504,1,0.482,1,0.672,0.996,0.514,0.074,0.953,0.981,0.788,0.418,0.791,0.413,0.62,0.425,0.584,0.455,0.996,0.712,0.495,0.848,0.627,0.561,0.859,0.992,0.717,0.699,0.451,0.639,0.497,0.996,0.486,0.479,0.999,0.939,0.829,0.154,0.816,0.922,0.206,0.921,0.457,0.983,0.61,1,0.556,0.585,0.896,0.523,0.369,0.544,0.723,0.739,1,0.963,0.562,0.174,0.825,1,0.682,0.9,0.477,0.527,0.93,0.335,0.972,0.988,0.291,0.82,0.978,0.412,0.638,0.294,0.61,0.98,0.548,0.417,0.303,0.659,0.533,0.988,1,0.96,0.272,0.643,0.498,0.319,0.738,0.666,0.345,0.971,0.824,0.949,0.639,0.825,0.62,0.835,0.826,0.573,0.697,0.731,0.792,0.716,0.999,0.826,1,0.688,0.753,1,0.901,0.907,0.434,0.039,0.241,0.857,0.999,0.611,0.407,0.507,0.5,0.254,0.004,0.571,0.868,0.984,0.957,0.615,0.821,0.347,0.885,0.472,0.938,0.838,0.584,0.674,0.874,0.354,0.503,0.794,0.034,0.959,1,0.78,0.668,0.699,1,0.287,0.587,0.804,0.999,0.531,0.588,0.357,0.999,0.203,0.09,0.646,0.338,0.976,0.713,0.628,0.743,0.661,0.912,0.496,0.476,1,0.586,0.585,0.905,0.324,0.473,0.516,0.655,0.846,0.596,0.938,0.752,1,0.695,0.81,0.969,0.071,0.486,0.524,0.182,0.207,0.461,0.997,1,0.655,0.464,0.601,0.999,0.821,0.424,0.602,0.45,0.739,0.675,0.974,0.627,0.927,0.413,0.504,1,0.675,0.285,0.873,0.569,0.709,0.412,0.841,0.431,0.46,0.656,0.989,0.682,0.478,0.695,0.141,0.397,0.657,0.896,0.994,0.569,0.435,0.992,0.358,0.642,0.999,0.612,0.238,0.314,0.673,1,0.816,0.266,0.837,0.377,1,0.889,0.735,0.589,0.832,0.631,0.652,0.998,0.646,0.74,0.862,0.894,0.124,0.93,0.932,0.608,0.69,0.608,0.806,0.97,0.684,0.998,0.933,0.86,0.98,0.536,0.937,0.909,0.69,0.816
1,1,0.871,0.972,0.753,0.131,0.72,1,0.54,0.779,0.006,0.544,0.429,0.755,0.854,0.324,1,0.387,0.993,0.39,0.383,0.965,0.711,0.627,0.565,0.403,0.508,0.861,0.766,1,1,0.634,0.658,0.936,0.34,0.925,0.553,0.845,0.536,0.482,0.948,0.595,0.973,0.747,0.834,0.997,0.689,0.716,0.692,0.34,0.198,0.993,0.883,0.039,0.444,0.992,0.709,0.635,0.83,0.461,0.565,0.98,1,0.998,0.955,0.941,0.498,1,0.752,0.67,0.647,0.65,0.12,0.857,0.456,0.999,0.839,0.074,0.816,0.552,0.317,0.506,0.433,0.907,0.568,0.598,0.523,0.775,0.811,0.576,0.532,1,0.468,0.474,0.223,0.801,0.797,0.765,0.396,0.891,0.853,0.604,0.972,1,0.999,0.817,0.997,0.603,0.329,1,0.553,0.52,0.148,0.305,1,0.535,0.759,0.287,0.494,0.968,1,1,1,0.492,0.557,0.837,0.534,0.437,0.319,0.998,0.998,0.646,0.355,0.728,0.791,0.688,0.996,0.938,0.887,0.577,0.987,0.651,0.461,0.526,0.969,0.844,0.75,0.756,0.196,0.215,0.295,0.506,0.472,0.698,0.465,1,0.999,1,0.831,0.547,0.673,0.737,0.874,0.911,0.627,0.092,0.544,0.949,0.949,0.306,0.386,0.611,0.87,0.905,0.532,1,0.378,0.459,0.392,0.213,0.528,0.809,0.559,0.634,0.792,0.874,0.598,0.421,0.817,0.554,0.97,0.925,0.494,0.352,0.826,0.506,0.675,0.598,0.962,0.957,0.403,0.673,0.798,0.479,0.729,0.124,0.248,0.628,0.999,0.832,0.868,1,0.139,0.585,0.825,0.241,0.554,0.841,0.954,0.673,0.763,0.995,0.851,0.867,0.5,0.209,0.997,0.567,0.611,0.914,0.586,0.388,0.931,0.833,0.724,0.544,0.389,0.812,0.86,0.815,0.519,0.833,0.814,0.571,0.814,0.574,0.921,0.531,0.769,0.993,0.428,0.488,0.559,0.769,0.445,0.329,0.782,0.901,0.612,0.491,0.682,0.216,0.731,0.487,0.605,0.549,0.559,1,0.351,0.65,0.973,0.368,0.956,1,0.483,0.578,0.334,0.794,0.841
0.727,0.02,0.716,0.778,0.908,0.987,0.723,0.32,0.429,0.116,0.648,0.254,0.408,0.342,0.651,0.999,0.971,0.591,0.56,0.971,0.489,0.529,0.564,0.406,0.538,0.674,0.844,0.679,0.999,0.799,0.982,0.532,0.845,0.999,0.816,1,0.906,0.599,0.58,0.409,0.997,0.494,0.05,0.982,0.986,0.94,0.49,0.731,0.722,0.461,0.143,1,0.712,1,0.637,0.49,0.367,0.562,0.848,0.911,0.671,0.894,0.505,0.024,0.632,0.993,0.849,0.947,0.665,0.733,0.816,0.602,0.98,0.646,0.966,0.899,0.947,0.807,0.794,0.394,0.333,0.561,0.667,0.998,0.731,0.656,0.896,0.519,0.766,0.784,0.96,1,0.246,1,1,0.62,0.596,0.827,0.935,0.522,1,0.999,0.471,0.419,0.497,0.845,0.111,0.61,0.365,0.653,0.898,0.5,0.908,0.997,0,0.45,0.734,0.882,0.671,0.177,0.562,0.206,0.445,0.921,0.659,0.883,0.491,0.85,1,0.327,0.995,0.967,0.896,0.459,0.764,0.995,0.953,0.452,0.566,0.435,0.514,0.355,0.133,0.664,0.992,0.989,0.567,0.776,0.121,1,0.99,0.525,0.386,0.91,0.995,1,0.817,0.949,0.943,0.549,0.47,0.532,0.674,0.871,0.598,0.778,0.74,0.669,0.98,0.637,1,0.726,0.909,0.983,0.684,1,0.726,0.116,0.954,0.241,0.55,0.603,0.958,0.46,0.679,0.643,0.358,0.275,0.835,0.584,0.122,1,0.732,0.933,0.264,0.271,0.25,0.772,1,0.662,0.677,0.503,0.798,0.932,0.703,0.922,0.928,0.992,0.973,0.975,0.45,0.888,0.237,0.945,0.185,0.058,0.975,0.201,0.77,0.625,1,0.503,0.875,0.495,0.564,0.59,0.984,0.588,0.891,0.726,0.372,0.91,0.093,0.669,0.693,0.733,0.959,1,0.611,0.516,0.584,0.816,0.841,0.549,0.981,0.745,0.885,0.736,1,0.997,0.761,0.801,0.482,0.575,0.437,0.992,0.969,0.564,0.533,0.613,0.739,0.267,0.326,0.802,0.659,0.383,0.522,0.998,0.885,0.493,0.948,0.817,0.997,0.979,0.43,0.783,0.731,0.875,0.998
0.952,0.991,0.621,1,0.332,0.733,0.833,0.985,0.78,0.998,0.5,0.819,0.673,0.603,0.948,1,0.914,0.51,0.671,0.864,0.588,0.832,0.45,0.671,0.691,0.475,0.528,0.538,0.497,0.474,0.242,0.645,0.88,0.596,0.496,0.845,0.944,0.944,0.66,0.476,0.918,0.997,0.906,0.596,0.368,0.64,0.463,0.512,0.773,0.861,0.762,0.865,0.997,0.841,0.556,1,0.997,0.511,0.087,0.757,0.812,0.903,1,0.982,0.205,0.08,0.653,0.912,0.616,0.697,0.986,0.614,0.999,0.925,0.531,0.945,0.587,0.649,0.79,0.496,0.679,0.98,0.833,0.997,0.669,0.606,0.563,0.752,0.613,0.992,0.915,0.99,0.869,0.309,0.279,0.885,0.827,0.979,0.573,0.237,0.236,0.325,0.572,0.996,0.704,0.789,0.92,0.577,0.693,0.039,0.983,0.914,0.981,0.428,0.073,0.755,0.799,0.974,0.33,1,0.718,0.981,0.808,0.965,0.959,0.996,0.598,0.367,0.975,0.392,1,0.775,0.259,0.33,0.48,0.542,0.721,0.969,0.624,0.389,1,0.932,1,0.532,0.899,0.998,0.997,0.619,0.123,0.25,0.252,0.498,0.894,1,0.981,0.892,0.525,1,0.507,0.451,0.505,0.313,0.607,0.7,0.877,0.923,0.989,0.951,0.473,0.996,0.299,0.464,1,0.5,0.649,0.998,0.921,0.649,0.782,0.626,0.616,0.507,0.999,0.973,0.971,0.989,0.671,0.831,0.581,0.379,0.144,0.177,0.822,0.695,0.423,0.885,0.89,0.495,0.812,0.745,0.355,0.772,0.789,0.709,0.878,0.445,0.663,0.545,0.25,0.859,0.871,1,0.273,0.243,1,0.981,0.766,0.306,0.727,0.936,0.048,0.271,0.853,0.437,0.809,0.948,0.713,0.483,0.945,0.94,0.308,0.829,0.899,0.236,0.62,0.52,0.411,0.327,0.983,0.422,0.496,0.906,0.942,0.568,0.358,0.482,1,0.92,0.168,1,0.651,0.553,0.6,0.944,0.67,0.691,0.226,0.632,0.862,0.675,0.932,0.539,0.303,0.46,0.422,0.421,0.526,1,0.396,0.668,0.673,0.523,0.645,0.836,0.353,0.545,0.786,0.329,1
0.728,0.192,0.483,0.475,0.873,0.119,0.589,1,0.543,0.979,0.843,0.817,0.629,0.801,0.69,0.619,0.918,0.559,0.433,0.506,0.283,0.654,0.584,0.741,0.606,0.516,0.978,0.974,0.96,0.961,0.839,0.555,0.986,0.131,0.764,1,0.531,0.9,0.697,0.801,0.676,0.959,0.952,0.669,0.998,0.999,0.905,0.494,0.932,0.963,0.99,1,0.773,1,0.905,0.314,0.926,0.908,0.981,0.545,0.428,0.506,0.035,0.533,1,1,0.944,1,0.977,0.779,0.993,0.54,0.032,0.487,0.52,0.997,0.719,0.252,0.95,0.557,0.706,0.582,0.505,0.096,0.995,0.621,0.834,0.905,0.803,0.683,0.993,0.982,1,0.797,0.791,0.821,0.386,0.966,0.771,1,0.845,0.684,0.351,0.99,0.485,0.868,1,0.731,0.817,0.99,0.771,0.434,0.989,0.839,0.637,0.503,0.546,0.926,0.996,0.862,0.991,0.999,0.501,0.859,0.99,0.824,0.795,0.38,0.57,0.95,1,0.509,1,0.391,0.604,0.776,0.713,0.255,1,0.406,0.917,0.91,0.862,0.598,0.77,0.685,0.986,0.705,1,0.979,1,0.784,0.996,0.665,0.641,0.262,0.246,1,0.942,0.505,0.852,0.53,0.75,0.82,0.585,0.732,0.225,1,0.78,0.543,0.998,0.529,0.578,0.603,0.504,0.019,0.46,0.994,0.501,0.574,0.49,0.445,0.875,0.762,0.989,0.544,0.687,0.221,1,0.751,1,0.146,0.585,0.853,0.605,0.999,0.97,1,0.495,1,0.999,0.911,0.334,0.675,0.513,0.996,0.539,0.605,0.988,0.812,0.709,0.201,0.914,0.76,0.876,0.843,0.967,0.613,0.506,0.607,1,0.995,0.53,0.546,0.935,0.325,0.741,0.669,0.951,0.032,0.844,0.733,0.23,0.999,0.542,0.489,0.446,0.895,0.714,0.905,0.64,0.951,0.422,0.636,0.989,0.472,0.827,0.741,0.365,1,0.52,0.615,0.538,0.383,0.597,0.935,0.669,0.771,0.687,0.481,0.969,0.978,0.639,0.992,0.64,0.657,0.67,0.372,0.44,0.997,0.791,0.706,0.725,0.997,0.333,0.538,0.991,0.956,0.924
