0.482,1,0.718,0.639,0.371,0.5,0.656,1,0.439,0.277,0.668,0.573,0.639,0.713,0.475,0.485,0.965,0.418,0.436,0.487,0.497,0.77,0.477,0.788,0.55,0.692,0.186,0.838,0.605,0.972,0.235,0.917,0.125,0.265,0.334,0.905,0.453,0.319,0.715,0.77,0.734,0.996,0.093,0.321,0.935,0.97,0.55,0.948,0.989,0.737,0.035,0.569,0.898,1,0.927,0.813,1,0.419,1,0.365,0.61,0.986,1,0.053,0.751,0.923,0.595,0.487,0.851,0.521,0.802,0.433,0.683,1,0.991,1,0.884,0.687,1,0.531,0.695,1,0.375,1,0.828,0.612,0.178,0.267,0.998,0.879,0.694,0.999,0.589,0.881,0.815,0.583,0.961,0.509,0.874,0.062,0.098,0.806,0.492,0.951,0.317,0.801,0.047,0.66,0.322,0.971,0.956,0.58,0.984,0.976,0.983,0.543,0.339,0.181,0.179,0.909,0.937,0.966,1,0.974,1,1,0.704,0.999,0.681,0.644,0.893,0.393,0.762,0.981,0.542,0.939,0.248,0.787,0.602,0.411,0.568,0.548,0.757,0.669,0.383,0.663,0.637,0.537,0.998,1,0.838,0.338,0.633,0.314,0.174,0.88,0.888,0.235,0.966,0.495,0.929,0.756,0.986,1,0.148,0.17,0.538,1,0.711,0.624,0.208,0.576,0.948,0.547,0.545,0.602,0.613,0.928,0.642,0.966,0.495,0.608,1,0.843,0.503,0.602,0.472,0.996,1,0.942,0.875,0.314,0.557,0.775,0.833,0.599,0.545,0.995,0,1,0.641,0.571,0.999,0.953,0.172,0.252,0.122,0.993,0.969,0.254,0.49,0.999,0.986,0.863,0.952,0.325,0.212,0.368,0.662,0.978,1,0.801,0.524,0.486,0.899,0.08,0.94,0.652,0.29,0.701,0.76,0.721,1,0.22,0.529,0.506,0.8,0.165,0.967,0.978,0.669,0.995,0.917,0.602,0.882,0.564,0.705,0.556,0.123,1,0.51,0.621,0.445,0.351,0.447,0.354,0.952,0.522,0.381,0.993,0.942,0.672,0.761,0.962,0.498,0.983,0.534,0.979,0.976,0.501,0.836,0.721,0.874,0.997,0.762,0.814,0.637,0.985,0.994
1,0.054,0.268,0.808,1,1,0.298,0.419,0.459,1,0.996,0.752,0.457,0.673,0.631,0.944,0.865,0.766,0.478,0.983,0.644,0.342,0.576,0.196,0.482,0.497,0.848,0.853,0.91,0.11,0.945,0.727,0.838,0.531,0.985,0.056,0.398,0.333,0.598,0.692,0.416,0.134,1,0.854,0.931,0.913,0.472,0.849,0.58,0.947,0.999,0.986,0.661,0.864,0.87,0.972,0.542,0.516,0.933,0.737,0.628,0.754,1,1,0.482,0.892,0.715,0.732,0.676,0.535,0.613,0.706,0.812,0.786,1,0.85,0.88,0.523,0.959,0.616,0.714,0.787,0.737,0.477,0.468,0.436,1,0.507,0.739,1,0.959,0.995,0.646,0.986,0.641,0.718,0.381,0.997,0.851,0.596,0.952,1,0.929,0.403,0.764,1,0.802,0.588,0.502,0.194,0.933,0.501,1,0.025,0.174,0.496,0.986,0.68,0.996,0.786,1,0.621,0.82,0.246,0.027,0.984,0.559,0.99,0.992,0.574,0.989,0.455,0.447,0.456,0.988,0.427,0.421,0.913,0.912,0.975,1,0.519,0.999,0.795,0.489,0.724,0.756,0.49,0.78,0.786,0.141,0.69,0.67,0.993,0.998,0.904,1,0.157,1,0.708,0.167,0.999,0.5,0.881,0.19,0.911,0.36,0.549,0.993,0.916,1,0.635,0.642,0.274,0.569,1,0.472,0.475,0.361,0.887,0.666,0.602,0.877,0.714,0.645,0.87,1,0.773,1,0.839,0.828,0.999,0.6,0.229,0.779,0.667,0.585,0.577,1,1,0.407,0.496,0.155,1,0.999,0.818,0.989,0.291,0.163,0.999,0.978,0.255,0.293,0.957,1,0.098,0.828,0.906,0.721,0.635,1,0.962,0.642,0.647,0.668,0.998,0.608,0.422,0.818,0.068,0.181,0.464,0.586,0.96,0.582,0.701,0.783,0.08,0.519,0.442,0.503,0.987,0.309,0.672,0.964,0.581,0.775,0.484,0.956,1,0.429,0.693,0.689,0.238,0.593,0.552,0.689,0.629,0.893,0.463,0.518,0.016,0.98,0.934,0.656,0.556,0.745,0.51,0.785,0.707,0.677,0.738,0.299,1,1,0.339,0.709,0.611,0.449
0.689,0.999,0.648,0.127,0.678,0.999,0.443,0.088,0.705,0.006,0.969,0.929,0.615,0.507,0.558,1,1,0.703,0.75,0.452,0.848,0.999,0.879,0.36,0.632,0.873,0.995,0.264,0.476,0.312,0.091,0.388,0.988,0.809,0.803,0.975,0.81,0.473,0.954,0.538,0.987,0.941,0.005,0.767,0.027,0.794,0.399,0.495,0.665,1,0.022,0.887,0.361,1,0.849,0.946,0.914,0.382,0.995,0.434,0.502,0.078,0,0.907,0.11,0.963,0.973,0.961,0.97,0.817,0.999,0.965,0.183,0.239,0.333,0.53,0.537,0.914,0.676,0.774,0.15,0.838,0.275,0.999,0.622,0.785,0.997,0.698,0.279,0.477,0.635,0.975,0.976,0.555,0.939,0.991,0.721,0.011,0.494,0.989,0.017,1,1,0.044,0.507,0.993,0.944,0.529,0.682,0.102,0.145,0.72,1,1,1,0.456,0.653,0.994,0.189,0.99,0.418,0.906,0.491,0.555,0.976,0.64,0.415,0.582,1,0.637,0.021,0.782,0.954,0.703,0.865,0.457,0.623,0.702,0.707,0.929,0.122,0.544,0.948,0.353,0.999,1,0.331,0.664,1,0.706,0.494,0.891,0.649,0.656,0.49,0.744,1,0.604,0.537,0.823,0.473,0.9,0.951,1,0.676,0.796,0.816,0.808,0.467,0.404,0.887,0.863,0.885,0.364,0.922,0.867,0.688,0.518,0.375,0.961,0.629,0.549,0.205,0.639,0.881,0.781,0.579,0.965,0.021,0.778,0.996,0.995,0.429,0.873,0.998,0.862,0.787,0.318,0.93,0.385,0.466,0.928,0.79,1,0.012,0.196,0.943,0.464,0.081,0.452,0.57,0.11,0.683,0.958,0.083,1,1,1,0.992,0.486,0.999,0.84,0.569,0.526,0.773,0.27,0.552,0.558,0.996,0.979,0.361,0.694,0.549,0.962,0.548,0.429,0.5,0.59,0.971,0.239,0.487,0.995,0.733,0.539,0.413,0.535,0.933,0.923,0.636,0.993,0.57,0.463,0.666,0.913,0.918,0.717,0.997,0.674,0.648,0.957,0.66,0.944,0.997,0.755,0.657,0.519,0.444,1,1,0.799,0.999,0.76,0.031,0.001,0.686,0.915,0.811,0.354,0.404
0.445,1,0.401,0.974,0.995,0.841,0.475,0.99,0.841,1,1,1,0.713,0.627,0.765,0.966,1,0.817,0.552,0.697,0.887,0.981,0.4,0.618,0.765,0.52,0.833,0.522,0.225,0.69,0.078,0.582,0.494,0.25,0.72,0.792,0.583,0.804,0.8,0.765,0.901,0.996,0.107,0.783,0.942,0.887,0.594,0.627,0.952,0.032,1,0.397,0.304,1,0.877,0.819,0.753,0.463,1,0.943,0.917,0.959,1,0.81,1,1,0.961,0.741,0.414,0.423,0.442,0.786,1,0.813,0.929,0.632,0.629,0.279,0.545,0.383,0.736,0.807,0.813,0.05,0.769,0.54,0.521,0.784,0.886,0.16,0.376,0.36,0.992,0.275,0.82,0.838,0.948,0.17,0.348,0.993,0.228,0.874,0.469,0.981,0.781,0.869,0.605,0.495,0.879,0.503,0.713,0.481,0.994,0.38,0.01,0.528,1,0.305,0.904,0.057,0.675,0.996,0.993,0.285,0.774,0.214,0.558,0.73,0.888,0.411,0.111,0.702,0.983,0.363,0.123,0.762,0.22,0.782,0.967,0.648,0.789,0.517,0.997,0.474,1,0.94,0.273,0.63,0.905,0.835,0.666,0.849,0.63,0.571,0.96,1,0.711,0.125,0.158,0.548,0.661,0.482,0.56,0.864,0.951,0.076,0.434,0.786,0.216,0.796,1,0.504,0.264,0.438,0.519,1,0.512,0.997,0.978,0.562,0.855,0.528,1,0.611,0.35,0.673,0.484,0.581,0.987,0.933,0.825,0.971,0.502,0.336,0.74,0.911,0.497,0.272,0.999,0.781,0.463,0.715,0.212,0.959,1,0.762,0.872,0.691,0.764,0.313,0.548,0.015,0.5,0.908,0.36,0.11,0.752,0.294,0.434,0.575,0.706,0.993,0.603,0.862,0.235,0.661,0.481,0.503,0.508,0.817,0.683,0.792,0.563,0.263,0.834,0.565,0.48,1,0.081,0.294,0.454,0.951,0.978,0.496,0.707,0.48,0.979,0.784,0.247,1,0.596,0.492,0.865,0.852,0.679,0.378,0.158,0.647,0.546,0.507,0.853,0.971,0.931,0.996,0.864,0.606,0.575,0.639,0.213,0.894,0.478,0.607,0.939,0.998,0.923,0.955,1,0.492,1
0.15,0.512,0.471,0.691,0.921,0.341,0.702,1,0.723,0.999,0.845,0.67,0.647,0.999,0.615,1,0.643,0.691,0.377,0.347,0.318,0.567,0.825,0.364,0.547,0.486,0.463,0.45,0.721,0.453,1,0.537,0.996,0.319,0.999,0.998,0.498,0.19,0.745,0.551,0.448,1,1,0.901,0.124,0.95,0.358,0.755,0.729,0.983,0.965,0.391,0.271,0.402,0.87,0.77,0.994,0.669,0.76,0.603,0.944,0.436,0,0.86,0.533,0.896,1,0.897,0.968,0.879,0.445,0.826,0.486,0.543,0.021,0.439,0.52,0.999,0.784,0.411,0.481,0.885,0.955,1,0.359,0.469,0.377,0.631,0.58,0.945,1,1,0.492,0.197,1,0.383,0.707,0.997,0.994,0.745,1,0.993,0.77,0.504,0.84,0.941,0.623,0.434,0.937,0.101,0.191,0.68,0.916,1,0.064,0.559,0.842,1,0.951,1,0.49,0.627,0.948,0.749,1,0.311,0.548,0.496,0.999,0.953,0.917,0.931,0.836,0.673,1,0.248,0.236,0.783,0.706,0.6,1,0.572,1,0.585,0.084,0.935,0.465,0.996,0.51,0.107,0.182,0.288,0.546,0.715,1,0.984,0.667,0.998,0.875,0.53,0.733,0.662,1,0.233,1,0.923,0.246,0.044,0.808,0.471,0.686,0.513,0.957,0.976,0.617,1,0.764,0.226,0.497,0.906,0.509,0.544,0.302,0.989,1,0.926,0.577,0.83,1,0.806,0.73,0.203,0.658,0.251,0.884,0.164,0.434,0.256,0.218,0.928,0.951,0.569,0.731,0.71,0.772,0.837,0.877,0.735,0.187,0.607,0.781,0.147,0.564,0.831,0.949,0.89,0.978,0.208,0.525,0.411,1,0.628,0.995,0.626,0.206,0.546,0.398,0.731,1,0.897,0.441,0.477,0.179,0.918,0.537,0.554,0.545,0.947,1,0.857,0.563,0.675,0.366,0.496,0.557,0.588,0.876,1,0.896,0.991,0.518,0.957,0.363,0.85,0.75,0.48,0.976,0.953,0.443,0.698,0.307,0.921,0.966,0.967,0.791,0.626,0.683,1,0.314,0.951,0.583,0.594,1,0.399,0.735,0.506,0.909,0.617,0.211
0.791,1,0.511,0.714,0.303,0.206,0.256,0.541,0.778,0.751,0.821,0.5,0.403,0.942,0.461,0.011,1,0.774,0.348,0.784,0.708,0.786,0.282,0.225,0.888,0.42,0.588,0.993,0.971,0.446,0.998,0.544,1,0.811,0.827,0.894,0.652,0.926,0.399,0.693,0.887,0.374,0.958,0.509,0.952,1,0.778,0.955,0.843,0.357,1,1,0.414,1,0.833,0.816,0.725,0.781,0.068,0.99,0.437,1,1,0.201,0.769,0.997,0.899,1,0.531,0.798,0.245,0.918,0.887,0.913,1,1,0.995,1,0.013,0.901,0.802,0.971,0.999,0.85,0.824,0.416,1,0.761,0.922,0.951,0.994,1,0.397,0.561,1,0.521,0.589,1,0.419,0.798,0.256,0.951,0.365,0.997,1,0.391,1,0.393,0.739,0.906,0.874,0.819,0.762,0.065,0.997,0.489,1,1,0.511,0.141,0.975,0.864,0.893,0.297,1,0.998,0.352,0.284,0.823,0.882,0.005,0.187,0.793,0.345,0.954,0.902,0.307,0.99,0.967,0.673,0.68,0.999,0.064,0.979,0.953,0.096,1,0.82,0.645,0.699,0.928,0.746,0.276,0.81,0.963,0.991,0.396,0.039,1,0.465,0.791,0.718,1,0.489,0.858,1,0.27,0.928,0.329,0.571,0.843,0.583,0.879,0.475,0.599,0.966,0.431,1,0.85,0.623,0.538,0.495,0.468,0.939,0.151,0.583,0.86,0.392,0.161,0.698,1,1,0.587,0.645,0.445,1,0.456,0.773,1,0.999,0.36,0.44,0.928,0.538,0.975,0.193,0.792,0.497,0.999,0.759,0.57,1,1,0.467,0.964,0.917,0.186,0.961,0.403,0.353,0.954,0.746,0.984,0.504,0.999,1,0.699,0.524,0.206,1,0.583,0.863,1,0.752,0.495,0.476,0.877,0.689,0.284,0.566,0.832,0.577,0.767,0.504,0.845,0.52,0.905,0.932,0.72,0.961,0.758,0.738,0.578,0.905,0.621,0.545,0.488,0.465,0.443,0.956,0.321,1,0.923,0.402,0.74,0.392,0.548,0.986,0.291,0.596,0.97,0.52,0.284,0.99,0.4,0.465,0.974,0.622,0.819
0.921,0.535,0.325,0.995,0.753,1,0.491,1,0.838,0.989,0.968,0.988,0.725,0.833,0.414,0.93,0.258,0.795,0.664,0.6,0.647,0.692,0.469,0.554,0.521,0.588,0.932,0.62,0.301,0.573,0.712,0.379,0.377,0.481,0.921,0.152,0.636,0.381,0.505,0.711,1,0.953,1,0.758,1,1,0.612,0.019,1,0.419,1,0.922,0.979,1,0.801,0.984,0.834,0.468,0.997,0.333,0.558,0.087,1,1,0.572,0.993,0.958,0.259,0.68,0.925,0.365,0.897,0.962,0.845,0.918,1,0.94,0.119,0.538,0.517,0.214,0.98,0.345,0.58,0.252,0.542,0.483,0.534,0.962,0.626,0.825,0.062,0.884,0.202,0.099,0.882,0.33,0.963,0.892,0.131,0.555,0.826,0.996,1,0.943,0.535,1,0.572,0.984,0.362,0.357,0.84,0.999,0.22,0.994,0.467,0.25,0.986,0.327,0.6,0.915,1,0.491,0.695,0.056,0.877,0.936,0.306,0.791,0.993,0.306,0.706,0.743,0.57,0.175,0.509,0.999,0.877,0.788,0.873,0.558,0.31,0.922,0.489,0.901,0.913,0.552,0.573,0.989,0.986,0.899,0.854,0.561,0.307,0.996,1,0.768,0.441,0.974,0.486,1,0.452,0.444,0.999,0.93,0.177,0.995,1,0.861,0.31,0.953,0.552,1,0.51,0.595,0.875,0.52,1,0.372,0.991,0.553,0.841,0.837,0.686,0.243,0.433,0.776,0.455,1,0.615,0.625,0.827,0.946,0.408,0.645,1,0.526,1,0.997,0.64,0.389,0.535,0.936,0.26,0.471,0.797,1,0.477,0.549,0.227,0.579,0.919,0.942,0.787,0.569,0.966,0.229,0.953,0.951,0.493,1,0.752,0.585,0.632,0.885,0.87,0.943,0.487,0.988,0.575,0.293,0.995,0.81,0.353,0.646,0.91,0.723,1,0.832,0.737,0.573,0.376,0.556,0.522,0.937,0.511,0.62,0.319,0.773,0.836,0.632,0.398,0.601,0.591,0.63,0.934,0.297,0.869,0.491,0.538,0.397,0.942,0.375,0.585,0.589,0.817,0.499,0.996,0.568,0.584,0.465,0.565,0.415,0.029,0.789,0.738,0.684,0.673,0.724
0.642,0.651,0.509,0.838,0.498,0.639,0.283,1,0.741,0.982,1,0.829,0.737,0.405,0.713,0.098,0.422,0.927,0.619,0.688,0.972,0.506,0.969,0.487,0.626,0.929,0.979,0.76,0.515,0.237,0.988,0.556,0.954,0.654,0.799,0.535,0.502,0.377,0.84,0.648,0.398,1,0.041,0.738,0.512,0.198,0.59,0.986,0.521,0.976,0.519,0.304,0.743,0.704,0.836,0.567,0.611,0.562,0.913,0.544,0.494,0.198,0.001,0.148,0.285,0.164,0.605,0.045,0.421,0.493,0.415,0.843,1,0.403,0.073,0.371,0.886,0.5,0.922,0.492,0.58,0.92,0.289,0.166,0.992,0.609,0.597,0.961,0.329,0.843,0.96,1,0.166,0.904,0.443,0.883,0.325,1,0.971,0.886,0.424,0.27,0.545,0.063,0.41,0.217,0.989,0.436,0.419,0.122,1,0.734,0.928,0.683,1,0.486,0.943,0.607,1,0.474,0.542,0.134,0.298,0.25,0.775,0.924,0.586,0.809,0.672,0.876,0.997,0.661,0.928,0.599,0.692,0.499,0.505,0.694,0.996,0.767,0.895,0.697,0.068,0.613,0.999,0.116,0.803,0.687,0.635,0.901,0.94,1,0.85,0.836,0.426,1,0.52,1,0.997,0.483,0.211,0.812,0.014,0.225,0.976,0.994,0.764,0.383,0.48,0.507,0.619,0.514,0.562,0.581,0.625,0.68,0.582,0.888,0.768,0.141,0.563,0.579,0.647,0.638,0.198,0.495,0.932,0.505,0.997,0.63,0.83,0.544,0.514,0.618,0.807,0.649,0.53,0.871,0.996,0.997,0.266,0.792,0.968,0.481,1,0.999,0.59,0.475,0.225,0.27,0.819,0.298,0.17,0.527,0.789,0.972,1,0.781,0.473,0.617,0.999,0.753,0.874,0.678,0.174,0.451,0.999,0.656,0.856,0.715,0.853,0.626,0.742,0.236,0.797,0.794,0.607,0.901,0.859,0.722,0.481,0.522,0.69,0.549,0.733,0.67,0.976,0.376,0.913,0.994,0.986,0.675,0.674,0.999,0.564,0.84,0.575,0.513,0.623,0.534,0.335,0.936,1,0.814,0.623,0.565,0.466,0.972,0.85,0.5,1,0.629,0.441,1,0.869,0.295,0.795,0.233,0.488
0.787,0.337,0.965,0.612,0.743,0.912,0.998,0.993,0.668,0.949,0.96,0.459,0.509,0.432,0.807,0.571,0.083,1,0.653,0.64,0.394,0.476,0.542,0.753,0.563,0.678,1,0.494,0.509,1,0.26,0.789,1,0.997,0.811,0.916,0.493,0.469,0.344,0.972,0.936,1,0.971,0.578,0.908,0.973,0.85,0.932,0.845,0.999,0,0.195,0.291,0.167,0.844,0.66,0.966,0.902,0.353,0.79,0.594,0.253,0.011,0.186,0.941,0.229,0.786,0.697,0.46,0.856,0.987,0.865,0.792,0.364,0.999,1,0.763,0.892,0.082,0.583,0.444,0.687,0.966,0.998,0.432,0.88,0.084,0.904,0.999,0.223,0.136,0.913,0.965,0.844,1,0.241,0.598,0.999,0.773,0.327,0.613,0.776,0.719,0.438,0.936,0.231,0.225,0.704,0.567,1,0.327,0.725,0.07,1,0.556,0.454,0.499,0.797,0.894,0.99,0.981,0.894,0.529,0.74,1,0.959,0.693,0.625,0.86,0.287,0.725,0.622,0.244,0.759,1,0.251,0.32,0.44,0.197,0.81,0.985,0.569,0.929,0.617,0.247,1,0.475,0.335,1,0.608,0.909,0.248,0.56,0.682,0.869,0.92,0.631,1,0.901,0.481,0.997,0.727,1,0.732,0.191,0.909,1,0.926,0.64,0.968,0.914,0.605,0.845,0.952,0.486,0.995,0.214,0.941,0.567,0.537,0.505,0.517,0.533,0.347,0.179,0.461,0.983,0.639,0.926,0.609,1,0.905,0.411,0.989,0.904,0.529,0.357,0.913,1,0.716,0.646,0.608,0.156,0.868,0.312,0.516,0.743,0.589,0.466,0.906,0.484,0.936,1,0.195,0.17,0.703,0.532,0.969,0.858,0.354,0.998,1,0.998,0.683,0.956,0.842,0.358,0.481,0.421,0.867,0.379,0.764,0.987,1,0.647,0.751,0.952,1,0.26,0.477,0.638,0.966,0.564,0.731,0.994,0.557,0.128,0.871,1,0.106,0.566,0.594,0.526,0.615,0.625,0.372,0.527,0.675,0.621,0.757,0.414,0.083,0.288,0.349,0.729,0.543,0.555,0.997,0.577,0.998,0.587,0.968,0.973,0.774,0.802,0.708,0.942,0.67,0.629
0.194,0.957,0.393,0.278,0.973,0.413,0.354,0.009,0.92,0.986,0.999,0.997,0.773,0.705,0.617,0.616,1,0.607,0.99,0.717,0.545,0.764,0.643,0.489,0.617,0.439,0.595,0.589,0.222,0.484,0.584,0.496,0.049,0.951,0.852,0.472,0.944,0.983,0.379,0.835,0.789,0.97,0.453,0.491,0.999,0.91,0.958,0.981,0.799,0.058,0.981,1,0.855,0.999,0.458,0.535,0.689,0.477,0.809,0.615,0.99,0.962,0.516,0.997,0.989,1,0.572,0.027,0.848,0.466,0.074,0.957,0.781,0.692,0.561,0.124,0.881,0.728,0.625,0.508,0.308,0.677,0.719,0.056,0.559,0.391,0.914,0.164,0.456,0.932,0.623,0.043,0.494,0.809,0.827,0.232,0.914,1,0.415,0.628,0.864,0.509,0.302,0.737,0.164,0.705,0.638,0.504,0.415,0.95,0.765,0.684,1,0.444,0.713,0.8,0.483,0.923,1,0.507,0.847,0.067,0.829,0.999,0.984,0.956,0.564,0.653,0.874,0.416,1,0.256,0.723,0.482,0.168,0.666,0.872,0.633,0.578,0.885,0.067,0.602,0.145,0.404,0.24,0.91,0.21,0.71,0.996,0.544,0.972,0.892,0.752,0.715,0.044,0.334,0.795,0.917,1,0.475,0.886,0.562,0.985,0.972,0.855,0.135,0.808,0.287,0.27,0.3,0.994,0.53,0.637,0.797,0.86,0.565,0.52,0.342,0.862,0.495,0.605,0.779,0.094,0.543,0.993,0.521,0.503,1,0.426,0.675,0.853,0.761,0.628,0.451,1,0.981,0.481,0.649,1,0.014,0.989,0.743,0.936,0.407,0.906,0.987,0.189,0.361,0.226,0.984,0.61,0.49,0.555,1,0.163,0.542,0.631,0.477,0.197,0.59,1,0.485,0.318,0.635,1,0.915,0.503,0.576,0.928,0.989,0.608,0.874,0.951,0.897,0.701,0.535,0.638,0.198,0.288,0.727,0.498,1,0.841,0.537,0.907,0.708,0.646,0.646,0.552,1,0.704,0.432,0.529,0.989,0.707,0.688,0.537,0.744,0.497,0.755,0.796,0.967,0.87,0.921,0.966,0.608,0.496,0.897,0.683,0.415,0.917,0.326,0.708,1,0.907,0.63,0.114,0.138,0.836
0.868,0.928,0.461,0.887,0.621,0.324,0.587,0.034,0.632,0.017,0.912,0.877,0.64,0.453,0.388,1,0.252,0.961,0.786,0.934,0.938,0.267,0.512,0.57,0.656,0.506,1,0.66,0.459,0.536,0.322,0.651,0.651,0.357,0.961,1,0.819,0.158,0.423,0.273,0.821,1,0.321,0.806,0.147,0.74,0.752,0.068,0.618,0.65,0.021,0.492,1,1,0.51,1,0.24,0.602,0.038,0.85,0.587,0.77,0.994,0.951,1,0.012,0.076,0.572,0.84,0.349,0.999,0.916,0.562,0.693,0.873,0.749,0.986,0.963,0.088,0.635,0.984,0.881,0.992,0.999,0.771,0.483,0.696,0.726,0.72,0.431,0.944,1,0.827,0.952,0.926,0.996,0.964,0.97,0.884,1,1,0.901,0.511,0.684,0.975,0.936,0.893,0.506,0.822,0.999,0.836,0.591,0.782,0.99,0.997,0.509,0.763,0.856,0.999,0.44,0.625,0.997,0.971,0.938,0.948,0.797,0.6,0.56,0.577,0.898,0.706,1,0.209,0.693,0.863,0.855,0.909,0.754,1,0.854,1,0.562,0.694,0.906,0.924,0.034,0.971,0.585,0.987,0.842,0.994,0.877,0.847,0.288,0.993,0.846,1,0.997,0.619,0.539,0.567,0.777,0.067,0.983,1,0.749,0.303,0.896,0.854,0.997,0.092,0.791,0.181,0.888,0.887,0.645,0.593,0.967,0.698,0.836,0.77,0.586,0.951,0.476,0.333,0.616,0.212,0.85,0.991,0.675,0.402,0.824,0.45,0.938,0.848,0.999,0.999,0.221,0.999,0.471,0.162,0.412,0.797,0.917,0.383,0.627,0.729,0.918,0.971,0.636,0.544,0.5,0.818,0.574,0.643,0.962,0.751,0.739,0.936,0.281,0.003,0.121,0.937,0.725,0.884,0.704,0.684,0.834,0.998,0.377,0.804,0.58,0.962,0.587,0.609,0.431,0.831,0.83,0.724,0.244,0.593,0.382,0.591,0.55,0.728,0.535,0.867,0.647,0.485,0.963,1,0.559,0.507,0.735,0.685,0.959,0.196,0.665,0.789,1,1,0.086,1,0.884,0.924,0.344,0.55,1,0.674,0.517,0.774,0.423,0.123,0.684,0.956,0.521,0.864,1,0.803
0.352,0.996,0.405,0.239,0.414,0.196,0.761,0.009,0.571,0.006,0.033,0.372,0.488,0.635,0.445,0.988,0.093,1,0.597,0.263,0.673,0.708,0.498,0.383,0.413,0.507,0.725,0.586,1,0.171,0.983,0.971,0.801,0.998,0.902,0.512,0.566,0.996,0.858,0.734,0.478,0.989,0.022,0.998,0.984,0.392,0.625,0.665,0.77,0.552,1,0.981,0.717,0.517,0.593,1,0.231,0.401,0.975,0.841,0.61,0.836,1,0.992,0.983,1,0.533,1,0.833,0.751,0.993,0.846,1,0.999,0.725,0.199,0.832,0.991,0.94,0.611,0.953,0.892,0.399,0.058,0.695,0.408,0.892,0.643,0.22,0.218,0.265,0.716,0.999,0.416,0.994,0.953,0.656,0.009,0.662,0.994,0.829,0.417,0.99,0.247,0.564,0.312,0.058,0.667,0.435,0.999,0.703,0.655,0.359,0.998,0.448,0.621,0.921,0.654,0.308,1,0.997,0.995,0.336,0.167,0.775,0.209,0.647,0.395,0.807,0.996,0.687,0.563,0.587,0.923,0.916,0.976,0.833,0.997,0.474,0.846,0.446,0.628,0.789,0.442,0.344,1,0.872,0.638,0.669,0.819,0.216,0.605,0.6,0.737,0.962,0.085,0.548,0.962,0.993,0.52,0.518,0.976,0.143,0.371,0.24,1,0.897,0.993,0.825,0.852,0.186,0.723,0.947,0.459,0.863,0.917,0.529,0.353,0.603,0.862,0.465,0.659,1,0.496,0.174,0.63,0.855,0.489,1,0.639,0.9,0.508,0.479,0.652,1,0.755,0.611,0.206,0.052,0.988,0.53,0.618,0.809,0.78,0.963,0.995,0.421,0.493,0.304,0.14,0.587,1,0.702,0.899,1,0.89,0.943,0.24,0.206,0.624,1,0.491,0.796,0.662,1,1,0.403,0.643,0.165,1,0.36,0.544,1,0.628,0.433,0.62,0.639,0.967,0.994,0.322,0.504,0.22,0.628,0.51,0.87,0.475,0.268,0.213,0.062,1,0.372,0.63,0.587,0.654,0.517,0.889,0.978,0.323,0.792,0.247,0.794,0.957,0.486,0.735,0.832,0.655,0.524,0.019,0.269,0.362,0.704,0.395,0.884,0.048,0.86,0.91,0.927,0.883,0.736
0.463,0.998,0.455,1,0.558,0.999,0.185,0.954,0.606,0.99,0.998,0.931,0.621,0.524,0.495,0.982,0.998,0.736,0.556,0.533,0.998,0.746,0.597,0.406,0.521,0.507,0.138,0.45,0.96,0.414,0.921,0.809,0.054,0.771,0.94,0.515,0.465,1,0.435,0.937,0.998,0.278,0.985,0.935,0.193,1,0.583,0.746,0.514,0.734,1,0.135,0.942,0.408,0.479,0.688,0.519,0.431,1,0.323,0.477,1,1,0.992,0.523,0.881,0.869,1,0.512,0.77,0.993,0.859,0.989,0.712,0.96,0.085,0.702,0.839,0.775,0.463,0.706,0.898,0.597,0.192,0.257,0.525,0.927,0.519,0.707,0.654,0.677,0.998,0.999,1,1,0.954,0.988,0.495,0.434,0.523,0.733,0.202,0.207,0.116,0.479,0.494,0.598,0.591,0.87,0.915,0.967,0.629,0.555,0.137,0.006,0.674,0.4,0.447,0.85,1,0.787,1,0.911,0.639,0.838,0.82,0.768,0.577,0.978,0.953,1,0.468,0.76,0.906,0.899,0.975,0.37,0.326,0.496,0.81,0.968,0.957,0.306,0.607,0.261,0.964,0.932,0.953,0.984,0.229,0.594,0.396,0.734,0.71,0.463,0.517,0.813,0.973,0.997,0.644,0.683,0.828,0.956,0.997,0.606,0.499,0.977,0.661,0.986,0.732,1,0.622,0.167,0.467,0.782,0.996,0.957,1,0.633,0.321,0.42,0.565,0.113,0.399,1,0.909,0.892,0.187,0.456,0.707,0.895,0.803,0.407,0.374,0.848,0.273,0.835,1,0.008,0.072,0.984,0.61,0.51,0.992,0.049,0.77,0.93,0.469,0.814,0.938,0.833,0.342,0.739,0.916,0.907,1,0.484,1,0.71,0.628,1,0.826,0.978,0.606,0.117,0.305,0.395,0.662,0.795,0.991,0.94,0.388,0.296,0.997,0.683,0.524,0.678,0.542,0.628,0.942,0.477,0.996,0.428,0.518,0.943,0.492,0.571,0.733,0.874,0.92,0.333,0.836,0.43,0.729,0.816,0.72,0.462,0.497,0.516,0.714,0.537,0.877,0.872,0.574,0.717,0.957,0.657,0.083,0.854,0.403,0.798,0.534,0.18,0.952,0.994,0.27,0.826,0.863,0.744
0.217,0.233,0.619,0.379,0.855,0.847,0.925,0.832,0.456,0.795,0.993,0.72,0.923,0.647,0.508,0.821,0.063,0.783,0.984,0.996,0.72,0.672,0.549,0.25,0.456,0.65,0.55,0.978,0.853,0.998,0.932,0.617,1,0.763,0.951,0.425,0.66,0.987,0.693,0.599,1,0.078,0.883,0.428,0.792,0.307,0.444,1,0.822,0.173,0.698,0.254,0.794,0.898,0.654,0.794,0.705,0.41,0.212,0.744,0.738,0.903,1,0.048,0.973,1,0.363,0.875,0.328,0.674,0.192,0.81,0.52,0.742,0.418,1,1,0.898,0.085,0.472,1,0.995,0.46,0.276,0.932,0.455,0.769,0.27,0.795,0.732,1,0.942,0.547,0.567,0.031,1,0.868,1,1,0.305,0.947,0.987,0.803,0.5,0.537,1,1,0.626,0.585,0.146,0.998,0.64,0.557,0.765,0.885,0.484,0.833,0.988,0.933,0.227,0.805,0.291,1,0.659,0.604,0.966,0.474,0.748,0.911,0.526,0.046,0.971,0.798,0.175,0.237,0.995,0.133,0.418,0.813,0.682,0.349,0.532,0.741,0.682,0.418,0.129,0.379,0.862,0.379,1,0.791,0.297,0.341,0.585,0.786,0.903,0.556,0.345,0.991,0.577,0.878,0.997,0.99,0.395,0.953,0.51,0.339,0.992,0.791,0.204,1,0.599,0.577,0.579,0.849,1,0.167,0.599,0.339,1,0.569,0.563,0.998,0.419,0.682,0.582,0.657,0.985,0.929,0.9,0.931,0.98,0.487,0.549,0.286,0.618,0.697,0.866,1,0.558,0.631,0.437,0.36,0.81,0.903,0.908,0.269,0.536,0.99,0.921,0.614,0.844,0.78,0.769,1,0.372,0.864,0.242,0.681,0.56,1,0.859,0.152,0.579,0.27,0.844,0.388,0.622,0.964,0.997,0.502,1,0.11,0.746,0.658,0.706,0.888,0.852,0.746,0.582,0.707,0.135,0.595,0.599,0.717,0.59,1,0.684,0.163,0.019,0.365,0.552,0.428,0.707,0.734,0.5,0.999,0.987,0.487,0.606,0.54,0.992,0.985,0.82,0.668,0.829,0.54,1,0.61,0.367,0.861,0.737,0.997,0.49,1,0.736,0.845,0.995,0.831
0.355,0.566,0.39,0.933,0.982,0.986,0.984,1,0.697,0.752,0.833,0.875,0.726,0.976,0.51,0.993,0.996,0.259,0.951,0.251,0.513,0.855,0.555,0.939,0.527,0.702,0.644,0.389,0.395,0.449,0.906,0.713,0.968,0.949,0.693,1,0.635,0.454,0.991,0.709,0.407,0.95,1,0.579,0.98,0.994,0.537,0.894,0.478,0.936,0.536,0.959,0.291,0.999,0.882,0.799,0.894,0.393,0.663,0.999,0.464,0.992,0.998,1,0.961,1,0.806,0.17,0.47,0.483,0.537,0.749,0.861,0.861,1,0.018,0.956,0.31,1,0.622,0.785,0.616,0.679,0.963,0.628,0.718,0.985,0.825,0.938,0.91,0.229,0.103,1,0.501,0.934,0.64,0.486,1,0.317,0.423,0.138,0.372,0.887,0.955,0.965,0.556,0.999,0.39,0.965,1,0.138,0.559,0.092,0.141,1,0.49,0.186,0.748,0.077,0.076,0.757,0.166,0.386,0.757,0.08,0.744,0.622,0.258,0.461,0.735,1,0.504,0.878,1,0.846,0.703,0.649,0.557,0.734,0.564,0.98,0.986,0.991,0.716,0.152,0.962,0.782,0.247,0.527,0.979,0.383,0.655,0.649,0.572,1,0.483,0.634,0.998,0.676,0.419,0.833,1,0.15,0.737,1,0.986,0.419,0.636,0.839,0.724,0.54,0.647,1,0.76,0.707,0.888,0.96,0.732,0.691,0.301,0.573,0.536,0.752,0.484,0.486,0.84,0.678,0.781,0.995,0.886,0.872,0.999,0.521,0.795,0.618,0.997,0.97,0.948,0.054,0.995,0.999,0.446,0.915,0.14,0.949,0.461,0.182,0.455,0.708,0.191,0.877,1,0.427,0.985,0.154,0.998,0.915,0.518,0.65,0.462,0.995,0.184,0.898,0.83,0.998,0.793,0.459,0.601,0.335,0.821,0.683,0.245,0.646,0.752,0.477,0.437,0.64,0.993,0.478,0.297,0.588,0.409,0.478,0.543,1,0.551,1,0.294,0.878,0.997,0.835,0.595,0.52,0.427,0.618,0.495,0.887,0.429,0.954,0.358,0.804,1,0.999,0.873,0.579,0.628,0.514,0.996,0.928,0.79,0.456,0.987,1,1,0.989,0.795,0.879,0.847,0.971
0.915,1,0.659,1,0.502,0.148,0.497,0.987,0.97,0.003,1,0.697,0.492,0.767,0.562,1,0.622,0.858,0.797,0.321,0.809,0.917,0.551,0.187,0.558,0.384,0.934,0.626,0.647,0.785,0.107,0.617,0.013,0.73,0.613,0.334,0.624,0.787,0.692,0.635,1,0.941,0.99,0.92,0.286,0.579,0.474,0.998,0.553,0.904,0.999,1,0.994,0.979,0.771,0.285,0.508,0.48,0.52,0.222,0.446,0.894,1,0.249,0.481,0.887,1,0.998,0.458,0.991,0.868,0.768,1,0.792,0.999,0.891,0.817,0.479,0.993,0.627,0.747,0.415,0.339,0.995,0.822,0.411,1,0.987,0.796,0.999,0.613,0.951,0.911,0.995,0.999,0.315,1,0.515,0.24,0.624,0.475,0.164,0.96,1,0.26,0.109,0.927,0.868,0.178,0.507,0.797,0.637,0.995,0.14,0.997,0.593,0.779,0.545,0.819,0.146,0.957,0.992,0.493,0.457,1,0.793,0.471,0.718,0.541,0.62,1,0.418,0.998,0.257,0.131,0.535,0.754,0.787,0.384,0.646,0.697,0.852,0.381,0.263,0.895,0.68,0.835,0.94,0.484,0.512,0.597,0.38,0.639,0.984,0.352,0.958,0.931,1,0.196,0.564,0.733,0.87,1,0.521,0.377,1,0.737,0.911,0.604,0.578,0.807,0.588,0.985,0.687,0.464,0.995,0.995,0.135,0.632,0.114,0.461,0.646,0.98,0.789,0.993,0.619,0.897,0.994,0.495,0.905,0.997,0.428,0.88,0.694,0.581,0.148,0.731,0.754,0.011,0.995,0.333,0.583,0.226,0.47,0.803,0.695,0.883,0.785,1,1,0.365,1,0.918,0.633,0.121,0.943,0.563,0.834,0.999,0.997,1,0.945,0.804,0.606,0.418,0.816,0.481,0.461,0.802,0.229,0.89,0.969,0.802,0.431,0.543,0.551,0.291,0.93,0.249,0.591,0.569,1,0.533,0.525,0.81,0.531,0.149,0.989,0.908,0.191,0.752,0.551,0.506,0.658,0.648,0.723,0.329,0.542,0.491,0.277,0.841,0.998,0.891,0.275,0.616,0.792,0.539,0.216,0.674,0.814,0.258,0.879,0.926,1,0.755,0.363,0.886,0.716,0.449
0.62,0.037,0.889,1,0.143,0.997,0.585,0.995,0.824,1,0.981,0.453,0.911,0.685,0.709,0.31,1,0.449,0.865,0.872,0.692,0.458,0.402,0.985,0.504,0.414,0.584,0.935,0.82,0.455,0.992,0.442,1,0.495,0.51,0.992,0.399,0.391,0.457,0.757,0.968,0.987,0.567,1,0.905,1,0.558,0.824,0.378,0.375,0.998,0.205,0.859,0.016,0.889,0.322,0.364,0.551,0.824,0.83,0.449,0.998,0.943,1,0.437,0.121,0.86,0.531,0.687,0.538,0.546,0.972,0.406,0.757,0.1,0.523,0.734,0.723,0.465,0.74,0.853,0.922,0.724,1,0.261,0.498,0.634,0.855,0.725,0.953,0.481,0.964,0.976,1,0.083,0.736,0.939,1,0.705,0.914,0.357,0.647,0.613,0.209,0.995,0.188,0.886,0.512,0.302,0.867,0.319,0.57,1,0.192,1,0.49,0.525,0.795,0.077,0.937,0.725,0.289,0.652,0.903,0.999,0.73,0.806,0.927,0.628,0.756,1,0.914,0.772,0.682,0.836,0.898,1,0.475,0.564,0.651,0.035,0.713,0.961,0.597,0.185,0.943,0.781,0.643,0.59,0.205,0.94,0.731,0.553,0.616,1,0.009,0.068,0.289,0.78,0.531,0.669,0.571,0.744,0.887,0.788,0.077,0.504,0.91,0.647,0.814,0.718,0.611,0.993,0.614,0.625,0.08,0.868,0.54,0.515,1,0.469,0.588,0.842,0.794,0.936,0.604,0.344,0.777,1,0.935,1,1,0.596,0.342,0.533,0.995,0.627,0.744,0.998,1,1,0.586,0.596,0.995,0.988,0.802,0.996,0.785,0.788,0.885,0.632,0.874,0.693,0.916,0.997,0.301,0.878,0.188,0.772,0.434,0.998,0.663,1,0.709,0.466,0.893,0.755,0.619,0.785,0.537,1,0.465,0.585,1,0.675,0.5,0.552,0.184,0.702,0.922,0.485,0.091,0.324,0.512,0.896,0.463,0.606,0.757,1,0.531,0.287,0.879,0.655,0.402,0.727,0.995,0.891,0.84,0.726,0.697,0.395,0.864,0.486,1,0.763,0.422,0.63,1,0.988,0.482,0.94,0.583,0.723,1,0.07,0.534,0.526,0.491,0.573
0.85,0.999,0.77,0.172,0.664,0.048,0.893,0.675,0.761,0.524,0.292,0.145,0.975,0.964,0.496,0.97,0.906,0.989,0.799,0.665,0.653,0.681,0.524,0.65,0.477,0.507,0.467,0.615,0.786,0.986,0.746,0.62,0.896,0.403,0.58,0.445,0.546,1,0.686,0.991,0.919,0.719,0.997,0.916,0.951,0.936,0.61,1,0.662,0.155,0.033,0.597,0.894,0.071,0.861,0.808,0.674,0.665,0.602,0.546,0.41,0.444,0.004,0.064,0.835,1,0.951,0.895,0.999,0.276,0.945,0.852,0.715,0.236,0.994,0.034,0.647,0.14,1,0.61,0.826,0.523,0.863,0.127,0.487,0.773,0.841,0.346,0.52,0.16,0.985,0.916,0.631,0.551,0.055,0.594,0.487,0.008,0.894,0.302,0.994,0.185,0.247,0.883,0.229,0.999,1,0.453,0.28,0.939,0.966,0.654,0.906,0.49,0.875,0.619,0.233,0.693,0.907,0.932,0.523,0.438,0.838,0.919,0.135,0.26,0.986,0.901,0.433,0.546,1,0.372,0.243,0.703,1,0.66,0.951,0.831,0.3,0.712,0.993,0.536,1,0.453,1,0.827,0.995,0.641,0.991,0.832,1,0.996,0.339,0.84,0.993,0.143,0.848,0.164,0.934,0.537,0.918,0.932,0.964,0.934,0.799,0.995,0.866,0.915,0.479,0.924,0.821,0.522,0.745,0.546,0.427,0.107,0.694,0.947,0.987,0.981,0.497,0.448,0.952,0.945,0.451,0.344,0.661,0.894,1,0.957,0.075,0.576,0.621,0.916,0.675,0.757,0.829,0.994,1,0.969,0.913,0.655,0.73,0.818,0.233,0.982,0.765,0.327,1,0.772,0.724,0.133,0.965,0.561,0.956,0.834,0.732,0.84,0.357,0.951,0.864,0.969,0.271,0.616,0.207,0.998,0.38,0.508,0.89,1,0.984,0.159,0.625,0.382,0.981,0.408,0.999,0.945,0.6,0.997,0.585,0.047,0.48,0.542,0.696,0.527,0.458,0.975,0.859,0.005,0.736,0.593,0.408,0.694,0.679,0.673,0.958,0.641,0.613,0.533,0.983,1,0.442,0.638,0.42,0.638,0.529,0.613,0.458,0.462,0.265,0.541,0.895,0.111,0.928,0.998,0.999,0.769,0.988
0.991,0.004,0.682,0.434,0.783,0.976,0.952,0.712,0.69,1,1,0.38,0.277,0.823,0.493,0.949,0.588,0.935,0.857,0.633,0.38,0.321,0.358,0.425,0.69,0.544,0.405,0.36,0.904,0.357,1,0.443,0.855,0.296,0.835,0.225,0.504,0.831,0.759,0.335,0.438,0.944,0.992,0.862,0.078,0.517,0.882,0.995,0.95,1,1,0.998,0.664,0.997,0.832,0.999,0.489,0.656,0.161,0.244,0.663,0.109,1,0.999,0.624,0.925,0.267,0.927,0.414,0.51,0.878,0.833,0.993,0.493,0.405,0.989,0.812,1,0.792,0.952,0.516,0.793,0.296,0.999,0.337,0.675,0.989,0.373,0.349,0.9,0.486,0.976,0.79,0.978,0.989,0.757,0.699,0.994,0.418,1,0.73,0.684,0.936,1,0.574,0.073,0.207,0.946,1,0.173,0.42,0.819,0.326,0.931,1,0.532,0.993,0.165,0.965,0.682,0.221,0.502,0.097,0.8,0.055,0.427,0.411,0.628,1,0.999,0.008,0.787,0.301,0.326,0.876,0.859,0.142,0.784,0.488,0.821,0.153,0.808,0.995,0.655,0.952,0.894,0.142,0.722,0.915,0.978,0.998,0.647,0.955,0.997,0.095,0.659,0.091,1,0.861,0.537,0.493,0.858,1,0.592,0.406,0.705,0.738,1,0.995,1,0.851,0.608,0.361,0.733,0.481,0.985,0.521,0.03,0.678,0.824,0.495,0.428,0.98,0.685,0.79,0.306,0.213,0.968,0.903,0.504,0.958,0.877,0.749,0.982,0.496,0.326,0.94,0.971,0.999,0.958,0.341,0.617,0.432,0.879,0.874,1,0.255,0.4,0.721,0.991,0.364,0.749,0.33,1,0.799,0.367,0.998,0.843,0.335,0.652,0.822,1,0.881,0.674,0.19,0.902,0.591,0.938,0.795,1,0.97,0.845,0.435,0.758,0.909,0.634,0.804,0.679,0.199,0.722,0.681,0.973,0.876,0.527,0.554,0.617,0.142,0.64,0.517,1,0.943,0.541,0.543,0.862,0.613,0.664,0.814,0.423,0.541,0.838,0.221,0.314,0.965,0.745,0.763,0.761,0.541,0.004,0.407,0.423,0.372,0.639,1,0.416,0.893,0.668,0.824,0.589,1
0.372,0.929,0.385,0.748,0.942,0.993,1,0.963,0.59,1,0.112,0.628,0.389,0.64,0.956,0.21,0.4,0.768,0.439,0.999,0.778,0.498,0.633,0.997,0.515,0.6,0.997,0.673,0.997,0.505,1,0.618,0.118,1,0.939,0.423,0.41,0.163,0.875,0.693,0.244,0.037,1,0.971,0.454,0.609,0.655,0.946,0.368,0.985,0.052,0.354,0.715,0.002,0.725,0.861,0.497,0.611,0.905,0.346,0.71,1,0.969,0.824,0.834,0.958,0.213,1,0.766,0.591,0.873,0.767,0.299,0.807,0.113,0.945,0.883,0.994,1,0.38,0.407,0.833,0.277,0.078,1,0.958,0.931,1,0.757,0.998,0.991,0.981,0.133,0.521,0.993,0.642,0.703,0.361,0.525,0.785,1,0.565,0.506,0.154,0.154,0.684,1,0.77,0.586,0.465,0.937,0.937,0.676,0.994,1,0.576,0.806,0.677,0.574,0.843,0.502,0.653,0.574,0.685,0.522,0.228,0.395,0.567,0.337,0.473,1,0.736,1,0.793,0.562,0.202,0.446,0.916,0.711,0.886,0.671,0.57,0.488,0.726,0.179,0.868,0.998,0.618,0.252,0.774,1,0.209,0.997,0.565,0.991,1,0.995,1,0.578,0.613,0.421,0.594,0.209,0.997,0.977,0.994,0.559,0.854,1,0.732,0.805,0.499,0.474,0.673,0.76,0.997,0.654,0.484,0.886,0.149,0.585,0.935,0.204,0.658,0.991,0.989,0.44,0.85,0.959,0.54,0.172,0.406,0.426,0.383,0.85,0.978,0.314,0.683,1,0.932,0.921,0.865,1,0.517,0.963,0.202,0.288,0.957,0.941,0.573,0.633,0.983,0.994,0.44,0.13,0.607,0.817,0.717,0.272,0.669,0.979,0.617,0.775,0.823,0.868,0.483,0.781,0.646,0.529,0.18,0.546,0.45,0.915,0.889,0.443,0.393,0.755,0.479,0.755,0.68,0.557,0.855,0.997,0.55,0.682,0.793,1,0.837,0.753,0.898,0.884,0.576,0.835,0.739,0.632,0.685,1,0.365,0.559,0.593,0.92,0.328,0.585,0.581,0.613,0.418,0.515,0.223,0.769,0.612,0.509,0.468,0.981,0.973,0.99,0.625,0.701,0.908,0.215
0.465,0.717,0.774,0.871,0.843,0.915,0.938,0.409,0.474,0.011,0.083,0.225,0.638,0.589,0.508,0.954,0.012,0.882,0.762,0.581,0.778,0.307,0.748,0.4,0.577,0.551,0.685,0.583,0.746,0.707,0.825,0.888,0.214,0.703,0.717,0.507,0.527,0.133,0.519,0.372,0.159,0.975,1,0.849,0.755,0.999,0.604,1,0.98,0.871,0.999,0.997,0.487,0.953,0.675,0.252,1,0.673,0.88,0.281,0.586,0.052,0.711,0.924,0.665,0.484,0.928,0.358,0.617,0.963,0.451,0.799,0.923,0.921,1,0.546,1,0.96,0.814,0.669,0.738,0.879,0.651,0.811,0.816,0.683,0.449,0.484,0.876,0.663,0.855,0.267,0.571,0.142,1,0.994,0.826,1,0.446,0.995,0.991,0.088,0.768,0.992,0.573,0.733,0.216,0.89,0.944,1,0.263,0.759,0.995,0.93,1,0.488,0.81,0.613,0.949,0.284,0.522,0.484,0.565,0.821,0.993,0.904,0.478,0.987,0.996,0.55,0.348,0.46,0.998,0.468,0.86,0.966,0.991,0.45,0.713,0.943,0.518,0.488,0.999,0.354,0.918,0.118,0.918,0.376,1,0.186,1,0.545,0.463,0.442,0.057,0.994,0.231,0.608,0.459,0.511,1,0.196,1,0.855,0.76,0.063,0.917,0.483,0.418,0.998,0.042,0.783,1,0.433,0.591,1,0.705,0.064,0.652,0.502,0.602,0.406,0.245,0.966,0.863,0.988,0.931,0.721,1,0.665,0.7,0.57,0.647,0.811,0.808,0.693,0.335,0.981,1,0.076,0.693,0.474,0.738,1,0.99,1,0.601,0.623,0.583,0.628,0.492,0.216,0.938,0.362,1,0.436,0.705,0.684,0.488,0.596,0.978,0.433,0.291,0.862,0.903,0.713,0.562,0.587,0.809,0.991,0.994,0.643,1,0.901,0.429,0.575,0.689,1,0.27,0.714,0.551,1,0.998,0.544,0.217,0.689,0.77,0.804,0.945,0.81,0.815,0.51,0.772,0.824,0.622,0.401,0.253,0.996,0.407,0.992,0.971,0.416,0.091,0.381,0.586,0.724,0.509,1,0.3,0.446,0.574,0.987,0.996,1,1,0.588,0.317,0.752,0.209
0.172,0.955,0.313,0.651,0.969,1,0.53,0.031,0.659,1,0.167,0.848,0.463,0.852,0.508,1,1,1,0.603,1,0.859,0.659,0.717,0.514,0.488,0.73,0.309,0.887,0.276,0.273,1,0.602,1,0.83,0.487,0.873,0.681,0.075,0.972,0.604,1,0.811,0.355,0.657,0.36,0.599,0.858,0.218,0.537,0.867,0.252,0.965,0.431,1,0.723,0.17,0.817,0.618,0.975,0.442,0.535,1,1,0.177,0.221,0.99,0.95,0.997,0.66,0.611,0.295,0.792,0.951,0.394,0.817,0.892,0.751,0.806,0.86,0.566,0.715,0.678,0.867,0.98,1,0.607,0.881,0.508,0.873,0.389,0.129,0.997,0.999,0.86,0.963,0.997,0.651,0.922,0.678,0.419,0.022,0.576,0.95,1,0.453,0.99,0.481,0.539,0.985,0.597,0.461,0.695,0.9,0.908,0.843,0.603,0.833,1,0.944,0.278,0.242,0.192,0.714,0.715,0.757,0.687,0.516,0.619,0.267,0.841,1,0.869,0.942,0.312,0.227,0.514,0.317,0.583,0.757,0.954,0.839,0.659,0.707,0.392,0.999,0.546,1,0.413,0.299,0.956,0.766,0.66,0.786,0.426,0.943,0.452,0.621,0.998,0.574,0.507,0.662,0.793,0.963,0.898,0.355,0.45,1,0.993,0.772,0.959,0.988,0.521,0.258,0.414,0.57,1,0.465,1,0.94,0.03,0.751,0.381,0.94,0.531,0.999,0.809,0.999,1,0.665,0.947,1,0.934,0.724,0.576,0.999,1,0.341,0.321,0.616,0.994,0.667,0.511,0.933,0.146,1,0.552,0.874,0.849,1,0.507,0.447,0.725,0.995,0.83,0.058,0.711,0.992,0.622,0.813,0.994,0,0.602,0.992,0.777,0.029,0.511,0.683,0.583,0.511,0.046,0.514,0.442,0.956,0.731,0.467,0.592,0.999,0.871,0.983,0.784,0.658,0.094,0.477,0.463,0.54,0.516,0.182,0.284,0.261,0.959,0.927,0.732,0.495,0.609,0.624,0.643,0.933,0.603,0.466,0.403,0.344,0.998,0.25,1,0.739,0.991,0.487,0.005,0.998,0.704,0.231,0.549,0.85,0.989,0.58,0.475,0.498,0.916,0.444
0.741,0.582,0.688,0.688,0.279,0.855,0.464,0.999,0.513,0.999,1,0.995,0.498,0.563,0.63,0.943,0.957,0.924,0.674,0.487,0.663,0.977,0.421,0.227,0.496,0.644,0.98,0.383,0.995,0.848,0.516,0.417,0.981,0.997,0.967,0.179,0.611,0.988,0.647,0.376,0.995,0.116,0.791,0.863,0.448,0.599,0.438,0.866,0.445,0.191,0.991,0.655,0.251,1,0.941,1,0.931,0.796,0.075,0.961,0.653,0.966,0.32,0.054,0.917,0.991,0.924,0.081,0.999,0.646,0.865,0.645,0.917,0.207,0.912,0.996,0.965,0.93,1,0.615,0.99,0.817,0.795,0.534,0.154,0.852,1,0.999,0.994,0.994,0.413,0.05,0.043,0.853,0.783,0.925,0.468,1,1,0.62,0.215,0.982,0.761,1,1,0.319,0.478,0.458,0.919,1,0.231,0.927,0.922,0.556,0.998,0.523,0.996,0.439,0.053,0.241,0.82,0.463,0.314,0.475,0.4,0.176,0.545,0.961,0.953,0.238,1,0.526,0.852,0.556,1,0.347,0.504,0.592,0.991,0.981,0.898,0.763,0.018,0.536,0.805,0.828,0.68,0.896,0.942,0.493,0.657,0.291,0.931,0.737,0.086,1,1,0.394,0.561,0.733,0.273,0.58,0.044,1,0.701,0.361,0.543,0.997,0.528,0.79,0.984,0.612,0.493,0.813,0.939,1,0.329,0.973,0.4,0.938,0.432,0.416,0.997,0.7,0.972,0.392,0.747,0.963,0.034,0.655,0.962,0.483,0.608,0.997,0.493,0.334,0.675,0.216,0.029,0.996,0.708,0.476,0.709,0.803,0.997,0.939,0.862,0.599,0.549,0.635,0.416,1,0.995,1,0.456,0.894,0.272,0.387,0.579,0.49,1,0.872,0.966,0.652,0.826,0.822,0.806,0.637,0.694,0.998,0.925,0.355,0.111,0.973,0.601,0.586,0.832,0.989,0.351,0.63,0.748,0.122,0.398,0.575,0.752,0.609,0.993,0.71,0.628,0.923,0.408,0.467,0.562,0.533,0.587,0.778,0.671,0.431,0.467,0.918,0.549,0.519,0.938,0.683,0.596,0.624,0.616,0.127,0.502,0.764,0.422,0.679,0.917,0.947,0.39,0.44,0.977,0.578,0.701
0.797,0.95,0.62,1,0.58,0.602,0.856,0.182,0.572,1,1,0.974,0.501,0.357,0.45,0.973,0.787,0.783,0.844,0.513,0.971,0.507,0.316,0.483,0.597,0.447,0.189,0.479,0.219,0.894,0.44,0.496,0.165,0.847,0.918,0.714,0.474,0.272,0.596,0.845,0.835,1,0.511,0.834,0.158,0.793,0.958,0.183,0.627,0.121,1,0.95,0.694,1,0.771,1,0.838,0.551,0.05,0.726,0.605,1,0.015,0.894,0.477,0.851,0.719,0.132,0.272,0.389,0.885,0.617,0.704,0.452,0.938,0.045,0.222,0.999,0.999,0.62,0.999,0.468,0.887,1,0.7,0.505,0.683,0.133,1,0.967,0.871,1,0.898,0.648,0.053,0.547,0.683,1,0.266,0.983,0.998,0.299,0.826,0.925,0.978,0.236,0.262,0.832,0.77,0.499,0.088,0.637,0.113,0.569,0.977,0.672,0.676,0.883,0.989,0.734,0.466,0.989,0.2,0.836,1,1,0.954,0.96,1,0.72,0.983,0.332,0.706,0.851,0.461,0.334,0.916,0.322,0.435,0.868,0.584,0.969,0.106,0.966,0.57,0.065,0.479,0.853,0.907,0.355,0.686,0.625,0.793,0.977,0.94,0.915,1,0.671,0.973,0.613,0.991,0.233,0.977,0.981,0.521,0.238,0.649,0.977,1,0.829,0.89,0.519,0.699,0.632,0.616,1,0.298,0.62,0.267,0.667,0.5,0.476,0.281,0.345,0.98,0.467,0.725,1,0.999,0.606,0.316,1,0.599,0.824,0.92,1,0.647,0.949,0.001,1,0.981,0.533,0.744,0.551,0.107,0.739,0.785,0.697,0.932,0.503,0.775,0.998,0.947,0.794,0.985,0.928,0.178,0.797,0.684,0.845,0.988,0.261,0.811,0.548,1,1,0.648,0.653,1,0.929,0.742,0.296,0.429,0.742,0.72,0.642,0.554,0.437,0.247,0.617,0.512,0.889,0.51,0.728,0.679,0.552,0.128,0.852,0.37,1,0.949,0.65,0.415,0.476,0.757,0.391,0.78,0.834,0.508,0.959,0.35,0.826,0.992,0.911,0.696,0.445,0.765,0.998,0.919,0.428,0.227,0.485,0.114,0.373,0.267,0.874,0.651,0.533,0.182
0.998,0.989,0.974,0.996,0.999,0.545,0.704,1,0.506,0.997,1,0.921,0.637,0.495,0.592,0.07,0.91,0.748,0.582,0.792,0.391,0.546,0.394,0.224,0.516,0.753,0.873,0.996,0.594,0.713,0.018,0.415,0.788,0.521,0.856,0.632,0.684,0.183,0.468,0.693,0.171,0.974,0.043,0.595,0.315,0.099,0.557,0.991,0.857,0.895,1,0.999,0.342,0.38,0.626,0.539,0.999,0.51,0.634,0.516,0.991,0.073,0.997,1,0.815,0.038,0.184,1,0.969,0.495,0.318,0.709,0.876,0.719,0.935,0.999,0.803,0.46,0.115,0.437,0.948,0.985,0.5,0.839,0.564,0.606,0.305,0.99,0.145,0.957,1,1,0.775,0.831,0.365,0.918,0.976,0.671,0.99,0.189,0.112,0.867,0.684,0.479,0.864,0.379,0.983,0.53,0.843,0.94,0.458,0.615,0.059,0.978,0.81,0.537,1,0.772,1,0.999,1,0.864,0.592,0.568,0.881,0.911,0.552,0.741,0.995,0.458,0.917,0.884,0.616,0.945,0.995,0.999,0.087,0.498,0.449,0.735,0.822,0.997,0.986,0.418,0.126,0.871,0.213,0.826,0.961,0.478,0.719,0.928,0.732,0.818,0.813,1,0.348,0.977,0.799,0.539,0.314,0.802,0.16,0.979,0.915,0.997,0.909,0.9,0.171,0.527,0.76,0.741,0.974,0.508,0.575,0.68,0.396,0.88,0.613,0.645,0.58,0.685,0.994,0.855,1,0.426,0.49,0.988,0.008,0.649,0.992,0.408,0.672,0.633,0.746,0.489,0.989,0.894,0.599,0.865,0.846,0.628,0.644,0.997,1,0.998,0.97,0.653,0.772,0.749,0.536,1,0.574,0.569,0.447,0.098,0.796,0.463,0.573,0.921,1,0.521,0.56,0.57,0.379,0.883,0.317,0.551,1,0.057,0.794,0.785,0.993,0.132,0.58,0.615,0.882,0.653,0.391,0.98,0.542,0.326,0.363,0.473,0.95,0.563,0.998,0.691,0.349,1,0.792,0.433,0.501,0.714,0.531,0.446,0.766,0.353,0.921,0.831,0.626,0.786,0.964,0.39,0.823,0.613,0.456,1,0.501,0.973,0.799,0.894,1,0.994,0.999,0.396,0.581,1,0.292
0.72,0.983,0.473,0.783,0.258,0.946,0.968,1,0.789,0.541,0.999,0.847,0.439,0.508,0.793,0.799,0.763,0.354,0.312,0.608,0.995,0.83,0.474,0.511,0.421,0.44,0.09,0.412,0.28,0.747,0.608,0.982,0.978,1,0.916,0.991,0.334,0.886,0.585,0.514,0.106,0.79,1,0.659,0.213,0.711,0.725,0.819,1,0.998,1,1,0.833,0.999,0.603,0.073,0.701,0.491,0.511,0.497,0.826,0.527,1,0.97,0.788,0.411,0.92,0.581,0.913,0.365,0.25,0.8,0.745,0.474,0.851,0.345,0.994,0.42,0.574,0.651,0.551,0.988,0.696,0.936,0.393,0.976,0.223,0.793,0.502,0.527,0.171,0.342,0.759,0.714,0.936,0.34,0.829,0.022,0.209,0.976,0.978,0.981,1,0.889,0.684,0.403,0.947,0.7,0.721,0.159,0.438,0.557,1,0.949,1,0.479,0.512,0.996,0.748,0.912,0.998,0.142,0.282,0.793,1,1,0.714,0.417,0.104,0.552,0.996,0.691,0.121,0.543,0.798,0.703,0.547,0.496,0.241,0.636,1,0.642,0.608,0.453,1,0.565,0.948,0.517,0.544,0.855,0.835,0.16,0.441,0.638,0.999,0.915,0.308,0.905,0.163,0.523,0.269,0.212,0.961,0.957,1,0.968,0.753,1,0.605,0.725,0.996,0.896,0.264,0.843,0.668,0.029,0.604,0.896,0.997,0.673,0.688,0.649,0.119,0.656,0.159,0.346,0.547,0.986,1,0.524,0.62,0.792,0.841,0.967,0.621,0.142,0.231,0.233,1,0.065,1,0.466,0.996,0.347,0.065,0.644,0.433,0.503,0.943,0.309,0.315,1,0.898,0.472,0.997,0.64,0.917,0.652,0.688,0.435,0.997,0.983,0.281,0.921,0.921,0.794,0.318,0.608,0.507,0.4,0.295,1,0.255,0.481,0.397,0.617,0.677,1,0.923,0.812,0.563,0.259,0.903,0.482,0.826,0.662,0.602,0.453,0.991,0.465,0.73,0.501,0.483,0.764,0.563,0.937,0.438,0.608,0.729,0.598,0.506,1,0.429,0.285,0.654,0.67,0.409,0.934,0.592,0.663,0.474,0.619,0.073,0.996,1,0.351,0.388,0.661,0.189
0.61,0.999,0.584,0.745,0.903,0.816,0.226,1,0.617,1,0.996,0.638,0.464,0.726,0.54,0.92,1,0.202,0.615,0.466,0.715,0.539,0.539,0.448,0.644,0.817,0.935,0.222,0.68,0.682,0.955,0.891,1,0.162,0.984,1,0.597,0.092,0.784,0.759,1,1,0.721,0.999,0.983,1,0.734,0.777,0.501,0.362,0.999,0.943,0.585,0.721,0.651,0.526,0.679,0.548,0.955,0.479,0.433,0.947,0.903,0.424,0.694,0.055,0.978,1,0.765,0.466,0.825,0.981,0.877,0.501,0.23,0.967,0.995,0.664,0.611,0.669,0.537,0.591,0.541,0.605,0.681,0.702,0.428,0.441,0.335,0.629,0.743,0.743,1,0.945,0.076,0.553,0.726,1,0.766,0.747,1,0.166,0.182,0.659,0.196,1,1,0.506,0.541,0.766,1,0.623,0.832,0.996,0.018,0.628,0.934,0.775,0.988,1,0.943,0.283,0.776,0.462,0.8,0.43,0.643,0.558,0.974,0.784,1,0.862,1,0.858,0.966,0.373,0.504,0.984,0.347,0.628,0.192,0.342,0.846,0.69,0.705,0.994,0.824,0.383,0.931,1,0.043,0.252,0.958,0.922,1,0.984,0.993,0.99,0.999,0.547,0.631,0.584,0.745,0.676,0.997,1,0.987,1,0.87,0.727,0.506,0.63,0.816,0.735,0.739,0.045,0.433,0.738,0.877,1,0.774,0.509,0.92,0.577,0.63,0.651,0.99,0.97,0.959,0.392,0.365,0.914,0.51,0.517,0.887,0.881,0.767,0.18,1,0.776,0.999,0.505,0.999,0.996,0.979,0.843,0.362,0.704,0.998,0.981,0.93,0.078,0.177,0.203,0.977,0.414,0.993,0.629,0.377,0.47,0.005,0.986,0.279,0.793,0.969,0.996,0.854,0.693,0.998,1,0.738,0.759,0.91,0.475,0.721,0.468,0.762,0.592,0.58,0.575,0.447,0.601,0.59,0.583,0.881,0.469,0.842,0.448,0.064,0.047,0.67,0.628,0.899,0.92,0.515,0.54,0.633,0.482,0.401,0.507,0.712,0.823,0.127,0.386,0.579,0.538,0.437,0.989,0.995,0.881,0.3,0.447,0.916,1,0.457,0.683,0.489,0.968,1
0.874,0.885,0.689,0.563,0.66,0.227,1,0.026,0.472,0.341,0.371,0.226,0.783,0.761,0.429,0.895,1,1,0.496,0.643,0.638,0.63,0.37,0.375,0.441,0.484,0.107,0.34,0.997,0.956,0.29,0.43,0.404,0.262,0.944,0.614,0.785,0.918,0.518,0.642,0.085,0.922,0.688,0.531,0.715,0.265,0.458,0.373,0.772,0.844,0.992,0.057,1,0.992,0.67,0.149,0.759,0.514,1,0.877,0.45,0.489,0.779,1,0.219,0.649,0.471,0.045,0.729,0.767,0.948,0.94,0.929,0.852,0.619,1,0.909,0.462,0.243,0.423,0.738,0.325,0.733,1,0.681,0.473,0.939,0.918,0.962,0.073,0.999,0.953,0.93,0.651,0.011,0.407,0.574,0.996,0.736,0.166,0.99,1,0.75,0.873,0.347,0.936,0.705,0.676,0.999,1,0.171,0.56,0.618,0.274,0.989,0.464,0.143,0.861,0.1,1,0.512,0.85,0.998,0.599,0.68,0.443,0.639,1,0.981,0.775,0.921,0.546,0.915,0.715,0.563,0.645,0.42,0.648,1,0.624,1,0.719,0.708,0.527,0.792,0.689,0.722,0.377,0.791,0.209,1,0.858,0.369,0.622,1,0.998,0.14,0.681,0.845,0.6,0.304,0.213,0.248,0.747,0.876,1,0.23,1,0.942,0.985,0.575,0.578,0.31,0.638,0.781,0.476,0.67,0.718,0.628,0.945,0.664,0.422,0.897,0.631,1,0.557,0.252,0.989,1,0.771,1,0.113,0.948,0.493,0.083,0.173,0.303,1,1,0.973,0.438,0.775,0.774,0.977,0.119,0.816,0.318,0.309,0.421,0.248,0.702,0.915,0.884,0.998,0.198,0.204,0.785,0.642,0.988,0.793,1,0.402,0.98,0.774,0.985,0.876,0.339,0.426,0.091,0.092,0.436,0.585,0.861,0.599,0.552,0.505,0.765,0.392,0.393,0.865,0.561,0.896,0.966,0.594,0.849,0.603,0.336,0.319,1,0.784,0.714,0.624,0.584,0.71,0.467,0.623,0.762,0.925,0.425,0.827,0.657,0.313,0.673,0.614,0.676,0.548,0.568,1,0.85,0.592,0.628,0.523,0.901,0.507,0.546,0.884,0.925,0.719,0.72
0.474,1,0.53,1,0.237,0.936,0.731,1,0.667,0.886,0.61,0.303,0.978,0.876,0.567,0.686,0.636,0.991,0.399,0.19,0.35,0.323,0.876,0.758,0.574,0.587,0.807,0.367,0.896,0.578,1,0.703,1,0.833,0.87,0.427,0.59,0.825,0.719,0.457,0.152,0.67,0.076,0.715,0.991,0.991,0.395,0.077,0.617,0.924,0.969,0.944,0.574,0.028,0.616,0.511,0.949,0.449,0.856,0.619,0.441,0.999,1,0.999,0.798,0.968,0.988,0.916,0.24,0.991,0.176,0.835,0.072,1,1,0.91,0.876,0.858,0.971,0.447,0.875,0.491,0.441,0.589,0.569,0.858,0.999,0.362,0.757,0.998,0.65,0.459,0.703,0.797,0.525,1,0.983,0.07,0.775,0.836,0.96,0.802,0.225,0.794,0.888,0.773,0.962,0.497,0.616,1,0.787,0.658,0.999,0.478,1,0.576,0.805,0.485,1,0.8,0.805,0.091,0.991,0.679,0.093,0.927,0.285,0.485,0.598,0.746,0.07,0.986,0.464,0.962,0.799,0.716,0.704,0.716,0.626,0.574,1,0.278,1,0.501,0.177,0.965,0.599,0.334,0.301,0.801,0.998,0.257,0.483,0.841,1,0.665,0.968,0.92,0.159,0.492,0.251,0.887,0.998,0.925,0.399,0.962,0.541,0.773,0.497,0.675,0.951,0.575,0.761,0.991,0.612,0.008,0.77,0.166,0.803,0.961,0.524,0.398,0.068,0.459,0.488,0.548,0.591,0.915,0.157,0.839,0.063,1,0.565,0.585,0.999,0.885,0.6,0.79,1,0.181,0.955,0.713,0.38,0.728,1,0.933,0.986,0.636,0.304,0.82,0.714,0.978,0.467,0.983,0.481,0.998,0.248,0.218,0.382,0.489,0.799,0.204,0.24,0.733,1,0.216,0.59,0.744,0.696,0.82,0.912,0.459,0.557,0.271,0.954,0.493,0.762,0.963,0.832,0.486,0.555,1,0.446,0.468,0.84,0.501,1,0.693,0.046,0.572,0.666,0.85,0.608,0.986,0.56,0.508,0.529,0.647,0.609,0.827,0.425,1,0.987,0.799,0.59,0.423,0.455,1,0.488,0.325,0.724,0.856,0.148,0.409,0.624,0.996,0.896,0.573,0.108
0.99,0.34,0.409,0.084,0.531,0.574,0.113,0.989,0.782,1,0.535,0.617,0.785,0.481,0.548,1,0.173,0.44,0.377,0.995,0.521,0.55,0.723,0.931,0.456,0.437,0.622,0.741,0.707,0.763,0.896,0.471,0.673,0.148,0.856,0.82,0.761,0.965,0.478,0.32,0.996,0.999,0.987,0.729,0.542,0.449,0.507,0.28,0.721,0.861,1,0.016,0.524,0.011,0.86,0.235,0.283,0.568,0.198,0.298,0.755,0.027,1,0.386,0.738,0.327,0.558,0.03,0.741,0.702,0.769,0.836,1,0.217,1,0.823,0.886,0.978,0.054,0.691,0.757,0.978,0.98,0.961,0.455,0.615,0.885,0.412,0.514,0.871,1,0.804,0.541,0.866,0.999,0.426,0.47,1,0.315,0.998,0.914,0.871,0.766,0.2,0.821,0.961,0.988,0.413,0.258,0.754,0.546,0.436,0.178,0.52,1,0.531,0.967,0.467,0.993,0.561,0.632,0.245,0.221,1,1,0.785,0.875,0.837,0.741,0.805,0.982,0.445,0.545,0.995,0.58,0.453,0.907,0.917,0.804,0.796,0.997,0.651,0.243,0.943,0.963,1,0.7,0.638,0.5,0.773,0.98,0.997,0.496,0.856,0.458,0.714,0.983,1,0.96,0.799,0.595,0.26,0.053,0.574,0.973,0.023,0.677,0.274,0.722,0.853,0.897,0.635,0.088,0.917,0.715,1,0.516,0.708,0.66,0.792,0.538,0.608,0.972,0.924,0.818,0.733,0.612,0.749,0.008,0.953,0.991,0.884,0.58,0.324,0.229,0.235,0.388,0.897,0.414,0.995,0.901,0.579,0.827,0.226,1,0.184,1,0.809,1,0.893,0.985,0.528,1,0.975,0.999,1,0.791,0.979,0.868,0.364,0.018,0.361,0.907,0.767,0.302,0.171,0.534,0.527,0.862,0.456,0.508,0.779,0.473,0.99,0.98,0.577,0.787,0.896,0.329,0.662,0.594,0.196,0.5,0.624,1,0.511,0.155,0.575,0.859,0.974,0.832,0.454,0.619,0.497,0.468,0.995,0.818,0.486,0.493,0.88,0.549,0.941,0.993,0.977,0.635,0.475,0.548,0.988,0.809,0.371,0.864,0.263,1,0.986,0.982,0.842,0.314,0.88,0.794
0.517,0.095,0.566,0.964,0.599,0.936,0.994,0,0.562,0.998,0.743,0.953,0.521,0.999,0.558,1,0.126,0.97,0.636,0.723,0.661,0.589,0.935,0.368,0.76,0.563,0.904,0.754,0.827,0.474,1,0.83,0.873,0.972,0.889,0.737,0.616,0.917,0.927,0.99,0.8,0.941,0.889,0.253,0.845,0.374,0.557,0.17,0.57,1,0.573,0.881,0.844,1,0.693,0.837,0.406,0.93,1,0.852,0.274,0.754,0.013,0.686,1,0.969,0.998,0.994,0.737,0.544,0.994,0.812,0.313,0.576,0.314,0.906,0.95,0.906,0.911,0.514,0.996,0.341,1,0.997,0.823,0.489,0.995,0.301,0.586,0.759,1,0.798,0.135,0.988,0.325,0.462,0.784,0.449,0.662,0.131,1,0.205,0.818,0.563,0.703,0.492,1,0.397,0.514,0.968,0.388,0.808,1,0.957,0.321,0.541,0.429,0.883,0.253,0.17,0.723,0.462,0.984,0.51,0.833,0.992,0.317,0.202,0.175,0.733,0.028,0.695,0.994,0.84,0.755,0.984,0.481,0.692,0.548,0.645,0.951,0.427,0.938,0.666,0.386,0.998,0.895,0.344,0.941,0.416,0.64,0.13,0.9,0.76,0.16,0.135,0.204,0.086,0.917,0.47,0.995,0.14,0.865,0.215,0.35,0.54,0.727,0.091,0.971,0.284,1,0.601,0.865,0.383,0.889,0.455,0.918,0.135,0.487,0.737,0.575,0.678,0.086,0.35,0.542,0.41,0.969,0.929,0.42,0.916,0.994,0.694,0.717,0.697,0.899,0.106,0.762,0.674,0.997,0.097,0.838,0.562,0.458,0.832,0.158,0.991,0.887,0.59,0.431,0.182,0.43,0.997,0.858,0.547,0.764,0.18,1,0.262,0.365,0.396,1,0.547,0.628,0.72,0.847,0.951,0.651,0.869,0.951,1,0.562,0.704,0.857,0.205,0.406,0.653,0.625,0.86,0.479,0.345,0.627,0.837,0.286,0.462,0.985,0.546,0.393,0.954,0.291,1,0.329,0.469,0.593,0.37,0.412,0.72,0.998,0.93,0.614,0.614,0.502,1,0.961,0.726,0.884,0.861,0.551,0.978,0.675,0.917,1,0.962,0.17,0.007,0.554,0.757,1,0.691,1
0.255,1,0.535,0.997,0.304,0.349,0.758,1,0.394,0.999,0.987,0.516,0.558,0.23,0.4,0.918,1,0.524,0.83,0.806,0.975,0.624,0.513,0.415,0.48,0.615,0.493,0.661,1,0.82,0.936,0.481,0.241,0.921,0.408,0.105,0.621,0.938,0.864,0.787,0.73,0.995,1,0.704,0.32,0.007,0.617,0.907,0.585,0.992,0.993,0.823,0.186,0.626,0.561,0.904,0.742,0.516,1,0.727,0.771,0.681,0.998,0.104,0.324,0.514,0.718,0.336,0.539,0.419,0.753,0.573,1,0.603,0.847,0.037,0.359,0.969,0.948,0.518,0.822,0.997,0.207,0.982,0.984,0.628,0.884,0.821,0.344,0.284,0.162,0.169,0.262,0.744,0.99,0.341,0.581,0.75,0.959,0.922,0.965,0.852,0.87,0.388,0.6,0.674,0.019,0.653,0.493,0.972,0.452,0.869,0.901,0.657,0.152,0.519,0.192,0.561,0.977,0.985,0.301,1,0.947,0.562,0.284,0.611,0.304,0.927,0.896,0.196,1,0.974,0.311,0.237,0.437,0.422,1,0.967,0.732,0.816,0.867,0.792,0.329,0.346,0.845,1,0.24,0.978,0.155,0.877,0.172,0.693,0.365,0.494,1,0.857,0.917,1,1,0.495,0.746,0.978,0.575,0.959,0.855,0.965,0.7,0.998,1,0.322,0.425,0.537,0.982,0.672,0.874,0.628,0.425,0.96,0.643,1,0.619,0.441,0.99,0.668,0.042,0.714,0.383,0.937,1,0.746,0.598,0.996,0.542,0.939,0.021,0.968,0.942,1,0.989,0.519,0.826,0.827,0.272,0.189,0.963,0.253,1,0.503,0.292,0.486,0.505,0.669,0.137,0.188,0.67,0.744,0.071,0.62,0.59,0.733,0.003,0.333,0.285,0.614,0.431,0.954,0.652,0.611,0.993,0.132,0.956,0.195,0.991,0.578,0.666,0.488,0.748,0.637,1,0.52,0.464,0.727,0.885,0.541,0.593,0.459,0.538,0.554,1,0.353,0.728,0.615,0.511,0.952,0.537,0.421,0.712,0.653,0.964,0.893,0.825,0.97,1,0.918,0.71,0.572,0.644,0.962,0.983,0.535,0.983,0.784,0.831,1,0.785,0.276,0.632,0.652,0.987
0.902,0.932,0.872,0.06,1,0.811,0.399,0.575,0.638,0.012,0.769,0.447,0.796,0.691,0.543,0.105,0.025,0.117,0.816,0.904,0.494,0.825,0.24,0.749,0.491,0.542,0.793,0.58,0.471,0.999,0.112,0.471,0.9,0.755,0.587,0.986,0.613,0.535,0.596,0.423,0.848,1,0.378,0.822,0.922,0.999,0.437,0.483,0.752,0.715,1,0.225,0.877,0.988,0.444,0.332,0.991,0.721,0.697,0.999,0.91,0.943,0.459,0.041,0.327,1,0.261,0.227,0.449,0.346,0.206,0.778,0.153,0.25,0.5,0.992,0.285,0.997,0.556,0.604,0.563,0.803,0.596,0.385,0.23,0.584,0.247,0.703,0.755,1,0.934,0.988,0.977,0.944,0.994,0.889,0.5,1,0.559,0.232,0.449,0.493,0.998,0.969,0.85,0.984,1,0.951,0.922,0.802,0.962,0.682,1,0.95,0.505,0.473,0.951,0.914,0.912,0.329,0.803,0.901,0.736,0.487,0.948,0.082,0.538,0.648,0.834,0.661,1,0.333,0.772,0.587,0.423,0.849,0.752,0.912,0.959,0.995,0.923,0.341,0.866,0.383,0.836,0.482,0.586,0.784,0.976,0.996,0.866,0.546,0.473,0.564,0.916,0.348,0.953,0.602,0.977,0.478,0.649,0.432,1,0.111,0.163,0.895,0.957,0.122,0.412,0.925,0.953,0.493,0.999,0.623,0.877,0.936,0.653,0.996,0.971,0.771,0.615,0.74,0.714,0.852,0.867,0.812,0.692,0.967,0.012,0.728,0.299,0.933,0.593,0.249,0.362,0.755,0.654,0.96,0.004,0.916,0.67,0.532,0.112,0.21,0.989,0.442,0.953,0.306,0.82,0.773,0.544,0.09,0.505,0.791,0.869,1,0.954,1,0.948,0.7,0.235,0.986,0.359,0.798,0.705,0.955,0.914,0.675,0.067,0.973,0.507,0.213,0.57,0.303,0.683,0.521,0.569,0.986,0.34,0.969,0.396,0.931,0.452,0.461,0.649,0.539,0.139,0.237,0.804,1,0.435,0.944,0.474,0.758,0.53,0.558,0.859,0.58,0.587,0.911,0.984,0.236,0.489,0.377,0.552,0.448,0.465,0.541,0.868,0.731,0.36,0.844,0.56,0.107,0.255,0.855,0.964,0.307,0.753
1,0.368,0.579,0.701,0.721,0.513,0.628,0.994,0.641,0.762,0.998,0.884,0.429,0.897,0.892,0.823,0.513,0.282,0.952,0.381,0.659,0.938,0.638,0.322,0.54,0.61,0.706,0.915,0.791,0.989,0.155,0.464,0.85,0.402,0.443,1,0.863,1,0.79,0.496,0.903,0.141,1,0.925,0.14,0.679,0.661,0.879,0.795,0.104,1,0.618,0.786,0.962,0.644,0.981,0.611,0.536,0.993,0.48,0.27,0.846,1,0.727,0.392,0.785,0.448,0.915,0.681,0.638,0.799,0.742,0.98,0.516,0.349,0.995,0.514,0.253,0.495,0.955,0.962,0.819,0.887,0.951,0.795,0.385,0.991,0.424,0.666,0.665,0.729,0.926,0.052,0.343,0.996,0.264,0.836,0.025,0.148,0.969,0.943,1,0.48,0.606,0.496,1,0.961,0.602,0.746,0.87,1,0.725,0.86,0.511,0.987,0.502,0.996,0.136,0.935,0.263,0.395,1,1,0.629,0.995,0.319,0.98,0.598,0.682,0.992,0.404,0.721,0.567,0.267,0.971,0.423,0.26,0.81,0.384,0.923,1,0.727,0.917,0.641,0.401,0.168,0.898,0.76,0.098,0.723,0.395,0.435,0.999,0.59,0.104,0.875,0.104,0.21,0.721,0.52,0.866,1,0.649,0.615,0.931,0.741,0.634,0.582,0.6,0.114,0.978,0.45,0.91,0.765,0.847,1,0.33,0.932,0.414,1,0.384,0.48,0.342,0.291,0.254,0.609,0.357,0.928,0.498,0.736,0.621,0.179,0.623,0.369,0.934,0.829,0.953,0.101,0.956,0.932,0.25,0.592,0.509,0.612,0.564,0.79,0.228,0.68,0.179,0.992,0.38,0.596,0.521,1,0.574,0.159,0.865,0.774,0.505,0.409,0.996,0.688,0.74,0.719,0.1,0.445,0.952,0.647,0.269,0.996,0.626,0.592,0.901,0.463,0.688,0.578,0.939,0.886,0.891,0.282,0.509,0.415,0.672,0.555,0.933,0.481,0.982,0.955,0.154,0.987,0.819,0.571,0.718,0.297,0.609,0.863,0.908,0.366,0.661,0.675,0.265,0.126,0.927,0.538,0.51,0.626,0.493,0.991,0.932,0.521,0.804,0.557,0.972,0.768,0.664,0.859,0.431,0.812,0.194
0.534,0.088,0.559,0.09,0.936,0.639,0.226,0.398,0.435,1,0.994,0.73,0.663,0.378,0.765,0.483,0.407,0.556,0.557,0.701,0.381,0.993,0.489,0.664,0.651,0.614,1,0.507,0.651,0.923,0.999,0.667,0.928,0.757,0.444,0.492,0.458,0.884,0.516,0.568,0.534,1,0.999,0.905,1,1,0.534,0.262,0.337,1,0.969,0.869,0.554,1,0.595,0.721,0.716,0.841,0.141,0.731,0.608,0.063,1,0.698,0.231,0.553,0.999,0.011,0.29,0.682,0.949,0.686,0.995,0.343,0.85,0.999,0.945,0.859,0.994,0.45,0.332,0.999,0.658,0.819,0.788,0.588,0.187,0.303,0.647,0.735,0.591,1,0.997,0.607,0.987,0.5,0.337,0.881,0.795,1,0.866,0.46,0.122,0.527,0.197,0.46,1,0.425,0.736,0.713,0.068,0.677,0.147,1,0.043,0.755,0.147,0.96,1,0.124,0.97,0.477,0.784,0.326,0.914,0.358,0.458,0.62,0.932,0.998,1,0.394,0.432,0.794,1,0.305,0.277,0.69,0.732,0.923,0.802,0.28,0.096,0.511,0.589,0.791,0.367,0.46,0.973,0.789,0.587,0.199,0.835,0.704,0.984,0.696,0.186,0.862,0.039,0.604,0.311,0.986,0.148,1,0.999,1,0.746,0.965,0.93,0.319,1,0.451,0.829,0.428,0.92,0.093,0.998,0.713,0.833,0.535,0.418,0.686,1,0.477,0.9,0.653,0.586,0.851,0.57,0.774,0.684,0.197,0.375,0.571,1,0.301,0.46,0.883,0.414,0.926,0.822,0.669,0.654,0.987,0.535,0.479,0.585,0.994,0.911,0.906,0.422,1,0.82,0.517,1,0.976,0.999,0.994,0.298,0.348,1,0.796,0.933,0.699,0.844,0.765,0.879,0.658,0.554,0.666,0.383,0.934,1,0.555,0.671,0.79,0.573,0.156,0.885,0.703,0.476,0.963,0.959,0.521,0.521,0.437,0.823,0.979,0.602,0.15,0.179,0.488,0.583,0.614,0.77,0.8,0.993,0.822,0.695,0.381,0.493,0.703,0.106,0.688,0.684,0.631,0.5,0.905,0.627,0.905,0.707,0.715,0.877,0.8,0.186,0.973,0.456,0.347,0.478
0.471,1,0.363,0.999,0.947,0.949,0.91,1,0.747,0.468,0.998,0.407,0.932,0.957,0.407,0.061,0.999,0.927,0.569,0.529,0.448,0.267,0.656,0.535,0.405,0.61,0.88,0.619,0.894,0.966,0.51,0.539,1,0.999,0.797,0.935,0.953,0.221,0.541,0.819,1,0.597,0.973,0.989,0.347,0.015,0.624,1,0.408,0.428,0.846,0.75,0.946,0.008,0.631,0.886,0.359,0.606,1,0.873,0.857,0.92,0.597,1,0.997,1,1,0.992,0.515,0.844,1,0.592,0.21,0.679,0.121,0.006,0.874,0.197,0.346,0.844,0.376,0.645,0.559,1,0.345,0.627,0.323,0.843,0.969,1,0.995,0.967,0.998,0.928,0.654,0.821,0.218,0.979,0.377,0.681,0.598,0.996,0.758,0.539,0.337,1,1,0.473,0.247,0.999,0.92,0.838,0.082,1,1,0.532,0.579,0.993,1,0.967,0.773,1,0.554,0.428,0.666,0.597,0.401,0.444,0.227,0.751,0.058,0.519,0.403,0.588,0.105,0.284,0.974,0.618,0.668,0.836,0.737,0.943,1,0.593,0.625,0.892,0.305,0.459,0.79,0.932,0.988,1,0.48,0.982,0.896,0.903,0.985,0.951,0.404,0.442,0.734,0.8,0.993,0.098,0.16,0.474,0.641,0.953,0.48,0.466,0.815,0.444,0.573,0.546,0.583,0.998,0.472,1,0.558,0.653,0.568,0.581,0.321,0.55,0.916,0.549,0.738,0.806,0.741,0.723,0.936,0.526,0.43,0.776,0.131,0.042,0.792,0.793,0.999,1,0.655,0.469,0.967,0.665,0.823,0.868,0.83,0.449,0.856,0.764,0.62,0.836,0.262,0.756,0.921,1,0.567,0.46,0.998,0.842,0.69,1,0.862,0.762,0.949,0.401,1,0.637,0.166,0.935,0.999,0.833,0.938,0.878,0.887,0.562,0.87,0.837,0.72,0.423,0.599,0.512,0.556,0.574,0.798,0.657,0.735,0.529,0.717,0.444,0.968,0.676,0.478,0.498,0.731,0.5,0.184,0.53,0.324,1,0.998,0.794,0.853,0.843,0.761,0.69,0.675,0.925,0.345,0.813,0.816,0.604,0.398,1,0.562,0.583,0.589,0.366,0.973
0.405,0.995,0.474,0.655,0.177,1,0.8,0.521,0.892,0.978,0.205,1,0.589,0.894,0.607,0.793,0.365,0.856,0.466,0.349,0.714,0.305,0.425,0.999,0.429,0.527,0.428,0.455,0.784,0.34,0.802,0.609,0.056,0.38,0.723,0.523,0.351,1,0.997,0.538,0.976,0.736,0.992,0.719,1,0.065,0.568,0.998,0.83,0.641,0.96,0.788,1,0.04,0.784,0.81,0.628,0.498,0.827,0.684,0.854,0.937,1,0.361,0.281,0.999,0.751,1,0.906,0.662,1,0.593,0.996,0.965,0.123,0.983,0.851,1,0.834,0.824,0.481,0.867,0.701,0.995,0.164,0.529,0.951,0.185,0.445,0.735,0.224,0.287,0.644,0.596,0.946,0.682,0.488,0.994,0.599,0.766,0.841,0.998,0.81,0.099,0.187,0.742,0.974,0.618,0.996,0.89,0.766,0.884,0.969,0.354,0.998,0.564,0.966,0.893,0.063,0.76,0.259,0.992,0.888,0.754,0.793,0.976,0.605,0.67,1,0.969,0.763,0.631,0.446,0.544,0.216,0.468,0.757,0.997,0.928,0.947,0.841,0.765,0.975,0.72,0.786,0.133,0.975,0.508,1,0.245,0.567,0.33,0.703,0.998,0.669,0.997,0.097,0.376,0.073,0.537,0.842,0.796,0.794,0.898,1,0.945,0.675,0.189,0.306,0.66,0.52,0.458,0.356,0.593,0.493,1,0.873,0.131,0.818,0.703,0.877,0.909,1,0.571,0.995,0.413,0.555,0.843,0,0.692,0.46,0.951,0.79,0.332,0.494,0.974,0.555,0.806,0.969,1,0.657,0.907,0.984,0.969,0.641,0.44,0.486,0.712,0.189,0.998,0.431,0.103,0.939,0.231,0.936,0.139,0.584,0.649,0.787,0.431,1,0.43,1,0.601,0.635,1,0.32,0.617,0.528,0.524,0.629,0.992,0.828,0.999,0.625,0.642,0.991,0.999,0.632,0.586,0.548,0.702,0.726,0.539,0.847,0.783,0.984,0.626,0.22,0.742,0.691,0.412,0.523,0.318,0.925,0.762,0.445,0.703,0.492,0.89,0.44,0.465,0.225,0.261,0.975,0.358,0.588,0.972,0.329,0.713,0.972,0.934,0.95,0.064,0.841,0.595,0.987,0.362,0.98
0.216,0.086,0.474,0.144,0.427,1,0.84,1,0.621,1,1,1,0.401,0.314,0.426,0.961,0.186,0.416,0.674,0.291,0.7,0.824,0.989,0.842,0.636,0.644,0.997,0.984,0.539,1,1,0.496,0.927,0.969,0.997,0.954,0.497,0.231,0.82,0.373,0.104,0.986,1,0.695,1,1,0.419,0.311,0.716,0.432,0.775,1,0.234,1,0.734,0.893,0.863,0.55,0.286,0.581,0.321,1,1,0.999,0.897,1,0.586,0.997,0.583,0.419,0.603,0.734,0.09,0.99,0.792,0.741,0.873,1,1,0.516,0.467,0.652,0.718,0.432,0.977,0.735,1,0.965,0.9,0.262,0.997,0.047,0.765,1,1,0.651,0.999,0.099,0.989,1,0.475,0.4,0.374,0.169,0.409,0.197,0.148,0.496,0.493,0.458,0.915,0.92,0.044,0.622,0.058,0.487,0.304,1,0.114,0.62,0.353,0.949,0.551,0.992,0.999,0.254,0.53,0.781,0.849,0.12,0.512,0.707,0.457,0.79,0.919,0.563,0.763,0.748,0.377,0.897,0.5,0.306,0.162,0.46,0.855,0.303,0.374,0.997,1,0.149,0.443,0.602,0.556,0.774,1,0.826,0.181,0.975,1,0.642,0.776,0.95,0.867,0.999,0.991,0.997,0.363,0.013,0.694,0.619,0.912,0.652,1,0.628,0.562,0.118,0.968,0.829,0.583,0.13,0.488,0.455,0.998,0.428,0.849,0.955,0.567,0.792,0.992,0.706,0.995,0.573,0.646,0.509,0.979,0.827,0.577,0.975,1,0.746,0.958,0.533,1,0.814,0.487,0.503,0.989,0.621,0.974,1,0.541,0.678,0.803,0.965,0.941,0.999,0.54,0.868,0.442,0.543,0.92,0.551,0.426,0.5,0.997,0.581,0.969,0.432,0.829,0.858,0.745,0.275,0.748,0.763,0.684,0.905,0.608,0.84,0.473,0.507,0.437,0.576,0.682,0.469,0.927,0.521,1,0.999,0.503,0.992,0.876,0.575,0.583,0.846,0.787,0.545,0.381,0.64,0.44,0.69,0.474,0.587,0.996,0.978,0.83,0.738,0.515,0.998,0.773,0.718,0.697,0.441,0.606,1,0.894,0.248,0.725,0.309,0.261
0.338,0.959,0.905,0.255,0.786,0.997,0.861,1,0.955,0.485,0.975,0.199,0.499,0.476,0.6,0.988,0.892,0.306,0.987,0.535,0.317,0.595,0.458,0.838,0.866,0.597,0.82,0.369,0.951,0.748,0.926,0.642,0.105,0.634,0.749,0.436,0.549,0.875,0.663,0.414,0.618,0.179,0.992,0.92,0.298,0.882,0.763,1,0.995,0.997,0.971,0.785,0.994,1,0.79,0.982,0.957,0.553,0.741,0.452,0.41,0.505,1,0.49,0.551,0.578,0.215,0.439,0.59,0.929,0.728,0.603,0.495,0.215,0.78,1,0.932,0.132,0.046,0.653,0.423,0.455,0.714,0.536,0.243,0.466,0.321,0.372,0.637,0.855,0.046,0.754,0.305,0.36,0.032,0.905,0.681,0.306,0.51,0.956,0.654,0.78,0.579,0.902,0.486,0.99,0.945,0.51,0.689,0.915,0.701,0.939,0.15,0.835,0.025,0.512,0.816,0.135,0.917,1,0.151,0.939,0.717,0.635,0.091,0.257,0.664,0.321,0.17,1,0.999,1,0.873,0.522,0.845,0.34,0.631,0.593,0.624,0.751,0.293,0.762,1,0.348,0.99,0.677,1,0.515,0.998,0.843,1,0.949,0.695,0.968,0.201,0.993,0.993,1,0.985,0.499,0.712,0.896,1,0.179,0.676,0.127,0.796,1,0.894,0.178,0.596,0.641,0.16,0.447,0.438,0.979,0.569,0.981,0.515,0.999,0.531,0.527,0.525,0.559,0.47,0.699,0.239,0.842,0.999,0.595,0.022,0.999,0.421,0.5,0.131,0.435,0.999,0.826,0.882,0.093,0.63,0.461,0.789,1,0.625,0.289,0.794,0.551,0.989,0.684,0.477,0.974,0.459,0.22,0.207,0.997,0.895,0.351,0.613,0.738,1,1,0.935,0.5,0.846,0.587,0.554,0.733,0.977,1,0.664,0.53,0.383,1,0.841,0.521,0.908,0.456,0.552,0.999,0.861,1,0.76,0.527,0.89,0.539,0.535,0.758,0.956,0.968,0.76,0.477,0.487,1,0.774,0.675,0.847,0.712,0.422,0.799,0.958,0.801,0.454,0.999,0.803,0.882,0.542,1,0.34,0.996,0.99,0.661,0.998,0.999,0.536,0.495,0.402,0.99,0.62
0.969,0.861,0.603,0.181,0.962,0.091,0.293,0.903,0.777,1,0.056,0.318,0.652,0.644,0.93,1,0.794,0.437,0.716,0.963,0.537,0.572,0.441,0.488,0.723,0.932,0.999,0.737,0.945,0.887,0.41,0.652,0.938,0.824,0.797,0.748,0.574,0.999,0.362,0.977,0.71,0.594,0.523,0.987,0.954,0.528,0.541,0.992,0.786,0.559,0.989,0.999,0.962,0.133,0.869,0.921,0.699,0.407,0.886,0.976,0.596,0.334,1,0.718,1,0.476,0.267,0.494,0.246,0.621,0.226,0.621,1,0.978,0.995,0.047,0.56,0.74,0.81,0.57,0.888,0.561,0.983,0.783,0.395,0.661,0.14,0.997,0.233,0.745,0.989,1,0.956,1,1,0.71,0.78,0.979,0.561,0.713,0.495,0.38,0.995,0.78,0.791,0.207,0.951,0.649,0.543,0.978,0.239,0.919,0.931,0.827,0.979,0.495,0.384,0.442,1,0.401,0.877,0.839,0.777,0.977,0.719,0.866,0.31,0.738,0.236,0.789,0.389,0.384,0.444,0.998,0.995,0.693,0.666,0.828,0.938,0.772,0.891,0.494,0.06,0.802,1,0.851,0.847,0.872,0.908,1,0.438,0.854,0.324,0.946,0.725,0.867,0.584,0.929,1,0.563,0.724,0.997,0.83,1,0.149,1,0.487,1,0.931,1,0.458,0.463,0.817,0.654,0.764,0.002,0.364,0.725,0.501,0.803,0.487,0.834,0.614,0.995,0.859,0.519,0.346,0.787,1,0.871,0.51,0.341,0.491,0.567,0.216,0.995,0.476,0.781,1,0.166,0.786,0.545,0.441,0.401,0.878,0.695,0.768,0.947,0.348,0.319,0.708,0.497,0.725,0.488,0.882,0.478,0.4,0.995,0.213,0.932,1,0.259,1,0.5,0.905,0.179,0.619,0.479,0.907,1,0.791,0.988,0.994,0.681,0.656,0.388,0.791,0.504,0.491,0.275,0.514,0.718,0.987,0.481,0.998,0.533,0.906,0.719,0.833,0.251,1,0.544,0.62,0.53,0.654,0.747,1,0.564,0.804,0.418,0.576,0.506,1,0.996,0.727,0.904,0.46,0.048,0.72,0.393,0.999,0.667,0.974,0.998,0.266,0.582,0.991,0.216,0.488
0.221,0.89,0.406,0.977,0.823,0.845,0.999,0.985,0.976,0.985,0.123,0.285,0.539,0.511,0.39,0.916,0.975,0.727,0.611,0.303,0.504,0.607,0.827,0.74,0.794,0.582,1,0.598,0.147,0.886,0.574,0.687,0.95,0.875,0.68,0.215,0.389,0.981,0.558,0.531,0.911,1,0.998,0.489,0.238,1,0.552,0.991,0.341,0.194,0.133,1,1,0.449,0.905,1,0.952,0.523,0.982,0.505,0.562,0.688,1,0.758,0.982,0.063,0.999,0.048,0.572,0.572,0.208,0.584,0.47,0.293,0.558,0.741,0.853,0.498,0.556,0.962,0.752,0.908,1,0.012,0.968,0.627,0.051,0.338,0.99,0.762,1,0.993,0.877,0.486,0.06,0.673,0.826,0.992,0.994,0.912,0.387,0.792,0.234,0.8,0.475,0.999,0.982,0.74,0.636,0.987,0.607,0.913,0.995,0.827,0.563,0.559,1,0.927,0.268,1,0.904,0.699,1,0.746,0.117,0.995,0.806,0.472,0.771,0.859,1,0.48,0.566,1,0.843,0.721,0.517,0.457,0.756,0.982,0.192,0.872,1,0.437,0.814,0.311,0.776,0.517,0.854,1,1,0.66,0.421,0.434,1,0.047,0.998,0.921,0.062,0.666,0.359,0.926,0.834,1,0.996,1,0.411,0.061,0.686,0.533,0.502,0.472,0.47,0.342,0.523,0.876,0.662,0.654,0.522,0.671,0.513,0.908,0.689,0.566,1,0.603,0.985,0.995,0.302,0.761,0.175,0.842,0.676,0.454,0.269,0.357,0.301,0.974,0.007,0.98,0.545,0.55,1,0.792,0.648,0.321,0.906,0.619,0.932,0.493,0.355,0.981,0.44,0.159,0.813,0.935,0.352,0.968,0.775,0.574,0.007,0.336,1,0.565,0.802,1,0.812,0.526,0.987,0.12,0.905,0.916,0.651,0.561,0.862,0.929,0.857,0.275,0.427,0.479,0.562,0.392,1,0.545,0.864,0.566,0.472,0.371,0.951,0.58,0.634,0.659,0.505,0.315,0.68,0.652,0.558,0.476,0.663,1,0.379,0.118,0.761,0.857,0.747,0.944,0.47,0.701,1,0.937,0.869,0.471,0.478,0.985,0.233,0.506,0.845,0.511,0.927
0.769,0.999,0.727,0.853,0.994,0.818,0.635,0.024,0.749,1,0.246,0.64,0.776,0.326,0.726,0.514,0.09,0.997,0.595,0.863,0.484,0.779,0.648,0.637,0.703,0.684,0.181,0.914,0.999,0.643,0.711,0.46,0.586,0.37,0.916,0.993,0.473,1,0.664,0.383,0.958,0.089,0.776,0.491,1,0.052,0.671,0.999,0.858,0.999,0.658,0.132,0.582,1,0.946,0.774,0.408,0.345,1,0.663,0.568,0.996,0.994,0.911,0.834,0.999,0.277,0.994,0.998,0.64,0.63,0.593,1,0.809,0.981,0.38,0.758,0.11,0.683,0.885,0.492,0.992,0.784,1,0.786,0.615,1,0.419,0.78,0.991,0.067,0.378,0.51,0.769,0.991,0.241,0.689,1,0.834,1,0.104,0.941,0.967,0.665,0.21,0.934,0.999,0.568,0.98,0.063,0.172,0.934,0.011,0.847,1,0.484,0.981,1,0.19,0.813,0.211,0.123,0.793,0.64,0.355,0.728,0.579,0.753,0.881,0.374,0.001,0.846,0.686,0.689,0.276,0.822,0.786,0.823,0.676,0.747,0.977,0.634,0.099,0.973,0.536,0.575,0.674,0.474,1,1,0.837,0.966,0.595,0.881,0.681,1,0.347,0.661,0.604,0.469,0.782,1,0.357,0.421,0.689,0.999,0.883,0.873,0.096,0.468,0.096,0.86,0.92,0.375,0.847,0.037,0.438,0.79,0.623,1,0.558,0.747,0.991,0.612,1,0.803,0.668,0.736,0.993,0.688,0.989,0.998,0.506,0.313,1,0.234,0.692,0.383,1,1,0.976,0.591,0.908,0.559,0.998,0.593,0.244,0.411,0.454,0.647,0.41,0.918,0.241,0.323,0.864,0.761,0.816,0.424,0.605,0.341,1,0.886,0.695,0.529,0.567,0.586,0.742,0.644,0.276,0.137,0.588,0.692,0.401,0.85,0.706,0.545,0.722,1,0.312,0.989,0.529,0.87,0.399,0.521,0.369,0.529,0.608,0.595,0.759,1,0.984,0.959,0.737,0.294,0.9,0.488,0.974,0.386,0.486,0.688,0.666,0.83,1,0.948,0.92,0.846,0.482,0.731,0.75,0.809,1,0.548,0.161,0.864,0.976,0.632,0.722,0.422,0.66
0.596,0.702,0.599,0.793,0.689,0.998,0.972,0.982,0.712,0.365,1,0.986,0.983,0.433,0.578,0.182,0.912,0.879,0.909,0.716,0.563,0.258,0.523,0.311,0.615,0.897,0.323,0.266,0.608,0.186,0.794,0.373,0.998,0.25,0.805,0.469,0.738,1,0.816,0.938,0.868,0.363,1,1,0.246,0.15,0.659,1,0.338,0.589,1,0.602,0.511,0.004,0.932,0.218,0.841,0.461,1,0.196,0.994,1,1,0.39,0.653,0.495,0.715,0.991,0.83,0.667,0.82,0.588,0.158,0.211,0.647,0.995,0.754,0.966,1,0.747,0.905,0.512,0.306,0.942,0.435,0.305,0.961,0.998,0.313,0.494,0.849,0.182,0.262,0.33,0.496,0.85,1,1,0.777,0.547,0.944,0.477,0.994,0.463,0.594,0.046,0.773,0.546,0.712,0.937,0.596,0.822,0.795,0.887,0.008,0.578,0.447,0.941,1,0.943,0.823,0.973,0.975,0.317,0.988,1,0.683,0.999,0.894,0.988,0.173,0.28,0.969,0.444,1,0.669,0.764,0.754,0.172,0.596,1,0.823,0.956,0.378,0.772,0.992,0.778,0.996,0.224,0.985,0.868,0.973,0.578,0.814,1,0.168,0.897,0.869,0.209,0.781,1,0.825,1,0.819,0.102,1,0.801,0.134,0.39,0.72,0.975,0.578,0.764,0.436,0.787,0.996,0.709,1,0.507,1,0.687,0.588,0.899,0.433,0.65,0.446,0.439,0.646,0.011,0.74,0.153,0.931,0.643,0.999,0.987,1,0.624,0.394,0.999,1,0.868,0.714,0.214,0.652,0.039,0.948,0.996,0.761,0.405,0.179,0.599,1,0.741,0.994,0.633,0.999,0.281,0.365,0.274,0.594,1,0.717,0.463,0.394,0.206,0.155,0.881,0.72,0.483,0.609,0.847,0.991,0.769,0.947,0.987,0.467,0.528,0.454,0.464,0.302,0.83,0.449,0.227,0.536,0.679,0.523,0.35,0.338,0.787,0.061,0.494,0.433,0.622,0.686,0.552,0.976,0.471,0.674,0.58,0.837,0.738,0.996,1,0.845,0.822,0.676,0.464,0.486,0.998,0.666,0.59,0.588,0.853,0.414,0.6,0.426,1,0.929,0.934
0.969,0.958,0.429,0.521,1,0.305,0.798,0.991,0.723,1,0.992,0.749,0.433,0.763,0.655,0.998,0.824,0.829,0.652,1,0.336,0.875,0.633,0.639,0.437,0.552,0.539,0.594,0.803,0.729,0.84,0.978,0.293,0.89,0.641,0.26,0.614,0.683,0.969,0.694,0.833,1,0.041,0.665,0.447,0.997,0.428,0.135,0.462,1,0.797,0.418,0.664,0.653,0.928,0.671,0.614,0.838,0.338,0.998,0.562,0.197,0.999,0.531,0.851,0.247,0.812,0.578,0.406,0.634,0.882,0.971,0.209,0.979,1,0.98,0.467,1,0.65,0.617,0.649,0.208,0.439,1,0.976,0.456,0.832,0.473,0.989,0.591,0.826,0.999,0.65,0.997,0.999,0.808,0.939,0.947,0.923,0.135,0.979,0.827,0.997,0.987,0.532,0.963,0.087,0.496,0.998,0.02,0.351,0.966,0.397,0.874,1,0.461,0.684,0.243,0.984,0.855,0.47,0.882,0.931,0.987,0.293,0.48,0.551,0.849,0.819,1,1,0.54,0.305,0.977,0.831,0.932,0.235,0.732,0.843,0.684,0.993,0.352,0.872,0.478,1,0.431,1,0.363,0.892,0.052,0.973,0.326,0.509,0.699,0.008,0.174,1,0.988,0.934,0.499,0.401,0.526,0.725,0.581,0.919,0.975,0.677,0.606,0.328,0.992,0.148,0.572,0.989,0.721,0.77,1,0.89,0.33,0.54,0.946,0.479,0.51,0.963,0.32,0.88,0.716,0.835,0.957,1,0.751,0.978,0.832,0.814,0.395,1,0.212,0.56,0.613,0.88,0.268,0.914,0.604,0.239,0.055,0.759,0.063,0.414,0.656,0.127,0.531,0.634,0.249,0.699,0.998,0.666,1,0.515,0.496,0.998,0.476,0.862,0.834,1,0.512,0.597,0.332,0.561,0.658,0.478,1,0.62,0.67,0.829,1,0.687,0.644,0.656,0.961,0.999,0.585,0.56,0.095,0.709,0.537,0.389,0.537,0.958,0.996,0.091,0.988,0.515,0.534,0.578,0.412,0.571,0.557,0.871,0.444,0.565,0.799,0.584,0.991,0.823,0.581,0.844,0.467,0.502,0.065,0.804,0.74,0.126,0.683,0.545,0.032,0.333,0.522,0.864,0.42,0.312
0.829,1,0.513,1,0.568,0.983,0.499,0.125,0.83,0.007,0.995,0.886,0.331,0.363,0.56,1,0.945,0.31,0.684,0.179,0.913,0.209,0.579,0.999,0.536,0.623,0.189,0.753,0.21,0.42,0.085,0.453,0.996,0.432,0.817,0.818,0.545,0.745,0.992,0.862,0.033,0.988,1,0.936,0.086,0.618,0.501,0.174,0.944,0.819,1,0.646,0.454,0.988,0.969,0.79,0.805,0.427,0.148,0.978,0.53,0.991,0.119,0.951,0.209,0.984,0.187,0.199,0.366,0.564,0.473,0.758,0.956,0.326,0.238,1,0.991,0.628,0.378,0.524,0.589,0.527,0.991,1,0.431,0.819,0.207,0.276,0.726,0.163,0.896,0.385,0.966,0.578,0.833,0.981,0.709,1,0.203,1,0.061,0.278,0.562,0.734,0.67,0.842,0.092,0.582,0.864,0.068,0.728,0.859,0.765,0.127,0.633,0.541,0.116,0.251,0.622,0.761,0.711,1,0.636,0.428,0.068,0.513,0.796,0.671,0.285,0.898,0.994,0.917,0.726,0.488,0.511,0.625,0.69,0.998,0.994,0.684,0.984,0.367,0.571,0.572,1,1,0.633,0.338,0.556,0.464,0.211,0.487,0.705,0.63,1,0.191,0.345,0.801,0.887,0.527,0.946,0.973,1,0.828,0.764,0.992,1,1,0.767,0.112,0.954,0.459,0.831,0.825,0.683,0.518,0.998,0.472,0.992,0.766,0.566,0.561,0.03,0.558,0.241,0.418,0.255,0.754,1,0.857,0.666,0.961,0.571,0.788,0.24,0.723,0.697,0.601,0.419,0.35,0.194,0.634,0.61,0.993,0.397,0.974,0.558,0.889,0.895,0.487,0.777,0.476,0.819,0.839,0.423,0.074,1,0.27,0.843,0.996,1,0.949,0.974,0.49,0.514,0.936,0.641,0.543,0.452,0.919,0.643,0.256,0.168,0.864,0.848,0.583,0.752,0.428,0.676,0.79,0.685,0.843,0.633,0.499,0.383,0.525,1,0.597,0.558,0.029,0.458,0.876,0.532,0.594,0.504,0.563,0.71,0.599,0.597,0.88,0.615,0.261,0.786,0.732,0.866,0.485,0.526,0.844,0.614,0.76,0.887,0.726,0.294,1,0.196,0.345,0.513,0.732,0.209
0.671,1,0.389,0.878,0.804,0.813,0.961,0.999,0.748,0.037,1,1,0.559,0.936,0.361,1,1,0.534,0.906,0.729,0.63,0.405,0.887,0.934,0.419,0.551,0.254,0.444,0.992,0.208,0.994,0.641,0.711,0.786,0.532,0.897,0.664,0.628,0.937,0.938,0.223,1,0.949,0.839,0.221,1,0.494,0.264,1,0.985,0.059,0.809,0.331,0.97,0.814,0.207,1,0.752,0.988,0.215,0.376,0.333,0.998,1,0.995,0,0.361,0.971,0.65,0.997,0.958,0.578,0.363,0.446,0.786,0.132,1,0.959,0.209,0.529,1,0.341,0.715,0.694,0.931,0.566,0.833,0.661,0.499,0.277,0.375,0.025,0.994,0.258,0.609,0.449,0.766,0.014,0.819,0.958,1,0.917,1,0.928,0.836,0.903,1,0.576,0.483,0.79,0.261,0.901,1,0.982,0.993,0.502,0.322,0.801,1,0.509,0.355,0.982,0.915,0.538,0.015,0.582,0.415,0.556,0.988,0.928,0.87,0.48,0.591,0.779,0.584,0.32,0.863,0.821,0.21,0.764,1,0.497,0.828,0.877,0.953,0.215,0.528,0.526,0.118,0.432,0.127,0.728,0.969,0.903,0.054,0.86,0.946,0.901,1,0.507,0.239,0.504,0.105,0.642,0.996,1,0.602,0.135,0.202,0.831,0.253,0.741,0.975,0.527,0.664,0.113,0.489,0.796,0.732,0.992,0.482,0.639,0.456,0.74,0.826,0.744,0.902,0.686,0.937,0.724,0.544,0.397,0.514,0.714,0.997,0.967,0.681,0.598,0,0.176,0.999,0.704,0.866,0.175,0.608,1,0.774,0.363,0.843,0.858,0.681,0.91,0.807,0.648,0.827,0.955,0.972,0.961,0.878,0.718,0.242,0.451,0.992,0.555,0.581,0.851,0.65,0.593,1,0.259,0.689,0.998,0.232,0.113,0.511,0.597,0.826,0.77,0.455,0.641,0.447,0.988,0.769,0.445,0.37,0.499,0.995,0.567,0.684,0.999,0.582,0.405,0.758,0.969,0.562,0.822,0.221,0.75,0.531,0.431,0.71,0.954,1,0.747,0.891,0.437,0.488,0.845,0.852,0.396,0.898,0.331,0.998,1,0.943,0.611,0.778,0.912,0.998
0.937,0.009,0.773,0.12,0.816,1,0.623,1,0.707,0.493,1,0.502,0.615,0.256,0.496,0.694,0.979,0.638,0.708,0.768,0.295,0.997,0.738,0.617,0.506,0.6,0.963,0.683,0.171,0.845,0.903,0.622,0.502,0.974,0.981,0.987,0.418,0.807,0.677,0.896,0.982,0.455,0.662,0.665,0.844,0.863,0.339,1,0.58,0.143,1,0.109,0.466,1,0.774,0.278,0.982,0.502,0.061,0.699,0.513,0.122,0.001,0.782,0.377,1,0.479,0.868,0.851,0.476,0.715,0.623,0.702,0.271,0.165,0.947,0.643,1,1,0.561,0.991,1,0.919,0.999,0.48,0.926,0.757,0.606,0.312,0.999,0.833,1,1,0.875,0.871,0.953,0.911,0.042,0.569,0.702,0.98,1,0.743,0.468,0.069,0.149,0.7,0.944,0.724,0.979,1,0.88,1,0.973,1,0.448,0.999,0.724,0.754,0.031,0.319,0.756,0.749,0.552,1,0.973,0.452,0.819,0.285,0.224,0.997,0.444,0.249,0.521,0.989,0.92,0.996,0.61,0.919,0.953,0.097,0.179,1,0.577,0.975,0.922,0.219,0.647,0.999,0.576,0.969,0.476,0.353,0.977,0.979,0.985,1,1,0.618,0.52,0.528,0.726,1,0.91,1,0.969,0.956,0.2,0.411,0.531,0.908,0.569,0.997,0.637,0.961,0.998,0.346,0.512,0.539,0.211,0.612,0.533,0.38,0.306,1,0.387,0.382,0.527,0.245,0.434,1,0.223,0.483,0.475,0.519,0.725,0.904,0.783,1,0.521,0.748,0.615,0.975,0.6,0.212,0.773,0.998,0.957,0.895,0.339,0.58,0.968,0.999,0.503,0.545,0.78,0.29,0.755,0.384,0.497,0.046,0.182,0.603,0.61,0.985,0.452,0.738,0.643,0.814,0.424,0.315,0.181,1,0.894,0.653,0.534,0.525,0.226,0.25,0.882,0.509,1,0.661,0.581,0.828,0.523,0.824,0.911,0.279,0.485,0.606,0.489,0.59,0.501,0.569,0.866,1,0.958,0.388,0.576,0.655,0.435,0.092,0.677,0.882,0.709,0.59,0.019,0.713,0.687,0.997,0.821,0.5,0.146,0.96,0.297,0.361,0.2,0.364
0.246,0.611,0.424,0.546,0.498,0.642,0.286,0.99,0.665,0.998,0.985,0.818,0.405,0.729,0.574,0.994,0.559,0.248,0.801,0.914,0.666,0.115,0.305,0.869,0.501,0.481,0.757,0.999,0.691,0.597,0.995,0.949,0.384,1,0.715,0.126,0.6,0.705,0.69,0.549,1,0.98,1,0.551,0.397,0.015,0.431,1,0.677,1,0.574,0.924,0.363,0,0.864,0.49,0.37,0.705,1,0.893,0.531,1,0.007,0.821,0.921,0.872,0.7,1,0.352,0.55,0.629,0.734,0.971,0.995,0.696,0.092,0.808,0.858,0.776,0.498,0.681,0.37,0.651,0.917,0.186,0.513,1,0.41,0.728,0.869,0.999,1,0.822,0.908,1,0.992,0.862,0.906,0.198,0.862,0.999,0.85,0.854,0.938,0.85,0.923,0.931,0.561,0.277,0.468,0.236,0.795,0.141,0.895,0.996,0.482,0.435,0.848,0.343,0.987,0.674,0.998,0.382,0.688,0.255,0.481,0.493,0.777,0.07,0.47,0.976,0.938,0.65,0.952,1,0.754,0.534,0.487,0.441,0.887,0.106,0.45,0.285,0.53,0.585,1,0.622,0.356,0.626,0.252,0.701,0.641,0.706,0.796,0.948,0.147,0.537,0.193,0.839,0.535,0.857,0.297,0.947,1,0.654,0.158,0.515,0.272,1,0.437,0.217,0.594,0.855,0.599,0.705,1,0.727,0.185,0.683,0.992,0.705,0.588,0.535,0.336,0.758,0.526,0.663,0.791,1,0.45,1,0.763,0.503,0.621,0.259,0.937,0.752,0.432,1,1,0.193,0.711,0.51,1,0.536,0.216,0.575,0.269,0.666,0.812,0.978,0.177,0.428,1,0.99,0.277,0.405,0.474,0.719,0.84,0.064,0.265,0.481,0.683,0.999,0.737,0.787,0.652,0.403,1,0.686,0.978,1,0.829,0.66,0.7,0.951,0.27,0.842,0.715,0.752,0.501,0.838,0.622,0.9,0.459,0.91,0.545,0.605,0.035,0.566,0.57,0.544,0.997,0.681,0.565,0.544,0.484,0.497,0.88,0.888,0.069,0.237,0.998,0.977,0.502,0.524,0.98,0.71,0.695,0.695,0.393,0.247,0.056,1,0.421,0.858,0.467,0.903
0.812,0.017,0.274,0.118,0.607,0.228,0.245,1,0.554,1,1,0.295,0.365,0.333,0.5,0.844,0.994,0.719,0.966,0.714,1,0.495,0.625,0.854,0.864,0.417,0.82,0.307,0.259,0.997,0.387,0.756,1,0.97,0.868,0.79,0.708,0.997,0.481,0.517,0.334,0.369,1,0.748,0.904,0.102,0.668,1,0.582,0.122,1,0.513,0.594,1,0.713,0.889,0.737,0.552,0.135,0.582,0.74,0.434,1,1,0.289,0.328,0.974,0.99,0.307,0.393,0.413,0.785,0.969,0.399,0.939,0.173,0.884,0.986,0.97,0.718,0.312,0.997,0.927,0.883,0.514,0.392,0.406,0.839,0.462,0.226,0.886,1,1,0.185,0.266,1,0.641,0.289,0.501,0.788,0.575,0.99,0.897,0.77,0.261,0.996,0.004,0.421,0.768,0.997,0.93,0.78,0.473,0.807,1,0.55,0.778,0.5,1,0.968,0.407,0.883,0.221,1,0.557,0.751,0.669,0.446,0.491,0.496,1,0.231,1,0.693,0.987,0.77,0.906,0.736,0.296,0.803,0.451,0.889,0.984,0.852,0.467,0.432,0.992,0.506,0.793,0.464,0.951,1,0.502,0.995,0.956,0.978,0.918,0.097,1,0.689,0.422,0.512,0.891,0.367,0.734,0.56,0.508,1,0.809,0.878,0.971,0.526,0.612,0.465,0.762,1,0.53,0.122,0.734,0.176,0.434,0.492,1,0.526,0.11,0.609,0.571,0.927,0.005,0.942,1,0.146,0.501,0.632,0.93,0.851,0.831,0.927,0,0.927,0.751,0.551,0.628,1,0.869,0.607,0.67,0.762,0.891,0.394,0.397,0.83,0.984,0.869,0.422,0.857,0.767,1,0.642,0.288,0.597,0.829,0.612,0.757,0.61,0.985,0.476,0.496,0.181,0.792,0.977,0.41,1,0.935,0.537,0.435,0.753,0.977,0.325,0.498,0.544,1,0.986,0.516,0.905,0.58,0.837,0.355,0.621,1,0.714,0.424,0.891,0.461,0.797,0.546,0.988,0.5,0.582,0.727,0.498,0.999,0.871,0.902,0.906,0.579,0.46,0.045,0.5,0.531,0.878,0.699,0.783,0.98,0.815,0.613,0.697,0.512,0.879
0.614,0.887,0.525,0.045,0.512,0.913,0.598,0.553,0.653,1,0.391,0.744,0.831,0.624,0.577,1,0.425,0.221,0.778,0.721,0.87,0.521,0.976,0.337,0.495,0.792,0.277,0.87,0.346,0.992,0.921,0.606,1,0.58,0.996,0.214,0.704,0.728,0.596,0.5,0.969,0.814,0.987,0.605,0.472,1,0.693,0.531,0.904,0.931,0.929,0.98,0.69,0.928,0.783,0.998,0.98,0.46,0.814,0.921,0.708,0.857,0.083,0.936,0.857,1,0.443,1,0.522,0.681,1,0.649,0.058,0.847,0.73,0.836,0.58,0.6,0.804,0.769,0.6,0.684,0.315,0.541,0.52,0.518,0.12,0.754,0.504,0.312,0.846,0.024,0.269,0.812,0.93,0.635,0.992,0.001,0.259,0.228,0.704,0.686,0.262,0.268,0.972,0.983,0.176,0.752,0.998,0.989,0.997,0.839,0.337,1,1,0.499,0.43,0.968,0.009,0.587,0.994,0.535,0.894,0.374,0.275,0.527,0.688,0.678,0.171,0.908,1,0.997,0.942,0.728,0.657,0.633,0.325,0.472,0.991,0.752,0.228,0.536,0.583,0.533,0.984,0.481,0.28,0.32,0.121,0.995,0.934,0.601,0.704,0.908,0.926,0.969,0.319,0.084,0.976,0.581,0.331,1,0.866,0.882,0.939,0.996,0.558,0.919,0.719,1,0.119,0.552,0.288,0.748,0.831,0.993,0.304,0.991,0.696,0.21,0.485,0.427,0.994,0.253,0.974,0.721,0.688,0.75,0.99,0.808,0.675,0.861,0.489,0.595,0.475,0.752,1,0.416,1,1,1,0.532,0.431,0.944,1,0.942,0.991,0.629,0.578,0.111,0.485,0.991,0.996,0.79,0.492,0.835,1,0.18,0.406,0.276,0.353,0.861,0.801,0.607,1,0.993,0.461,0.544,0.991,1,0.717,0.739,0.994,0.741,0.956,0.841,0.711,0.991,0.592,0.87,0.5,0.998,0.74,0.735,0.867,0.551,0.97,0.401,1,0.048,0.459,0.519,0.553,0.525,0.719,0.345,0.715,0.699,0.863,0.986,0.727,0.251,0.749,0.867,0.879,0.576,0.516,1,0.751,0.278,0.248,0.611,0.944,0.997,0.744,0.804,0.544,0.713,0.093
0.725,0.994,0.386,0.882,0.399,1,1,0.872,0.758,0.127,0.965,0.822,0.467,0.984,0.599,0.083,0.043,0.584,0.799,0.92,0.985,0.345,0.567,0.641,0.57,0.576,1,0.704,0.778,0.887,0.101,0.436,0.123,0.693,0.621,0.768,0.523,0.775,0.885,0.59,0.131,0.997,1,0.541,0.102,0.181,0.533,0.105,0.936,0.748,1,0.066,0.442,0.996,0.474,0.622,0.248,0.494,0.621,0.578,0.656,0.944,0.587,0.97,0.586,0.999,0.806,0.967,0.327,0.728,0.712,0.495,1,0.995,1,0.031,0.576,0.999,0.673,0.465,0.316,0.74,0.483,0.975,0.254,0.591,0.716,0.581,0.326,1,0.947,0.698,0.729,1,0.211,0.495,0.779,0.974,1,0.447,0.999,0.821,0.231,0.209,0.253,0.593,0.46,0.477,0.426,1,0.752,0.847,0.675,0.25,1,0.656,0.829,0.388,0.589,0.075,0.495,0.917,0.95,0.398,0.996,0.717,0.566,0.987,0.87,0.213,0.436,0.7,0.807,0.864,0.222,0.694,0.728,0.547,0.784,0.884,0.961,0.297,0.224,0.772,0.362,0.601,0.771,0.696,0.94,0.61,0.351,0.38,0.673,0.58,0.994,0.481,0.978,0.999,0.336,0.49,0.508,0.732,0.996,0.982,0.984,0.968,0.369,0.966,0.203,0.28,0.928,0.515,0.689,0.628,0.822,1,0.506,0.384,0.434,0.471,0.61,0.72,0.706,0.308,0.127,0.526,0.303,0.686,0.999,0.608,0.891,1,0.406,0.603,0.843,0.771,0.285,0.574,0.998,0.999,0.081,0.433,0.998,1,0.881,0.727,0.575,0.376,0.793,0.84,0.679,0.964,0.679,0.693,0.904,0.625,0.648,0.721,0.787,0.525,1,0.661,0.274,0.738,0.23,1,0.595,0.597,1,0.968,1,0.314,0.149,0.339,0.836,0.451,0.707,0.998,0.579,0.599,0.52,0.645,0.622,0.451,0.822,0.504,0.721,0.649,0.975,0.664,0.971,0.458,0.497,0.567,0.641,0.36,0.221,0.995,0.588,0.608,1,1,1,0.286,0.882,0.81,0.527,1,0.683,0.572,0.239,0.418,1,1,0.858,0.987,0.4,0.727,0.914
0.235,0.961,0.512,0.13,0.445,0.957,0.78,0.753,0.516,0,0.999,0.345,0.942,0.488,0.659,0.501,0.573,1,0.81,0.799,0.484,0.546,0.328,0.75,0.549,0.452,0.504,0.733,0.547,0.233,0.906,0.749,0.428,0.679,0.668,0.681,0.568,0.534,0.624,0.626,1,0.988,0.133,0.542,1,0.797,0.971,0.875,0.985,0.697,0.733,0.927,0.728,0.955,0.452,0.593,0.782,0.57,0.436,0.47,0.414,0.995,1,0.984,0.184,0.012,1,0.968,0.463,0.638,0.765,0.911,0.806,0.704,0.156,1,0.671,0.864,0.221,0.338,0.935,0.947,0.491,1,0.629,0.505,0.989,0.644,0.574,0.423,0.028,0.412,0.179,0.841,1,0.575,0.722,0.898,0.705,0.861,0.529,0.742,0.506,0.989,0.999,0.126,1,0.423,0.394,0.914,0.673,0.815,1,0.931,0.993,0.541,0.419,0.978,0.546,0.939,0.224,1,0.516,0.736,0.935,0.513,0.859,0.258,0.999,0.787,0.999,0.211,0.447,0.49,0.987,0.999,0.437,0.657,0.265,0.775,0.49,0.732,0.196,0.414,0.184,0.993,0.306,0.966,0.783,0.809,0.164,0.476,0.405,0.903,0.062,0.563,0.752,0.77,0.884,0.488,0.473,0.964,0.272,0.55,0.091,1,0.697,0.022,1,0.989,1,0.687,0.507,0.422,0.84,0.997,0.75,0.869,0.536,0.66,0.506,0.642,1,0.852,0.784,0.36,0.297,0.951,1,0.52,0.077,0.071,0.943,0.689,0.322,0.218,0.45,1,1,0.963,0.652,0.533,0.806,0.93,0.823,0.421,0.96,0.571,1,0.997,0.488,0.185,1,0.309,0.995,0.89,0.505,0.998,0.602,0.878,0.262,0.828,0.818,0.545,0.11,0.267,0.253,0.857,0.7,0.853,0.842,1,0.697,0.086,0.944,0.464,0.672,0.735,0.333,0.708,0.554,0.848,0.812,0.584,0.84,0.63,0.954,1,0.998,1,0.632,0.697,0.506,0.601,0.893,0.405,0.269,0.446,0.673,0.988,0.685,1,0.073,0.811,0.614,0.69,0.451,0.868,0.459,0.972,0.966,0.799,0.998,1,0.203,0.606,0.692,0.99,0.619
0.589,1,0.486,0.994,0.8,0.543,0.992,1,0.891,1,0.91,0.978,0.871,0.684,0.562,0.5,0.994,0.425,0.93,0.423,0.775,0.621,0.541,0.71,0.594,0.533,0.347,0.393,0.948,0.339,1,0.749,0.624,0.878,0.943,0.993,0.726,0.736,0.392,0.632,0.535,0.927,1,0.709,0.539,0.986,0.552,0.067,0.799,0.298,0.353,0.63,0.805,1,0.507,0.939,0.414,0.593,1,0.54,0.36,0.523,1,1,0.78,1,0.074,0.113,0.567,0.957,0.859,0.729,1,0.706,0.907,1,0.696,0.421,0.206,0.727,0.867,0.891,0.772,0.114,0.873,0.605,0.44,0.706,1,0.916,1,0.802,0.485,0.987,1,0.126,0.72,1,0.611,0.796,0.748,0.946,0.723,0.954,0.338,0.121,0.992,0.396,0.743,0.289,0.755,0.865,0.976,0.254,1,0.568,0.64,1,0.993,0.995,0.693,0.863,0.995,0.646,0.422,0.824,0.375,0.986,0.716,0.692,0.977,0.74,0.226,0.858,0.563,0.834,0.468,0.518,0.447,0.909,1,0.982,1,0.507,0.959,0.421,0.682,0.722,0.997,0.947,0.536,0.485,0.813,0.623,1,0.472,0.813,0.973,0.082,0.536,0.965,0.349,0.066,0.194,0.345,0.894,0.932,0.652,0.417,0.911,0.16,0.466,0.998,0.545,0.884,0.988,0.75,0.923,0.404,0.39,0.463,0.52,0.138,0.996,0.789,0.465,0.856,0.778,0.027,0.572,0.934,1,0.46,0.767,0.97,0.996,0.374,0.451,1,0.082,0.235,0.509,0.97,0.843,0.998,0.211,1,0.416,0.823,0.721,0.566,0.929,0.607,0.993,0.633,0.995,0.568,0.515,0.71,0.769,1,0.882,0.777,0.605,0.777,0.225,0.93,0.92,0.886,0.988,0.536,0.69,0.718,0.979,0.863,0.538,0.985,0.72,0.97,0.529,0.549,0.864,0.702,0.484,0.998,0.516,0.996,0.199,0.683,0.807,0.787,0.362,0.452,0.357,0.88,0.357,0.361,0.805,0.684,0.866,0.703,0.744,0.052,1,0.559,0.983,0.794,0.094,0.937,0.628,0.477,0.393,0.597,0.095,0.989,0.666,0.994,1,0.907
0.684,0.038,0.691,0.217,0.659,0.903,0.905,0.971,0.829,1,1,0.652,0.682,0.452,0.725,0.088,0.962,0.95,0.591,0.559,0.488,0.937,0.528,0.716,0.57,0.521,0.263,0.763,0.373,0.846,0.771,0.572,1,0.578,0.662,0.1,0.551,0.549,0.644,0.525,0.1,1,0.006,0.666,0.793,0.164,0.399,0.974,0.643,0.835,1,0.664,0.953,0.997,0.641,0.832,0.467,0.622,0.986,0.582,0.766,0.158,0.899,0.466,0.263,0.654,1,0.921,0.781,0.389,1,0.706,0.214,1,0.235,1,0.97,0.115,0.199,0.618,0.606,0.821,0.463,0.477,0.3,0.967,0.752,0.988,0.383,0.349,0.142,0.006,0.891,0.96,0.94,0.836,0.928,1,0.793,0.925,0.239,0.635,0.576,0.282,0.823,0.828,0.978,0.519,0.878,1,0.575,0.843,0.908,0.999,0.455,0.583,0.987,0.51,1,0.631,0.269,0.729,0.195,0.906,1,0.496,0.434,0.307,0.938,0.716,0.995,0.535,0.964,0.88,0.309,0.612,0.998,0.937,0.323,0.62,0.146,0.999,0.962,0.584,0.642,0.721,0.194,0.644,0.85,0.211,0.899,0.573,0.777,0.351,0.811,0.559,0.039,0.057,0.328,0.65,0.648,0.331,0.087,1,0.738,0.888,0.719,0.036,0.258,0.712,0.999,0.581,1,0.398,0.843,0.992,0.501,1,0.714,1,0.552,0.528,1,0.258,0.83,0.721,0.936,1,0.996,0.805,0.372,0.981,0.596,0.724,0.529,0.219,0.89,0.361,0.976,0.922,0.863,0.5,0.318,0.148,1,0.998,0.793,0.903,0.468,1,0.535,0.936,0.787,0.162,0.901,1,0.977,0.667,0.482,0.832,0.928,0.903,0.898,0.729,0.537,0.991,0.757,0.657,0.903,1,0.46,0.952,0.949,1,0.784,0.555,0.872,0.764,0.573,0.476,0.437,0.897,0.425,0.49,0.935,0.497,0.993,0.673,0.564,0.941,0.998,0.724,0.488,0.965,0.831,0.592,0.484,0.465,0.964,0.727,0.826,0.148,0.9,0.471,0.802,0.467,0.534,0.555,0.769,0.651,0.565,0.403,0.252,0.955,0.61,0.995,0.736,0.435,0.801
0.482,0.773,0.284,0.972,0.992,0.649,0.743,1,0.657,0.988,0.126,0.981,0.505,0.799,0.642,0.123,1,0.777,0.584,0.741,0.245,0.673,0.332,0.513,0.497,0.826,0.86,0.521,0.795,0.161,0.997,0.339,0.837,0.237,0.737,0.917,0.399,0.163,0.696,0.639,1,0.182,0.882,0.335,0.111,0.041,0.599,0.923,0.836,0.999,0.107,0.713,0.606,0.953,0.556,0.32,0.32,0.559,0.633,0.635,0.944,1,0.931,1,0.824,0.451,0.286,0.922,0.283,0.566,0.96,0.896,0.945,0.056,0.992,0.28,0.83,0.854,0.859,0.622,0.305,0.889,0.732,0.337,0.596,0.685,0.953,0.568,0.929,0.662,0.902,0.174,0.925,0.94,0.978,0.422,0.477,0.999,0.941,0.4,0.991,0.967,0.93,0.129,0.182,1,0.074,0.799,0.678,0.994,0.581,0.827,0.363,1,0.991,0.561,0.734,0.306,0.462,0.998,0.877,0.97,0.862,0.372,0.871,0.456,0.99,0.879,0.472,0.595,0.981,0.584,0.687,0.713,0.883,0.532,0.628,0.528,0.87,0.666,0.897,0.429,0.569,0.543,0.604,0.606,0.825,0.955,0.999,0.931,0.957,0.7,0.346,0.535,0.246,0.104,0.148,0.014,0.273,0.513,0.985,0.747,0.222,0.414,1,0.552,0.625,1,0.894,0.552,0.606,0.594,0.807,0.572,0.653,1,0.257,0.058,0.377,0.922,0.839,0.584,0.826,0.681,0.969,0.397,0.999,0.984,0.011,0.804,0.206,0.984,0.555,0.51,0.978,0.998,0.821,0.865,1,0.981,0.225,0.56,0.305,0.193,0.905,0.82,0.995,0.25,1,0.396,0.589,0.966,0.974,0.07,0.993,0.352,0.636,0.874,0.515,0.543,0.011,1,0.471,0.532,0.543,0.767,0.489,0.705,0.249,0.888,0.758,0.824,0.17,0.982,0.931,0.49,0.624,0.166,0.358,0.695,0.51,1,0.283,0.485,0.959,0.46,0.042,0.403,0.13,0.702,0.888,0.557,0.528,0.258,0.615,0.3,0.122,0.762,0.641,0.74,0.725,1,0.149,0.86,0.574,0.563,0.552,0.501,0.466,0.6,0.296,0.994,1,0.012,1,0.544,0.224,0.505,0.628
1,0.032,0.983,0.923,0.235,0.98,0.746,0.053,0.566,1,0.503,1,0.667,0.998,0.513,0.049,0.972,0.991,0.83,0.287,0.773,0.311,0.568,0.364,0.586,0.431,0.998,0.666,0.347,0.819,0.424,0.569,0.696,0.995,0.748,0.655,0.489,0.641,0.464,0.996,0.475,0.545,0.999,0.961,0.922,0.081,0.774,0.941,0.333,0.8,0.417,0.972,0.523,1,0.519,0.509,0.919,0.489,0.122,0.475,0.716,0.738,1,0.982,0.479,0.102,0.84,1,0.655,0.876,0.418,0.764,0.856,0.246,0.977,0.985,0.621,0.745,0.995,0.44,0.637,0.381,0.492,0.989,0.4,0.431,0.155,0.736,0.467,0.982,1,0.962,0.133,0.733,0.226,0.267,0.736,0.46,0.308,0.984,0.892,0.939,0.644,0.888,0.708,0.792,0.827,0.559,0.646,0.507,0.755,0.836,1,0.867,1,0.694,0.67,1,0.926,0.919,0.292,0.027,0.205,0.86,0.999,0.599,0.305,0.384,0.432,0.25,0.008,0.547,0.879,0.989,0.933,0.592,0.748,0.37,0.825,0.599,0.905,0.849,0.576,0.673,0.85,0.337,0.428,0.754,0.039,0.955,1,0.739,0.663,0.717,1,0.248,0.597,0.85,1,0.522,0.495,0.3,1,0.188,0.023,0.613,0.321,0.962,0.624,0.568,0.721,0.701,0.926,0.494,0.683,1,0.609,0.694,0.848,0.059,0.443,0.502,0.624,0.85,0.553,0.954,0.722,0.999,0.751,0.887,0.971,0.051,0.492,0.433,0.089,0.035,0.381,0.997,1,0.683,0.446,0.638,0.998,0.83,0.332,0.537,0.471,0.747,0.548,0.973,0.642,0.927,0.344,0.474,1,0.606,0.243,0.899,0.468,0.722,0.438,0.735,0.43,0.49,0.589,0.987,0.671,0.61,0.696,0.071,0.335,0.567,0.898,0.992,0.785,0.49,0.998,0.361,0.655,0.999,0.613,0.151,0.291,0.715,1,0.784,0.255,0.817,0.262,0.999,0.88,0.739,0.582,0.869,0.681,0.607,0.999,0.632,0.702,0.884,0.857,0.042,0.934,0.95,0.651,0.69,0.625,0.839,0.961,0.684,0.997,0.944,0.84,0.979,0.464,0.95,0.886,0.689,0.813
1,1,0.844,0.968,0.734,0.114,0.722,1,0.594,0.796,0.012,0.468,0.378,0.707,0.842,0.288,1,0.259,0.99,0.337,0.277,0.985,0.657,0.644,0.541,0.413,0.281,0.861,0.761,1,1,0.615,0.453,0.929,0.493,0.881,0.521,0.849,0.558,0.431,0.95,0.602,0.968,0.786,0.647,0.999,0.666,0.754,0.72,0.186,0.284,0.992,0.844,0.015,0.424,0.994,0.661,0.588,0.902,0.393,0.54,0.991,1,1,0.956,0.965,0.335,1,0.736,0.583,0.635,0.778,0.08,0.851,0.35,0.998,0.839,0.035,0.714,0.539,0.221,0.466,0.367,0.943,0.627,0.592,0.477,0.814,0.815,0.382,0.427,1,0.471,0.548,0.155,0.77,0.79,0.723,0.394,0.909,0.913,0.576,0.975,1,1,0.829,0.992,0.591,0.327,1,0.394,0.74,0.058,0.286,0.999,0.55,0.715,0.277,0.413,0.975,1,1,0.998,0.459,0.518,0.824,0.456,0.389,0.268,0.996,0.996,0.693,0.329,0.722,0.711,0.728,1,0.945,0.841,0.482,0.985,0.644,0.465,0.556,0.952,0.83,0.753,0.771,0.19,0.194,0.28,0.394,0.466,0.697,0.431,1,1,1,0.836,0.532,0.664,0.743,0.846,0.915,0.645,0.08,0.496,0.921,0.96,0.193,0.438,0.653,0.875,0.916,0.701,0.998,0.254,0.308,0.324,0.125,0.535,0.789,0.515,0.524,0.779,0.854,0.516,0.842,0.433,0.828,0.968,0.947,0.493,0.299,0.836,0.499,0.64,0.544,0.929,0.964,0.304,0.753,0.707,0.403,0.7,0.076,0.266,0.611,0.995,0.844,0.878,1,0.114,0.538,0.681,0.173,0.551,0.837,0.958,0.667,0.644,0.996,0.852,0.891,0.356,0.184,0.998,0.67,0.667,0.954,0.551,0.292,0.974,0.742,0.79,0.565,0.363,0.835,0.876,0.792,0.503,0.823,0.806,0.53,0.976,0.564,0.925,0.388,0.831,0.99,0.402,0.507,0.535,0.768,0.556,0.256,0.783,0.878,0.597,0.686,0.658,0.142,0.613,0.614,0.648,0.575,0.559,1,0.293,0.641,0.932,0.391,0.963,0.999,0.443,0.5,0.288,0.768,0.846
0.751,0.001,0.713,0.689,0.911,0.973,0.69,0.213,0.598,0.096,0.651,0.235,0.371,0.296,0.602,1,0.983,0.588,0.664,0.979,0.503,0.522,0.527,0.341,0.545,0.653,0.866,0.669,1,0.714,0.984,0.503,0.833,1,0.753,1,0.89,0.459,0.567,0.384,0.998,0.456,0.011,0.991,0.991,0.867,0.502,0.752,0.756,0.484,0.162,1,0.633,0.999,0.672,0.317,0.357,0.559,0.625,0.928,0.676,0.902,0.545,0.008,0.525,0.986,0.831,0.936,0.586,0.701,0.834,0.712,0.99,0.425,0.977,0.671,0.942,0.833,0.667,0.399,0.305,0.558,0.658,0.997,0.8,0.686,0.861,0.375,0.699,0.744,0.938,1,0.175,1,1,0.537,0.525,0.741,0.957,0.499,1,1,0.343,0.137,0.41,0.914,0.082,0.617,0.367,0.434,0.835,0.724,0.948,1,0.001,0.485,0.633,0.837,0.681,0.079,0.408,0.152,0.373,0.926,0.639,0.886,0.536,0.855,1,0.24,0.979,0.98,0.915,0.478,0.742,0.998,0.957,0.496,0.432,0.463,0.433,0.276,0.083,0.708,0.982,0.979,0.55,0.797,0.095,1,0.997,0.552,0.375,0.888,0.997,1,0.85,0.889,0.918,0.571,0.385,0.491,0.538,0.896,0.397,0.754,0.729,0.45,0.985,0.626,1,0.778,0.878,0.988,0.796,1,0.762,0.034,0.945,0.124,0.573,0.562,0.971,0.394,0.604,0.724,0.255,0.548,0.664,0.836,0.104,1,0.771,0.959,0.106,0.174,0.201,0.765,1,0.707,0.661,0.587,0.731,0.946,0.536,0.933,0.925,0.999,0.982,0.986,0.411,0.835,0.232,0.937,0.114,0.039,0.98,0.117,0.747,0.597,1,0.482,0.836,0.549,0.52,0.606,0.981,0.74,0.863,0.693,0.324,0.949,0.069,0.658,0.744,0.753,0.962,1,0.606,0.485,0.577,0.79,0.816,0.561,0.961,0.686,0.798,0.724,1,0.997,0.719,0.779,0.451,0.554,0.545,0.994,0.986,0.535,0.54,0.529,0.707,0.232,0.285,0.811,0.621,0.46,0.506,0.999,0.882,0.529,0.917,0.88,1,0.978,0.38,0.81,0.776,0.833,1
0.949,0.999,0.566,1,0.298,0.676,0.803,0.977,0.88,1,0.558,0.827,0.672,0.552,0.937,1,0.947,0.436,0.699,0.847,0.576,0.866,0.373,0.728,0.633,0.427,0.361,0.505,0.301,0.41,0.076,0.648,0.825,0.533,0.475,0.835,0.946,0.942,0.652,0.426,0.932,0.999,0.948,0.651,0.054,0.434,0.435,0.499,0.81,0.828,0.837,0.697,0.998,0.85,0.627,1,1,0.503,0.004,0.79,0.805,0.921,0.999,0.999,0.207,0.009,0.516,0.921,0.543,0.653,0.973,0.675,1,0.872,0.487,0.85,0.752,0.507,0.704,0.522,0.665,0.919,0.824,0.999,0.739,0.57,0.389,0.741,0.548,0.987,0.893,0.996,0.895,0.19,0.187,0.863,0.819,0.979,0.601,0.222,0.16,0.335,0.513,1,0.781,0.841,0.93,0.566,0.71,0.018,0.98,0.914,0.975,0.414,0.109,0.765,0.804,0.962,0.239,1,0.665,0.978,0.795,0.955,0.968,0.997,0.584,0.25,0.94,0.328,1,0.671,0.224,0.29,0.49,0.507,0.509,0.981,0.587,0.39,1,0.949,1,0.504,0.851,0.999,1,0.648,0.097,0.231,0.241,0.484,0.898,0.998,0.985,0.872,0.454,1,0.374,0.443,0.534,0.253,0.537,0.684,0.856,0.893,0.985,0.952,0.295,0.999,0.252,0.583,1,0.457,0.783,0.996,0.93,0.719,0.735,0.656,0.644,0.501,0.996,0.968,0.981,0.993,0.708,0.863,0.277,0.784,0.12,0.16,0.829,0.667,0.418,0.957,0.895,0.49,0.675,0.756,0.165,0.855,0.729,0.662,0.836,0.219,0.69,0.507,0.148,0.866,0.865,1,0.316,0.173,1,0.988,0.709,0.25,0.668,0.962,0.056,0.234,0.847,0.471,0.72,0.96,0.684,0.658,0.948,0.957,0.286,0.848,0.928,0.161,0.692,0.538,0.411,0.274,0.999,0.379,0.444,0.851,0.952,0.557,0.555,0.439,1,0.91,0.038,1,0.632,0.491,0.546,0.94,0.665,0.637,0.22,0.624,0.84,0.587,0.885,0.536,0.238,0.545,0.455,0.459,0.504,1,0.365,0.659,0.625,0.543,0.618,0.803,0.353,0.548,0.853,0.231,1
0.78,0.045,0.358,0.344,0.891,0.11,0.523,1,0.765,0.988,0.847,0.801,0.6,0.762,0.64,0.669,0.946,0.523,0.542,0.369,0.229,0.697,0.594,0.784,0.586,0.495,0.98,0.969,0.963,0.96,0.851,0.503,0.985,0.089,0.699,1,0.545,0.877,0.651,0.78,0.702,0.931,0.953,0.718,1,1,0.903,0.451,0.942,0.949,0.998,1,0.699,0.999,0.916,0.135,0.955,0.943,0.997,0.542,0.367,0.469,0.042,0.263,1,1,0.921,1,0.982,0.722,0.992,0.63,0.02,0.281,0.468,0.996,0.796,0.214,0.951,0.543,0.692,0.594,0.478,0.108,1,0.618,0.776,0.898,0.735,0.585,0.98,0.981,1,0.805,0.801,0.741,0.402,0.976,0.802,1,0.908,0.648,0.262,0.994,0.387,0.933,1,0.72,0.847,0.992,0.39,0.736,0.982,0.903,0.616,0.509,0.427,0.915,0.999,0.798,0.991,1,0.468,0.835,0.999,0.855,0.84,0.339,0.392,0.949,1,0.439,0.998,0.37,0.553,0.755,0.612,0.294,1,0.436,0.92,0.856,0.734,0.589,0.664,0.537,0.987,0.722,1,0.974,1,0.874,0.995,0.663,0.627,0.237,0.156,1,0.901,0.466,0.873,0.489,0.736,0.83,0.363,0.628,0.14,1,0.783,0.419,0.996,0.558,0.548,0.595,0.734,0.035,0.266,0.999,0.45,0.314,0.49,0.427,0.808,0.696,0.993,0.58,0.611,0.51,1,0.872,1,0.141,0.55,0.874,0.504,0.999,0.985,1,0.388,1,0.999,0.956,0.265,0.682,0.259,0.996,0.592,0.634,0.984,0.837,0.669,0.122,0.909,0.77,0.783,0.834,0.95,0.652,0.464,0.615,1,0.996,0.481,0.584,0.901,0.26,0.712,0.775,0.935,0.025,0.831,0.757,0.199,0.998,0.609,0.489,0.44,0.906,0.728,0.912,0.629,0.931,0.337,0.62,0.985,0.48,0.765,0.672,0.23,1,0.491,0.61,0.509,0.358,0.61,0.926,0.736,0.784,0.676,0.483,0.969,0.988,0.59,0.978,0.599,0.699,0.684,0.133,0.439,0.995,0.768,0.749,0.7,0.988,0.278,0.509,0.995,0.957,0.914
